o 003414
v -0.8272650241851807 1.934955358505249 -0.037514038383960724
v -0.8332789540290833 1.933754324913025 0.003337517147883773
v -0.964038610458374 2.440680980682373 0.003574372036382556
v -0.9567530751228333 2.4421350955963135 -0.04591340571641922
v -0.8098133206367493 1.9384456872940063 -0.07436686009168625
v -0.9356422424316406 2.446357250213623 -0.09049118310213089
v -0.7826319336891174 1.9438846111297607 -0.1036137118935585
v -0.9028469920158386 2.4529194831848145 -0.12577980756759644
v -0.7483817934989929 1.9507397413253784 -0.12239164859056473
v -0.8616375923156738 2.461172103881836 -0.14837872982025146
v -0.7104151844978333 1.9583390951156616 -0.12886251509189606
v -0.8160370588302612 2.470308303833008 -0.1561606526374817
v -0.6724491119384766 1.9659398794174194 -0.12239303439855576
v -0.770429790019989 2.4794459342956543 -0.14840219914913177
v -0.6381996870040894 1.9727978706359863 -0.10361623764038086
v -0.7292045950889587 2.48771333694458 -0.1258166879415512
v -0.6110191941261292 1.9782413244247437 -0.0743703618645668
v -0.6963934898376465 2.49429988861084 -0.09052737802267075
v -0.5935686230659485 1.9817379713058472 -0.03751809522509575
v -0.6752721667289734 2.498537540435791 -0.0459369495511055
v -0.587556004524231 1.9829444885253906 0.0033331220038235188
v -0.6679856181144714 2.5 0.0035689412616193295
v -0.593569815158844 1.9817436933517456 0.04418465122580528
v -0.6752789616584778 2.498538017272949 0.05307312682271004
v -0.6110216379165649 1.9782532453536987 0.08103752136230469
v -0.6964049339294434 2.4943060874938965 0.09765942394733429
v -0.6382029056549072 1.9728142023086548 0.11028434336185455
v -0.7292169332504272 2.487727642059326 0.13294479250907898
v -0.6724531054496765 1.9659594297409058 0.1290622353553772
v -0.7704386115074158 2.4794631004333496 0.1555289328098297
v -0.7104195952415466 1.958359718322754 0.13553312420845032
v -0.8160400390625 2.4703211784362793 0.1632898598909378
v -0.7483856081962585 1.9507590532302856 0.12906360626220703
v -0.8616375923156738 2.4611873626708984 0.15551422536373138
v -0.7826351523399353 1.9439011812210083 0.11028692126274109
v -0.9028466939926147 2.4529361724853516 0.13292156159877777
v -0.8098157644271851 1.938457727432251 0.08104106038808823
v -0.9356425404548645 2.4463698863983154 0.09763719886541367
v -0.8272663354873657 1.9349613189697266 0.04418870806694031
v -0.9567536115646362 2.4421422481536865 0.05306154862046242
v -0.8332789540290833 1.933754324913025 0.003337517147883773
v -0.964038610458374 2.440680980682373 0.003574372036382556
v -0.7580078840255737 2.0973331928253174 0.035449787974357605
v -0.7473626732826233 2.0341038703918457 0.04344339668750763
v -0.6992372870445251 2.0402750968933105 0.03698739781975746
v -0.704042375087738 2.1040143966674805 0.02842278778553009
v -0.7570577263832092 2.1051578521728516 0.02534906566143036
v -0.6428387761116028 2.037506103515625 -0.00951362308114767
v -0.7089306116104126 2.1113312244415283 0.01889295130968094
v -0.6450011730194092 2.100905418395996 -0.020049922168254852
v -0.5898118615150452 2.0234479904174805 -0.08602026849985123
v -0.6525309085845947 2.108566999435425 -0.02760918438434601
v -0.5908718705177307 2.086458921432495 -0.09812597185373306
v -0.5489794015884399 1.997126817703247 -0.18522775173187256
v -0.5995066165924072 2.0945000648498535 -0.1041136309504509
v -0.5494743585586548 2.059722661972046 -0.19868232309818268
v -0.5262734889984131 1.9552918672561646 -0.28946706652641296
v -0.5586714148521423 2.0681564807891846 -0.20332160592079163
v -0.526458740234375 2.0172977447509766 -0.3043431341648102
v -0.5255293250083923 1.9078041315078735 -0.38211390376091003
v -0.5359609127044678 2.026285409927368 -0.3075611889362335
v -0.5257437229156494 1.969065546989441 -0.3988648056983948
v -0.546552836894989 1.8681827783584595 -0.44789427518844604
v -0.5352128148078918 1.9787662029266357 -0.4002065360546112
v -0.5478905439376831 1.9283368587493896 -0.4676235616207123
v -0.5829558372497559 1.8457183837890625 -0.4771859049797058
v -0.5562606453895569 1.939339518547058 -0.4659895598888397
v -0.5889099836349487 1.9041098356246948 -0.500295102596283
v -0.6325845718383789 1.8515982627868652 -0.4709533154964447
v -0.592675507068634 1.9169708490371704 -0.49528300762176514
v -0.6444063186645508 1.9097012281417847 -0.4934946596622467
v -0.6914609670639038 1.8755285739898682 -0.4265933930873871
v -0.6422919034957886 1.9227663278579712 -0.48904988169670105
v -0.7059255242347717 1.9340004920959473 -0.44716471433639526
v -0.7474585175514221 1.9121774435043335 -0.3487614691257477
v -0.7011408805847168 1.9464915990829468 -0.4446852505207062
v -0.7630508542060852 1.9711964130401611 -0.3677661418914795
v -0.7897480130195618 1.950194239616394 -0.2497708797454834
v -0.7571478486061096 1.983184814453125 -0.3668539822101593
v -0.8059185743331909 2.009735345840454 -0.26742857694625854
v -0.8109970092773438 1.9803340435028076 -0.14531277120113373
v -0.7994401454925537 2.0212252140045166 -0.26786473393440247
v -0.8274601697921753 2.0403428077697754 -0.16154684126377106
v -0.8087531924247742 2.0051212310791016 -0.05399217829108238
v -0.8206915855407715 2.0513851642608643 -0.163406103849411
v -0.8251718282699585 2.06575083732605 -0.06834912300109863
v -0.7852298617362976 2.023393154144287 0.013933812268078327
v -0.818448543548584 2.076178789138794 -0.07208655029535294
v -0.8005226850509644 2.0850934982299805 0.0025569680146872997
v -0.7473626732826233 2.0341038703918457 0.04344339668750763
v -0.7949255704879761 2.094452142715454 -0.004160608164966106
v -0.7580078840255737 2.0973331928253174 0.035449787974357605
v -0.7570577263832092 2.1051578521728516 0.02534906566143036
v -0.7069680690765381 2.008265972137451 0.030626628547906876
v -0.7159113883972168 2.007269859313965 -0.0174153670668602
v -0.7289645671844482 2.0700411796569824 -0.015844199806451797
v -0.7383183240890503 2.0778255462646484 -0.010331553407013416
v -0.7294229865074158 2.078993558883667 0.037710368633270264
v -0.7188060879707336 2.0713951587677 0.037930142134428024
v -0.7310848236083984 2.0005645751953125 0.09839121252298355
v -0.7537267208099365 2.07194447517395 0.10547574609518051
v -0.7440866827964783 2.0638427734375 0.1088104322552681
v -0.7860556244850159 1.9801685810089111 0.17350399494171143
v -0.809048593044281 2.0527584552764893 0.18058766424655914
v -0.800463855266571 2.0441083908081055 0.1854511946439743
v -0.8611592054367065 1.942283272743225 0.24283967912197113
v -0.8845511674880981 2.0162429809570312 0.24992340803146362
v -0.8769205808639526 2.0068411827087402 0.2557333707809448
v -0.9432618021965027 1.888608694076538 0.2951754629611969
v -0.9668691754341125 1.9633185863494873 0.30225813388824463
v -0.9603132009506226 1.9530282020568848 0.3087792992591858
v -1.0207571983337402 1.8332643508911133 0.3223150670528412
v -1.0443111658096313 1.907789707183838 0.3293977677822113
v -1.039330244064331 1.8963905572891235 0.33644989132881165
v -1.1060187816619873 1.866858720779419 0.32779747247695923
v -1.1039087772369385 1.8538215160369873 0.3346923887729645
v -1.0826482772827148 1.7929730415344238 0.32071366906166077
v -1.1424309015274048 1.8489915132522583 0.30118033289909363
v -1.144676685333252 1.8341447114944458 0.3047066032886505
v -1.1191974878311157 1.7755718231201172 0.29409754276275635
v -1.154280185699463 1.8580111265182495 0.25313839316368103
v -1.1309325695037842 1.7842062711715698 0.24605466425418854
v -1.1581116914749146 1.844092845916748 0.25093135237693787
v -1.1378462314605713 1.8922123908996582 0.185371994972229
v -1.114300012588501 1.817714810371399 0.1782892793416977
v -1.1409393548965454 1.8796130418777466 0.18005190789699554
v -1.0917140245437622 1.9430879354476929 0.11026106774806976
v -1.0681021213531494 1.868369221687317 0.1031782254576683
v -1.0938725471496582 1.93146550655365 0.10341112315654755
v -1.02044677734375 1.9942108392715454 0.04092532768845558
v -0.9970547556877136 1.9202500581741333 0.03384249284863472
v -1.0216628313064575 1.9833745956420898 0.03312899172306061
v -0.9338890910148621 2.0325186252593994 -0.011409529484808445
v -0.9108960032463074 1.959928035736084 -0.018493179231882095
v -0.9339659214019775 2.022340774536133 -0.019916974008083344
v -0.847493588924408 2.0571658611297607 -0.0385499969124794
v -0.8248400092124939 1.9857525825500488 -0.045632828027009964
v -0.8458603620529175 2.0476322174072266 -0.04758921265602112
v -0.7782513499259949 2.0721075534820557 -0.036948710680007935
v -0.7557937502861023 2.0013644695281982 -0.044031478464603424
v -0.7735348343849182 2.063478469848633 -0.045829907059669495
v -0.7383183240890503 2.0778255462646484 -0.010331553407013416
v -0.7159113883972168 2.007269859313965 -0.0174153670668602
v -0.7289645671844482 2.0700411796569824 -0.015844199806451797
v -0.7827022671699524 1.989209771156311 0.02827177196741104
v -0.7402992248535156 1.9939520359039307 0.003250635229051113
v -0.754580557346344 2.0557281970977783 -0.0049080923199653625
v -0.7639942765235901 2.062666893005371 -0.011814487166702747
v -0.8065169453620911 2.0447096824645996 0.013205909170210361
v -0.8018957376480103 2.050292491912842 0.0233515165746212
v -0.8536919355392456 1.9719014167785645 0.026719946414232254
v -0.8774772882461548 2.027341842651367 0.011671535670757294
v -0.8760269284248352 2.032005786895752 0.02187458425760269
v -0.9403215646743774 1.9418916702270508 -0.003980277106165886
v -0.963870108127594 1.9968137741088867 -0.018878191709518433
v -0.9643322229385376 2.001211643218994 -0.00937704835087061
v -1.0243691205978394 1.896541953086853 -0.05750735104084015
v -1.0479964017868042 1.9651155471801758 -0.07253012806177139
v -1.0495235919952393 1.9552428722381592 -0.06363019347190857
v -1.0899693965911865 1.8380193710327148 -0.12400258332490921
v -1.1135520935058594 1.906490445137024 -0.1389969438314438
v -1.11590576171875 1.8956784009933472 -0.13096332550048828
v -1.1289538145065308 1.7804067134857178 -0.19407467544078827
v -1.152515172958374 1.8488308191299438 -0.20905464887619019
v -1.1555778980255127 1.836715579032898 -0.20240740478038788
v -1.1626394987106323 1.809079647064209 -0.27260494232177734
v -1.1662348508834839 1.7955012321472168 -0.2689715027809143
v -1.139076828956604 1.740653157234192 -0.2576233446598053
v -1.1470004320144653 1.7964228391647339 -0.31902045011520386
v -1.1486468315124512 1.7816509008407593 -0.32099446654319763
v -1.123436689376831 1.7279927730560303 -0.30403804779052734
v -1.1099423170089722 1.8127906322479248 -0.3474130928516388
v -1.0863841772079468 1.7443739175796509 -0.33243420720100403
v -1.1070541143417358 1.7995342016220093 -0.35286375880241394
v -1.0502204895019531 1.854610800743103 -0.35296911001205444
v -1.0266633033752441 1.7861939668655396 -0.3379907011985779
v -1.0444343090057373 1.8428614139556885 -0.3586481213569641
v -0.9769837260246277 1.9137518405914307 -0.3307168483734131
v -0.9533524513244629 1.845179557800293 -0.3156929910182953
v -0.9698483347892761 1.9034955501556396 -0.33604955673217773
v -0.899315357208252 1.9729772806167603 -0.2812137305736542
v -0.87568598985672 1.9044039249420166 -0.2661908268928528
v -0.8911604881286621 1.9636151790618896 -0.28589993715286255
v -0.8273911476135254 2.0177481174468994 -0.21073050796985626
v -0.8037152290344238 1.9490745067596436 -0.19567735493183136
v -0.8182305693626404 2.0089352130889893 -0.21443641185760498
v -0.7747616767883301 2.0456759929656982 -0.13205105066299438
v -0.7510644793510437 1.9769567251205444 -0.11698448657989502
v -0.7646393775939941 2.0376133918762207 -0.13421009480953217
v -0.7528703212738037 2.0598323345184326 -0.06107808277010918
v -0.7291742563247681 1.9911137819290161 -0.046012233942747116
v -0.7419142127037048 2.0525898933410645 -0.060036856681108475
v -0.7639942765235901 2.062666893005371 -0.011814487166702747
v -0.7402992248535156 1.9939520359039307 0.003250635229051113
v -0.754580557346344 2.0557281970977783 -0.0049080923199653625
v -0.7550036907196045 2.023725986480713 -0.037647124379873276
v -0.7737091779708862 2.0222809314727783 0.007900206372141838
v -0.7776939272880554 2.086191177368164 0.00790015421807766
v -0.7691688537597656 2.0958995819091797 0.007900146767497063
v -0.7504594326019287 2.0974183082580566 -0.03764718025922775
v -0.756925106048584 2.0877420902252197 -0.043199069797992706
v -0.697235643863678 2.022965908050537 -0.07996590435504913
v -0.6926953196525574 2.0966575145721436 -0.0799659863114357
v -0.6965785026550293 2.0867791175842285 -0.08751256763935089
v -0.6079629063606262 2.0176844596862793 -0.10923054814338684
v -0.6034186482429504 2.091320276260376 -0.10923145711421967
v -0.6055029630661011 2.081193208694458 -0.11738761514425278
v -0.5017336010932922 2.0022292137145996 -0.11960134655237198
v -0.497189462184906 2.075756311416626 -0.11960138380527496
v -0.4978254437446594 2.065443754196167 -0.12790358066558838
v -0.3955043852329254 1.9747214317321777 -0.10923051834106445
v -0.3909601867198944 2.04814076423645 -0.10923056304454803
v -0.3901498317718506 2.0373828411102295 -0.1173875704407692
v -0.30622780323028564 1.9438612461090088 -0.07996585965156555
v -0.3016854524612427 2.017223834991455 -0.07996590435504913
v -0.299078106880188 2.0056650638580322 -0.08751248568296432
v -0.24391748011112213 1.994562029838562 -0.037647098302841187
v -0.2387276440858841 1.9825536012649536 -0.04319899156689644
v -0.24846358597278595 1.9212020635604858 -0.037647031247615814
v -0.22521188855171204 1.9855334758758545 0.007900238037109375
v -0.21795688569545746 1.9726821184158325 0.007900247350335121
v -0.22975419461727142 1.9120979309082031 0.007900295779109001
v -0.24391748011112213 1.994562029838562 0.05344757065176964
v -0.24846358597278595 1.9212020635604858 0.05344763398170471
v -0.2387276440858841 1.9825541973114014 0.059000346809625626
v -0.3016854524612427 2.0172250270843506 0.0957663506269455
v -0.30622780323028564 1.9438621997833252 0.09576640278100967
v -0.299078106880188 2.0056657791137695 0.10331381112337112
v -0.3909601867198944 2.0481417179107666 0.125030979514122
v -0.3955043852329254 1.9747226238250732 0.12503191828727722
v -0.3901498317718506 2.0373833179473877 0.13318797945976257
v -0.497189462184906 2.0757570266723633 0.13540175557136536
v -0.5017336010932922 2.002229690551758 0.13540180027484894
v -0.4978254437446594 2.0654444694519043 0.14370396733283997
v -0.6034186482429504 2.0913212299346924 0.12503091990947723
v -0.6079629063606262 2.017685651779175 0.125030979514122
v -0.6055029630661011 2.0811939239501953 0.1331879198551178
v -0.6926953196525574 2.0966579914093018 0.09576626867055893
v -0.697235643863678 2.0229666233062744 0.0957663357257843
v -0.6965785026550293 2.0867795944213867 0.10331372916698456
v -0.7504594326019287 2.0974183082580566 0.05344748869538307
v -0.7550036907196045 2.023725986480713 0.05344753339886665
v -0.756925106048584 2.087743043899536 0.05900026112794876
v -0.7691688537597656 2.0958995819091797 0.007900146767497063
v -0.7737091779708862 2.0222809314727783 0.007900206372141838
v -0.7776939272880554 2.086191177368164 0.00790015421807766
v -0.7151944637298584 2.0166966915130615 -0.01911688968539238
v -0.763183057308197 2.0128588676452637 -0.019567962735891342
v -0.7682811617851257 2.0766122341156006 -0.01705878973007202
v -0.7655048370361328 2.085841178894043 -0.008005723357200623
v -0.7175143361091614 2.0896923542022705 -0.007554592564702034
v -0.7145262956619263 2.0807526111602783 -0.016757693141698837
v -0.6547331809997559 2.016237497329712 0.019335299730300903
v -0.6570549011230469 2.0892317295074463 0.030898485332727432
v -0.6512691378593445 2.080130100250244 0.023374468088150024
v -0.593532383441925 2.00891375541687 0.09237983077764511
v -0.5958558917045593 2.0818283557891846 0.10394294559955597
v -0.5888213515281677 2.07248592376709 0.09788438677787781
v -0.5425295829772949 1.9884734153747559 0.18851295113563538
v -0.5448494553565979 2.0613183975219727 0.20007620751857758
v -0.5371182560920715 2.051750898361206 0.1953258216381073
v -0.5100283622741699 1.9531970024108887 0.2924645245075226
v -0.5123483538627625 2.025973320007324 0.30402684211730957
v -0.5041792392730713 2.0157840251922607 0.30069318413734436
v -0.5010490417480469 1.9134962558746338 0.3875693380832672
v -0.5033725500106812 1.9861969947814941 0.39913246035575867
v -0.495036780834198 1.9750436544418335 0.39772334694862366
v -0.5184245705604553 1.9560011625289917 0.46948403120040894
v -0.5108510851860046 1.9439051151275635 0.47125717997550964
v -0.5161010026931763 1.8832974433898926 0.4579218924045563
v -0.5517051815986633 1.9428776502609253 0.5042672157287598
v -0.5482798218727112 1.9295114278793335 0.5100775361061096
v -0.549385130405426 1.870169997215271 0.49270492792129517
v -0.5996955633163452 1.949420690536499 0.5038160085678101
v -0.5973738431930542 1.8767253160476685 0.4922538697719574
v -0.6020328998565674 1.93647038936615 0.5097755789756775
v -0.6601550579071045 1.9726825952529907 0.46536391973495483
v -0.657835066318512 1.8999863862991333 0.45380064845085144
v -0.6652899384498596 1.9602887630462646 0.46964341402053833
v -0.721354067325592 2.0076675415039062 0.3923194110393524
v -0.7190341949462891 1.9348914623260498 0.3807561695575714
v -0.7277378439903259 1.9962602853775024 0.39513352513313293
v -0.7723605632781982 2.0413925647735596 0.2961861193180084
v -0.7700388431549072 1.9685466289520264 0.2846229374408722
v -0.7794426679611206 2.030526876449585 0.2976929247379303
v -0.8048598766326904 2.0635221004486084 0.192234605550766
v -0.8025381565093994 1.9906085729599 0.18067234754562378
v -0.8123817443847656 2.052905797958374 0.19232556223869324
v -0.8138391971588135 2.0752780437469482 0.09712988883256912
v -0.8115155696868896 2.0022881031036377 0.08556675165891647
v -0.8215223550796509 2.0650522708892822 0.09529544413089752
v -0.7987872958183289 2.082026958465576 0.02677738666534424
v -0.7964655160903931 2.0090417861938477 0.015215142630040646
v -0.8057063221931458 2.072277784347534 0.021760761737823486
v -0.7655048370361328 2.085841178894043 -0.008005723357200623
v -0.763183057308197 2.0128588676452637 -0.019567962735891342
v -0.7682811617851257 2.0766122341156006 -0.01705878973007202
v 0.9234605431556702 0.5759078860282898 -0.2659866511821747
v 1.1496502161026 0.7564548254013062 -0.1012706384062767
v 1.171726107597351 0.7219866514205933 -0.09268750250339508
v 1.2289535999298096 0.839154839515686 -0.01948024332523346
v 0.946560263633728 0.49708250164985657 -0.24617701768875122
v 0.5764721035957336 0.4116215407848358 -0.42928627133369446
v 1.2374656200408936 0.8258649706840515 -0.016170818358659744
v 1.2407310009002686 0.8532387614250183 0.011933543719351292
v 1.1889543533325195 0.6904285550117493 -0.07060587406158447
v 0.5741125345230103 0.2986123859882355 -0.39806514978408813
v 0.18066807091236115 0.4104582369327545 -0.5315881371498108
v 0.9608162045478821 0.4203186631202698 -0.1945832222700119
v 0.11782699823379517 0.27767226099967957 -0.49558693170547485
v -0.14508995413780212 0.5943676233291626 -0.6167044043540955
v 0.5666240453720093 0.19446411728858948 -0.3230486214160919
v -0.29212746024131775 0.46179312467575073 -0.5683068037033081
v -0.3703474998474121 0.9081988334655762 -0.6970428228378296
v 0.062105417251586914 0.14586184918880463 -0.4027796685695648
v -0.562870442867279 0.7979494333267212 -0.644403338432312
v -0.5274513959884644 1.2839144468307495 -0.75
v -0.42887815833091736 0.3354697525501251 -0.4564040005207062
v 0.5511335134506226 0.11263743788003922 -0.20202313363552094
v -0.7488580942153931 1.1843374967575073 -0.6983504295349121
v 0.015879880636930466 0.04304344952106476 -0.24959003925323486
v -0.7462548017501831 0.7072983384132385 -0.5125960111618042
v -0.5266463160514832 0.24251243472099304 -0.284892737865448
v -0.8771833777427673 1.550248384475708 -0.6304404139518738
v -0.6538774371147156 1.629514217376709 -0.6736768484115601
v -0.9425855875015259 1.1054511070251465 -0.5543431639671326
v -0.769742488861084 1.8751317262649536 -0.41764047741889954
v -0.8815590143203735 0.6432237029075623 -0.3196210563182831
v -0.8667361736297607 1.8520961999893188 -0.37643781304359436
v -0.5709380507469177 0.1976778209209442 -0.07666797190904617
v -0.8462027311325073 1.9352905750274658 -0.24554108083248138
v -0.7903417944908142 1.9485570192337036 -0.2692704498767853
v -0.9637298583984375 1.8290613889694214 -0.3352351188659668
v -0.7914979457855225 1.9718549251556396 -0.10354941338300705
v -0.7738797664642334 1.9760392904281616 -0.11103343963623047
v -0.9020636081695557 1.922024130821228 -0.2218114137649536
v -0.8091161251068115 1.9676707983016968 -0.09606514126062393
v -0.7805029153823853 1.984519362449646 0.030331909656524658
v -0.7551705837249756 1.9891709089279175 0.034763824194669724
v -0.8013294339179993 1.9806381464004517 0.017178408801555634
v -0.8113413453102112 1.9754441976547241 0.17894910275936127
v -0.7310214042663574 1.9901931285858154 0.19300082325935364
v -0.8773747086524963 1.963138461112976 0.13724400103092194
v -0.8062050938606262 1.9218171834945679 0.36062222719192505
v -0.6667422652244568 1.9474265575408936 0.38502129912376404
v -0.6338847279548645 1.682822346687317 0.6904622316360474
v -0.9208618998527527 1.9004502296447754 0.28820788860321045
v -0.8615981936454773 1.6327486038208008 0.6344484686851501
v -1.0481563806533813 1.579768180847168 0.5091066956520081
v -0.7949469685554504 1.2256370782852173 0.6897578239440918
v -0.5708131194114685 1.294700264930725 0.75
v -0.45596033334732056 0.8903005719184875 0.707149088382721
v -1.0063111782073975 1.8772718906402588 0.1912587732076645
v -0.6341949701309204 0.805425763130188 0.6578224301338196
v -0.2193763554096222 0.5648372173309326 0.6509179472923279
v -0.9791332483291626 1.154440999031067 0.5538152456283569
v -0.3360344469547272 0.44844871759414673 0.611701250076294
v 0.14122360944747925 0.3927331268787384 0.5887851119041443
v -0.7894641757011414 0.7224025130271912 0.5364533066749573
v -1.178052544593811 1.5322105884552002 0.3363057076931
v -1.1086865663528442 1.0925836563110352 0.3619423806667328
v 0.09516230970621109 0.2735808789730072 0.5600250363349915
v 0.5589171648025513 0.39994901418685913 0.5005183815956116
v -0.442762166261673 0.33537328243255615 0.5097315311431885
v -0.900347888469696 0.6523814797401428 0.3569325804710388
v 0.563442051410675 0.3006257116794586 0.4752649664878845
v 0.05240948498249054 0.16213767230510712 0.48025763034820557
v 0.949242889881134 0.48953601717948914 0.3155497610569
v 0.924440324306488 0.5614266395568848 0.33328449726104736
v 0.5588825345039368 0.2066735178232193 0.4102378189563751
v 1.165363073348999 0.7336422204971313 0.16310620307922363
v 0.014699282124638557 0.06693004816770554 0.342441201210022
v 0.9618118405342102 0.4205158054828644 0.26749661564826965
v -0.5236873626708984 0.2474135309457779 0.34460610151290894
v 0.5466768145561218 0.13037006556987762 0.30892547965049744
v -0.567369818687439 0.20030318200588226 0.14079508185386658
v -0.009233642369508743 0.01019004825502634 0.15089166164398193
v 0.9638633131980896 0.3647182583808899 0.19091801345348358
v -0.955197274684906 0.6104105710983276 0.1390819251537323
v 0.5333132743835449 0.07668114453554153 0.15370628237724304
v -1.1754695177078247 1.0507640838623047 0.1351403146982193
v -0.9495511651039124 0.6080290675163269 -0.09464775770902634
v -0.00890392903238535 0.0 -0.05425981804728508
v 0.5351278185844421 0.06870473176240921 -0.03337625414133072
v 0.9602777361869812 0.3290368616580963 0.09624787420034409
v 0.9613404273986816 0.3259657919406891 -0.00971662625670433
v 0.9647344350814819 0.36092445254325867 -0.1122848242521286
v 1.2042343616485596 0.6469045281410217 0.0011460520327091217
v 1.2003599405288696 0.6662704348564148 -0.03844887390732765
v 1.2033137083053589 0.6488046050071716 0.04367827996611595
v 1.2441083192825317 0.8136967420578003 -0.007656692527234554
v 1.2485061883926392 0.8043820261955261 0.004742250312119722
v 1.2440330982208252 0.8480827212333679 0.013217475265264511
v 1.2430815696716309 0.8498262166976929 0.0514812208712101
v 1.2466105222702026 0.8433619737625122 0.016520647332072258
v 1.2459033727645874 0.8447462916374207 0.048917803913354874
v 1.235012412071228 0.8303588628768921 0.08245677500963211
v 1.248316764831543 0.8397482633590698 0.021330952644348145
v 1.242285966873169 0.8172648549079895 0.07584932446479797
v 1.247834324836731 0.8407111763954163 0.04459323734045029
v 1.1842280626296997 0.6996822357177734 0.14596951007843018
v 1.2472628355026245 0.8068641424179077 0.06470248848199844
v 1.197135090827942 0.6727076768875122 0.11705982685089111
v 1.24863600730896 0.8373883962631226 0.03927472606301308
v 1.2493295669555664 0.7982994318008423 0.05099361017346382
v 1.2024950981140137 0.6504946947097778 0.08150547742843628
v 1.2496451139450073 0.7976475954055786 0.036408405750989914
v 1.2487870454788208 0.8358654379844666 0.033706020563840866
v 1.25 0.7969149947166443 0.02000904455780983
v 1.2488963603973389 0.8368512988090515 0.0272538922727108
v -1.0581697225570679 1.4958248138427734 -0.4960090219974518
v -1.0879943370819092 1.0577147006988525 -0.34642907977104187
v -1.1678738594055176 1.0392006635665894 -0.10826477408409119
v -1.18246591091156 1.4734989404678345 -0.3074408173561096
v -1.25 1.4752976894378662 -0.08986842632293701
v -1.0441763401031494 1.8285342454910278 -0.21256786584854126
v -1.2493709325790405 1.4958152770996094 0.13335351645946503
v -1.077769160270691 1.8384549617767334 -0.06140534207224846
v -1.0611830949783325 1.8555577993392944 0.07624971866607666
v -0.9677415490150452 1.927433967590332 -0.06410649418830872
v -0.9483944773674011 1.9217203855514526 -0.15116450190544128
v -0.9265870451927185 1.9497896432876587 0.08140860497951508
v -0.8237285017967224 1.967575192451477 -0.07378360629081726
v -0.8168506622314453 1.9764279127120972 -0.00043165357783436775
v -0.9581892490386963 1.937283992767334 0.01517224870622158
v -0.8268176317214966 1.97248375415802 -0.021322134882211685
v -0.8298306465148926 1.969376802444458 -0.04632609710097313
v -0.6298403739929199 1.9183424711227417 -0.3839603662490845
v -0.769742488861084 1.8751317262649536 -0.41764047741889954
v -0.7903417944908142 1.9485570192337036 -0.2692704498767853
v -0.6538774371147156 1.629514217376709 -0.6736768484115601
v -0.7097688317298889 1.9734430313110352 -0.24987345933914185
v -0.7738797664642334 1.9760392904281616 -0.11103343963623047
v -0.4236624240875244 1.7007710933685303 -0.6340845227241516
v -0.7484676241874695 1.9838879108428955 -0.10491564869880676
v -0.7551705837249756 1.9891709089279175 0.034763824194669724
v -0.5017913579940796 1.95292067527771 -0.3028337359428406
v -0.6360223889350891 1.993357539176941 -0.20315079391002655
v -0.7306103706359863 1.992447018623352 0.02839609608054161
v -0.7310214042663574 1.9901931285858154 0.19300082325935364
v -0.725208580493927 1.990168809890747 -0.09017972648143768
v -0.6531497836112976 2.000580072402954 0.17281080782413483
v -0.6667422652244568 1.9474265575408936 0.38502129912376404
v -0.7113685607910156 1.9946966171264648 0.012988693080842495
v -0.5782290101051331 2.006089448928833 -0.13802050054073334
v -0.7069808840751648 1.9941846132278442 -0.06963807344436646
v -0.4014419615268707 1.9750276803970337 -0.18974551558494568
v -0.541258692741394 2.0099663734436035 -0.06334377080202103
v -0.07418603450059891 1.7824320793151855 -0.35939958691596985
v -0.3372487425804138 1.9817590713500977 -0.06008104607462883
v -0.2176431119441986 1.7519603967666626 -0.5216149091720581
v -0.695320725440979 1.9954073429107666 -0.04608554393053055
v -0.2949424386024475 1.375991940498352 -0.7116145491600037
v -0.5274513959884644 1.2839144468307495 -0.75
v -0.7028987407684326 1.995384693145752 -0.004571907222270966
v -0.6944289207458496 1.996072769165039 -0.02213267609477043
v -0.5384315848350525 2.0120763778686523 0.012602359056472778
v -0.5652860403060913 2.009894371032715 0.06828118860721588
v -0.5921405553817749 2.0077130794525146 0.12396002560853958
v -0.37896889448165894 1.981634497642517 0.16846509277820587
v -0.5315303206443787 1.9654617309570312 0.34996435046195984
v -0.4255973696708679 1.977846622467041 0.2651427686214447
v -0.3994952440261841 1.7198199033737183 0.661253035068512
v -0.6338847279548645 1.682822346687317 0.6904622316360474
v -0.19413191080093384 1.7468756437301636 0.5538970232009888
v -0.05692156031727791 1.7633782625198364 0.39141011238098145
v -0.3323403298854828 1.9854228496551514 0.07178742438554764
v -0.0016846656799316406 1.775057077407837 0.1426166296005249
v -0.009570062160491943 1.784771203994751 -0.1144443079829216
v 0.11107028275728226 1.4270528554916382 -0.11074308305978775
v 0.06666716933250427 1.4484056234359741 -0.39260417222976685
v 0.09655801951885223 1.4038375616073608 0.1614748239517212
v -0.0789417251944542 1.4340780973434448 -0.586613118648529
v 0.12410782277584076 1.0907915830612183 -0.14600011706352234
v -0.03603466600179672 1.0752511024475098 -0.5698403120040894
v 0.08004622906446457 1.105101466178894 -0.3902832567691803
v 0.14114929735660553 0.8619288206100464 -0.3588506877422333
v -0.1924656182527542 1.0065909624099731 -0.6717092394828796
v -0.3703474998474121 0.9081988334655762 -0.6970428228378296
v -0.14508995413780212 0.5943676233291626 -0.6167044043540955
v 0.07716156542301178 0.8010445833206177 -0.5182408690452576
v -0.022050105035305023 0.7078485488891602 -0.6008107662200928
v 0.18066807091236115 0.4104582369327545 -0.5315881371498108
v 0.23824921250343323 0.5376616716384888 -0.5184432864189148
v 0.5764721035957336 0.4116215407848358 -0.42928627133369446
v 0.27630242705345154 0.6498388648033142 -0.4488421678543091
v 0.5722044706344604 0.5237931609153748 -0.42065533995628357
v 0.9234605431556702 0.5759078860282898 -0.2659866511821747
v 0.2876550853252411 0.7308467626571655 -0.3190666139125824
v 0.5559377670288086 0.6207625865936279 -0.36021295189857483
v 0.8924990296363831 0.6487925052642822 -0.2543744146823883
v 1.1496502161026 0.7564548254013062 -0.1012706384062767
v 0.5288210511207581 0.6874547004699707 -0.2512076199054718
v 0.8557003140449524 0.7073055505752563 -0.21252386271953583
v 1.1235827207565308 0.7888320088386536 -0.09307506680488586
v 1.218902587890625 0.8516387939453125 -0.016320254653692245
v 1.2289535999298096 0.839154839515686 -0.01948024332523346
v 1.0979466438293457 0.8146195411682129 -0.07070651650428772
v 1.236831784248352 0.8580819964408875 0.013159535825252533
v 1.2407310009002686 0.8532387614250183 0.011933543719351292
v 1.2090179920196533 0.8615817427635193 -0.007695476524531841
v 1.2329968214035034 0.8619394898414612 0.016505613923072815
v 1.2393522262573242 0.8550339341163635 0.051759034395217896
v 1.2430815696716309 0.8498262166976929 0.0514812208712101
v 1.2350071668624878 0.8594850301742554 0.04933076724410057
v 1.2253997325897217 0.8437823057174683 0.08317282795906067
v 1.235012412071228 0.8303588628768921 0.08245677500963211
v 1.2142000198364258 0.8552550077438354 0.07691378146409988
v 1.1404321193695068 0.768456220626831 0.16496329009532928
v 1.165363073348999 0.7336422204971313 0.16310620307922363
v 1.1113860607147217 0.7982112765312195 0.14873021841049194
v 0.8895734548568726 0.6274352073669434 0.32042041420936584
v 0.924440324306488 0.5614266395568848 0.33328449726104736
v 0.5589171648025513 0.39994901418685913 0.5005183815956116
v 0.5458964109420776 0.5005626678466797 0.4813109338283539
v 0.14122360944747925 0.3927331268787384 0.5887851119041443
v 0.8500280976295471 0.6812828183174133 0.27762991189956665
v 0.18363896012306213 0.5111396908760071 0.5640406012535095
v -0.2193763554096222 0.5648372173309326 0.6509179472923279
v 0.523861825466156 0.5872011184692383 0.41048604249954224
v 0.8116987347602844 0.7190611362457275 0.20075488090515137
v -0.1033356711268425 0.6742889285087585 0.6247188448905945
v -0.45596033334732056 0.8903005719184875 0.707149088382721
v 0.21450263261795044 0.6139122247695923 0.4808240234851837
v -0.2789907157421112 0.9643393754959106 0.6774405241012573
v -0.5708131194114685 1.294700264930725 0.75
v -0.0032266536727547646 0.7657173871994019 0.523034930229187
v -0.3322497606277466 1.35015869140625 0.7228126525878906
v -0.11427588760852814 1.3799790143966675 0.6044370532035828
v -0.11753404885530472 1.022020697593689 0.5623685121536255
v 0.031471721827983856 1.3903260231018066 0.4214290380477905
v 0.013258341699838638 1.0542490482330322 0.363824725151062
v 0.0754454955458641 0.8313267230987549 0.34224051237106323
v 0.09635601192712784 1.0687355995178223 0.11469763517379761
v 0.23325003683567047 0.6951394081115723 0.331547349691391
v 0.13291819393634796 0.8652960062026978 0.10753246396780014
v 0.15675705671310425 0.8802165389060974 -0.13982559740543365
v 0.2724014222621918 0.7674881219863892 -0.12504667043685913
v 0.253753125667572 0.7508830428123474 0.1133062094449997
v 0.4953209161758423 0.7164798378944397 -0.09219479560852051
v 0.4791381061077118 0.7025789618492126 0.114532969892025
v 0.49807554483413696 0.6531937718391418 0.2926388084888458
v 0.8188768625259399 0.7405391931533813 -0.1369020789861679
v 0.7896173596382141 0.750601589679718 -0.032592494040727615
v 0.7846196293830872 0.7422150373458862 0.08973666280508041
v 1.0751670598983765 0.8305730223655701 -0.03458767756819725
v 1.2002347707748413 0.8677329421043396 0.006231012754142284
v 1.0589940547943115 0.8358492851257324 0.013209091499447823
v 1.19399893283844 0.8697671890258789 0.024660252034664154
v 1.2295892238616943 0.8643258810043335 0.021908536553382874
v 1.2271699905395508 0.8651151657104492 0.02905837818980217
v 1.063075065612793 0.8331048488616943 0.06954915076494217
v 1.1955726146697998 0.8687092065811157 0.046383555978536606
v 1.2277805805206299 0.8647047281265259 0.03748619183897972
v 1.230688452720642 0.8628915548324585 0.04443186894059181
v 1.2030678987503052 0.8640357851982117 0.06428658217191696
v 1.0825145244598389 0.8209841847419739 0.11598124355077744
v -0.7232840061187744 2.0008904933929443 -0.011607316322624683
v -0.7159113883972168 2.007269859313965 -0.0174153670668602
v -0.7069680690765381 2.008265972137451 0.030626628547906876
v -0.7160454392433167 2.001565933227539 0.02860494703054428
v -0.7310848236083984 2.0005645751953125 0.09839121252298355
v -0.7568104863166809 1.9960700273513794 -0.03361891210079193
v -0.7557937502861023 2.0013644695281982 -0.044031478464603424
v -0.7387973666191101 1.994441270828247 0.09211825579404831
v -0.7860556244850159 1.9801685810089111 0.17350399494171143
v -0.8216051459312439 1.9815548658370972 -0.03500696271657944
v -0.8248400092124939 1.9857525825500488 -0.045632828027009964
v -0.7922676801681519 1.9746040105819702 0.16514040529727936
v -0.8611592054367065 1.942283272743225 0.24283967912197113
v -0.9052594900131226 1.9563804864883423 -0.008591306395828724
v -0.9108960032463074 1.959928035736084 -0.018493179231882095
v -0.8659723997116089 1.9374059438705444 0.23318134248256683
v -0.9432618021965027 1.888608694076538 0.2951754629611969
v -0.9897809624671936 1.9173336029052734 0.04277205839753151
v -0.9970547556877136 1.9202500581741333 0.03384249284863472
v -0.9465489983558655 1.8847450017929077 0.28454744815826416
v -1.0207571983337402 1.8332643508911133 0.3223150670528412
v -1.059486746788025 1.866342306137085 0.11081381887197495
v -1.0681021213531494 1.868369221687317 0.1031782254576683
v -1.0218905210494995 1.8308992385864258 0.3109613358974457
v -1.0826482772827148 1.7929730415344238 0.32071366906166077
v -1.1044065952301025 1.8170077800750732 0.18383608758449554
v -1.114300012588501 1.817714810371399 0.1782892793416977
v -1.0798839330673218 1.7929325103759766 0.3095723092556
v -1.1191974878311157 1.7755718231201172 0.29409754276275635
v -1.120057225227356 1.7853896617889404 0.24734941124916077
v -1.1309325695037842 1.7842062711715698 0.24605466425418854
v -1.1105018854141235 1.7780736684799194 0.28756165504455566
v -1.1361613273620605 1.8591692447662354 0.29537326097488403
v -1.1424309015274048 1.8489915132522583 0.30118033289909363
v -1.1060187816619873 1.866858720779419 0.32779747247695923
v -1.1056684255599976 1.874456524848938 0.31738388538360596
v -1.0443111658096313 1.907789707183838 0.3293977677822113
v -1.1458145380020142 1.8668127059936523 0.25515931844711304
v -1.154280185699463 1.8580111265182495 0.25313839316368103
v -1.047863245010376 1.9130752086639404 0.31877198815345764
v -0.9668691754341125 1.9633185863494873 0.30225813388824463
v -1.1303677558898926 1.8991433382034302 0.19164766371250153
v -1.1378462314605713 1.8922123908996582 0.185371994972229
v -0.9725759625434875 1.9671082496643066 0.29235804080963135
v -0.8845511674880981 2.0162429809570312 0.24992340803146362
v -1.0855121612548828 1.9487000703811646 0.1186244785785675
v -1.0917140245437622 1.9430879354476929 0.11026106774806976
v -0.891765296459198 2.0189547538757324 0.24099299311637878
v -0.809048593044281 2.0527584552764893 0.18058766424655914
v -1.0155718326568604 1.9988815784454346 0.050583623349666595
v -1.02044677734375 1.9942108392715454 0.04092532768845558
v -0.8176302909851074 2.0546693801879883 0.1729520857334137
v -0.7537267208099365 2.07194447517395 0.10547574609518051
v -0.9306210279464722 2.0364489555358887 -0.0007824222557246685
v -0.9338890910148621 2.0325186252593994 -0.011409529484808445
v -0.7637802958488464 2.0731968879699707 0.09992722421884537
v -0.7294229865074158 2.078993558883667 0.037710368633270264
v -0.8465903997421265 2.0603251457214355 -0.027196284383535385
v -0.847493588924408 2.0571658611297607 -0.0385499969124794
v -0.7408232688903809 2.0796263217926025 0.03641553968191147
v -0.7383183240890503 2.0778255462646484 -0.010331553407013416
v -0.7815982103347778 2.0741512775421143 -0.02580726519227028
v -0.7782513499259949 2.0721075534820557 -0.036948710680007935
v -0.7480149865150452 2.078784227371216 -0.0037966500967741013
v -0.7475506067276001 1.9870620965957642 -0.0026183035224676132
v -0.7402992248535156 1.9939520359039307 0.003250635229051113
v -0.7827022671699524 1.989209771156311 0.02827177196741104
v -0.7832219004631042 1.9832266569137573 0.017989635467529297
v -0.8536919355392456 1.9719014167785645 0.026719946414232254
v -0.7384961843490601 1.9845659732818604 -0.04385042563080788
v -0.7291742563247681 1.9911137819290161 -0.046012233942747116
v -0.8498855829238892 1.9671759605407715 0.016361314803361893
v -0.9403215646743774 1.9418916702270508 -0.003980277106165886
v -0.7592243552207947 1.9714678525924683 -0.11043018847703934
v -0.7510644793510437 1.9769567251205444 -0.11698448657989502
v -0.9341160655021667 1.937994122505188 -0.013515555299818516
v -1.0243691205978394 1.896541953086853 -0.05750735104084015
v -0.8104838132858276 1.944442629814148 -0.1869615763425827
v -0.8037152290344238 1.9490745067596436 -0.19567735493183136
v -1.0165430307388306 1.8933725357055664 -0.0660165324807167
v -1.0899693965911865 1.8380193710327148 -0.12400258332490921
v -0.8810851573944092 1.9005348682403564 -0.2561388909816742
v -0.87568598985672 1.9044039249420166 -0.2661908268928528
v -1.0809131860733032 1.835907220840454 -0.13126221299171448
v -1.1289538145065308 1.7804067134857178 -0.19407467544078827
v -0.9573570489883423 1.8425291776657104 -0.3047575056552887
v -0.9533524513244629 1.845179557800293 -0.3156929910182953
v -1.1187758445739746 1.7797436714172363 -0.19934327900409698
v -1.139076828956604 1.740653157234192 -0.2576233446598053
v -1.0285650491714478 1.7850149869918823 -0.32641974091529846
v -1.0266633033752441 1.7861939668655396 -0.3379907011985779
v -1.1282737255096436 1.7422187328338623 -0.25883999466896057
v -1.123436689376831 1.7279927730560303 -0.30403804779052734
v -1.084467887878418 1.745558738708496 -0.3212602138519287
v -1.0863841772079468 1.7443739175796509 -0.33243420720100403
v -1.1154440641403198 1.7315083742141724 -0.29769062995910645
v -1.1414986848831177 1.8071215152740479 -0.31425613164901733
v -1.1470004320144653 1.7964228391647339 -0.31902045011520386
v -1.1626394987106323 1.809079647064209 -0.27260494232177734
v -1.1543281078338623 1.8178287744522095 -0.2754054069519043
v -1.152515172958374 1.8488308191299438 -0.20905464887619019
v -1.110520601272583 1.8211692571640015 -0.33782559633255005
v -1.1099423170089722 1.8127906322479248 -0.3474130928516388
v -1.144830346107483 1.855356216430664 -0.21590973436832428
v -1.1135520935058594 1.906490445137024 -0.1389969438314438
v -1.0546194314956665 1.86062753200531 -0.34298521280288696
v -1.0502204895019531 1.854610800743103 -0.35296911001205444
v -1.1069676876068115 1.9115195274353027 -0.14782772958278656
v -1.0479964017868042 1.9651155471801758 -0.07253012806177139
v -0.9834132194519043 1.9181418418884277 -0.32132408022880554
v -0.9769837260246277 1.9137518405914307 -0.3307168483734131
v -1.0425972938537598 1.9689847230911255 -0.08258204907178879
v -0.963870108127594 1.9968137741088867 -0.018878191709518433
v -0.9071414470672607 1.9761478900909424 -0.272704541683197
v -0.899315357208252 1.9729772806167603 -0.2812137305736542
v -0.9600856304168701 1.9999436140060425 -0.029952529817819595
v -0.8774772882461548 2.027341842651367 0.011671535670757294
v -0.8365362882614136 2.020054578781128 -0.20352791249752045
v -0.8273911476135254 2.0177481174468994 -0.21073050796985626
v -0.8760454058647156 2.0295393466949463 -0.0001947907730937004
v -0.8065169453620911 2.0447096824645996 0.013205909170210361
v -0.7852787971496582 2.0470809936523438 -0.126994788646698
v -0.7747616767883301 2.0456759929656982 -0.13205105066299438
v -0.809406042098999 2.0456409454345703 0.001419066684320569
v -0.7639942765235901 2.062666893005371 -0.011814487166702747
v -0.7645525336265564 2.060178518295288 -0.06041599437594414
v -0.7528703212738037 2.0598323345184326 -0.06107808277010918
v -0.7736068964004517 2.0626778602600098 -0.01918395608663559
v -0.7631667256355286 2.0179362297058105 0.007900210097432137
v -0.7737091779708862 2.0222809314727783 0.007900206372141838
v -0.7550036907196045 2.023725986480713 -0.037647124379873276
v -0.7472735047340393 2.0193593502044678 -0.030059661716222763
v -0.697235643863678 2.022965908050537 -0.07996590435504913
v -0.7472735047340393 2.0193593502044678 0.045860957354307175
v -0.7550036907196045 2.023725986480713 0.05344753339886665
v -0.6930362582206726 2.018817186355591 -0.06965337693691254
v -0.6079629063606262 2.0176844596862793 -0.10923054814338684
v -0.6930362582206726 2.0188183784484863 0.08545467257499695
v -0.697235643863678 2.0229666233062744 0.0957663357257843
v -0.606217622756958 2.0137321949005127 -0.09808848053216934
v -0.5017336010932922 2.0022292137145996 -0.11960134655237198
v -0.606217622756958 2.013733148574829 0.1138889342546463
v -0.6079629063606262 2.017685651779175 0.125030979514122
v -0.501965343952179 1.9984540939331055 -0.10826101154088974
v -0.3955043852329254 1.9747214317321777 -0.10923051834106445
v -0.501965343952179 1.9984550476074219 0.12406235188245773
v -0.5017336010932922 2.002229690551758 0.13540180027484894
v -0.397713303565979 1.9714624881744385 -0.09808845818042755
v -0.30622780323028564 1.9438612461090088 -0.07996585965156555
v -0.397713303565979 1.9714630842208862 0.11388897895812988
v -0.3955043852329254 1.9747226238250732 0.12503191828727722
v -0.31089651584625244 1.941346287727356 -0.06965330243110657
v -0.24846358597278595 1.9212020635604858 -0.037647031247615814
v -0.31089651584625244 1.9413471221923828 0.08545473963022232
v -0.30622780323028564 1.9438621997833252 0.09576640278100967
v -0.25665733218193054 1.9198983907699585 -0.0300595760345459
v -0.22975419461727142 1.9120979309082031 0.007900295779109001
v -0.25665733218193054 1.9198983907699585 0.04586103931069374
v -0.24846358597278595 1.9212020635604858 0.05344763398170471
v -0.24076604843139648 1.9120349884033203 0.007900296710431576
v -0.2357562780380249 1.9931098222732544 0.007900231517851353
v -0.22521188855171204 1.9855334758758545 0.007900238037109375
v -0.24391748011112213 1.994562029838562 -0.037647098302841187
v -0.25164949893951416 2.0009729862213135 -0.03005964681506157
v -0.3016854524612427 2.017223834991455 -0.07996590435504913
v -0.25164949893951416 2.0009729862213135 0.04586096853017807
v -0.24391748011112213 1.994562029838562 0.05344757065176964
v -0.30588677525520325 2.0224223136901855 -0.06965337693691254
v -0.3909601867198944 2.04814076423645 -0.10923056304454803
v -0.30588677525520325 2.0224227905273438 0.08545467257499695
v -0.3016854524612427 2.0172250270843506 0.0957663506269455
v -0.3927035629749298 2.0525379180908203 -0.09808853268623352
v -0.497189462184906 2.075756311416626 -0.11960138380527496
v -0.3927035629749298 2.0525388717651367 0.11388891190290451
v -0.3909601867198944 2.0481417179107666 0.125030979514122
v -0.4969576299190521 2.0795297622680664 -0.10826108604669571
v -0.6034186482429504 2.091320276260376 -0.10923145711421967
v -0.4969576299190521 2.0795304775238037 0.12406228482723236
v -0.497189462184906 2.0757570266723633 0.13540175557136536
v -0.6012079119682312 2.0948078632354736 -0.09808856248855591
v -0.6926953196525574 2.0966575145721436 -0.0799659863114357
v -0.6012079119682312 2.094808340072632 0.11388886719942093
v -0.6034186482429504 2.0913212299346924 0.12503091990947723
v -0.6880245804786682 2.0998921394348145 -0.06965344399213791
v -0.7504594326019287 2.0974183082580566 -0.03764718025922775
v -0.6880245804786682 2.0998926162719727 0.08545460551977158
v -0.6926953196525574 2.0966579914093018 0.09576626867055893
v -0.7422657012939453 2.1004347801208496 -0.030059725046157837
v -0.7691688537597656 2.0958995819091797 0.007900146767497063
v -0.7422657012939453 2.1004347801208496 0.0458608940243721
v -0.7504594326019287 2.0974183082580566 0.05344748869538307
v -0.7581550478935242 2.0990138053894043 0.007900144904851913
v -0.7588285803794861 2.0080602169036865 -0.010013529099524021
v -0.763183057308197 2.0128588676452637 -0.019567962735891342
v -0.7151944637298584 2.0166966915130615 -0.01911688968539238
v -0.7187134623527527 2.0114212036132812 -0.009353822097182274
v -0.6547331809997559 2.016237497329712 0.019335299730300903
v -0.7864468693733215 2.0048880577087402 0.019260670989751816
v -0.7964655160903931 2.0090417861938477 0.015215142630040646
v -0.6620689630508423 2.011152505874634 0.026803605258464813
v -0.593532383441925 2.00891375541687 0.09237983077764511
v -0.8004553318023682 1.9987373352050781 0.08526412397623062
v -0.8115155696868896 2.0022881031036377 0.08556675165891647
v -0.6025791764259338 2.004019021987915 0.09784922003746033
v -0.5425295829772949 1.9884734153747559 0.18851295113563538
v -0.7917001247406006 1.9874013662338257 0.1777408868074417
v -0.8025381565093994 1.9906085729599 0.18067234754562378
v -0.5525250434875488 1.9838473796844482 0.19219423830509186
v -0.5100283622741699 1.9531970024108887 0.2924645245075226
v -0.7598027586936951 1.9656933546066284 0.27975520491600037
v -0.7700388431549072 1.9685466289520264 0.2846229374408722
v -0.5206276774406433 1.94921875 0.2942085862159729
v -0.5010490417480469 1.9134962558746338 0.3875693380832672
v -0.7097503542900085 1.9327073097229004 0.3741011917591095
v -0.7190341949462891 1.9348914623260498 0.3807561695575714
v -0.5118724703788757 1.9105170965194702 0.38668540120124817
v -0.5161010026931763 1.8832974433898926 0.4579218924045563
v -0.6502587795257568 1.8986934423446655 0.44514599442481995
v -0.657835066318512 1.8999863862991333 0.45380064845085144
v -0.5258792042732239 1.8820009231567383 0.4526880085468292
v -0.549385130405426 1.870169997215271 0.49270492792129517
v -0.5936161875724792 1.876668095588684 0.4813033640384674
v -0.5973738431930542 1.8767253160476685 0.4922538697719574
v -0.5535027980804443 1.8708962202072144 0.48196208477020264
v -0.5560613870620728 1.9512211084365845 0.4947126805782318
v -0.5517051815986633 1.9428776502609253 0.5042672157287598
v -0.5184245705604553 1.9560011625289917 0.46948403120040894
v -0.5284413695335388 1.9623240232467651 0.4654385447502136
v -0.5033725500106812 1.9861969947814941 0.39913246035575867
v -0.5961748957633972 1.9569902420043945 0.49405208230018616
v -0.5996955633163452 1.949420690536499 0.5038160085678101
v -0.5144347548484802 1.990841269493103 0.39943504333496094
v -0.5123483538627625 2.025973320007324 0.30402684211730957
v -0.6528192758560181 1.9790171384811401 0.4578946828842163
v -0.6601550579071045 1.9726825952529907 0.46536391973495483
v -0.5231881737709045 2.0295422077178955 0.30695825815200806
v -0.5448494553565979 2.0613183975219727 0.20007620751857758
v -0.7123090624809265 2.0130321979522705 0.3868500292301178
v -0.721354067325592 2.0076675415039062 0.3923194110393524
v -0.5550872683525085 2.0641725063323975 0.20494386553764343
v -0.5958558917045593 2.0818283557891846 0.10394294559955597
v -0.7623614072799683 2.046018362045288 0.2925049662590027
v -0.7723605632781982 2.0413925647735596 0.2961861193180084
v -0.6051379442214966 2.084343433380127 0.11059798300266266
v -0.6570549011230469 2.0892317295074463 0.030898485332727432
v -0.7942623496055603 2.0677266120910645 0.1904905140399933
v -0.8048598766326904 2.0635221004486084 0.192234605550766
v -0.664631187915802 2.0914759635925293 0.039553217589855194
v -0.7175143361091614 2.0896923542022705 -0.007554592564702034
v -0.8030157685279846 2.0790605545043945 0.09801378846168518
v -0.8138391971588135 2.0752780437469482 0.09712988883256912
v -0.7212721109390259 2.0917441844940186 0.0033958929125219584
v -0.7655048370361328 2.085841178894043 -0.008005723357200623
v -0.7890090942382812 2.0852129459381104 0.0320102795958519
v -0.7987872958183289 2.082026958465576 0.02677738666534424
v -0.761387288570404 2.0883867740631104 0.0027380790561437607
v -0.7437158823013306 2.027580499649048 0.03404152765870094
v -0.7473626732826233 2.0341038703918457 0.04344339668750763
v -0.7852298617362976 2.023393154144287 0.013933812268078327
v -0.7752345204353333 2.0189383029937744 0.009152729995548725
v -0.8087531924247742 2.0051212310791016 -0.05399217829108238
v -0.7035663723945618 2.0330395698547363 0.028365015983581543
v -0.6992372870445251 2.0402750968933105 0.03698739781975746
v -0.7972152829170227 2.0021209716796875 -0.054703664034605026
v -0.8109970092773438 1.9803340435028076 -0.14531277120113373
v -0.6507756114006042 2.030726194381714 -0.015446052886545658
v -0.6428387761116028 2.037506103515625 -0.00951362308114767
v -0.7993972897529602 1.978171467781067 -0.14345784485340118
v -0.7897480130195618 1.950194239616394 -0.2497708797454834
v -0.5992551445960999 2.0171959400177 -0.0898057073354721
v -0.5898118615150452 2.0234479904174805 -0.08602026849985123
v -0.7785453200340271 1.9486351013183594 -0.2459716498851776
v -0.7474585175514221 1.9121774435043335 -0.3487614691257477
v -0.559188723564148 1.9913926124572754 -0.18717025220394135
v -0.5489794015884399 1.997126817703247 -0.18522775173187256
v -0.737038254737854 1.9112670421600342 -0.34311985969543457
v -0.6914609670639038 1.8755285739898682 -0.4265933930873871
v -0.5368930101394653 1.950266718864441 -0.2894672453403473
v -0.5262734889984131 1.9552918672561646 -0.28946706652641296
v -0.6825720071792603 1.875346064567566 -0.4188113212585449
v -0.6325845718383789 1.8515982627868652 -0.4709533154964447
v -0.536109983921051 1.9038034677505493 -0.37955018877983093
v -0.5255293250083923 1.9078041315078735 -0.38211390376091003
v -0.6273435354232788 1.852210283279419 -0.4604858160018921
v -0.5829558372497559 1.8457183837890625 -0.4771859049797058
v -0.5556356310844421 1.8659929037094116 -0.44126665592193604
v -0.546552836894989 1.8681827783584595 -0.44789427518844604
v -0.5857452154159546 1.8460394144058228 -0.4659467041492462
v -0.59646075963974 1.9246057271957397 -0.48590168356895447
v -0.592675507068634 1.9169708490371704 -0.49528300762176514
v -0.6422919034957886 1.9227663278579712 -0.48904988169670105
v -0.6380465626716614 1.9306745529174805 -0.48043984174728394
v -0.7011408805847168 1.9464915990829468 -0.4446852505207062
v -0.5663340091705322 1.944420576095581 -0.4612191915512085
v -0.5562606453895569 1.939339518547058 -0.4659895598888397
v -0.6932536363601685 1.9536691904067993 -0.4387620985507965
v -0.7571478486061096 1.983184814453125 -0.3668539822101593
v -0.5467954277992249 1.9821263551712036 -0.3995017409324646
v -0.5352128148078918 1.9787662029266357 -0.4002065360546112
v -0.7477236986160278 1.989591121673584 -0.36307141184806824
v -0.7994401454925537 2.0212252140045166 -0.26786473393440247
v -0.5475780963897705 2.02858829498291 -0.3094187080860138
v -0.5359609127044678 2.026285409927368 -0.3075611889362335
v -0.7892308235168457 2.026959180831909 -0.2659222483634949
v -0.8206915855407715 2.0513851642608643 -0.163406103849411
v -0.5698742270469666 2.069716691970825 -0.2071208357810974
v -0.5586714148521423 2.0681564807891846 -0.20332160592079163
v -0.8100824952125549 2.0564932823181152 -0.16340938210487366
v -0.818448543548584 2.076178789138794 -0.07208655029535294
v -0.6099405288696289 2.0955190658569336 -0.10975726693868637
v -0.5995066165924072 2.0945000648498535 -0.1041136309504509
v -0.8079007267951965 2.080444574356079 -0.0746551975607872
v -0.7949255704879761 2.094452142715454 -0.004160608164966106
v -0.6614573001861572 2.1090493202209473 -0.03539681062102318
v -0.6525309085845947 2.108566999435425 -0.02760918438434601
v -0.7859179973602295 2.0972611904144287 -0.01080075278878212
v -0.7570577263832092 2.1051578521728516 0.02534906566143036
v -0.7142518162727356 2.111363410949707 0.008413400501012802
v -0.7089306116104126 2.1113312244415283 0.01889295130968094
v -0.7544015049934387 2.1059045791625977 0.014088991098105907
v -0.9567536115646362 2.4421422481536865 0.05306154862046242
v -0.9356425404548645 2.4463698863983154 0.09763719886541367
v -0.8176922798156738 2.478329658508301 0.003575339913368225
v -0.964038610458374 2.440680980682373 0.003574372036382556
v -0.9028466939926147 2.4529361724853516 0.13292156159877777
v -0.9567530751228333 2.4421350955963135 -0.04591340571641922
v -0.8616375923156738 2.4611873626708984 0.15551422536373138
v -0.9356422424316406 2.446357250213623 -0.09049118310213089
v -0.8160400390625 2.4703211784362793 0.1632898598909378
v -0.9028469920158386 2.4529194831848145 -0.12577980756759644
v -0.7704386115074158 2.4794631004333496 0.1555289328098297
v -0.8616375923156738 2.461172103881836 -0.14837872982025146
v -0.7292169332504272 2.487727642059326 0.13294479250907898
v -0.8160370588302612 2.470308303833008 -0.1561606526374817
v -0.6964049339294434 2.4943060874938965 0.09765942394733429
v -0.770429790019989 2.4794459342956543 -0.14840219914913177
v -0.6752789616584778 2.498538017272949 0.05307312682271004
v -0.7292045950889587 2.48771333694458 -0.1258166879415512
v -0.6679856181144714 2.5 0.0035689412616193295
v -0.6963934898376465 2.49429988861084 -0.09052737802267075
v -0.6752721667289734 2.498537540435791 -0.0459369495511055
vt 0.73872309923172 0.7358216047286987
vt 0.7496547698974609 0.7358216047286987
vt 0.7496547698974609 0.8610124588012695
vt 0.73872309923172 0.8610124588012695
vt 0.7277679443359375 0.7358216047286987
vt 0.7277679443359375 0.8610124588012695
vt 0.7169155478477478 0.7358216047286987
vt 0.7169155478477478 0.8610124588012695
vt 0.7062041163444519 0.7358216047286987
vt 0.7062041163444519 0.8610124588012695
vt 0.6955711841583252 0.7358216047286987
vt 0.6955711841583252 0.8610124588012695
vt 0.6849157214164734 0.7358216047286987
vt 0.6849157214164734 0.8610124588012695
vt 0.6741332411766052 0.7358216047286987
vt 0.6741332411766052 0.8610124588012695
vt 0.663162350654602 0.7358216047286987
vt 0.663162350654602 0.8610124588012695
vt 0.652009129524231 0.7358216047286987
vt 0.652009129524231 0.8610124588012695
vt 0.6407393217086792 0.7358216047286987
vt 0.6407393217086792 0.8610124588012695
vt 0.629469096660614 0.7358216047286987
vt 0.629469096660614 0.8610124588012695
vt 0.6183155179023743 0.7358216047286987
vt 0.6183155179023743 0.8610124588012695
vt 0.6073439121246338 0.7358216047286987
vt 0.6073439121246338 0.8610124588012695
vt 0.5965607166290283 0.7358216047286987
vt 0.5965607166290283 0.8610124588012695
vt 0.5859046578407288 0.7358216047286987
vt 0.5859046578407288 0.8610124588012695
vt 0.575269877910614 0.7358216047286987
vt 0.575269877910614 0.8610124588012695
vt 0.5645546317100525 0.7358216047286987
vt 0.5645546317100525 0.8610124588012695
vt 0.553710401058197 0.7358216047286987
vt 0.553710401058197 0.8610124588012695
vt 0.5427576303482056 0.7358216047286987
vt 0.5427576303482056 0.8610124588012695
vt 0.5318335890769958 0.7358216047286987
vt 0.5318335890769958 0.8610124588012695
vt 0.8356834650039673 0.8744022250175476
vt 0.8356834650039673 0.890369713306427
vt 0.8225175738334656 0.8903695940971375
vt 0.8225175738334656 0.8744022250175476
vt 0.8356834650039673 0.8713198304176331
vt 0.8040546178817749 0.890369713306427
vt 0.8225175738334656 0.8713198304176331
vt 0.8040546178817749 0.8744022250175476
vt 0.7801724672317505 0.890369713306427
vt 0.8040546178817749 0.8713198304176331
vt 0.7801724672317505 0.8744022250175476
vt 0.7531194090843201 0.890369713306427
vt 0.7801724672317505 0.8713198304176331
vt 0.7531194090843201 0.8744022250175476
vt 0.7259425520896912 0.890369713306427
vt 0.7531194090843201 0.8713198304176331
vt 0.7259425520896912 0.8744022250175476
vt 0.7017850875854492 0.890369713306427
vt 0.7259425520896912 0.8713198304176331
vt 0.7017850875854492 0.8744023442268372
vt 0.6829485297203064 0.8903695940971375
vt 0.7017850875854492 0.8713198304176331
vt 0.6829485297203064 0.8744022250175476
vt 0.6694237589836121 0.8903695940971375
vt 0.6829485297203064 0.8713198304176331
vt 0.6694237589836121 0.8744022250175476
vt 0.6560619473457336 0.8903695940971375
vt 0.6694237589836121 0.8713198304176331
vt 0.6560619473457336 0.8744022250175476
vt 0.6375609040260315 0.8903695940971375
vt 0.6560619473457336 0.8713198304176331
vt 0.6375609040260315 0.8744022250175476
vt 0.6136809587478638 0.8903695940971375
vt 0.6375609040260315 0.8713198304176331
vt 0.6136809587478638 0.8744022250175476
vt 0.5866456031799316 0.8903695940971375
vt 0.6136809587478638 0.8713198304176331
vt 0.5866456031799316 0.8744022250175476
vt 0.5594759583473206 0.8903695940971375
vt 0.5866456031799316 0.8713198304176331
vt 0.5594759583473206 0.8744022250175476
vt 0.5353302359580994 0.8903695940971375
vt 0.5594759583473206 0.8713198304176331
vt 0.5353302359580994 0.8744022250175476
vt 0.5165391564369202 0.8903695940971375
vt 0.5353302359580994 0.8713198304176331
vt 0.5165391564369202 0.8744022250175476
vt 0.5031933188438416 0.8903695940971375
vt 0.5165391564369202 0.8713198304176331
vt 0.5031933188438416 0.8744022250175476
vt 0.5031933188438416 0.8713198304176331
vt 0.5169602036476135 0.9471898078918457
vt 0.5032572150230408 0.9471898078918457
vt 0.5032570958137512 0.9311888217926025
vt 0.5032572150230408 0.9281376600265503
vt 0.5169602036476135 0.9281376600265503
vt 0.516960084438324 0.9311888217926025
vt 0.5358534455299377 0.9471898078918457
vt 0.5358534455299377 0.9281376600265503
vt 0.5358535647392273 0.9311888217926025
vt 0.5597501993179321 0.9471898078918457
vt 0.5597501993179321 0.9281376600265503
vt 0.5597503185272217 0.9311888217926025
vt 0.5864043831825256 0.9471898078918457
vt 0.5864043831825256 0.9281376600265503
vt 0.5864043831825256 0.9311888217926025
vt 0.6128292679786682 0.9471898078918457
vt 0.6128292679786682 0.9281376600265503
vt 0.6128292679786682 0.9311888217926025
vt 0.6361544132232666 0.9471898078918457
vt 0.6361544132232666 0.9281376600265503
vt 0.6361544132232666 0.9311888217926025
vt 0.6543887853622437 0.9281376600265503
vt 0.6543887853622437 0.9311888217926025
vt 0.6543887853622437 0.9471898078918457
vt 0.6679165959358215 0.9281376600265503
vt 0.6679165959358215 0.9311888217926025
vt 0.6679165959358215 0.9471898078918457
vt 0.6817871332168579 0.9281376600265503
vt 0.6817871332168579 0.9471898078918457
vt 0.6817871332168579 0.9311888217926025
vt 0.7007119059562683 0.9281376600265503
vt 0.7007119059562683 0.9471898078918457
vt 0.7007119059562683 0.9311888217926025
vt 0.7245935797691345 0.9281376600265503
vt 0.7245935797691345 0.9471898078918457
vt 0.7245935797691345 0.9311888217926025
vt 0.7512215971946716 0.9281376600265503
vt 0.7512215971946716 0.9471898078918457
vt 0.7512215971946716 0.9311888217926025
vt 0.7775914669036865 0.9281376600265503
vt 0.7775914669036865 0.9471898078918457
vt 0.7775914669036865 0.9311888217926025
vt 0.8008908033370972 0.9281376600265503
vt 0.8008908033370972 0.9471898078918457
vt 0.8008908033370972 0.9311888217926025
vt 0.8190731406211853 0.9281376600265503
vt 0.8190731406211853 0.9471898078918457
vt 0.8190731406211853 0.9311888217926025
vt 0.8324034214019775 0.9281376600265503
vt 0.8324034214019775 0.9471898078918457
vt 0.8324034214019775 0.9311888217926025
vt 0.9944597482681274 0.4589502811431885
vt 0.9944597482681274 0.4724440574645996
vt 0.9784450531005859 0.4724440574645996
vt 0.975401759147644 0.4724440574645996
vt 0.975401759147644 0.4589501619338989
vt 0.9784450531005859 0.4589501619338989
vt 0.9944597482681274 0.4409372806549072
vt 0.975401759147644 0.4409372806549072
vt 0.9784450531005859 0.4409372806549072
vt 0.9944597482681274 0.4184149503707886
vt 0.975401759147644 0.41710996627807617
vt 0.9784450531005859 0.4184149503707886
vt 0.9944597482681274 0.3922119140625
vt 0.975401759147644 0.39221179485321045
vt 0.9784450531005859 0.39221179485321045
vt 0.9944597482681274 0.36576056480407715
vt 0.975401759147644 0.3657606840133667
vt 0.9784450531005859 0.3657606840133667
vt 0.9944597482681274 0.3420499563217163
vt 0.975401759147644 0.3420499563217163
vt 0.9784450531005859 0.3420499563217163
vt 0.975401759147644 0.3232710361480713
vt 0.9784450531005859 0.3232710361480713
vt 0.9944597482681274 0.32327115535736084
vt 0.975401759147644 0.3095129728317261
vt 0.9784450531005859 0.3095129728317261
vt 0.994459867477417 0.3095130920410156
vt 0.975401759147644 0.29607391357421875
vt 0.994459867477417 0.29607391357421875
vt 0.9784450531005859 0.29607391357421875
vt 0.975401759147644 0.2779536247253418
vt 0.994459867477417 0.2779536247253418
vt 0.9784450531005859 0.2779536247253418
vt 0.975401759147644 0.2547891139984131
vt 0.994459867477417 0.2547891139984131
vt 0.9784450531005859 0.2547891139984131
vt 0.975401759147644 0.228582501411438
vt 0.994459867477417 0.228582501411438
vt 0.9784450531005859 0.228582501411438
vt 0.975401759147644 0.2021399736404419
vt 0.994459867477417 0.2021399736404419
vt 0.9784450531005859 0.2021399736404419
vt 0.975401759147644 0.17844069004058838
vt 0.994459867477417 0.17844069004058838
vt 0.9784450531005859 0.17844069004058838
vt 0.975401759147644 0.159706711769104
vt 0.994459867477417 0.159706711769104
vt 0.9784450531005859 0.159706711769104
vt 0.975401759147644 0.14611494541168213
vt 0.994459867477417 0.14611494541168213
vt 0.9784450531005859 0.14611494541168213
vt 0.5168531537055969 0.9759467840194702
vt 0.5032094120979309 0.9759467840194702
vt 0.5032094120979309 0.959997296333313
vt 0.5032094120979309 0.9569351673126221
vt 0.5168531537055969 0.9569351673126221
vt 0.5168531537055969 0.959997296333313
vt 0.5353729128837585 0.9759467840194702
vt 0.5353729128837585 0.9569351673126221
vt 0.5353729128837585 0.959997296333313
vt 0.5588086247444153 0.9759467840194702
vt 0.5588086247444153 0.9569351673126221
vt 0.5588086247444153 0.959997296333313
vt 0.5850874781608582 0.9759467840194702
vt 0.5850874781608582 0.9569351673126221
vt 0.5850874781608582 0.959997296333313
vt 0.6113662123680115 0.9759467840194702
vt 0.6113664507865906 0.9569351673126221
vt 0.6113664507865906 0.959997296333313
vt 0.6348058581352234 0.9759467840194702
vt 0.6348059177398682 0.9569351673126221
vt 0.6348059177398682 0.959997296333313
vt 0.6533666253089905 0.9569351673126221
vt 0.6533666253089905 0.959997296333313
vt 0.6533666253089905 0.9759467840194702
vt 0.6671865582466125 0.9569351673126221
vt 0.6671865582466125 0.959997296333313
vt 0.6671865582466125 0.9759467840194702
vt 0.6810063719749451 0.9569351673126221
vt 0.6810063719749451 0.9759467840194702
vt 0.6810063123703003 0.959997296333313
vt 0.6995672583580017 0.9569351673126221
vt 0.6995671987533569 0.9759467840194702
vt 0.6995672583580017 0.959997296333313
vt 0.7230067253112793 0.9569351673126221
vt 0.7230067253112793 0.9759467840194702
vt 0.7230067253112793 0.959997296333313
vt 0.7492854595184326 0.9569351673126221
vt 0.7492854595184326 0.9759467840194702
vt 0.7492854595184326 0.959997296333313
vt 0.775564432144165 0.9569351673126221
vt 0.775564432144165 0.9759467840194702
vt 0.775564432144165 0.959997296333313
vt 0.7990002632141113 0.9569351673126221
vt 0.7990002632141113 0.9759467840194702
vt 0.7990002632141113 0.959997296333313
vt 0.8175199031829834 0.9569351673126221
vt 0.8175199031829834 0.9759467840194702
vt 0.8175199031829834 0.959997296333313
vt 0.8311635851860046 0.9569351673126221
vt 0.8311635851860046 0.9759467840194702
vt 0.8311635851860046 0.959997296333313
vt 0.5163447856903076 0.9185361862182617
vt 0.503243088722229 0.9185361862182617
vt 0.503243088722229 0.9025571346282959
vt 0.503243088722229 0.8994909524917603
vt 0.5163447856903076 0.8994909524917603
vt 0.5163447856903076 0.9025571346282959
vt 0.5347612500190735 0.9185361862182617
vt 0.5347612500190735 0.8994909524917603
vt 0.5347612500190735 0.9025571346282959
vt 0.5586052536964417 0.9185361862182617
vt 0.5586052536964417 0.8994909524917603
vt 0.5586052536964417 0.9025571346282959
vt 0.5856969356536865 0.9185361862182617
vt 0.5856969356536865 0.8994909524917603
vt 0.5856969356536865 0.9025571346282959
vt 0.6129010319709778 0.9185361862182617
vt 0.6129010319709778 0.8994909524917603
vt 0.6129010319709778 0.9025571346282959
vt 0.6371178030967712 0.9185361862182617
vt 0.6371178030967712 0.8994909524917603
vt 0.6371178030967712 0.9025571346282959
vt 0.656028687953949 0.8994909524917603
vt 0.656028687953949 0.9025571346282959
vt 0.656028687953949 0.9185361862182617
vt 0.6695584058761597 0.8994909524917603
vt 0.6695584058761597 0.9025571346282959
vt 0.6695584058761597 0.9185361862182617
vt 0.6828840970993042 0.8994909524917603
vt 0.6828840970993042 0.9185361862182617
vt 0.6828840970993042 0.9025571346282959
vt 0.7012752890586853 0.8994909524917603
vt 0.7012752890586853 0.9185361862182617
vt 0.7012752890586853 0.9025571346282959
vt 0.7250567078590393 0.8994909524917603
vt 0.7250567078590393 0.9185361862182617
vt 0.7250567078590393 0.9025571346282959
vt 0.7520684599876404 0.8994909524917603
vt 0.7520684599876404 0.9185361862182617
vt 0.7520684599876404 0.9025571346282959
vt 0.7791916131973267 0.8994909524917603
vt 0.7791916131973267 0.9185361862182617
vt 0.7791916131973267 0.9025571346282959
vt 0.8033220171928406 0.8994909524917603
vt 0.8033220171928406 0.9185361862182617
vt 0.8033220171928406 0.9025571346282959
vt 0.8221541047096252 0.8994909524917603
vt 0.8221541047096252 0.9185361862182617
vt 0.8221541047096252 0.9025571346282959
vt 0.8354547619819641 0.8994909524917603
vt 0.8354547619819641 0.9185361862182617
vt 0.8354547619819641 0.9025571346282959
vt 0.1626708209514618 0.11775892972946167
vt 0.21264277398586273 0.040062904357910156
vt 0.22059366106987 0.04628199338912964
vt 0.24096673727035522 0.012023687362670898
vt 0.17975451052188873 0.12883949279785156
vt 0.11584480851888657 0.22954988479614258
vt 0.24298790097236633 0.015179872512817383
vt 0.25060713291168213 0.008262395858764648
vt 0.22984397411346436 0.05079120397567749
vt 0.14140355587005615 0.24139678478240967
vt 0.07913531363010406 0.35363996028900146
vt 0.20032617449760437 0.13826000690460205
vt 0.11357232183218002 0.366086483001709
vt 0.0454450286924839 0.478093683719635
vt 0.17099866271018982 0.2503511309623718
vt 0.09273109585046768 0.49200236797332764
vt 0.014398767612874508 0.6062129735946655
vt 0.15393546223640442 0.37452614307403564
vt 0.06910723447799683 0.6134154200553894
vt 0.0029563242569565773 0.7420201897621155
vt 0.14352554082870483 0.5030853152275085
vt 0.2059711068868637 0.25791823863983154
vt 0.0617915615439415 0.733940601348877
vt 0.19944614171981812 0.38044679164886475
vt 0.12703591585159302 0.6214150190353394
vt 0.19500593841075897 0.5096767544746399
vt 0.09349018335342407 0.8395422697067261
vt 0.043416932225227356 0.8666200041770935
vt 0.12110082805156708 0.7283640503883362
vt 0.13869766891002655 0.9465562105178833
vt 0.1855466067790985 0.6273171305656433
vt 0.1586771011352539 0.9302541017532349
vt 0.24653296172618866 0.5114708542823792
vt 0.19616390764713287 0.955830991268158
vt 0.18713533878326416 0.9671604037284851
vt 0.178063303232193 0.9145747423171997
vt 0.23638325929641724 0.9747504591941833
vt 0.23392726480960846 0.9784489870071411
vt 0.20552754402160645 0.9456773996353149
vt 0.23919279873371124 0.9723199009895325
vt 0.27472665905952454 0.9795085787773132
vt 0.2765824496746063 0.9853071570396423
vt 0.27022066712379456 0.975807249546051
vt 0.31696274876594543 0.9707687497138977
vt 0.3246985971927643 0.9885464310646057
vt 0.30353260040283203 0.9581253528594971
vt 0.3676726520061493 0.9546496868133545
vt 0.38723963499069214 0.9820860624313354
vt 0.48757827281951904 0.8916636109352112
vt 0.34172895550727844 0.9367260336875916
vt 0.437909334897995 0.8653137683868408
vt 0.3898516297340393 0.8463995456695557
vt 0.46422433853149414 0.7518486976623535
vt 0.5218077301979065 0.7584393620491028
vt 0.507240355014801 0.6185579299926758
vt 0.3140178322792053 0.9234135150909424
vt 0.45853960514068604 0.6253126859664917
vt 0.4804303050041199 0.4843633770942688
vt 0.40866103768348694 0.7440146207809448
vt 0.44076240062713623 0.4942985773086548
vt 0.4512034058570862 0.35452914237976074
vt 0.4075103998184204 0.6293473243713379
vt 0.34295758605003357 0.8332481980323792
vt 0.35331857204437256 0.7367641925811768
vt 0.42122945189476013 0.3645285964012146
vt 0.412368506193161 0.22777950763702393
vt 0.3968888521194458 0.5015721917152405
vt 0.3542664647102356 0.6303941607475281
vt 0.3900018334388733 0.23786652088165283
vt 0.38747987151145935 0.3719080090522766
vt 0.34239041805267334 0.12623918056488037
vt 0.3580392003059387 0.11586296558380127
vt 0.364307165145874 0.2466505765914917
vt 0.29981279373168945 0.041434645652770996
vt 0.3464580774307251 0.37791144847869873
vt 0.32419416308403015 0.1354159712791443
vt 0.3486521542072296 0.5067058205604553
vt 0.33477547764778137 0.25462764501571655
vt 0.2980458438396454 0.5100062489509583
vt 0.29787689447402954 0.3821755051612854
vt 0.3024573028087616 0.14333105087280273
vt 0.29922300577163696 0.629781186580658
vt 0.29505154490470886 0.26154983043670654
vt 0.297598659992218 0.7310577630996704
vt 0.24279916286468506 0.6292198896408081
vt 0.24811190366744995 0.3829880952835083
vt 0.2488197386264801 0.2627742290496826
vt 0.2780013978481293 0.14933323860168457
vt 0.2512200176715851 0.15023165941238403
vt 0.2243768721818924 0.14546257257461548
vt 0.2508612275123596 0.05666649341583252
vt 0.2399170845746994 0.05375319719314575
vt 0.2619997262954712 0.05599713325500488
vt 0.24599114060401917 0.017462432384490967
vt 0.2497016042470932 0.01895350217819214
vt 0.25120192766189575 0.009474873542785645
vt 0.2613909840583801 0.008549749851226807
vt 0.25229594111442566 0.010156333446502686
vt 0.2607437074184418 0.009794831275939941
vt 0.2711822986602783 0.012572526931762695
vt 0.25367510318756104 0.010456204414367676
vt 0.26915237307548523 0.01577138900756836
vt 0.2596071660518646 0.010449767112731934
vt 0.29172906279563904 0.04788637161254883
vt 0.2660830318927765 0.017937183380126953
vt 0.28223884105682373 0.0522269606590271
vt 0.2582683861255646 0.010820865631103516
vt 0.26243555545806885 0.019718647003173828
vt 0.27209433913230896 0.05599617958068848
vt 0.25841981172561646 0.01979351043701172
vt 0.2568812370300293 0.010918080806732178
vt 0.2539682388305664 0.02021193504333496
vt 0.2552274167537689 0.01075291633605957
vt 0.14412730932235718 0.8245261907577515
vt 0.18157429993152618 0.7271536588668823
vt 0.2406046986579895 0.7283868789672852
vt 0.19496667385101318 0.8193112015724182
vt 0.2460736781358719 0.8199855089187622
vt 0.2128417193889618 0.9077004790306091
vt 0.29573896527290344 0.8244818449020386
vt 0.2507675290107727 0.9078677296638489
vt 0.2844725549221039 0.9135831594467163
vt 0.24891828000545502 0.9385324716567993
vt 0.2256585657596588 0.9395076632499695
vt 0.2877897322177887 0.9487985372543335
vt 0.2454088032245636 0.971514105796814
vt 0.264870285987854 0.9739367365837097
vt 0.2699331045150757 0.9420796632766724
vt 0.25917401909828186 0.9729239344596863
vt 0.2525157034397125 0.9719802737236023
vt 0.5914026498794556 0.056376099586486816
vt 0.5694600939750671 0.028428316116333008
vt 0.6160441040992737 0.010624408721923828
vt 0.4850744605064392 0.11075818538665771
vt 0.6260254383087158 0.028150081634521484
vt 0.6616040468215942 0.008786797523498535
vt 0.5328227877616882 0.14194917678833008
vt 0.6642948389053345 0.014478087425231934
vt 0.7025564312934875 0.010651826858520508
vt 0.6203643083572388 0.07859230041503906
vt 0.6415057182312012 0.04213535785675049
vt 0.7009051442146301 0.016395211219787598
vt 0.7480311393737793 0.015464067459106445
vt 0.6691791415214539 0.01853787899017334
vt 0.741658091545105 0.033292531967163086
vt 0.8040265440940857 0.03961992263793945
vt 0.6964885592460632 0.020351886749267578
vt 0.6600139737129211 0.052472710609436035
vt 0.6750332117080688 0.020981669425964355
vt 0.6522470116615295 0.09510660171508789
vt 0.6797938346862793 0.058850646018981934
vt 0.6236180067062378 0.18670737743377686
vt 0.6844007968902588 0.10591292381286621
vt 0.5797044038772583 0.16786646842956543
vt 0.6811310052871704 0.02248561382293701
vt 0.505388081073761 0.2308330535888672
vt 0.4462707042694092 0.22208702564239502
vt 0.6916077733039856 0.021319150924682617
vt 0.68717360496521 0.022517800331115723
vt 0.6992227435112 0.05823040008544922
vt 0.7135394215583801 0.05184328556060791
vt 0.7282483577728271 0.04633438587188721
vt 0.7381609082221985 0.09586012363433838
vt 0.7873086333274841 0.06824219226837158
vt 0.7622563242912292 0.08815550804138184
vt 0.8686145544052124 0.14367544651031494
vt 0.9118473529815674 0.10930466651916504
vt 0.8255813717842102 0.170884370803833
vt 0.7836046814918518 0.19060230255126953
vt 0.7152155637741089 0.10552847385406494
vt 0.7302826046943665 0.20035231113433838
vt 0.6769553422927856 0.19855237007141113
vt 0.6788213849067688 0.28278541564941406
vt 0.6157535910606384 0.2659705877304077
vt 0.7395532131195068 0.2852799892425537
vt 0.5621607899665833 0.24745804071426392
vt 0.6685590744018555 0.358074426651001
vt 0.5536547899246216 0.3310052752494812
vt 0.6071558594703674 0.3427385091781616
vt 0.6111584901809692 0.40735507011413574
vt 0.5043486952781677 0.3263719081878662
vt 0.4551507234573364 0.3329852819442749
vt 0.48305845260620117 0.41597437858581543
vt 0.5634685158729553 0.40499335527420044
vt 0.523086428642273 0.40729355812072754
vt 0.5139592289924622 0.4831913709640503
vt 0.5471309423446655 0.47539883852005005
vt 0.5520157814025879 0.5554502010345459
vt 0.5809932947158813 0.468780517578125
vt 0.5776322484016418 0.5463069081306458
vt 0.6037939190864563 0.6291671991348267
vt 0.6200399398803711 0.46309894323349
vt 0.6043049693107605 0.5376018285751343
vt 0.6211417317390442 0.6209772229194641
vt 0.6499273777008057 0.6895085573196411
vt 0.63520348072052 0.5293975472450256
vt 0.6386159062385559 0.6129594445228577
vt 0.6584901213645935 0.6839431524276733
vt 0.6768350005149841 0.7107665538787842
vt 0.6741644144058228 0.7135069370269775
vt 0.6672297716140747 0.6788270473480225
vt 0.6834085583686829 0.7161679267883301
vt 0.6827887296676636 0.71744704246521
vt 0.679775059223175 0.7085543274879456
vt 0.6843451261520386 0.7151629328727722
vt 0.6927909851074219 0.7175371646881104
vt 0.6930089592933655 0.7189527750015259
vt 0.6920832395553589 0.7162683606147766
vt 0.7009142637252808 0.7142148613929749
vt 0.7027207016944885 0.7176347970962524
vt 0.6985217928886414 0.7111722230911255
vt 0.7270439863204956 0.693805992603302
vt 0.7340512871742249 0.7013859152793884
vt 0.7195207476615906 0.686275064945221
vt 0.7728433012962341 0.6324844360351562
vt 0.7873679399490356 0.6433001756668091
vt 0.8494874835014343 0.5704028010368347
vt 0.8272501826286316 0.5589752793312073
vt 0.8942001461982727 0.49335241317749023
vt 0.7574459314346313 0.6216517090797424
vt 0.8645658493041992 0.4837818741798401
vt 0.9319075345993042 0.4208858013153076
vt 0.8020926713943481 0.5468295812606812
vt 0.7380639314651489 0.6108754873275757
vt 0.8933969736099243 0.4126157760620117
vt 0.9599071741104126 0.3352848291397095
vt 0.8318257927894592 0.4749300479888916
vt 0.9127143621444702 0.3323984146118164
vt 0.9628769159317017 0.2228602170944214
vt 0.8507625460624695 0.4094768762588501
vt 0.9058771729469299 0.2352461814880371
vt 0.8513652086257935 0.25511252880096436
vt 0.861302375793457 0.3387354612350464
vt 0.799839973449707 0.27373552322387695
vt 0.801585853099823 0.35168635845184326
vt 0.7971574068069458 0.4105255603790283
vt 0.7353710532188416 0.36196720600128174
vt 0.7892580032348633 0.46638572216033936
vt 0.7338073253631592 0.413998007774353
vt 0.6688398122787476 0.4124319553375244
vt 0.6708337664604187 0.45934855937957764
vt 0.7319600582122803 0.46107780933380127
vt 0.6752294301986694 0.5227600336074829
vt 0.726269006729126 0.523644208908081
vt 0.770612895488739 0.5344454646110535
vt 0.6586481928825378 0.6057913303375244
vt 0.6835461854934692 0.6007568836212158
vt 0.7121549844741821 0.602012038230896
vt 0.6767985224723816 0.6745904684066772
vt 0.683149516582489 0.7068741917610168
vt 0.6877971291542053 0.6718756556510925
vt 0.6871291995048523 0.705836832523346
vt 0.6856536865234375 0.7144069075584412
vt 0.6873557567596436 0.7139652371406555
vt 0.7001730799674988 0.6738823652267456
vt 0.6916652917861938 0.7065370082855225
vt 0.6892962455749512 0.7142614126205444
vt 0.6909084320068359 0.7150920629501343
vt 0.6954320073127747 0.7084262371063232
vt 0.7106015682220459 0.6790762543678284
vt 0.9553313255310059 0.011431872844696045
vt 0.9552221298217773 0.00853419303894043
vt 0.9672319293022156 0.013147532939910889
vt 0.9652687311172485 0.015327811241149902
vt 0.9787726998329163 0.02734065055847168
vt 0.9457006454467773 0.015310525894165039
vt 0.9435787796974182 0.013142108917236328
vt 0.9760379791259766 0.028606832027435303
vt 0.9872342944145203 0.04924565553665161
vt 0.9360029697418213 0.028596043586730957
vt 0.933180034160614 0.02734065055847168
vt 0.9842469096183777 0.04987126588821411
vt 0.9909693598747253 0.0753026008605957
vt 0.9295077323913574 0.049869000911712646
vt 0.9264782071113586 0.049253225326538086
vt 0.9879072904586792 0.0754128098487854
vt 0.9893336296081543 0.10136497020721436
vt 0.9279043674468994 0.0754128098487854
vt 0.9248404502868652 0.07531338930130005
vt 0.9863049983978271 0.10095775127410889
vt 0.9826329350471497 0.12328189611434937
vt 0.9315646886825562 0.10095226764678955
vt 0.9285743236541748 0.10137033462524414
vt 0.9798053503036499 0.12223172187805176
vt 0.9722277522087097 0.13748466968536377
vt 0.9397749900817871 0.1222144365310669
vt 0.9370346665382385 0.12327432632446289
vt 0.9701037406921387 0.1355162262916565
vt 0.9605756998062134 0.14209693670272827
vt 0.9505386352539062 0.13549351692199707
vt 0.9485700726509094 0.13746637105941772
vt 0.9604740142822266 0.13939166069030762
vt 0.8790842294692993 0.9910743832588196
vt 0.8789740800857544 0.9939720630645752
vt 0.8673317432403564 0.9893639087677002
vt 0.8694535493850708 0.9871956706047058
vt 0.8569327592849731 0.9751654863357544
vt 0.889021635055542 0.9871782660484314
vt 0.8909850120544434 0.9893587231636047
vt 0.8597570657730103 0.9739099740982056
vt 0.8502321243286133 0.9532526731491089
vt 0.8997913599014282 0.973899245262146
vt 0.902525782585144 0.9751654863357544
vt 0.8532606363296509 0.9526368975639343
vt 0.8485941886901855 0.9271924495697021
vt 0.908000111579895 0.9526347517967224
vt 0.9109886884689331 0.9532603025436401
vt 0.8516570329666138 0.927092969417572
vt 0.8523271083831787 0.9011352062225342
vt 0.9116605520248413 0.927092969417572
vt 0.9147223234176636 0.9272032380104065
vt 0.8553177118301392 0.9015535712242126
vt 0.8607877492904663 0.8792312741279602
vt 0.9100582599639893 0.9015481472015381
vt 0.9130878448486328 0.9011406302452087
vt 0.8635287284851074 0.8802900910377502
vt 0.8723232746124268 0.8650391697883606
vt 0.9035587310791016 0.8802738785743713
vt 0.9063860177993774 0.8792246580123901
vt 0.8742918968200684 0.8670107126235962
vt 0.8843287229537964 0.86040860414505
vt 0.8938566446304321 0.8669891953468323
vt 0.8959808349609375 0.865020751953125
vt 0.8842271566390991 0.8631138205528259
vt 0.941941499710083 0.9049233198165894
vt 0.9418466091156006 0.907813549041748
vt 0.9302040338516235 0.9032108783721924
vt 0.9323118925094604 0.9010484218597412
vt 0.9197801351547241 0.8890281915664673
vt 0.951858639717102 0.9010322093963623
vt 0.9538336992263794 0.9032049179077148
vt 0.9225915670394897 0.8877793550491333
vt 0.913030743598938 0.8671433925628662
vt 0.9625836610794067 0.8877695798873901
vt 0.9653279781341553 0.889028787612915
vt 0.9160473346710205 0.8665324449539185
vt 0.9113278388977051 0.8411140441894531
vt 0.970730185508728 0.8665302991867065
vt 0.9737249612808228 0.867149829864502
vt 0.9143812656402588 0.8410199880599976
vt 0.9149906635284424 0.8150891065597534
vt 0.9743211269378662 0.8410201072692871
vt 0.9773883819580078 0.8411239385604858
vt 0.9179725646972656 0.8155108690261841
vt 0.9233863353729248 0.7932112216949463
vt 0.972655177116394 0.815506100654602
vt 0.975689172744751 0.815093994140625
vt 0.9261199235916138 0.7942750453948975
vt 0.9348734617233276 0.7790356874465942
vt 0.9661082029342651 0.7942570447921753
vt 0.968938946723938 0.7932031154632568
vt 0.9368376731872559 0.7810118198394775
vt 0.9468551874160767 0.7744104862213135
vt 0.956382155418396 0.7809890508651733
vt 0.9585074186325073 0.7790167331695557
vt 0.946752667427063 0.7771190404891968
vt 0.8550662994384766 0.731701135635376
vt 0.8549745082855225 0.7288114428520203
vt 0.8669536113739014 0.7334258556365967
vt 0.8649778366088867 0.7355959415435791
vt 0.8784314393997192 0.7476029396057129
vt 0.8454369306564331 0.7355683445930481
vt 0.8433327674865723 0.7334047555923462
vt 0.8756866455078125 0.7488583922386169
vt 0.8868008852005005 0.769479513168335
vt 0.8357095718383789 0.7488276958465576
vt 0.8329015970230103 0.7475770115852356
vt 0.883804202079773 0.7700893878936768
vt 0.8903837203979492 0.7955155968666077
vt 0.8291529417037964 0.7700672149658203
vt 0.8261375427246094 0.7694547176361084
vt 0.8873172998428345 0.7955798506736755
vt 0.8890511989593506 0.8201759457588196
vt 0.8274784088134766 0.7955798506736755
vt 0.8244261741638184 0.7954842448234558
vt 0.8860242366790771 0.8197280764579773
vt 0.8822339773178101 0.8420184254646301
vt 0.8310966491699219 0.8211113810539246
vt 0.8281153440475464 0.8215263485908508
vt 0.879402756690979 0.8409724831581116
vt 0.8719041347503662 0.8561496138572693
vt 0.8391726016998291 0.8423523306846619
vt 0.836432695388794 0.8433927893638611
vt 0.8697162866592407 0.8542593121528625
vt 0.8597369194030762 0.8625103831291199
vt 0.8497238159179688 0.8557018637657166
vt 0.8477354049682617 0.8576508164405823
vt 0.8595227003097534 0.8597881197929382
vt 0.557655930519104 0.7242838740348816
vt 0.5576526522636414 0.7271859049797058
vt 0.5456740260124207 0.7225903272628784
vt 0.5477409958839417 0.7204132676124573
vt 0.5345632433891296 0.7084898352622986
vt 0.5675763487815857 0.7204288840293884
vt 0.5696420669555664 0.7226070761680603
vt 0.5373755097389221 0.7072181105613708
vt 0.5268846750259399 0.686725914478302
vt 0.5779470205307007 0.707229495048523
vt 0.5807594656944275 0.7085002064704895
vt 0.5299260020256042 0.686089038848877
vt 0.5241643786430359 0.6608343720436096
vt 0.585401177406311 0.6860917210578918
vt 0.5884426832199097 0.6867281794548035
vt 0.5272627472877502 0.6607106328010559
vt 0.5268868803977966 0.6349389553070068
vt 0.5880684852600098 0.6607106328010559
vt 0.5911673903465271 0.6608348488807678
vt 0.5299316048622131 0.6353289484977722
vt 0.5345718860626221 0.6131632924079895
vt 0.585405707359314 0.6353333592414856
vt 0.5884498953819275 0.6349433064460754
vt 0.5373883247375488 0.6141912341117859
vt 0.5456914901733398 0.5990518927574158
vt 0.5779549479484558 0.6142063736915588
vt 0.5807705521583557 0.6131778359413147
vt 0.5477613806724548 0.6009911894798279
vt 0.5576819777488708 0.5944709181785583
vt 0.5675883889198303 0.6010123491287231
vt 0.569659411907196 0.59907466173172
vt 0.5576785802841187 0.5971401333808899
vt 0.7928684949874878 0.6619747877120972
vt 0.7928718328475952 0.6590728759765625
vt 0.8048502206802368 0.6636688709259033
vt 0.802783727645874 0.6658459305763245
vt 0.8159613013267517 0.6777691841125488
vt 0.7829481363296509 0.6658291816711426
vt 0.780882716178894 0.6636505126953125
vt 0.813147783279419 0.6790415048599243
vt 0.8236372470855713 0.699533998966217
vt 0.7725759744644165 0.6790285110473633
vt 0.7697639465332031 0.6777574419975281
vt 0.8205960392951965 0.7001698613166809
vt 0.8263567686080933 0.7254242897033691
vt 0.7651225924491882 0.7001660466194153
vt 0.7620804905891418 0.6995297074317932
vt 0.8232582807540894 0.7255474925041199
vt 0.823634147644043 0.7513178586959839
vt 0.7624533176422119 0.7255474925041199
vt 0.7593545913696289 0.7254238724708557
vt 0.8205885887145996 0.7509272694587708
vt 0.8159497976303101 0.7730917930603027
vt 0.7651160955429077 0.750925600528717
vt 0.7620705366134644 0.751316249370575
vt 0.8131338357925415 0.7720632553100586
vt 0.804833173751831 0.7872079014778137
vt 0.7725667357444763 0.7720540165901184
vt 0.769751250743866 0.7730840444564819
vt 0.8027639985084534 0.7852666974067688
vt 0.7928557395935059 0.7917789816856384
vt 0.7829362154006958 0.7852495908737183
vt 0.780868411064148 0.7871900200843811
vt 0.7928566336631775 0.7891092896461487
vt 0.8594084978103638 0.5852072238922119
vt 0.8594646453857422 0.5822502374649048
vt 0.8709114789962769 0.5869596004486084
vt 0.8688738942146301 0.5891830921173096
vt 0.8812723755836487 0.601518452167511
vt 0.849745512008667 0.5892062783241272
vt 0.8477858304977417 0.5869807004928589
vt 0.8785315155982971 0.6028057932853699
vt 0.8881092667579651 0.6239900588989258
vt 0.8393899202346802 0.6028229594230652
vt 0.8366869688034058 0.6015324592590332
vt 0.8851596713066101 0.6246214509010315
vt 0.8900442123413086 0.650714635848999
vt 0.8316392302513123 0.6246281266212463
vt 0.8286963701248169 0.6239912509918213
vt 0.8870546817779541 0.650817334651947
vt 0.886727511882782 0.677435576915741
vt 0.8283883333206177 0.650817334651947
vt 0.8253782987594604 0.6507082581520081
vt 0.8838018178939819 0.6770092248916626
vt 0.8787336945533752 0.6998979449272156
vt 0.830280065536499 0.6770114898681641
vt 0.8273089528083801 0.6774300932884216
vt 0.8760465979576111 0.698814332485199
vt 0.8676292300224304 0.7144529223442078
vt 0.8369051218032837 0.6988261938095093
vt 0.8341391086578369 0.6999011635780334
vt 0.8656856417655945 0.7124293446540833
vt 0.8559404611587524 0.7191877961158752
vt 0.846559464931488 0.7124499082565308
vt 0.8444926738739014 0.7144637703895569
vt 0.8560226559638977 0.7164257168769836
vt 0.4451122581958771 0.14280229806900024
vt 0.4451681077480316 0.14575964212417603
vt 0.4334886372089386 0.14102917909622192
vt 0.43544891476631165 0.13880401849746704
vt 0.4223894774913788 0.12647736072540283
vt 0.45457693934440613 0.1388261914253235
vt 0.45661529898643494 0.14104962348937988
vt 0.4250930845737457 0.1251865029335022
vt 0.4143984019756317 0.10401809215545654
vt 0.464234322309494 0.12520349025726318
vt 0.46697622537612915 0.12649106979370117
vt 0.4173417389392853 0.10338157415390015
vt 0.4110824167728424 0.07730066776275635
vt 0.4708626866340637 0.10338783264160156
vt 0.4738122820854187 0.1040194034576416
vt 0.41409173607826233 0.07719159126281738
vt 0.41301342844963074 0.0505790114402771
vt 0.47275716066360474 0.07719200849533081
vt 0.47574764490127563 0.07729470729827881
vt 0.41598400473594666 0.050998032093048096
vt 0.41984274983406067 0.028108298778533936
vt 0.46950584650039673 0.05099970102310181
vt 0.4724305272102356 0.05057346820831299
vt 0.4226086437702179 0.029182910919189453
vt 0.4301954209804535 0.013545572757720947
vt 0.461749404668808 0.02919447422027588
vt 0.4644365608692169 0.02811121940612793
vt 0.43226173520088196 0.015559196472167969
vt 0.44164320826530457 0.008821070194244385
vt 0.45138874650001526 0.01557934284210205
vt 0.45333173871040344 0.013556361198425293
vt 0.4417259395122528 0.011583447456359863
vt 0.9196924567222595 0.6244327425956726
vt 0.9197303652763367 0.6273800730705261
vt 0.9081149101257324 0.6226517558097839
vt 0.91008460521698 0.62043696641922
vt 0.8971497416496277 0.6081073880195618
vt 0.9291602969169617 0.6204590201377869
vt 0.9311806559562683 0.6226739287376404
vt 0.8998543620109558 0.6068270802497864
vt 0.889340877532959 0.5856603980064392
vt 0.938886821269989 0.6068449020385742
vt 0.9416170716285706 0.6081230640411377
vt 0.8922784924507141 0.5850347876548767
vt 0.8862217664718628 0.5589576363563538
vt 0.9456536173820496 0.5850412845611572
vt 0.9485946297645569 0.5856630206108093
vt 0.889224112033844 0.5588594079017639
vt 0.8883383274078369 0.5322505831718445
vt 0.9477301239967346 0.5588594079017639
vt 0.9507153630256653 0.5589532852172852
vt 0.8912973999977112 0.532680094242096
vt 0.8953079581260681 0.5097923874855042
vt 0.9446738362312317 0.5326822996139526
vt 0.947597086429596 0.5322474241256714
vt 0.8980587124824524 0.5108775496482849
vt 0.9057368636131287 0.49523818492889404
vt 0.9370933771133423 0.5108888745307922
vt 0.9397839307785034 0.5097966194152832
vt 0.9077833294868469 0.49726128578186035
vt 0.9171872138977051 0.4905168414115906
vt 0.9268578886985779 0.49728119373321533
vt 0.928812563419342 0.49524956941604614
vt 0.917249858379364 0.49328750371932983
vt 0.9240974187850952 0.6418454051017761
vt 0.9241352081298828 0.6388981938362122
vt 0.9355854988098145 0.6436043977737427
vt 0.9335651397705078 0.6458186507225037
vt 0.9460222721099854 0.6581552028656006
vt 0.9144895076751709 0.6458419561386108
vt 0.9125198125839233 0.6436263918876648
vt 0.9432916641235352 0.6594333052635193
vt 0.9529993534088135 0.680615246295929
vt 0.904259204864502 0.6594512462615967
vt 0.9015545845031738 0.6581708788871765
vt 0.9500596523284912 0.681237518787384
vt 0.9551199674606323 0.7073248624801636
vt 0.8966834545135498 0.681243896484375
vt 0.8937456607818604 0.6806178092956543
vt 0.9521349668502808 0.7074187994003296
vt 0.9520022869110107 0.7340313196182251
vt 0.8936291933059692 0.7074187994003296
vt 0.8906261920928955 0.707320511341095
vt 0.9490785598754883 0.7335964441299438
vt 0.9441884756088257 0.7564815282821655
vt 0.8957022428512573 0.733597993850708
vt 0.8927428722381592 0.7340273857116699
vt 0.9414981603622437 0.755389928817749
vt 0.9332174062728882 0.7710286378860474
vt 0.902463436126709 0.755400538444519
vt 0.8997129201889038 0.7564858198165894
vt 0.9312628507614136 0.7689969539642334
vt 0.9215919971466064 0.7757613658905029
vt 0.9121881723403931 0.7690168619155884
vt 0.9101419448852539 0.7710405588150024
vt 0.9216547012329102 0.7729905843734741
vt 0.3769860863685608 0.01047593355178833
vt 0.38772720098495483 0.01566183567047119
vt 0.36506837606430054 0.04506582021713257
vt 0.36507081985473633 0.00869441032409668
vt 0.39624303579330444 0.02372652292251587
vt 0.35315656661987305 0.010476291179656982
vt 0.40168070793151855 0.03387904167175293
vt 0.3424171209335327 0.015660464763641357
vt 0.40354597568511963 0.0451013445854187
vt 0.33390843868255615 0.023723125457763672
vt 0.4016660451889038 0.056317687034606934
vt 0.3284482955932617 0.03386431932449341
vt 0.3962175250053406 0.06645083427429199
vt 0.3265842795372009 0.045095741748809814
vt 0.38771504163742065 0.07451105117797852
vt 0.328463077545166 0.05631721019744873
vt 0.37697964906692505 0.07969611883163452
vt 0.3339129686355591 0.06645286083221436
vt 0.36506789922714233 0.08147883415222168
vt 0.3424181342124939 0.07451361417770386
vt 0.353155255317688 0.07969772815704346
vn -0.9247485995292664 -0.24097590148448944 -0.2945687472820282
vn -0.9683053493499756 -0.2497694194316864 -4.614603312802501e-05
vn -0.8815402984619141 0.47210875153541565 -2.313496679562377e-06
vn -0.8479213118553162 0.4786650538444519 -0.22783611714839935
vn -0.7949445843696594 -0.21494925022125244 -0.5673269629478455
vn -0.7477660775184631 0.4982001483440399 -0.43891069293022156
vn -0.5838432312011719 -0.17242760956287384 -0.7933447360992432
vn -0.5847969055175781 0.530203640460968 -0.6139191389083862
vn -0.3058716654777527 -0.11597441136837006 -0.9449828267097473
vn -0.3700504004955292 0.5728960037231445 -0.7313363552093506
vn 0.010820393450558186 -0.051006611436605453 -0.9986397624015808
vn -0.12531593441963196 0.6222667694091797 -0.7727095484733582
vn 0.32730981707572937 0.014610442332923412 -0.9448041319847107
vn 0.11904645711183548 0.67229163646698 -0.7306517362594604
vn 0.6047725677490234 0.07270616292953491 -0.793072521686554
vn 0.3328360915184021 0.7167214751243591 -0.6128054261207581
vn 0.8152950406074524 0.11713520437479019 -0.5670744180679321
vn 0.4946838319301605 0.7507697343826294 -0.4377588927745819
vn 0.9446797370910645 0.1445593535900116 -0.29441946744918823
vn 0.5939785838127136 0.7717693448066711 -0.22707197070121765
vn 0.9881168007850647 0.15370486676692963 -4.6674806071678177e-05
vn 0.6272619366645813 0.7788084149360657 6.93865877110511e-05
vn 0.9447477459907532 0.14430353045463562 0.29432663321495056
vn 0.594048023223877 0.7716817855834961 0.2271876037120819
vn 0.8154276013374329 0.11664282530546188 0.5669853091239929
vn 0.49481716752052307 0.7506275177001953 0.43785205483436584
vn 0.6049551367759705 0.07201706618070602 0.7929961681365967
vn 0.33298128843307495 0.7165452837944031 0.6129325032234192
vn 0.32751935720443726 0.013789313845336437 0.9447438716888428
vn 0.11914663016796112 0.6720636487007141 0.7308451533317566
vn 0.01102743111550808 -0.0518752783536911 0.998592734336853
vn -0.1252070963382721 0.6219655275344849 0.7729697227478027
vn -0.3056952655315399 -0.11679849773645401 0.9449383616447449
vn -0.36995238065719604 0.5726259350776672 0.7315974831581116
vn -0.5837100148200989 -0.17312125861644745 0.7932916283607483
vn -0.5847862362861633 0.5299780964851379 0.6141240000724792
vn -0.7948597073554993 -0.21544665098190308 0.5672573447227478
vn -0.7478191256523132 0.4980178773403168 0.43902701139450073
vn -0.9247083067893982 -0.24123471975326538 0.29448339343070984
vn -0.8479664325714111 0.47856971621513367 0.22786842286586761
vn -0.9683053493499756 -0.2497694343328476 -4.614603312802501e-05
vn -0.8815402984619141 0.47210875153541565 -2.313496679562377e-06
vn -0.30988609790802 0.4334580600261688 0.846217930316925
vn -0.164747953414917 -0.38024547696113586 0.9100942611694336
vn 0.391306608915329 -0.3289377987384796 0.8594644665718079
vn 0.3248901665210724 0.516299307346344 0.7923896908760071
vn -0.2726637125015259 0.8909420371055603 0.3631484806537628
vn 0.6592369675636292 -0.3693999946117401 0.65494304895401
vn 0.09412644058465958 0.9398370385169983 0.3283999562263489
vn 0.6655488610267639 0.5084865689277649 0.5463388562202454
vn 0.7627677321434021 -0.4034214913845062 0.5054072737693787
vn 0.311894029378891 0.935168445110321 0.16787545382976532
vn 0.8134191632270813 0.474744588136673 0.33610549569129944
vn 0.8158109784126282 -0.4240555465221405 0.3932294547557831
vn 0.4164964258670807 0.908858597278595 0.022511279210448265
vn 0.8894280791282654 0.4370100796222687 0.1339399814605713
vn 0.8429304361343384 -0.45064449310302734 0.2939181923866272
vn 0.47482219338417053 0.8691026568412781 -0.13858044147491455
vn 0.9231017231941223 0.3789086639881134 -0.06566180288791656
vn 0.8596916794776917 -0.4932921528816223 0.13263867795467377
vn 0.5007954835891724 0.8090172410011292 -0.30772554874420166
vn 0.9056479930877686 0.3022916615009308 -0.297357439994812
vn 0.7892929911613464 -0.5868833661079407 -0.1805116981267929
vn 0.4770655035972595 0.7398656010627747 -0.4743494987487793
vn 0.757350504398346 0.1766059547662735 -0.6286736130714417
vn 0.2853836715221405 -0.7880581617355347 -0.5454544425010681
vn 0.3623274862766266 0.6499893665313721 -0.6680064797401428
vn 0.25232210755348206 -0.02035876363515854 -0.9674291610717773
vn -0.3543749451637268 -0.8118096590042114 -0.46409428119659424
vn 0.11036098003387451 0.5494014024734497 -0.8282382488250732
vn -0.39111700654029846 -0.049631163477897644 -0.9190018177032471
vn -0.5951204299926758 -0.7737270593643188 -0.21720553934574127
vn -0.20741862058639526 0.5439035892486572 -0.8131091594696045
vn -0.7197028994560242 -0.013025146909058094 -0.694159984588623
vn -0.6670318841934204 -0.7417352199554443 -0.06998095661401749
vn -0.43160614371299744 0.5706848502159119 -0.6985950469970703
vn -0.8649797439575195 0.03158950433135033 -0.5008115172386169
vn -0.6954230070114136 -0.7183202505111694 0.020071592181921005
vn -0.552866518497467 0.6109299063682556 -0.5666597485542297
vn -0.9444112181663513 0.07652264088392258 -0.3197372257709503
vn -0.7095717191696167 -0.6926102042198181 0.1296112984418869
vn -0.630268931388855 0.6571729183197021 -0.4133822023868561
vn -0.9859209060668945 0.11640236526727676 -0.12004336714744568
vn -0.7100192904472351 -0.6370250582695007 0.3001194894313812
vn -0.6714032292366028 0.696506679058075 -0.25317221879959106
vn -0.9755845665931702 0.17940156161785126 0.12668810784816742
vn -0.6064640283584595 -0.5244141817092896 0.5976548194885254
vn -0.6657583713531494 0.7419259548187256 -0.07944577187299728
vn -0.8201099038124084 0.28536006808280945 0.495973140001297
vn -0.164747953414917 -0.38024550676345825 0.9100942611694336
vn -0.5673804879188538 0.8076837062835693 0.160394549369812
vn -0.30988609790802 0.43345800042152405 0.846217930316925
vn -0.2726637125015259 0.8909420371055603 0.3631484806537628
vn 0.9437847137451172 -0.3263978660106659 0.052295614033937454
vn 0.8033052682876587 -0.32827210426330566 -0.49692869186401367
vn 0.6979215741157532 0.5045966506004333 -0.5082202553749084
vn 0.2943050265312195 0.914701521396637 -0.2769579291343689
vn 0.36520275473594666 0.9285416603088379 0.06661365181207657
vn 0.852062463760376 0.5150855183601379 0.09314796328544617
vn 0.8427358269691467 -0.39286506175994873 0.36803996562957764
vn 0.29058220982551575 0.9041681885719299 0.3131164014339447
vn 0.7455474734306335 0.4630124270915985 0.479352205991745
vn 0.7517707347869873 -0.4317678213119507 0.4984147548675537
vn 0.17080070078372955 0.8619254231452942 0.4774010181427002
vn 0.5973961353302002 0.4094124138355255 0.6895646452903748
vn 0.6923701763153076 -0.45481404662132263 0.5601497292518616
vn 0.023071086034178734 0.7938057780265808 0.6077336668968201
vn 0.44135570526123047 0.34581616520881653 0.8280195593833923
vn 0.6221570372581482 -0.48986539244651794 0.610698401927948
vn -0.1352308690547943 0.7067611813545227 0.6944071650505066
vn 0.2704107463359833 0.26666784286499023 0.925076425075531
vn 0.470956027507782 -0.564608097076416 0.6778039336204529
vn -0.29996904730796814 0.6153205633163452 0.7289713621139526
vn 0.045935388654470444 0.1657305657863617 0.9851006865501404
vn -0.5237740278244019 0.505143940448761 0.6859229803085327
vn -0.33220767974853516 0.017377551645040512 0.9430462121963501
vn 0.12329433113336563 -0.7085190415382385 0.6948375701904297
vn -0.789267361164093 0.4009695053100586 0.46505966782569885
vn -0.8187300562858582 -0.1366100311279297 0.5576907396316528
vn -0.3592897653579712 -0.8673244714736938 0.34446945786476135
vn -0.8884289264678955 0.4347454011440277 0.14727696776390076
vn -0.5199588537216187 -0.8189124464988708 -0.24295109510421753
vn -0.9940997958183289 -0.10264170914888382 -0.03507547453045845
vn -0.8593385815620422 0.5068341493606567 -0.06823789328336716
vn -0.40442439913749695 -0.7190672755241394 -0.5651399493217468
vn -0.9187360405921936 -0.012633985839784145 -0.3946700394153595
vn -0.7796575427055359 0.5860641598701477 -0.22059673070907593
vn -0.30095407366752625 -0.6564051508903503 -0.691779613494873
vn -0.8000155091285706 0.06991607695817947 -0.5958917737007141
vn -0.6488311290740967 0.6729717254638672 -0.35514405369758606
vn -0.22725296020507812 -0.6198562383651733 -0.7510887980461121
vn -0.6536357402801514 0.14962899684906006 -0.7418702840805054
vn -0.4756810665130615 0.7492729425430298 -0.4607793092727661
vn -0.1381925493478775 -0.5902051329612732 -0.795336902141571
vn -0.46491143107414246 0.22384954988956451 -0.8565914034843445
vn -0.27672749757766724 0.8090848326683044 -0.5184627771377563
vn 0.026391703635454178 -0.5385231971740723 -0.8421972990036011
vn -0.208567276597023 0.30183449387550354 -0.9302664399147034
vn -0.005700510460883379 0.8702966570854187 -0.49249497056007385
vn 0.3549118936061859 -0.42824670672416687 -0.8310489058494568
vn 0.19938693940639496 0.4114781320095062 -0.8893428444862366
vn 0.2943050265312195 0.914701521396637 -0.2769578993320465
vn 0.8033052682876587 -0.32827213406562805 -0.49692872166633606
vn 0.6979215145111084 0.5045966506004333 -0.5082201957702637
vn 0.3083430826663971 -0.35704681277275085 0.8817268013954163
vn 0.7809739112854004 -0.2730654180049896 0.5617073774337769
vn 0.6177555918693542 0.5945578217506409 0.5146639943122864
vn 0.16470907628536224 0.942517876625061 0.29074227809906006
vn -0.259286105632782 0.9571207761764526 -0.12919196486473083
vn -0.017209738492965698 0.818579912185669 0.574134886264801
vn -0.01437591016292572 -0.4786824882030487 0.8778703808784485
vn -0.2532742917537689 0.9550039172172546 -0.15433654189109802
vn -0.3364279568195343 0.7586430907249451 0.5579219460487366
vn -0.16540628671646118 -0.538480281829834 0.8262443542480469
vn -0.25077369809150696 0.9521536231040955 -0.1746884137392044
vn -0.5048686861991882 0.71895831823349 0.47770965099334717
vn -0.24307729303836823 -0.5680946707725525 0.7862455248832703
vn -0.6503636240959167 0.7177867293357849 0.2486148625612259
vn -0.6956263184547424 0.20937658846378326 0.6872157454490662
vn -0.3063332140445709 -0.6088077425956726 0.7317876219749451
vn -0.8029521703720093 0.584831178188324 0.1150669977068901
vn -0.8340675830841064 0.1061374619603157 0.5413558483123779
vn -0.4026884138584137 -0.6851145625114441 0.6070091724395752
vn -0.8768687844276428 0.4794023633003235 -0.03570040687918663
vn -0.9411501884460449 -0.010055660270154476 0.3378390073776245
vn -0.8900036215782166 0.3838786482810974 -0.24603024125099182
vn -0.9902855753898621 -0.13749252259731293 -0.020745305344462395
vn -0.4966452121734619 -0.8183520436286926 0.28921186923980713
vn -0.7798910140991211 0.3237070143222809 -0.5357087850570679
vn -0.7877140641212463 -0.21840736269950867 -0.5760249495506287
vn -0.30562180280685425 -0.9149450063705444 -0.26357370615005493
vn -0.5290194749832153 0.4080108404159546 -0.7440871000289917
vn 0.16669633984565735 -0.7794146537780762 -0.6039248704910278
vn -0.3123272657394409 -0.09945040196180344 -0.9447546601295471
vn -0.30329251289367676 0.5227925777435303 -0.7966816425323486
vn 0.5074833631515503 -0.6283218264579773 -0.5896374583244324
vn 0.0678582563996315 0.052496761083602905 -0.9963129162788391
vn -0.14040526747703552 0.6366122961044312 -0.7582948803901672
vn 0.6568741202354431 -0.5456940531730652 -0.5203214287757874
vn 0.2931099832057953 0.1819382905960083 -0.9386079907417297
vn 0.020675895735621452 0.7443751692771912 -0.6674415469169617
vn 0.7230584621429443 -0.5019656419754028 -0.4745703935623169
vn 0.4700494110584259 0.28335490822792053 -0.8359208106994629
vn 0.17164894938468933 0.8255399465560913 -0.5376062989234924
vn 0.7772939205169678 -0.4751949906349182 -0.41231539845466614
vn 0.6255163550376892 0.36128056049346924 -0.6915242075920105
vn 0.2784977853298187 0.8846961855888367 -0.37383386492729187
vn 0.8601977229118347 -0.4205920398235321 -0.2883787155151367
vn 0.7575705051422119 0.439929723739624 -0.4822331964969635
vn 0.3377281427383423 0.9314586520195007 -0.13536816835403442
vn 0.9471001625061035 -0.3205973207950592 0.01478694286197424
vn 0.8413794040679932 0.5302300453186035 -0.10457928478717804
vn 0.16470907628536224 0.942517876625061 0.29074227809906006
vn 0.7809738516807556 -0.2730654180049896 0.5617073774337769
vn 0.6177555918693542 0.5945578217506409 0.5146639943122864
vn -0.6591248512268066 -0.5450875163078308 -0.51810622215271
vn -0.8445490598678589 -0.5354777574539185 0.0006995105068199337
vn -0.9562861919403076 0.2924317419528961 -0.00064391567138955
vn -0.582676351070404 0.81270432472229 -0.00017788539116736501
vn -0.44843438267707825 0.8272096514701843 -0.338571697473526
vn -0.7492209076881409 0.301922470331192 -0.5895004868507385
vn -0.39045000076293945 -0.5793864727020264 -0.715444028377533
vn -0.22950057685375214 0.830316960811615 -0.5078418254852295
vn -0.42572706937789917 0.29410025477409363 -0.8557227849960327
vn -0.222405806183815 -0.594323456287384 -0.7728617191314697
vn -0.03502790257334709 0.8223705291748047 -0.5678730607032776
vn -0.16819588840007782 0.285336971282959 -0.9435533881187439
vn -0.11660903692245483 -0.599743127822876 -0.7916504740715027
vn 0.1586737483739853 0.8024095296859741 -0.5752926468849182
vn 0.05430678650736809 0.27213266491889954 -0.9607260823249817
vn -0.010255225002765656 -0.6151397824287415 -0.7883513569831848
vn 0.3401127755641937 0.7625727653503418 -0.5502781867980957
vn 0.26632073521614075 0.24255920946598053 -0.9328656792640686
vn 0.16762679815292358 -0.6411057114601135 -0.7489224076271057
vn 0.5037194490432739 0.7156481742858887 -0.48385384678840637
vn 0.49942734837532043 0.20021314918994904 -0.8429039716720581
vn 0.6721389293670654 0.6690508723258972 -0.31717541813850403
vn 0.7957640290260315 0.15952818095684052 -0.5842178463935852
vn 0.46988558769226074 -0.6831108331680298 -0.5590771436691284
vn 0.7784445881843567 0.6277133226394653 0.00011465022544143721
vn 0.9935973286628723 0.11297941952943802 0.0001448785187676549
vn 0.6801233291625977 -0.7330968379974365 -0.001163154374808073
vn 0.6728997826576233 0.6687099933624268 0.31627967953681946
vn 0.47041669487953186 -0.6821244955062866 0.5598341822624207
vn 0.7962064743041992 0.1591731458902359 0.5837116241455078
vn 0.5026622414588928 0.7159201502799988 0.4845503270626068
vn 0.16764265298843384 -0.6406104564666748 0.7493425011634827
vn 0.49857470393180847 0.20010651648044586 0.8434338569641113
vn 0.339979350566864 0.7625198364257812 0.5504340529441833
vn -0.010458185337483883 -0.6149802803993225 0.7884731888771057
vn 0.26660799980163574 0.24278588593006134 0.93272465467453
vn 0.1590486317873001 0.8024055361747742 0.5751947164535522
vn -0.11637812107801437 -0.5997047424316406 0.791713535785675
vn 0.05446782335639 0.2721899449825287 0.9607007503509521
vn -0.03548051044344902 0.822453498840332 0.5677247643470764
vn -0.22271479666233063 -0.5942936539649963 0.7727956771850586
vn -0.1683475822210312 0.2855212986469269 0.9434705376625061
vn -0.22949841618537903 0.8304556012153625 0.5076160430908203
vn -0.3905443847179413 -0.5799874663352966 0.714905321598053
vn -0.42549848556518555 0.29452043771743774 0.8556920289993286
vn -0.44763708114624023 0.8275824189186096 0.33871591091156006
vn -0.6584151983261108 -0.5467841625213623 0.5172199606895447
vn -0.7487614750862122 0.3024251461029053 0.5898265838623047
vn -0.582676351070404 0.81270432472229 -0.00017788539116736501
vn -0.8445491194725037 -0.5354777574539185 0.0006995105068199337
vn -0.9562861919403076 0.29243171215057373 -0.0006439156131818891
vn 0.26483649015426636 -0.4602522552013397 -0.847366213798523
vn -0.3005167841911316 -0.482736736536026 -0.8225904703140259
vn -0.39005082845687866 0.356690913438797 -0.8489004969596863
vn -0.27434486150741577 0.845120906829834 -0.45880886912345886
vn 0.10536781698465347 0.8764618039131165 -0.4698003828525543
vn 0.24986915290355682 0.3994331955909729 -0.8820536136627197
vn 0.5563722252845764 -0.4930533170700073 -0.6688410639762878
vn 0.34505265951156616 0.8765362501144409 -0.33559346199035645
vn 0.6202042698860168 0.3901725113391876 -0.6805233955383301
vn 0.6736633777618408 -0.5099206566810608 -0.5349379181861877
vn 0.4747166931629181 0.8611422181129456 -0.18187397718429565
vn 0.7963349223136902 0.37130972743034363 -0.47747233510017395
vn 0.7291082739830017 -0.5201556086540222 -0.44479134678840637
vn 0.5580200552940369 0.8298045992851257 -0.006166169885545969
vn 0.8960118889808655 0.34435930848121643 -0.2803201973438263
vn 0.7632112503051758 -0.5424287915229797 -0.3511120080947876
vn 0.6075564622879028 0.7765424847602844 0.16690395772457123
vn 0.9513364434242249 0.2971540093421936 -0.0816001370549202
vn 0.7914921045303345 -0.5821365714073181 -0.1861645132303238
vn 0.6122491955757141 0.7172257900238037 0.332773357629776
vn 0.9598895907402039 0.23611296713352203 0.15120434761047363
vn 0.5336146354675293 0.6527943015098572 0.5376942157745361
vn 0.8477456569671631 0.15526406466960907 0.5071690082550049
vn 0.7348470687866211 -0.6613736748695374 0.15028207004070282
vn 0.27179190516471863 0.5845416784286499 0.7644868493080139
vn 0.3758515417575836 0.04777148365974426 0.9254477620124817
vn 0.2960137724876404 -0.7721900343894958 0.5622263550758362
vn -0.09444359689950943 0.6037236452102661 0.7915796041488647
vn -0.32598841190338135 -0.7545461058616638 0.5695540904998779
vn -0.27660128474235535 0.054850637912750244 0.9594181180000305
vn -0.3193730413913727 0.6452767848968506 0.6939876079559326
vn -0.6157576441764832 -0.7047232389450073 0.3524312973022461
vn -0.6330001354217529 0.09637434035539627 0.7681294083595276
vn -0.4375113248825073 0.6932781338691711 0.5726685523986816
vn -0.710602343082428 -0.6706723570823669 0.212704136967659
vn -0.7922729253768921 0.14534436166286469 0.5926032662391663
vn -0.5267397165298462 0.7378451228141785 0.42205438017845154
vn -0.7469910383224487 -0.6511529684066772 0.13418006896972656
vn -0.8882281184196472 0.1823919415473938 0.42164450883865356
vn -0.591983437538147 0.767422616481781 0.24620755016803741
vn -0.7674921154975891 -0.6392723917961121 0.04781969264149666
vn -0.951597273349762 0.2081167846918106 0.22616378962993622
vn -0.6096796989440918 0.7909250855445862 0.05223284289240837
vn -0.7811508178710938 -0.6135232448577881 -0.11572659015655518
vn -0.9703541398048401 0.2399664670228958 -0.028792817145586014
vn -0.5414136052131653 0.8165532350540161 -0.2002801150083542
vn -0.7100198268890381 -0.5507952570915222 -0.43874409794807434
vn -0.8588220477104187 0.2923539876937866 -0.4206588566303253
vn -0.27434486150741577 0.845120906829834 -0.45880886912345886
vn -0.300516813993454 -0.482736736536026 -0.8225904107093811
vn -0.39005082845687866 0.3566908836364746 -0.8489004373550415
vn 0.4608599841594696 0.10493618994951248 -0.8812471032142639
vn 0.4566173553466797 0.30699530243873596 -0.8350176811218262
vn 0.6517531871795654 0.022409707307815552 -0.7580999732017517
vn 0.5960323810577393 0.43107953667640686 -0.6774333119392395
vn 0.5802693963050842 -0.22333554923534393 -0.7832040786743164
vn 0.35470083355903625 -0.10693970322608948 -0.9288440346717834
vn 0.7801783680915833 0.197593092918396 -0.5935307741165161
vn 0.7747851610183716 0.5649604797363281 -0.2837740480899811
vn 0.778432309627533 -0.19663096964359283 -0.5961371064186096
vn 0.36366909742355347 -0.4288562536239624 -0.8269383907318115
vn 0.19908076524734497 -0.19964294135570526 -0.9594319462776184
vn 0.648216187953949 -0.4898228049278259 -0.5830004215240479
vn 0.08321411162614822 -0.4781011939048767 -0.8743538856506348
vn 0.08295674622058868 -0.22258229553699493 -0.9713780879974365
vn 0.3600321114063263 -0.6943283081054688 -0.6231253147125244
vn -0.13557517528533936 -0.42765912413597107 -0.8937153220176697
vn 0.024190036579966545 -0.17262156307697296 -0.9846911430358887
vn -0.007578167133033276 -0.7268146872520447 -0.6867918968200684
vn -0.26999619603157043 -0.32357242703437805 -0.9068643450737
vn -0.03989354148507118 0.021387090906500816 -0.9989750981330872
vn -0.3341829180717468 -0.6128301024436951 -0.7160733938217163
vn 0.34276339411735535 -0.8694243431091309 -0.3558294177055359
vn -0.37086936831474304 -0.12830184400081635 -0.9197796583175659
vn -0.07796677947044373 -0.9150702953338623 -0.39568620920181274
vn -0.5341808795928955 -0.44149503111839294 -0.7209250330924988
vn -0.4837552011013031 -0.7577106356620789 -0.4380131661891937
vn -0.4717356562614441 0.2824767827987671 -0.8352679014205933
vn -0.15077507495880127 0.43464913964271545 -0.8878890872001648
vn -0.6515981554985046 -0.23565125465393066 -0.7210328578948975
vn -0.26033151149749756 0.7456684708595276 -0.613356351852417
vn -0.7184796333312988 -0.5220677256584167 -0.45960021018981934
vn -0.41210708022117615 0.706807017326355 -0.5749709606170654
vn -0.5448287129402161 -0.8281967639923096 -0.1313462257385254
vn -0.3387398421764374 0.8922443389892578 -0.2985890209674835
vn -0.2800601124763489 0.9008731245994568 -0.331653356552124
vn -0.5649438500404358 0.6397209167480469 -0.5211483836174011
vn -0.26914528012275696 0.9571443200111389 -0.10693744570016861
vn -0.2691326141357422 0.9572141766548157 -0.10634219646453857
vn -0.39005613327026367 0.870116114616394 -0.30125439167022705
vn -0.25601789355278015 0.9583204984664917 -0.12679387629032135
vn -0.17750194668769836 0.9839121103286743 -0.020250611007213593
vn -0.1611872911453247 0.9868273735046387 -0.013797004707157612
vn -0.18682646751403809 0.9816045761108398 -0.03934908285737038
vn -0.24950066208839417 0.9539469480514526 0.16653726994991302
vn -0.15587478876113892 0.9751152396202087 0.15764957666397095
vn -0.3336394131183624 0.9331602454185486 0.1337786465883255
vn -0.3462497889995575 0.8040070533752441 0.48340845108032227
vn -0.1213756799697876 0.8680896162986755 0.4813401997089386
vn -0.13597506284713745 0.4495101273059845 0.8828654885292053
vn -0.5111278891563416 0.7534079551696777 0.41367247700691223
vn -0.45039212703704834 0.37072819471359253 0.8122238516807556
vn -0.7028716802597046 0.2881145477294922 0.65035480260849
vn -0.4081708788871765 -0.08188306540250778 0.9092258810997009
vn -0.07617735117673874 0.005866455379873514 0.9970771074295044
vn -0.008236061781644821 -0.13998961448669434 0.9901187419891357
vn -0.6559302806854248 0.699042558670044 0.28477177023887634
vn -0.32865604758262634 -0.28417447209358215 0.9006831049919128
vn 0.06433689594268799 -0.15807245671749115 0.9853293299674988
vn -0.6744895577430725 -0.17775212228298187 0.716566801071167
vn -0.17568765580654144 -0.40396735072135925 0.8977439403533936
vn 0.16499511897563934 -0.10820618271827698 0.9803407788276672
vn -0.573677122592926 -0.4092140197753906 0.7095339894294739
vn -0.8803693056106567 0.20851877331733704 0.42599284648895264
vn -0.8502199649810791 -0.2542659342288971 0.46095001697540283
vn 0.05511363968253136 -0.451750248670578 0.8904404640197754
vn 0.30790773034095764 -0.023163437843322754 0.951134204864502
vn -0.3631861209869385 -0.6093661189079285 0.7048182487487793
vn -0.7350097298622131 -0.5088562369346619 0.44813627004623413
vn 0.3486921787261963 -0.4000241756439209 0.8475815653800964
vn -0.021779946982860565 -0.7181756496429443 0.6955208778381348
vn 0.5781416296958923 -0.22380730509757996 0.7846417427062988
vn 0.4276784062385559 0.1450936198234558 0.8922102451324463
vn 0.35217300057411194 -0.6719566583633423 0.6514970660209656
vn 0.5767282843589783 0.13638542592525482 0.8054710030555725
vn -0.07676821202039719 -0.8981861472129822 0.4328606426715851
vn 0.6448438167572021 -0.49892377853393555 0.5790091753005981
vn -0.4841807782649994 -0.7599546909332275 0.43363332748413086
vn 0.3318640887737274 -0.8463472723960876 0.41660842299461365
vn -0.5380707383155823 -0.8284825682640076 0.1552305370569229
vn -0.10896864533424377 -0.9791590571403503 0.1713869720697403
vn 0.6621474027633667 -0.6635890007019043 0.34815287590026855
vn -0.8114619851112366 -0.5663875341415405 0.14399555325508118
vn 0.31654199957847595 -0.9331989884376526 0.1701202541589737
vn -0.9393798112869263 -0.30731067061424255 0.15207131206989288
vn -0.806862473487854 -0.5676154494285583 -0.16366325318813324
vn -0.11065207421779633 -0.9898198246955872 -0.08951470255851746
vn 0.322332501411438 -0.9431536197662354 -0.0810122862458229
vn 0.6581962704658508 -0.7405185103416443 0.13568365573883057
vn 0.6635666489601135 -0.7424908876419067 -0.09157884865999222
vn 0.6693689227104187 -0.6615615487098694 -0.33805564045906067
vn 0.8835315108299255 -0.4518663287162781 -0.12324339151382446
vn 0.8548851609230042 -0.3465263545513153 -0.38612279295921326
vn 0.8899089097976685 -0.4544193744659424 0.039562538266181946
vn 0.8940824270248413 0.032331641763448715 -0.4467340111732483
vn 0.9630956053733826 -0.07384099811315536 -0.2588329315185547
vn 0.8754746317863464 0.41789302229881287 -0.2427131086587906
vn 0.8408024311065674 0.4753267765045166 0.259067177772522
vn 0.9321165680885315 0.31574395298957825 -0.17738211154937744
vn 0.9195172190666199 0.3406011760234833 0.1961607038974762
vn 0.7184095978736877 0.2903480529785156 0.6321279406547546
vn 0.9684014320373535 0.23240210115909576 -0.09048694372177124
vn 0.8648497462272644 0.08480308204889297 0.4948165714740753
vn 0.9631722569465637 0.2440968155860901 0.11276496201753616
vn 0.7455382347106934 -0.12350630760192871 0.6549190282821655
vn 0.9493999481201172 -0.04496078938245773 0.31083473563194275
vn 0.8376623392105103 -0.3016694188117981 0.45532116293907166
vn 0.9924911260604858 0.1137145534157753 0.045060526579618454
vn 0.9821656346321106 -0.13903670012950897 0.12656797468662262
vn 0.8772647976875305 -0.43496236205101013 0.2030128389596939
vn 0.9901006817817688 -0.13762426376342773 0.027572931721806526
vn 0.999502956867218 0.023883741348981857 0.020577140152454376
vn 0.9865503907203674 -0.14828084409236908 -0.06878311187028885
vn 0.9937179088592529 0.11125518381595612 -0.012128706090152264
vn -0.7390740513801575 0.16919471323490143 -0.6520296931266785
vn -0.8385232090950012 -0.2922327518463135 -0.45986834168434143
vn -0.9327894449234009 -0.3166031837463379 -0.1722392737865448
vn -0.9023116827011108 0.12182135879993439 -0.4135133624076843
vn -0.9808606505393982 0.1201544851064682 -0.15321661531925201
vn -0.7275819182395935 0.6036940217018127 -0.32584986090660095
vn -0.9768586158752441 0.1518295556306839 0.1506490260362625
vn -0.7851145267486572 0.611311674118042 -0.09946523606777191
vn -0.7525591850280762 0.6479987502098083 0.11727017909288406
vn -0.4788206219673157 0.8713448643684387 -0.10718684643507004
vn -0.44754528999328613 0.8685768842697144 -0.2127850353717804
vn -0.4132591485977173 0.9076324105262756 0.07362321764230728
vn -0.22023606300354004 0.9675242900848389 -0.1240682601928711
vn -0.2117641419172287 0.9751560091972351 -0.06501322984695435
vn -0.4646525979042053 0.8854671716690063 -0.006774634122848511
vn -0.23031897842884064 0.9695436358451843 -0.08329684287309647
vn -0.22879372537136078 0.9680470824241638 -0.10265634953975677
vn -0.01897761970758438 0.8358854055404663 -0.5485758781433105
vn -0.26033151149749756 0.7456685304641724 -0.613356351852417
vn -0.28006014227867126 0.9008731245994568 -0.331653356552124
vn -0.15077507495880127 0.43464913964271545 -0.8878890872001648
vn -0.15257979929447174 0.9436326622962952 -0.29372915625572205
vn -0.2691326141357422 0.9572141766548157 -0.10634219646453857
vn 0.13725106418132782 0.5551171898841858 -0.8203701376914978
vn -0.2399066537618637 0.9665777087211609 -0.09040182828903198
vn -0.1611872911453247 0.9868273735046387 -0.013797004707157612
vn 0.1359032839536667 0.8955243825912476 -0.4237527847290039
vn -0.05410762131214142 0.9721932411193848 -0.2278435081243515
vn -0.13259615004062653 0.9911080002784729 -0.011100485920906067
vn -0.15587478876113892 0.9751152396202087 0.15764957666397095
vn -0.19014307856559753 0.9795681834220886 -0.06551189720630646
vn -0.06609600782394409 0.990169882774353 0.1232679933309555
vn -0.1213756799697876 0.8680896162986755 0.4813401997089386
vn -0.1188177689909935 0.9928526282310486 -0.01122875977307558
vn 0.008270402438938618 0.9914498925209045 -0.1302257776260376
vn -0.14317438006401062 0.9892241954803467 -0.030603110790252686
vn 0.24025551974773407 0.9334325194358826 -0.2664227783679962
vn 0.03678658977150917 0.997880220413208 -0.05368269979953766
vn 0.6391857266426086 0.651329517364502 -0.4089149534702301
vn 0.3368639349937439 0.9364612102508545 -0.09779123216867447
vn 0.4058648645877838 0.6268990635871887 -0.665034830570221
vn -0.08939901739358902 0.9958981871604919 -0.013950024731457233
vn 0.2955322265625 0.1518581658601761 -0.9431859850883484
vn -0.039893537759780884 0.021387087181210518 -0.9989750385284424
vn -0.1024666279554367 0.9946751594543457 -0.011044815182685852
vn -0.11079186201095581 0.9936568140983582 -0.019269268959760666
vn 0.028273774310946465 0.9995704293251038 0.007715973537415266
vn 0.0013816972495988011 0.999206006526947 0.039818208664655685
vn -0.008526183664798737 0.9971693158149719 0.07470379024744034
vn 0.26897111535072327 0.9485781788825989 0.1668955236673355
vn 0.08132422715425491 0.9109077453613281 0.4045163094997406
vn 0.22951920330524445 0.9363206624984741 0.26575279235839844
vn 0.19345317780971527 0.516541063785553 0.8341230154037476
vn -0.13597506284713745 0.4495101571083069 0.8828654885292053
vn 0.4781026542186737 0.5596818923950195 0.6768856048583984
vn 0.7142609357833862 0.5776296257972717 0.39519044756889343
vn 0.34379616379737854 0.9369431734085083 0.0627836287021637
vn 0.7969819903373718 0.594237744808197 0.10817209631204605
vn 0.7710447311401367 0.6302667260169983 -0.0908513143658638
vn 0.9842650294303894 0.17160074412822723 -0.042137645184993744
vn 0.8932256102561951 0.22190114855766296 -0.3910346031188965
vn 0.9793034195899963 0.11991237848997116 0.16305187344551086
vn 0.625816822052002 0.22800227999687195 -0.7459010481834412
vn 0.9945599436759949 0.1004403829574585 -0.027609560638666153
vn 0.6795892119407654 0.08024125546216965 -0.7291913032531738
vn 0.919624924659729 0.10224694758653641 -0.3792566955089569
vn 0.835008442401886 0.4400290548801422 -0.3303564786911011
vn 0.35469627380371094 -0.014454135671257973 -0.9348698854446411
vn 0.024190036579966545 -0.17262156307697296 -0.9846911430358887
vn 0.08295673131942749 -0.22258228063583374 -0.9713780879974365
vn 0.6460180878639221 0.3068799078464508 -0.6989173293113708
vn 0.35459744930267334 0.03351385518908501 -0.934418261051178
vn 0.19908076524734497 -0.19964291155338287 -0.9594319462776184
vn 0.3304889500141144 0.1503584384918213 -0.9317561388015747
vn 0.35470083355903625 -0.10693969577550888 -0.9288440346717834
vn 0.44002944231033325 0.5578959584236145 -0.703652024269104
vn 0.31287941336631775 0.29214608669281006 -0.9037461876869202
vn 0.4608599841594696 0.10493618994951248 -0.8812471032142639
vn 0.4782635569572449 0.8138957023620605 -0.32990562915802
vn 0.21464455127716064 0.7000718116760254 -0.6810486316680908
vn 0.27900126576423645 0.46793678402900696 -0.8385663032531738
vn 0.4566173553466797 0.30699530243873596 -0.8350176811218262
vn 0.10767457634210587 0.9345229268074036 -0.33922436833381653
vn 0.0556989349424839 0.7847317457199097 -0.617327868938446
vn 0.21718792617321014 0.5908488631248474 -0.77699875831604
vn 0.3710046112537384 0.6694580316543579 -0.6435694694519043
vn 0.5960323810577393 0.43107953667640686 -0.6774333119392395
vn -0.010522580705583096 0.8070115447044373 -0.5904420018196106
vn 0.6449199914932251 0.7167048454284668 -0.2653534710407257
vn 0.7747851610183716 0.5649604201316833 -0.2837740480899811
vn 0.16141939163208008 0.8570960760116577 -0.4892139136791229
vn 0.5090408325195312 0.8396176695823669 -0.18952494859695435
vn 0.7013760209083557 0.6536063551902771 0.2843773066997528
vn 0.8408024311065674 0.47532668709754944 0.2590671479701996
vn 0.5394176840782166 0.8064290881156921 0.24228231608867645
vn 0.4861397445201874 0.5555314421653748 0.6745761632919312
vn 0.7184095978736877 0.29034802317619324 0.6321279406547546
vn 0.23569150269031525 0.781801164150238 0.5772664546966553
vn 0.33173322677612305 0.439696341753006 0.8346378207206726
vn 0.5767282843589783 0.13638541102409363 0.8054710030555725
vn 0.05658448487520218 0.7096996903419495 0.7022282481193542
vn 0.22115419805049896 0.49493762850761414 0.8403139710426331
vn 0.4276784062385559 0.1450936198234558 0.8922102451324463
vn 0.30790773034095764 -0.023163437843322754 0.951134204864502
vn 0.23166151344776154 0.41331395506858826 0.8806273341178894
vn 0.16499513387680054 -0.10820619016885757 0.9803407788276672
vn 1.4469511370407417e-05 0.7772006988525391 0.6292528510093689
vn 0.2817859947681427 0.30117061734199524 0.9109845757484436
vn 0.06433689594268799 -0.15807244181632996 0.9853293299674988
vn 0.12633049488067627 0.758353590965271 0.6394845843315125
vn -0.14133666455745697 0.9156036376953125 0.3764227032661438
vn 0.3579323887825012 0.13549377024173737 0.9238646030426025
vn -0.00823606364428997 -0.13998964428901672 0.9901187419891357
vn 0.3724907338619232 0.6443968415260315 0.6678348183631897
vn 0.3559240698814392 -0.021952779963612556 0.9342569708824158
vn -0.07617735117673874 0.005866455379873514 0.9970770478248596
vn 0.6198611259460449 0.3888114392757416 0.6816142201423645
vn 0.28917670249938965 0.0698842853307724 0.9547214508056641
vn 0.647871732711792 0.0752377063035965 0.7580248117446899
vn 0.7098886966705322 0.036928799003362656 0.7033450603485107
vn 0.8869326710700989 0.06441274285316467 0.457385390996933
vn 0.891012966632843 0.04528556019067764 0.4517136216163635
vn 0.7804089188575745 0.4729371666908264 0.40901392698287964
vn 0.9780615568161011 0.06993355602025986 0.19622667133808136
vn 0.4292776584625244 0.8202136754989624 0.3781139850616455
vn 0.8628175854682922 0.4678965210914612 0.19136007130146027
vn 0.8903272151947021 0.45528265833854675 0.00593475392088294
vn 0.48584306240081787 0.8738383054733276 -0.019055040553212166
vn 0.4604221284389496 0.8687033653259277 0.1826637238264084
vn 0.061250776052474976 0.9968813061714172 -0.04976021870970726
vn 0.05017859861254692 0.983843982219696 0.17185205221176147
vn 0.06633385270833969 0.92300945520401 0.37901628017425537
vn -0.1218862533569336 0.9468327760696411 -0.2977440357208252
vn -0.19424162805080414 0.9800058007240295 -0.043115075677633286
vn -0.1969178318977356 0.9681141376495361 0.15484949946403503
vn -0.18559271097183228 0.9274386167526245 -0.32467374205589294
vn 0.003609005594626069 0.9667432904243469 -0.2557232975959778
vn -0.266715407371521 0.9619598388671875 -0.059128038585186005
vn -0.07296416908502579 0.996547281742096 -0.03962085023522377
vn 0.3761691749095917 0.9232693910598755 -0.0779128149151802
vn 0.23745566606521606 0.9713953733444214 0.00243372586555779
vn -0.25840890407562256 0.9435443878173828 0.20724104344844818
vn -0.05318055674433708 0.985491931438446 0.16117560863494873
vn 0.2942430078983307 0.9526851773262024 0.07623729854822159
vn 0.39907729625701904 0.902168333530426 0.16379742324352264
vn 0.04787700995802879 0.9216155409812927 0.38513970375061035
vn -0.1503974348306656 0.8654460310935974 0.47789517045021057
vn 0.38183996081352234 -0.9089622497558594 -0.1672900766134262
vn 0.8033052682876587 -0.3282720744609833 -0.4969286620616913
vn 0.9437847137451172 -0.3263978362083435 0.052295614033937454
vn 0.4332764446735382 -0.9011619091033936 -0.013372690416872501
vn 0.8427358269691467 -0.39286506175994873 0.36803996562957764
vn 0.2662694454193115 -0.9277862906455994 -0.26136818528175354
vn 0.3549118936061859 -0.42824670672416687 -0.8310489058494568
vn 0.4168234169483185 -0.9078002572059631 0.0464436337351799
vn 0.7517707943916321 -0.4317678213119507 0.4984147846698761
vn 0.2137681096792221 -0.9423978924751282 -0.25727298855781555
vn 0.026391705498099327 -0.5385233163833618 -0.8421972393989563
vn 0.44046512246131897 -0.8971698880195618 0.032812099903821945
vn 0.6923701763153076 -0.454814076423645 0.5601497292518616
vn 0.23065228760242462 -0.9341210126876831 -0.27242887020111084
vn -0.1381925642490387 -0.5902050733566284 -0.795336902141571
vn 0.49759629368782043 -0.8673444986343384 -0.01055932231247425
vn 0.6221570372581482 -0.48986539244651794 0.610698401927948
vn 0.28568413853645325 -0.9059174656867981 -0.3125670254230499
vn -0.2272529900074005 -0.6198562383651733 -0.7510888576507568
vn 0.547406017780304 -0.8355804681777954 -0.04638861119747162
vn 0.4709559977054596 -0.564608097076416 0.6778039336204529
vn 0.3329383134841919 -0.8756971955299377 -0.34972360730171204
vn -0.30095404386520386 -0.6564051508903503 -0.691779613494873
vn 0.5554068088531494 -0.8300067782402039 -0.05110960081219673
vn 0.12329431623220444 -0.7085191011428833 0.6948375105857849
vn 0.34246137738227844 -0.8698065876960754 -0.35518547892570496
vn -0.40442439913749695 -0.7190672755241394 -0.5651399493217468
vn 0.5002387762069702 -0.8649675846099854 -0.039903223514556885
vn -0.3592897355556488 -0.8673244714736938 0.34446942806243896
vn 0.3218693733215332 -0.8998665809631348 -0.2943471670150757
vn -0.5199588537216187 -0.8189125061035156 -0.24295109510421753
vn 0.3750579357147217 -0.9173789620399475 -0.13321931660175323
vn -0.6520569324493408 0.6787053346633911 0.33790674805641174
vn -0.789267361164093 0.4009695053100586 0.46505969762802124
vn -0.5237740874290466 0.505143940448761 0.6859230399131775
vn -0.5602977871894836 0.7314339280128479 0.3886783719062805
vn -0.29996898770332336 0.6153205037117004 0.7289714217185974
vn -0.6594323515892029 0.7105808258056641 0.2454056292772293
vn -0.8884289264678955 0.4347453713417053 0.14727698266506195
vn -0.4756584167480469 0.7852879166603088 0.39632299542427063
vn -0.1352308839559555 0.7067613005638123 0.694407045841217
vn -0.6362830996513367 0.7520585656166077 0.1719062179327011
vn -0.8593385815620422 0.506834089756012 -0.06823789328336716
vn -0.3907047510147095 0.8451514840126038 0.3647860586643219
vn 0.023071087896823883 0.793805718421936 0.6077337265014648
vn -0.5801168084144592 0.8085966110229492 0.09816360473632812
vn -0.7796575427055359 0.5860641598701477 -0.22059674561023712
vn -0.28360554575920105 0.9118878841400146 0.2966959774494171
vn 0.17080070078372955 0.8619254231452942 0.4774010181427002
vn -0.48299193382263184 0.8755332827568054 0.012662860564887524
vn -0.6488311290740967 0.6729717254638672 -0.35514405369758606
vn -0.1748068630695343 0.9623854160308838 0.207983136177063
vn 0.29058220982551575 0.9041681885719299 0.3131164014339447
vn -0.36361435055732727 0.9294044971466064 -0.06318159401416779
vn -0.4756811261177063 0.749272882938385 -0.4607793986797333
vn -0.09449441730976105 0.9879486560821533 0.12259005755186081
vn 0.36520275473594666 0.9285416603088379 0.06661365181207657
vn -0.25475990772247314 0.9611755013465881 -0.10601425915956497
vn -0.27672746777534485 0.8090847730636597 -0.5184627175331116
vn -0.04900282993912697 0.9981869459152222 0.034950658679008484
vn 0.29430505633354187 0.914701521396637 -0.2769578993320465
vn -0.14511823654174805 0.9836896061897278 -0.10628024488687515
vn -0.005700510926544666 0.8702965974807739 -0.49249503016471863
vn -0.03472928702831268 0.9972488880157471 -0.06548765301704407
vn 0.3774401545524597 -0.8922601342201233 0.24781197309494019
vn 0.7809739112854004 -0.2730654180049896 0.5617073774337769
vn 0.3083430826663971 -0.35704681277275085 0.8817268013954163
vn 0.2576615512371063 -0.9050645232200623 0.3383324146270752
vn -0.01437591016292572 -0.4786824882030487 0.8778703808784485
vn 0.43768230080604553 -0.8931787014007568 0.10327649116516113
vn 0.9471001625061035 -0.3205973207950592 0.01478694286197424
vn 0.2114451676607132 -0.9214799404144287 0.3258308172225952
vn -0.16540628671646118 -0.538480281829834 0.8262443542480469
vn 0.41781461238861084 -0.9070833325386047 0.051291316747665405
vn 0.8601977229118347 -0.4205920398235321 -0.2883787155151367
vn 0.23451222479343414 -0.9106224179267883 0.3402513265609741
vn -0.24307729303836823 -0.5680946111679077 0.7862455248832703
vn 0.4387721121311188 -0.8957909941673279 0.07097560912370682
vn 0.777293860912323 -0.4751950204372406 -0.41231536865234375
vn 0.2960546910762787 -0.872955322265625 0.38768625259399414
vn -0.3063332140445709 -0.6088077425956726 0.7317876219749451
vn 0.5017375946044922 -0.8570322394371033 0.1172829270362854
vn 0.7230584025382996 -0.5019656419754028 -0.4745703637599945
vn 0.3535756766796112 -0.8288306593894958 0.43361735343933105
vn -0.4026884138584137 -0.6851146221160889 0.6070091724395752
vn 0.559321939945221 -0.8124723434448242 0.16446177661418915
vn 0.6568741202354431 -0.5456940531730652 -0.5203214287757874
vn 0.3678681552410126 -0.813102662563324 0.4511509835720062
vn -0.4966452121734619 -0.8183520436286926 0.28921186923980713
vn 0.580192506313324 -0.7967433333396912 0.1690465807914734
vn 0.5074833631515503 -0.6283218860626221 -0.5896374583244324
vn 0.3505672514438629 -0.8469259738922119 0.39977383613586426
vn -0.30562180280685425 -0.9149449467658997 -0.26357370615005493
vn 0.53616863489151 -0.8294851183891296 0.15645326673984528
vn 0.16669633984565735 -0.7794145345687866 -0.6039249300956726
vn 0.4205038249492645 -0.8705571889877319 0.255551815032959
vn -0.6635813117027283 0.6091614961624146 -0.43426045775413513
vn -0.7798909544944763 0.3237069845199585 -0.5357087850570679
vn -0.8900036215782166 0.3838786482810974 -0.24603024125099182
vn -0.675369918346405 0.6493082642555237 -0.3496773838996887
vn -0.8768687844276428 0.4794023633003235 -0.03570041060447693
vn -0.5776342749595642 0.6582410931587219 -0.48276010155677795
vn -0.5290194153785706 0.4080108106136322 -0.7440871596336365
vn -0.6535509824752808 0.7042661309242249 -0.2772732079029083
vn -0.8029521703720093 0.5848311185836792 0.11506698280572891
vn -0.4895473122596741 0.7207301259040833 -0.4908069968223572
vn -0.30329251289367676 0.5227925777435303 -0.7966816425323486
vn -0.5979108810424805 0.7756015658378601 -0.20234845578670502
vn -0.6503636240959167 0.7177867293357849 0.24861489236354828
vn -0.40293681621551514 0.792946457862854 -0.4570314884185791
vn -0.14040528237819672 0.6366123557090759 -0.7582948803901672
vn -0.45688220858573914 0.8851938843727112 -0.08769447356462479
vn -0.25077369809150696 0.9521536231040955 -0.1746884435415268
vn -0.2971304953098297 0.878524661064148 -0.37404271960258484
vn 0.020675895735621452 0.7443751692771912 -0.6674415469169617
vn -0.35159188508987427 0.9361457824707031 0.0037883168552070856
vn -0.2532743215560913 0.9550038576126099 -0.15433655679225922
vn -0.20968863368034363 0.9382221698760986 -0.27526336908340454
vn 0.17164894938468933 0.8255399465560913 -0.5376061797142029
vn -0.29605647921562195 0.9543750286102295 0.03897314518690109
vn -0.25928613543510437 0.9571207761764526 -0.12919194996356964
vn -0.14918603003025055 0.971320629119873 -0.18514810502529144
vn 0.2784978151321411 0.8846961259841919 -0.37383389472961426
vn -0.28714418411254883 0.9557350873947144 0.06417740881443024
vn 0.16470909118652344 0.942517876625061 0.29074230790138245
vn -0.16010542213916779 0.9809287786483765 -0.11020418256521225
vn 0.3377281427383423 0.9314586520195007 -0.13536816835403442
vn -0.2573888599872589 0.9658621549606323 0.029347991570830345
vn -0.20520955324172974 -0.9787143468856812 0.002705675084143877
vn -0.8445490598678589 -0.5354778170585632 0.0006995105650275946
vn -0.6591248512268066 -0.5450875163078308 -0.51810622215271
vn -0.1712024062871933 -0.9752293825149536 -0.1400621086359024
vn -0.39045000076293945 -0.5793864727020264 -0.715444028377533
vn -0.17361490428447723 -0.9748302102088928 0.1398710161447525
vn -0.6584151983261108 -0.5467842221260071 0.5172199010848999
vn -0.12497241050004959 -0.9780530333518982 -0.1667160540819168
vn -0.2224058359861374 -0.594323456287384 -0.7728617191314697
vn -0.12587082386016846 -0.9779008030891418 0.16693276166915894
vn -0.3905443251132965 -0.5799874067306519 0.7149054408073425
vn -0.13820745050907135 -0.9761984348297119 -0.1671389639377594
vn -0.11660903692245483 -0.5997431874275208 -0.7916504740715027
vn -0.13861806690692902 -0.9761612415313721 0.16701598465442657
vn -0.22271479666233063 -0.5942937135696411 0.7727956771850586
vn -0.19578979909420013 -0.9659538269042969 -0.16911424696445465
vn -0.010255225002765656 -0.6151397824287415 -0.7883513569831848
vn -0.1955440491437912 -0.9660280346870422 0.1689746379852295
vn -0.11637810617685318 -0.5997047424316406 0.791713535785675
vn -0.24957872927188873 -0.9534005522727966 -0.16952253878116608
vn 0.16762679815292358 -0.6411057710647583 -0.7489224076271057
vn -0.24992366135120392 -0.9533308744430542 0.16940616071224213
vn -0.010458182543516159 -0.6149802803993225 0.7884731292724609
vn -0.2573651969432831 -0.9508407711982727 -0.17223554849624634
vn 0.46988552808761597 -0.6831108927726746 -0.5590771436691284
vn -0.25818461179733276 -0.9506804943084717 0.17189352214336395
vn 0.16764265298843384 -0.6406104564666748 0.7493425011634827
vn -0.20662793517112732 -0.9670900702476501 -0.1484643667936325
vn 0.6801233291625977 -0.7330968379974365 -0.001163154374808073
vn -0.20863136649131775 -0.9666601419448853 0.14846265316009521
vn 0.47041675448417664 -0.6821244359016418 0.5598341822624207
vn -0.16635766625404358 -0.9860624670982361 -0.0024359007366001606
vn 0.5347304940223694 0.8450222015380859 -0.000880558043718338
vn 0.7784446477890015 0.6277133226394653 0.00011465023271739483
vn 0.6721389889717102 0.6690508127212524 -0.3171754479408264
vn 0.47703808546066284 0.8744661808013916 -0.08799763023853302
vn 0.5037193894386292 0.7156481742858887 -0.48385384678840637
vn 0.47657135128974915 0.8747500777244568 0.08770471811294556
vn 0.6728997826576233 0.6687099933624268 0.31627967953681946
vn 0.40133246779441833 0.9052998423576355 -0.13915635645389557
vn 0.34011274576187134 0.7625728249549866 -0.5502782464027405
vn 0.4009609818458557 0.9054875373840332 0.13900594413280487
vn 0.5026622414588928 0.7159202098846436 0.4845503270626068
vn 0.31234732270240784 0.9361411333084106 -0.16148996353149414
vn 0.1586737483739853 0.8024095892906189 -0.5752925872802734
vn 0.3120257556438446 0.9362190365791321 0.16165977716445923
vn 0.3399793803691864 0.7625197768211365 0.5504340529441833
vn 0.19386984407901764 0.9666570425033569 -0.1672983318567276
vn -0.03502790257334709 0.8223705291748047 -0.5678730607032776
vn 0.19411039352416992 0.9665849208831787 0.16743597388267517
vn 0.15904861688613892 0.8024054765701294 0.5751947164535522
vn 0.06884791702032089 0.9840909838676453 -0.163782998919487
vn -0.22950057685375214 0.830316960811615 -0.5078418254852295
vn 0.06852912157773972 0.9840982556343079 0.16387329995632172
vn -0.03548051416873932 0.8224535584449768 0.5677247643470764
vn -0.03513212129473686 0.9892491698265076 -0.14195750653743744
vn -0.44843438267707825 0.8272096514701843 -0.3385717570781708
vn -0.03641233965754509 0.9892904758453369 0.14134547114372253
vn -0.22949841618537903 0.8304556012153625 0.5076160430908203
vn -0.12981607019901276 0.9879331588745117 -0.08447389304637909
vn -0.582676351070404 0.8127042651176453 -0.00017788539116736501
vn -0.10623052716255188 0.9923344254493713 0.06314650177955627
vn -0.44763708114624023 0.8275824189186096 0.33871591091156006
vn -0.1805606186389923 0.9835537672042847 0.004451890010386705
vn -0.026354115456342697 -0.9616009593009949 -0.2731834948062897
vn -0.3005167543888092 -0.4827367067337036 -0.8225904703140259
vn 0.26483651995658875 -0.4602523148059845 -0.847366213798523
vn 0.1205558106303215 -0.9500836133956909 -0.28776293992996216
vn 0.5563722848892212 -0.4930533170700073 -0.6688411235809326
vn -0.14372137188911438 -0.9731427431106567 -0.17982591688632965
vn -0.7100198864936829 -0.5507952570915222 -0.4387441873550415
vn 0.16471949219703674 -0.9541370868682861 -0.24997983872890472
vn 0.6736633777618408 -0.5099207162857056 -0.5349379777908325
vn -0.15181304514408112 -0.9812263250350952 -0.11894417554140091
vn -0.7811508178710938 -0.6135232448577881 -0.11572659015655518
vn 0.16081036627292633 -0.9511975049972534 -0.26336923241615295
vn 0.7291082143783569 -0.520155668258667 -0.44479143619537354
vn -0.15934385359287262 -0.9781478643417358 -0.1335528939962387
vn -0.7674921154975891 -0.6392723917961121 0.04781969264149666
vn 0.13815297186374664 -0.9377148151397705 -0.3187551498413086
vn 0.7632112503051758 -0.5424288511276245 -0.3511120080947876
vn -0.18448087573051453 -0.9640090465545654 -0.19145089387893677
vn -0.746990978717804 -0.6511529684066772 0.13418008387088776
vn 0.11560569703578949 -0.9217013120651245 -0.3702729046344757
vn 0.7914921641349792 -0.5821365714073181 -0.18616454303264618
vn -0.20806492865085602 -0.9467280507087708 -0.24579472839832306
vn -0.710602343082428 -0.6706723570823669 0.212704136967659
vn 0.11272639036178589 -0.918307363986969 -0.3794790208339691
vn 0.7348470687866211 -0.6613736748695374 0.15028207004070282
vn -0.21491621434688568 -0.9429383873939514 -0.25431907176971436
vn -0.6157576441764832 -0.7047231793403625 0.3524313271045685
vn 0.10777988284826279 -0.9408596754074097 -0.3211956024169922
vn 0.296013742685318 -0.7721899747848511 0.5622263550758362
vn -0.17430460453033447 -0.960966944694519 -0.21485000848770142
vn -0.32598841190338135 -0.7545461058616638 0.5695540308952332
vn -0.012720908969640732 -0.9746523499488831 -0.2233630269765854
vn 0.16519199311733246 0.8216142654418945 0.5455838441848755
vn 0.27179190516471863 0.5845417380332947 0.7644868493080139
vn 0.5336146354675293 0.6527943015098572 0.5376942157745361
vn 0.2289932668209076 0.8553048372268677 0.46477508544921875
vn 0.6122491359710693 0.7172257900238037 0.3327733874320984
vn 0.048272810876369476 0.8425512313842773 0.5364486575126648
vn -0.09444358199834824 0.6037235260009766 0.7915796041488647
vn 0.24138957262039185 0.8897234201431274 0.38745760917663574
vn 0.6075564026832581 0.7765425443649292 0.16690394282341003
vn -0.029836921021342278 0.8709582090377808 0.49045035243034363
vn -0.3193730413913727 0.6452767848968506 0.6939876079559326
vn 0.22443796694278717 0.9265702366828918 0.301819771528244
vn 0.5580201148986816 0.829804539680481 -0.006166170351207256
vn -0.08373485505580902 0.9034566879272461 0.42042189836502075
vn -0.4375113248825073 0.6932781934738159 0.5726684927940369
vn 0.18291768431663513 0.9645164608955383 0.19039198756217957
vn 0.4747166931629181 0.8611422181129456 -0.18187399208545685
vn -0.13632090389728546 0.9388612508773804 0.31615856289863586
vn -0.5267397165298462 0.7378451824188232 0.42205435037612915
vn 0.12923823297023773 0.9888086915016174 0.07453108578920364
vn 0.3450526297092438 0.8765362501144409 -0.33559343218803406
vn -0.18289268016815186 0.9627635478973389 0.19908949732780457
vn -0.591983437538147 0.7674226760864258 0.246207594871521
vn 0.06831485778093338 0.9975873231887817 -0.012353603728115559
vn 0.10536783188581467 0.8764618039131165 -0.4698003828525543
vn -0.20468898117542267 0.974084734916687 0.09623578190803528
vn -0.6096796989440918 0.7909250855445862 0.052232835441827774
vn -0.018397444859147072 0.997085690498352 -0.07403865456581116
vn -0.27434489130973816 0.845120906829834 -0.4588088393211365
vn -0.19477702677249908 0.9808463454246521 -0.0015349577879533172
vn -0.5414135456085205 0.8165532350540161 -0.20028012990951538
vn -0.1352580189704895 0.9862551093101501 -0.09490080177783966
vn 0.06827569752931595 -0.9052259922027588 0.41940948367118835
vn -0.1647479385137558 -0.38024550676345825 0.9100942015647888
vn -0.6064640283584595 -0.5244141817092896 0.5976547002792358
vn -0.05915060266852379 -0.9416763782501221 0.3312806785106659
vn -0.7100192904472351 -0.6370250582695007 0.30011945962905884
vn 0.22025728225708008 -0.8866689801216125 0.40657714009284973
vn 0.391306608915329 -0.3289377987384796 0.8594644069671631
vn -0.06712201237678528 -0.9599652886390686 0.2719583511352539
vn -0.7095716595649719 -0.6926102638244629 0.1296113133430481
vn 0.2608034312725067 -0.8967445492744446 0.35753437876701355
vn 0.6592369675636292 -0.36939993500709534 0.65494304895401
vn -0.06396376341581345 -0.9623329043388367 0.26424238085746765
vn -0.6954230070114136 -0.7183202505111694 0.020071594044566154
vn 0.26397132873535156 -0.8994191288948059 0.34837400913238525
vn 0.7627677321434021 -0.4034214913845062 0.5054072737693787
vn -0.07276228815317154 -0.9523760676383972 0.2961173951625824
vn -0.66703200340271 -0.7417352199554443 -0.06998095661401749
vn 0.2533208429813385 -0.890801191329956 0.3772292733192444
vn 0.815811038017273 -0.4240555167198181 0.3932294249534607
vn -0.09251398593187332 -0.9345720410346985 0.3435351550579071
vn -0.595120370388031 -0.7737270593643188 -0.21720550954341888
vn 0.24026943743228912 -0.8727874159812927 0.4248679578304291
vn 0.8429304957389832 -0.4506444036960602 0.2939181923866272
vn -0.1101931780576706 -0.9281845092773438 0.35543081164360046
vn -0.3543749153614044 -0.8118097186088562 -0.46409428119659424
vn 0.2446693331003189 -0.8625258207321167 0.44292914867401123
vn 0.8596916794776917 -0.4932921528816223 0.13263866305351257
vn -0.10098312795162201 -0.9433156251907349 0.3161616027355194
vn 0.2853837013244629 -0.7880581021308899 -0.5454544425010681
vn 0.2565842866897583 -0.8748142719268799 0.4109312891960144
vn 0.7892929911613464 -0.5868833661079407 -0.18051166832447052
vn 0.09172570705413818 -0.95034259557724 0.29738083481788635
vn 0.01498289592564106 0.7707028388977051 -0.6370185613632202
vn 0.11036097258329391 0.5494013428688049 -0.8282382488250732
vn -0.20741862058639526 0.5439035296440125 -0.8131091594696045
vn -0.052691709250211716 0.7922932505607605 -0.6078609824180603
vn -0.43160611391067505 0.5706848502159119 -0.6985949873924255
vn 0.05545158311724663 0.8149529099464417 -0.5768681168556213
vn 0.36232754588127136 0.6499893665313721 -0.6680064797401428
vn -0.14815443754196167 0.8201761245727539 -0.5525951981544495
vn -0.552866518497467 0.6109299063682556 -0.5666597485542297
vn 0.09589732438325882 0.8652759194374084 -0.49203795194625854
vn 0.4770655035972595 0.7398656010627747 -0.4743494987487793
vn -0.20650696754455566 0.8547362089157104 -0.4762151539325714
vn -0.6302689909934998 0.6571729183197021 -0.4133822023868561
vn 0.09600275754928589 0.9105961918830872 -0.4019925892353058
vn 0.5007954835891724 0.8090173006057739 -0.30772557854652405
vn -0.2515603303909302 0.8921138048171997 -0.3753003478050232
vn -0.6714032888412476 0.6965066194534302 -0.2531721889972687
vn 0.0710994154214859 0.9528573751449585 -0.294970840215683
vn 0.4748222827911377 0.8691025972366333 -0.13858045637607574
vn -0.2771652340888977 0.9186769127845764 -0.2814466953277588
vn -0.6657583713531494 0.7419259548187256 -0.07944577187299728
vn 0.037008125334978104 0.9788022637367249 -0.20143607258796692
vn 0.4164964258670807 0.9088586568832397 0.022511275485157967
vn -0.2788882553577423 0.9386345744132996 -0.2029445320367813
vn -0.567380428314209 0.8076837062835693 0.160394549369812
vn -0.007416971027851105 0.9909992218017578 -0.1336621642112732
vn 0.311894029378891 0.935168445110321 0.16787542402744293
vn -0.2501697540283203 0.9617436528205872 -0.11164379864931107
vn -0.2726637125015259 0.8909420371055603 0.3631484806537628
vn -0.08414265513420105 0.9941933751106262 -0.06707904487848282
vn 0.09412644803524017 0.9398370385169983 0.3283999264240265
vn -0.18019382655620575 0.9827601909637451 -0.04138435050845146
vn -0.8479664325714111 0.4785696864128113 0.22786842286586761
vn -0.7478191256523132 0.49801790714263916 0.4390270411968231
vn -0.19649428129196167 0.9805049896240234 -5.078250615042634e-05
vn -0.8815403580665588 0.4721088111400604 -2.3134969069360523e-06
vn -0.5847862362861633 0.5299780964851379 0.6141240000724792
vn -0.8479213118553162 0.4786650240421295 -0.22783610224723816
vn -0.36995238065719604 0.5726259350776672 0.7315974831581116
vn -0.7477660179138184 0.4982001483440399 -0.43891069293022156
vn -0.1252070963382721 0.6219655275344849 0.7729697227478027
vn -0.5847969055175781 0.530203640460968 -0.6139191389083862
vn 0.11914663016796112 0.6720636487007141 0.7308451533317566
vn -0.3700504004955292 0.5728960037231445 -0.7313363552093506
vn 0.33298131823539734 0.7165453433990479 0.612932562828064
vn -0.12531593441963196 0.6222667694091797 -0.7727095484733582
vn 0.4948171377182007 0.7506275177001953 0.43785205483436584
vn 0.11904645711183548 0.67229163646698 -0.7306517362594604
vn 0.594048023223877 0.7716817855834961 0.2271876037120819
vn 0.3328360915184021 0.7167214751243591 -0.6128054261207581
vn 0.6272619366645813 0.7788084149360657 6.93865877110511e-05
vn 0.49468380212783813 0.7507696747779846 -0.4377588927745819
vn 0.5939785838127136 0.7717693448066711 -0.22707198560237885
f 2/2/2 3/3/3 1/1/1
f 4/4/4 1/1/1 3/3/3
f 1/1/1 4/4/4 5/5/5
f 6/6/6 5/5/5 4/4/4
f 5/5/5 6/6/6 7/7/7
f 8/8/8 7/7/7 6/6/6
f 7/7/7 8/8/8 9/9/9
f 10/10/10 9/9/9 8/8/8
f 9/9/9 10/10/10 11/11/11
f 12/12/12 11/11/11 10/10/10
f 11/11/11 12/12/12 13/13/13
f 14/14/14 13/13/13 12/12/12
f 13/13/13 14/14/14 15/15/15
f 16/16/16 15/15/15 14/14/14
f 15/15/15 16/16/16 17/17/17
f 18/18/18 17/17/17 16/16/16
f 17/17/17 18/18/18 19/19/19
f 20/20/20 19/19/19 18/18/18
f 19/19/19 20/20/20 21/21/21
f 22/22/22 21/21/21 20/20/20
f 21/21/21 22/22/22 23/23/23
f 24/24/24 23/23/23 22/22/22
f 23/23/23 24/24/24 25/25/25
f 26/26/26 25/25/25 24/24/24
f 25/25/25 26/26/26 27/27/27
f 28/28/28 27/27/27 26/26/26
f 27/27/27 28/28/28 29/29/29
f 30/30/30 29/29/29 28/28/28
f 29/29/29 30/30/30 31/31/31
f 32/32/32 31/31/31 30/30/30
f 31/31/31 32/32/32 33/33/33
f 34/34/34 33/33/33 32/32/32
f 33/33/33 34/34/34 35/35/35
f 36/36/36 35/35/35 34/34/34
f 35/35/35 36/36/36 37/37/37
f 38/38/38 37/37/37 36/36/36
f 37/37/37 38/38/38 39/39/39
f 40/40/40 39/39/39 38/38/38
f 39/39/39 40/40/40 41/41/41
f 42/42/42 41/41/41 40/40/40
f 44/44/44 45/45/45 43/43/43
f 46/46/46 43/43/43 45/45/45
f 43/43/43 46/46/46 47/47/47
f 45/45/45 48/48/48 46/46/46
f 49/49/49 47/47/47 46/46/46
f 50/50/50 46/46/46 48/48/48
f 46/46/46 50/50/50 49/49/49
f 48/48/48 51/51/51 50/50/50
f 52/52/52 49/49/49 50/50/50
f 53/53/53 50/50/50 51/51/51
f 50/50/50 53/53/53 52/52/52
f 51/51/51 54/54/54 53/53/53
f 55/55/55 52/52/52 53/53/53
f 56/56/56 53/53/53 54/54/54
f 53/53/53 56/56/56 55/55/55
f 54/54/54 57/57/57 56/56/56
f 58/58/58 55/55/55 56/56/56
f 59/59/59 56/56/56 57/57/57
f 56/56/56 59/59/59 58/58/58
f 57/57/57 60/60/60 59/59/59
f 61/61/61 58/58/58 59/59/59
f 62/62/62 59/59/59 60/60/60
f 59/59/59 62/62/62 61/61/61
f 60/60/60 63/63/63 62/62/62
f 64/64/64 61/61/61 62/62/62
f 65/65/65 62/62/62 63/63/63
f 62/62/62 65/65/65 64/64/64
f 63/63/63 66/66/66 65/65/65
f 67/67/67 64/64/64 65/65/65
f 68/68/68 65/65/65 66/66/66
f 65/65/65 68/68/68 67/67/67
f 66/66/66 69/69/69 68/68/68
f 70/70/70 67/67/67 68/68/68
f 71/71/71 68/68/68 69/69/69
f 68/68/68 71/71/71 70/70/70
f 69/69/69 72/72/72 71/71/71
f 73/73/73 70/70/70 71/71/71
f 74/74/74 71/71/71 72/72/72
f 71/71/71 74/74/74 73/73/73
f 72/72/72 75/75/75 74/74/74
f 76/76/76 73/73/73 74/74/74
f 77/77/77 74/74/74 75/75/75
f 74/74/74 77/77/77 76/76/76
f 75/75/75 78/78/78 77/77/77
f 79/79/79 76/76/76 77/77/77
f 80/80/80 77/77/77 78/78/78
f 77/77/77 80/80/80 79/79/79
f 78/78/78 81/81/81 80/80/80
f 82/82/82 79/79/79 80/80/80
f 83/83/83 80/80/80 81/81/81
f 80/80/80 83/83/83 82/82/82
f 81/81/81 84/84/84 83/83/83
f 85/85/85 82/82/82 83/83/83
f 86/86/86 83/83/83 84/84/84
f 83/83/83 86/86/86 85/85/85
f 84/84/84 87/87/87 86/86/86
f 88/88/88 85/85/85 86/86/86
f 89/89/89 86/86/86 87/87/87
f 86/86/86 89/89/89 88/88/88
f 87/87/87 90/90/90 89/89/89
f 91/91/91 88/88/88 89/89/89
f 92/92/92 89/89/89 90/90/90
f 89/89/89 92/92/92 91/91/91
f 93/93/93 91/91/91 92/92/92
f 95/95/95 96/96/96 94/94/94
f 97/97/97 98/98/98 96/96/96
f 99/99/99 94/94/94 96/96/96
f 99/99/99 96/96/96 98/98/98
f 94/94/94 99/99/99 100/100/100
f 98/98/98 101/101/101 99/99/99
f 102/102/102 100/100/100 99/99/99
f 102/102/102 99/99/99 101/101/101
f 100/100/100 102/102/102 103/103/103
f 101/101/101 104/104/104 102/102/102
f 105/105/105 103/103/103 102/102/102
f 105/105/105 102/102/102 104/104/104
f 103/103/103 105/105/105 106/106/106
f 104/104/104 107/107/107 105/105/105
f 108/108/108 106/106/106 105/105/105
f 108/108/108 105/105/105 107/107/107
f 106/106/106 108/108/108 109/109/109
f 107/107/107 110/110/110 108/108/108
f 111/111/111 109/109/109 108/108/108
f 111/111/111 108/108/108 110/110/110
f 109/109/109 111/111/111 112/112/112
f 110/110/110 113/113/113 111/111/111
f 114/114/114 111/111/111 113/113/113
f 114/114/114 112/112/112 111/111/111
f 113/113/113 115/115/115 114/114/114
f 114/114/114 116/116/116 112/112/112
f 116/116/116 114/114/114 115/115/115
f 117/117/117 112/112/112 116/116/116
f 115/115/115 118/118/118 116/116/116
f 116/116/116 119/119/119 117/117/117
f 119/119/119 116/116/116 118/118/118
f 120/120/120 117/117/117 119/119/119
f 118/118/118 121/121/121 119/119/119
f 120/120/120 119/119/119 122/122/122
f 123/123/123 119/119/119 121/121/121
f 123/123/123 122/122/122 119/119/119
f 121/121/121 124/124/124 123/123/123
f 122/122/122 123/123/123 125/125/125
f 126/126/126 123/123/123 124/124/124
f 126/126/126 125/125/125 123/123/123
f 124/124/124 127/127/127 126/126/126
f 125/125/125 126/126/126 128/128/128
f 129/129/129 126/126/126 127/127/127
f 129/129/129 128/128/128 126/126/126
f 127/127/127 130/130/130 129/129/129
f 128/128/128 129/129/129 131/131/131
f 132/132/132 129/129/129 130/130/130
f 132/132/132 131/131/131 129/129/129
f 130/130/130 133/133/133 132/132/132
f 131/131/131 132/132/132 134/134/134
f 135/135/135 132/132/132 133/133/133
f 135/135/135 134/134/134 132/132/132
f 133/133/133 136/136/136 135/135/135
f 134/134/134 135/135/135 137/137/137
f 138/138/138 135/135/135 136/136/136
f 138/138/138 137/137/137 135/135/135
f 136/136/136 139/139/139 138/138/138
f 137/137/137 138/138/138 140/140/140
f 141/141/141 138/138/138 139/139/139
f 141/141/141 140/140/140 138/138/138
f 139/139/139 142/142/142 141/141/141
f 140/140/140 141/141/141 143/143/143
f 144/144/144 141/141/141 142/142/142
f 144/144/144 143/143/143 141/141/141
f 146/146/146 147/147/147 145/145/145
f 148/148/148 149/149/149 147/147/147
f 150/150/150 145/145/145 147/147/147
f 150/150/150 147/147/147 149/149/149
f 145/145/145 150/150/150 151/151/151
f 149/149/149 152/152/152 150/150/150
f 153/153/153 151/151/151 150/150/150
f 153/153/153 150/150/150 152/152/152
f 151/151/151 153/153/153 154/154/154
f 152/152/152 155/155/155 153/153/153
f 156/156/156 154/154/154 153/153/153
f 156/156/156 153/153/153 155/155/155
f 154/154/154 156/156/156 157/157/157
f 155/155/155 158/158/158 156/156/156
f 159/159/159 157/157/157 156/156/156
f 159/159/159 156/156/156 158/158/158
f 157/157/157 159/159/159 160/160/160
f 158/158/158 161/161/161 159/159/159
f 162/162/162 160/160/160 159/159/159
f 162/162/162 159/159/159 161/161/161
f 160/160/160 162/162/162 163/163/163
f 161/161/161 164/164/164 162/162/162
f 165/165/165 162/162/162 164/164/164
f 165/165/165 163/163/163 162/162/162
f 164/164/164 166/166/166 165/165/165
f 165/165/165 167/167/167 163/163/163
f 167/167/167 165/165/165 166/166/166
f 168/168/168 163/163/163 167/167/167
f 166/166/166 169/169/169 167/167/167
f 167/167/167 170/170/170 168/168/168
f 170/170/170 167/167/167 169/169/169
f 171/171/171 168/168/168 170/170/170
f 169/169/169 172/172/172 170/170/170
f 171/171/171 170/170/170 173/173/173
f 174/174/174 170/170/170 172/172/172
f 174/174/174 173/173/173 170/170/170
f 172/172/172 175/175/175 174/174/174
f 173/173/173 174/174/174 176/176/176
f 177/177/177 174/174/174 175/175/175
f 177/177/177 176/176/176 174/174/174
f 175/175/175 178/178/178 177/177/177
f 176/176/176 177/177/177 179/179/179
f 180/180/180 177/177/177 178/178/178
f 180/180/180 179/179/179 177/177/177
f 178/178/178 181/181/181 180/180/180
f 179/179/179 180/180/180 182/182/182
f 183/183/183 180/180/180 181/181/181
f 183/183/183 182/182/182 180/180/180
f 181/181/181 184/184/184 183/183/183
f 182/182/182 183/183/183 185/185/185
f 186/186/186 183/183/183 184/184/184
f 186/186/186 185/185/185 183/183/183
f 184/184/184 187/187/187 186/186/186
f 185/185/185 186/186/186 188/188/188
f 189/189/189 186/186/186 187/187/187
f 189/189/189 188/188/188 186/186/186
f 187/187/187 190/190/190 189/189/189
f 188/188/188 189/189/189 191/191/191
f 192/192/192 189/189/189 190/190/190
f 192/192/192 191/191/191 189/189/189
f 190/190/190 193/193/193 192/192/192
f 191/191/191 192/192/192 194/194/194
f 195/195/195 192/192/192 193/193/193
f 195/195/195 194/194/194 192/192/192
f 197/197/197 198/198/198 196/196/196
f 199/199/199 200/200/200 198/198/198
f 201/201/201 196/196/196 198/198/198
f 201/201/201 198/198/198 200/200/200
f 196/196/196 201/201/201 202/202/202
f 200/200/200 203/203/203 201/201/201
f 204/204/204 202/202/202 201/201/201
f 204/204/204 201/201/201 203/203/203
f 202/202/202 204/204/204 205/205/205
f 203/203/203 206/206/206 204/204/204
f 207/207/207 205/205/205 204/204/204
f 207/207/207 204/204/204 206/206/206
f 205/205/205 207/207/207 208/208/208
f 206/206/206 209/209/209 207/207/207
f 210/210/210 208/208/208 207/207/207
f 210/210/210 207/207/207 209/209/209
f 208/208/208 210/210/210 211/211/211
f 209/209/209 212/212/212 210/210/210
f 213/213/213 211/211/211 210/210/210
f 213/213/213 210/210/210 212/212/212
f 211/211/211 213/213/213 214/214/214
f 212/212/212 215/215/215 213/213/213
f 216/216/216 213/213/213 215/215/215
f 216/216/216 214/214/214 213/213/213
f 215/215/215 217/217/217 216/216/216
f 216/216/216 218/218/218 214/214/214
f 218/218/218 216/216/216 217/217/217
f 219/219/219 214/214/214 218/218/218
f 217/217/217 220/220/220 218/218/218
f 218/218/218 221/221/221 219/219/219
f 221/221/221 218/218/218 220/220/220
f 222/222/222 219/219/219 221/221/221
f 220/220/220 223/223/223 221/221/221
f 222/222/222 221/221/221 224/224/224
f 225/225/225 221/221/221 223/223/223
f 225/225/225 224/224/224 221/221/221
f 223/223/223 226/226/226 225/225/225
f 224/224/224 225/225/225 227/227/227
f 228/228/228 225/225/225 226/226/226
f 228/228/228 227/227/227 225/225/225
f 226/226/226 229/229/229 228/228/228
f 227/227/227 228/228/228 230/230/230
f 231/231/231 228/228/228 229/229/229
f 231/231/231 230/230/230 228/228/228
f 229/229/229 232/232/232 231/231/231
f 230/230/230 231/231/231 233/233/233
f 234/234/234 231/231/231 232/232/232
f 234/234/234 233/233/233 231/231/231
f 232/232/232 235/235/235 234/234/234
f 233/233/233 234/234/234 236/236/236
f 237/237/237 234/234/234 235/235/235
f 237/237/237 236/236/236 234/234/234
f 235/235/235 238/238/238 237/237/237
f 236/236/236 237/237/237 239/239/239
f 240/240/240 237/237/237 238/238/238
f 240/240/240 239/239/239 237/237/237
f 238/238/238 241/241/241 240/240/240
f 239/239/239 240/240/240 242/242/242
f 243/243/243 240/240/240 241/241/241
f 243/243/243 242/242/242 240/240/240
f 241/241/241 244/244/244 243/243/243
f 242/242/242 243/243/243 245/245/245
f 246/246/246 243/243/243 244/244/244
f 246/246/246 245/245/245 243/243/243
f 248/248/248 249/249/249 247/247/247
f 250/250/250 251/251/251 249/249/249
f 252/252/252 247/247/247 249/249/249
f 252/252/252 249/249/249 251/251/251
f 247/247/247 252/252/252 253/253/253
f 251/251/251 254/254/254 252/252/252
f 255/255/255 253/253/253 252/252/252
f 255/255/255 252/252/252 254/254/254
f 253/253/253 255/255/255 256/256/256
f 254/254/254 257/257/257 255/255/255
f 258/258/258 256/256/256 255/255/255
f 258/258/258 255/255/255 257/257/257
f 256/256/256 258/258/258 259/259/259
f 257/257/257 260/260/260 258/258/258
f 261/261/261 259/259/259 258/258/258
f 261/261/261 258/258/258 260/260/260
f 259/259/259 261/261/261 262/262/262
f 260/260/260 263/263/263 261/261/261
f 264/264/264 262/262/262 261/261/261
f 264/264/264 261/261/261 263/263/263
f 262/262/262 264/264/264 265/265/265
f 263/263/263 266/266/266 264/264/264
f 267/267/267 264/264/264 266/266/266
f 267/267/267 265/265/265 264/264/264
f 266/266/266 268/268/268 267/267/267
f 267/267/267 269/269/269 265/265/265
f 269/269/269 267/267/267 268/268/268
f 270/270/270 265/265/265 269/269/269
f 268/268/268 271/271/271 269/269/269
f 269/269/269 272/272/272 270/270/270
f 272/272/272 269/269/269 271/271/271
f 273/273/273 270/270/270 272/272/272
f 271/271/271 274/274/274 272/272/272
f 273/273/273 272/272/272 275/275/275
f 276/276/276 272/272/272 274/274/274
f 276/276/276 275/275/275 272/272/272
f 274/274/274 277/277/277 276/276/276
f 275/275/275 276/276/276 278/278/278
f 279/279/279 276/276/276 277/277/277
f 279/279/279 278/278/278 276/276/276
f 277/277/277 280/280/280 279/279/279
f 278/278/278 279/279/279 281/281/281
f 282/282/282 279/279/279 280/280/280
f 282/282/282 281/281/281 279/279/279
f 280/280/280 283/283/283 282/282/282
f 281/281/281 282/282/282 284/284/284
f 285/285/285 282/282/282 283/283/283
f 285/285/285 284/284/284 282/282/282
f 283/283/283 286/286/286 285/285/285
f 284/284/284 285/285/285 287/287/287
f 288/288/288 285/285/285 286/286/286
f 288/288/288 287/287/287 285/285/285
f 286/286/286 289/289/289 288/288/288
f 287/287/287 288/288/288 290/290/290
f 291/291/291 288/288/288 289/289/289
f 291/291/291 290/290/290 288/288/288
f 289/289/289 292/292/292 291/291/291
f 290/290/290 291/291/291 293/293/293
f 294/294/294 291/291/291 292/292/292
f 294/294/294 293/293/293 291/291/291
f 292/292/292 295/295/295 294/294/294
f 293/293/293 294/294/294 296/296/296
f 297/297/297 294/294/294 295/295/295
f 297/297/297 296/296/296 294/294/294
f 299/299/299 300/300/300 298/298/298
f 299/299/299 301/301/301 300/300/300
f 302/302/302 298/298/298 300/300/300
f 298/298/298 302/302/302 303/303/303
f 304/304/304 300/300/300 301/301/301
f 301/301/301 305/305/305 304/304/304
f 300/300/300 306/306/306 302/302/302
f 300/300/300 304/304/304 306/306/306
f 307/307/307 303/303/303 302/302/302
f 303/303/303 307/307/307 308/308/308
f 309/309/309 302/302/302 306/306/306
f 302/302/302 309/309/309 307/307/307
f 310/310/310 308/308/308 307/307/307
f 308/308/308 310/310/310 311/311/311
f 312/312/312 307/307/307 309/309/309
f 307/307/307 312/312/312 310/310/310
f 313/313/313 311/311/311 310/310/310
f 311/311/311 313/313/313 314/314/314
f 315/315/315 310/310/310 312/312/312
f 310/310/310 315/315/315 313/313/313
f 316/316/316 314/314/314 313/313/313
f 314/314/314 316/316/316 317/317/317
f 318/318/318 313/313/313 315/315/315
f 313/313/313 318/318/318 316/316/316
f 312/312/312 319/319/319 315/315/315
f 320/320/320 317/317/317 316/316/316
f 315/315/315 321/321/321 318/318/318
f 321/321/321 315/315/315 319/319/319
f 322/322/322 316/316/316 318/318/318
f 316/316/316 322/322/322 320/320/320
f 323/323/323 318/318/318 321/321/321
f 318/318/318 323/323/323 322/322/322
f 320/320/320 324/324/324 317/317/317
f 325/325/325 317/317/317 324/324/324
f 326/326/326 320/320/320 322/322/322
f 320/320/320 326/326/326 324/324/324
f 325/325/325 324/324/324 327/327/327
f 322/322/322 328/328/328 326/326/326
f 328/328/328 322/322/322 323/323/323
f 329/329/329 327/327/327 324/324/324
f 323/323/323 330/330/330 328/328/328
f 329/329/329 331/331/331 327/327/327
f 332/332/332 327/327/327 331/331/331
f 329/329/329 324/324/324 333/333/333
f 331/331/331 334/334/334 332/332/332
f 335/335/335 332/332/332 334/334/334
f 331/331/331 329/329/329 336/336/336
f 333/333/333 336/336/336 329/329/329
f 334/334/334 331/331/331 337/337/337
f 336/336/336 337/337/337 331/331/331
f 334/334/334 338/338/338 335/335/335
f 339/339/339 335/335/335 338/338/338
f 337/337/337 340/340/340 334/334/334
f 338/338/338 334/334/334 340/340/340
f 338/338/338 341/341/341 339/339/339
f 342/342/342 339/339/339 341/341/341
f 340/340/340 343/343/343 338/338/338
f 341/341/341 338/338/338 343/343/343
f 341/341/341 344/344/344 342/342/342
f 345/345/345 342/342/342 344/344/344
f 345/345/345 344/344/344 346/346/346
f 343/343/343 347/347/347 341/341/341
f 344/344/344 341/341/341 347/347/347
f 348/348/348 346/346/346 344/344/344
f 347/347/347 349/349/349 344/344/344
f 348/348/348 344/344/344 349/349/349
f 348/348/348 350/350/350 346/346/346
f 348/348/348 349/349/349 350/350/350
f 351/351/351 346/346/346 350/350/350
f 351/351/351 350/350/350 352/352/352
f 347/347/347 353/353/353 349/349/349
f 347/347/347 343/343/343 353/353/353
f 354/354/354 352/352/352 350/350/350
f 352/352/352 354/354/354 355/355/355
f 356/356/356 350/350/350 349/349/349
f 350/350/350 356/356/356 354/354/354
f 357/357/357 355/355/355 354/354/354
f 355/355/355 357/357/357 358/358/358
f 359/359/359 354/354/354 356/356/356
f 354/354/354 359/359/359 357/357/357
f 349/349/349 360/360/360 356/356/356
f 360/360/360 349/349/349 353/353/353
f 356/356/356 361/361/361 359/359/359
f 361/361/361 356/356/356 360/360/360
f 362/362/362 358/358/358 357/357/357
f 358/358/358 362/362/362 363/363/363
f 364/364/364 357/357/357 359/359/359
f 357/357/357 364/364/364 362/362/362
f 365/365/365 359/359/359 361/361/361
f 359/359/359 365/365/365 364/364/364
f 366/366/366 363/363/363 362/362/362
f 367/367/367 362/362/362 364/364/364
f 366/366/366 368/368/368 363/363/363
f 369/369/369 363/363/363 368/368/368
f 366/366/366 362/362/362 370/370/370
f 367/367/367 370/370/370 362/362/362
f 366/366/366 370/370/370 368/368/368
f 369/369/369 368/368/368 371/371/371
f 367/367/367 372/372/372 370/370/370
f 367/367/367 364/364/364 372/372/372
f 373/373/373 368/368/368 370/370/370
f 374/374/374 372/372/372 364/364/364
f 374/374/374 364/364/364 365/365/365
f 375/375/375 370/370/370 372/372/372
f 370/370/370 375/375/375 373/373/373
f 374/374/374 376/376/376 372/372/372
f 374/374/374 365/365/365 376/376/376
f 372/372/372 377/377/377 375/375/375
f 377/377/377 372/372/372 376/376/376
f 378/378/378 373/373/373 375/375/375
f 379/379/379 376/376/376 365/365/365
f 380/380/380 375/375/375 377/377/377
f 375/375/375 380/380/380 378/378/378
f 379/379/379 365/365/365 381/381/381
f 361/361/361 381/381/381 365/365/365
f 379/379/379 382/382/382 376/376/376
f 379/379/379 381/381/381 382/382/382
f 376/376/376 330/330/330 377/377/377
f 330/330/330 376/376/376 382/382/382
f 383/383/383 377/377/377 330/330/330
f 377/377/377 383/383/383 380/380/380
f 330/330/330 323/323/323 383/383/383
f 321/321/321 383/383/383 323/323/323
f 382/382/382 328/328/328 330/330/330
f 383/383/383 321/321/321 384/384/384
f 384/384/384 380/380/380 383/383/383
f 319/319/319 384/384/384 321/321/321
f 380/380/380 384/384/384 385/385/385
f 385/385/385 378/378/378 380/380/380
f 384/384/384 319/319/319 386/386/386
f 386/386/386 385/385/385 384/384/384
f 387/387/387 386/386/386 319/319/319
f 319/319/319 312/312/312 387/387/387
f 309/309/309 387/387/387 312/312/312
f 386/386/386 387/387/387 388/388/388
f 386/386/386 388/388/388 385/385/385
f 387/387/387 309/309/309 389/389/389
f 389/389/389 388/388/388 387/387/387
f 306/306/306 389/389/389 309/309/309
f 390/390/390 385/385/385 388/388/388
f 306/306/306 391/391/391 389/389/389
f 391/391/391 306/306/306 304/304/304
f 389/389/389 392/392/392 388/388/388
f 392/392/392 389/389/389 391/391/391
f 304/304/304 393/393/393 391/391/391
f 393/393/393 304/304/304 305/305/305
f 305/305/305 394/394/394 393/393/393
f 395/395/395 391/391/391 393/393/393
f 391/391/391 395/395/395 392/392/392
f 396/396/396 393/393/393 394/394/394
f 393/393/393 396/396/396 395/395/395
f 394/394/394 397/397/397 396/396/396
f 398/398/398 392/392/392 395/395/395
f 399/399/399 396/396/396 397/397/397
f 397/397/397 371/371/371 399/399/399
f 400/400/400 395/395/395 396/396/396
f 396/396/396 399/399/399 400/400/400
f 395/395/395 400/400/400 398/398/398
f 401/401/401 399/399/399 371/371/371
f 401/401/401 371/371/371 368/368/368
f 368/368/368 373/373/373 401/401/401
f 402/402/402 400/400/400 399/399/399
f 399/399/399 401/401/401 402/402/402
f 403/403/403 401/401/401 373/373/373
f 403/403/403 402/402/402 401/401/401
f 373/373/373 378/378/378 403/403/403
f 400/400/400 402/402/402 404/404/404
f 404/404/404 398/398/398 400/400/400
f 402/402/402 403/403/403 405/405/405
f 405/405/405 404/404/404 402/402/402
f 406/406/406 403/403/403 378/378/378
f 406/406/406 405/405/405 403/403/403
f 378/378/378 385/385/385 406/406/406
f 390/390/390 406/406/406 385/385/385
f 390/390/390 407/407/407 406/406/406
f 405/405/405 406/406/406 407/407/407
f 390/390/390 388/388/388 407/407/407
f 407/407/407 408/408/408 405/405/405
f 404/404/404 405/405/405 408/408/408
f 409/409/409 407/407/407 388/388/388
f 407/407/407 409/409/409 408/408/408
f 409/409/409 388/388/388 392/392/392
f 392/392/392 398/398/398 409/409/409
f 408/408/408 410/410/410 404/404/404
f 410/410/410 408/408/408 409/409/409
f 398/398/398 404/404/404 410/410/410
f 410/410/410 409/409/409 398/398/398
f 411/411/411 324/324/324 326/326/326
f 411/411/411 333/333/333 324/324/324
f 326/326/326 412/412/412 411/411/411
f 412/412/412 326/326/326 328/328/328
f 328/328/328 382/382/382 412/412/412
f 413/413/413 412/412/412 382/382/382
f 413/413/413 382/382/382 381/381/381
f 414/414/414 411/411/411 412/412/412
f 413/413/413 415/415/415 412/412/412
f 414/414/414 412/412/412 415/415/415
f 413/413/413 381/381/381 415/415/415
f 414/414/414 416/416/416 411/411/411
f 414/414/414 415/415/415 416/416/416
f 333/333/333 411/411/411 416/416/416
f 417/417/417 415/415/415 381/381/381
f 381/381/381 361/361/361 417/417/417
f 360/360/360 417/417/417 361/361/361
f 415/415/415 417/417/417 418/418/418
f 418/418/418 416/416/416 415/415/415
f 417/417/417 360/360/360 419/419/419
f 419/419/419 418/418/418 417/417/417
f 353/353/353 419/419/419 360/360/360
f 418/418/418 420/420/420 416/416/416
f 418/418/418 419/419/419 420/420/420
f 416/416/416 421/421/421 333/333/333
f 421/421/421 416/416/416 420/420/420
f 336/336/336 333/333/333 421/421/421
f 353/353/353 422/422/422 419/419/419
f 422/422/422 353/353/353 343/343/343
f 343/343/343 340/340/340 422/422/422
f 421/421/421 423/423/423 336/336/336
f 337/337/337 336/336/336 423/423/423
f 340/340/340 337/337/337 424/424/424
f 424/424/424 422/422/422 340/340/340
f 423/423/423 424/424/424 337/337/337
f 425/425/425 419/419/419 422/422/422
f 422/422/422 424/424/424 425/425/425
f 425/425/425 420/420/420 419/419/419
f 424/424/424 423/423/423 426/426/426
f 426/426/426 425/425/425 424/424/424
f 427/427/427 426/426/426 423/423/423
f 426/426/426 427/427/427 425/425/425
f 423/423/423 421/421/421 427/427/427
f 420/420/420 425/425/425 427/427/427
f 420/420/420 427/427/427 421/421/421
f 429/429/429 430/430/430 428/428/428
f 429/429/429 428/428/428 431/431/431
f 432/432/432 428/428/428 430/430/430
f 430/430/430 433/433/433 432/432/432
f 434/434/434 431/431/431 428/428/428
f 435/435/435 432/432/432 433/433/433
f 433/433/433 436/436/436 435/435/435
f 428/428/428 432/432/432 437/437/437
f 428/428/428 437/437/437 434/434/434
f 432/432/432 435/435/435 438/438/438
f 438/438/438 437/437/437 432/432/432
f 439/439/439 435/435/435 436/436/436
f 436/436/436 440/440/440 439/439/439
f 441/441/441 438/438/438 435/435/435
f 435/435/435 439/439/439 441/441/441
f 442/442/442 439/439/439 440/440/440
f 440/440/440 443/443/443 442/442/442
f 444/444/444 441/441/441 439/439/439
f 439/439/439 442/442/442 444/444/444
f 438/438/438 441/441/441 445/445/445
f 441/441/441 444/444/444 446/446/446
f 446/446/446 445/445/445 441/441/441
f 445/445/445 447/447/447 438/438/438
f 437/437/437 438/438/438 447/447/447
f 445/445/445 446/446/446 448/448/448
f 447/447/447 449/449/449 437/437/437
f 447/447/447 445/445/445 450/450/450
f 447/447/447 450/450/450 449/449/449
f 448/448/448 450/450/450 445/445/445
f 451/451/451 437/437/437 449/449/449
f 451/451/451 434/434/434 437/437/437
f 452/452/452 448/448/448 446/446/446
f 434/434/434 451/451/451 453/453/453
f 434/434/434 453/453/453 431/431/431
f 454/454/454 431/431/431 453/453/453
f 446/446/446 455/455/455 452/452/452
f 455/455/455 446/446/446 444/444/444
f 452/452/452 456/456/456 448/448/448
f 456/456/456 452/452/452 455/455/455
f 457/457/457 448/448/448 456/456/456
f 448/448/448 457/457/457 450/450/450
f 455/455/455 458/458/458 456/456/456
f 457/457/457 456/456/456 458/458/458
f 444/444/444 459/459/459 455/455/455
f 458/458/458 455/455/455 459/459/459
f 459/459/459 444/444/444 442/442/442
f 458/458/458 460/460/460 457/457/457
f 442/442/442 461/461/461 459/459/459
f 461/461/461 442/442/442 443/443/443
f 459/459/459 462/462/462 458/458/458
f 462/462/462 459/459/459 461/461/461
f 460/460/460 458/458/458 462/462/462
f 461/461/461 443/443/443 463/463/463
f 464/464/464 463/463/463 443/443/443
f 462/462/462 461/461/461 465/465/465
f 463/463/463 465/465/465 461/461/461
f 460/460/460 462/462/462 466/466/466
f 465/465/465 466/466/466 462/462/462
f 467/467/467 457/457/457 460/460/460
f 460/460/460 466/466/466 467/467/467
f 467/467/467 450/450/450 457/457/457
f 467/467/467 468/468/468 450/450/450
f 468/468/468 467/467/467 466/466/466
f 469/469/469 450/450/450 468/468/468
f 469/469/469 449/449/449 450/450/450
f 469/469/469 468/468/468 470/470/470
f 449/449/449 469/469/469 471/471/471
f 470/470/470 471/471/471 469/469/469
f 449/449/449 471/471/471 451/451/451
f 472/472/472 470/470/470 468/468/468
f 468/468/468 466/466/466 472/472/472
f 473/473/473 451/451/451 471/471/471
f 473/473/473 453/453/453 451/451/451
f 470/470/470 474/474/474 471/471/471
f 470/470/470 472/472/472 474/474/474
f 473/473/473 471/471/471 475/475/475
f 473/473/473 475/475/475 453/453/453
f 476/476/476 471/471/471 474/474/474
f 476/476/476 475/475/475 471/471/471
f 476/476/476 474/474/474 477/477/477
f 476/476/476 477/477/477 475/475/475
f 478/478/478 453/453/453 475/475/475
f 453/453/453 478/478/478 454/454/454
f 479/479/479 454/454/454 478/478/478
f 479/479/479 478/478/478 480/480/480
f 475/475/475 481/481/481 478/478/478
f 481/481/481 475/475/475 477/477/477
f 482/482/482 480/480/480 478/478/478
f 482/482/482 478/478/478 481/481/481
f 480/480/480 482/482/482 483/483/483
f 484/484/484 483/483/483 482/482/482
f 482/482/482 481/481/481 484/484/484
f 483/483/483 484/484/484 485/485/485
f 486/486/486 484/484/484 481/481/481
f 487/487/487 485/485/485 484/484/484
f 484/484/484 486/486/486 487/487/487
f 485/485/485 487/487/487 488/488/488
f 486/486/486 481/481/481 489/489/489
f 477/477/477 489/489/489 481/481/481
f 490/490/490 487/487/487 486/486/486
f 486/486/486 489/489/489 490/490/490
f 491/491/491 488/488/488 487/487/487
f 487/487/487 490/490/490 491/491/491
f 488/488/488 491/491/491 492/492/492
f 493/493/493 490/490/490 489/489/489
f 494/494/494 491/491/491 490/490/490
f 490/490/490 493/493/493 494/494/494
f 495/495/495 492/492/492 491/491/491
f 491/491/491 494/494/494 495/495/495
f 495/495/495 496/496/496 492/492/492
f 497/497/497 492/492/492 496/496/496
f 498/498/498 495/495/495 494/494/494
f 496/496/496 499/499/499 497/497/497
f 500/500/500 497/497/497 499/499/499
f 496/496/496 495/495/495 501/501/501
f 498/498/498 501/501/501 495/495/495
f 499/499/499 496/496/496 502/502/502
f 501/501/501 502/502/502 496/496/496
f 499/499/499 503/503/503 500/500/500
f 504/504/504 500/500/500 503/503/503
f 502/502/502 505/505/505 499/499/499
f 503/503/503 499/499/499 505/505/505
f 503/503/503 506/506/506 504/504/504
f 507/507/507 504/504/504 506/506/506
f 505/505/505 508/508/508 503/503/503
f 506/506/506 503/503/503 508/508/508
f 506/506/506 509/509/509 507/507/507
f 510/510/510 507/507/507 509/509/509
f 508/508/508 511/511/511 506/506/506
f 509/509/509 506/506/506 511/511/511
f 509/509/509 512/512/512 510/510/510
f 509/509/509 511/511/511 512/512/512
f 513/513/513 510/510/510 512/512/512
f 513/513/513 512/512/512 514/514/514
f 515/515/515 514/514/514 512/512/512
f 514/514/514 515/515/515 516/516/516
f 517/517/517 512/512/512 511/511/511
f 518/518/518 516/516/516 515/515/515
f 516/516/516 518/518/518 519/519/519
f 515/515/515 512/512/512 520/520/520
f 517/517/517 520/520/520 512/512/512
f 515/515/515 520/520/520 518/518/518
f 517/517/517 511/511/511 521/521/521
f 517/517/517 521/521/521 520/520/520
f 522/522/522 519/519/519 518/518/518
f 519/519/519 522/522/522 523/523/523
f 524/524/524 518/518/518 520/520/520
f 518/518/518 524/524/524 522/522/522
f 525/525/525 523/523/523 522/522/522
f 523/523/523 525/525/525 526/526/526
f 527/527/527 522/522/522 524/524/524
f 522/522/522 527/527/527 525/525/525
f 528/528/528 526/526/526 525/525/525
f 526/526/526 528/528/528 464/464/464
f 463/463/463 464/464/464 528/528/528
f 528/528/528 529/529/529 463/463/463
f 528/528/528 525/525/525 529/529/529
f 465/465/465 463/463/463 529/529/529
f 465/465/465 529/529/529 466/466/466
f 530/530/530 525/525/525 527/527/527
f 530/530/530 529/529/529 525/525/525
f 531/531/531 466/466/466 529/529/529
f 531/531/531 472/472/472 466/466/466
f 530/530/530 532/532/532 529/529/529
f 531/531/531 529/529/529 532/532/532
f 527/527/527 533/533/533 530/530/530
f 532/532/532 530/530/530 533/533/533
f 527/527/527 524/524/524 533/533/533
f 532/532/532 534/534/534 531/531/531
f 472/472/472 531/531/531 534/534/534
f 532/532/532 533/533/533 534/534/534
f 534/534/534 474/474/474 472/472/472
f 535/535/535 533/533/533 524/524/524
f 524/524/524 520/520/520 535/535/535
f 536/536/536 534/534/534 533/533/533
f 533/533/533 535/535/535 536/536/536
f 474/474/474 534/534/534 537/537/537
f 536/536/536 537/537/537 534/534/534
f 537/537/537 477/477/477 474/474/474
f 537/537/537 538/538/538 477/477/477
f 537/537/537 536/536/536 538/538/538
f 489/489/489 477/477/477 538/538/538
f 539/539/539 538/538/538 536/536/536
f 539/539/539 536/536/536 535/535/535
f 538/538/538 540/540/540 489/489/489
f 538/538/538 539/539/539 540/540/540
f 493/493/493 489/489/489 540/540/540
f 539/539/539 535/535/535 541/541/541
f 541/541/541 540/540/540 539/539/539
f 542/542/542 535/535/535 520/520/520
f 542/542/542 541/541/541 535/535/535
f 542/542/542 520/520/520 521/521/521
f 542/542/542 521/521/521 541/541/541
f 493/493/493 540/540/540 543/543/543
f 543/543/543 494/494/494 493/493/493
f 494/494/494 543/543/543 498/498/498
f 540/540/540 541/541/541 544/544/544
f 544/544/544 543/543/543 540/540/540
f 545/545/545 541/541/541 521/521/521
f 545/545/545 544/544/544 541/541/541
f 546/546/546 498/498/498 543/543/543
f 543/543/543 544/544/544 546/546/546
f 546/546/546 547/547/547 498/498/498
f 501/501/501 498/498/498 547/547/547
f 548/548/548 546/546/546 544/544/544
f 544/544/544 545/545/545 548/548/548
f 547/547/547 546/546/546 549/549/549
f 548/548/548 549/549/549 546/546/546
f 547/547/547 550/550/550 501/501/501
f 502/502/502 501/501/501 550/550/550
f 549/549/549 551/551/551 547/547/547
f 550/550/550 547/547/547 551/551/551
f 548/548/548 552/552/552 549/549/549
f 552/552/552 548/548/548 545/545/545
f 549/549/549 553/553/553 551/551/551
f 553/553/553 549/549/549 552/552/552
f 551/551/551 554/554/554 550/550/550
f 554/554/554 551/551/551 553/553/553
f 555/555/555 550/550/550 554/554/554
f 554/554/554 553/553/553 555/555/555
f 550/550/550 555/555/555 502/502/502
f 505/505/505 502/502/502 555/555/555
f 556/556/556 555/555/555 553/553/553
f 555/555/555 556/556/556 505/505/505
f 553/553/553 552/552/552 556/556/556
f 508/508/508 505/505/505 556/556/556
f 557/557/557 556/556/556 552/552/552
f 556/556/556 557/557/557 508/508/508
f 552/552/552 545/545/545 557/557/557
f 511/511/511 508/508/508 557/557/557
f 521/521/521 557/557/557 545/545/545
f 557/557/557 521/521/521 511/511/511
f 559/559/559 560/560/560 558/558/558
f 561/561/561 558/558/558 560/560/560
f 560/560/560 562/562/562 561/561/561
f 558/558/558 563/563/563 559/559/559
f 563/563/563 558/558/558 561/561/561
f 564/564/564 559/559/559 563/563/563
f 565/565/565 561/561/561 562/562/562
f 561/561/561 565/565/565 563/563/563
f 562/562/562 566/566/566 565/565/565
f 563/563/563 567/567/567 564/564/564
f 567/567/567 563/563/563 565/565/565
f 568/568/568 564/564/564 567/567/567
f 569/569/569 565/565/565 566/566/566
f 565/565/565 569/569/569 567/567/567
f 566/566/566 570/570/570 569/569/569
f 567/567/567 571/571/571 568/568/568
f 571/571/571 567/567/567 569/569/569
f 572/572/572 568/568/568 571/571/571
f 573/573/573 569/569/569 570/570/570
f 569/569/569 573/573/573 571/571/571
f 570/570/570 574/574/574 573/573/573
f 571/571/571 575/575/575 572/572/572
f 575/575/575 571/571/571 573/573/573
f 576/576/576 572/572/572 575/575/575
f 577/577/577 573/573/573 574/574/574
f 573/573/573 577/577/577 575/575/575
f 574/574/574 578/578/578 577/577/577
f 575/575/575 579/579/579 576/576/576
f 579/579/579 575/575/575 577/577/577
f 580/580/580 576/576/576 579/579/579
f 581/581/581 577/577/577 578/578/578
f 577/577/577 581/581/581 579/579/579
f 578/578/578 582/582/582 581/581/581
f 579/579/579 583/583/583 580/580/580
f 583/583/583 579/579/579 581/581/581
f 584/584/584 580/580/580 583/583/583
f 585/585/585 581/581/581 582/582/582
f 581/581/581 585/585/585 583/583/583
f 582/582/582 586/586/586 585/585/585
f 583/583/583 587/587/587 584/584/584
f 587/587/587 583/583/583 585/585/585
f 588/588/588 584/584/584 587/587/587
f 589/589/589 585/585/585 586/586/586
f 589/589/589 587/587/587 585/585/585
f 586/586/586 588/588/588 589/589/589
f 587/587/587 589/589/589 588/588/588
f 591/591/591 592/592/592 590/590/590
f 593/593/593 590/590/590 592/592/592
f 592/592/592 594/594/594 593/593/593
f 590/590/590 595/595/595 591/591/591
f 593/593/593 595/595/595 590/590/590
f 596/596/596 591/591/591 595/595/595
f 597/597/597 593/593/593 594/594/594
f 593/593/593 597/597/597 595/595/595
f 594/594/594 598/598/598 597/597/597
f 595/595/595 599/599/599 596/596/596
f 599/599/599 595/595/595 597/597/597
f 600/600/600 596/596/596 599/599/599
f 601/601/601 597/597/597 598/598/598
f 597/597/597 601/601/601 599/599/599
f 598/598/598 602/602/602 601/601/601
f 599/599/599 603/603/603 600/600/600
f 603/603/603 599/599/599 601/601/601
f 604/604/604 600/600/600 603/603/603
f 605/605/605 601/601/601 602/602/602
f 601/601/601 605/605/605 603/603/603
f 602/602/602 606/606/606 605/605/605
f 603/603/603 607/607/607 604/604/604
f 607/607/607 603/603/603 605/605/605
f 608/608/608 604/604/604 607/607/607
f 609/609/609 605/605/605 606/606/606
f 605/605/605 609/609/609 607/607/607
f 606/606/606 610/610/610 609/609/609
f 607/607/607 611/611/611 608/608/608
f 611/611/611 607/607/607 609/609/609
f 612/612/612 608/608/608 611/611/611
f 613/613/613 609/609/609 610/610/610
f 609/609/609 613/613/613 611/611/611
f 610/610/610 614/614/614 613/613/613
f 611/611/611 615/615/615 612/612/612
f 615/615/615 611/611/611 613/613/613
f 616/616/616 612/612/612 615/615/615
f 617/617/617 613/613/613 614/614/614
f 613/613/613 617/617/617 615/615/615
f 614/614/614 618/618/618 617/617/617
f 615/615/615 619/619/619 616/616/616
f 619/619/619 615/615/615 617/617/617
f 620/620/620 616/616/616 619/619/619
f 621/621/621 617/617/617 618/618/618
f 617/617/617 621/621/621 619/619/619
f 618/618/618 620/620/620 621/621/621
f 619/619/619 621/621/621 620/620/620
f 623/623/623 624/624/624 622/622/622
f 625/625/625 622/622/622 624/624/624
f 624/624/624 626/626/626 625/625/625
f 622/622/622 627/627/627 623/623/623
f 627/627/627 622/622/622 625/625/625
f 628/628/628 623/623/623 627/627/627
f 629/629/629 625/625/625 626/626/626
f 625/625/625 629/629/629 627/627/627
f 626/626/626 630/630/630 629/629/629
f 627/627/627 631/631/631 628/628/628
f 631/631/631 627/627/627 629/629/629
f 632/632/632 628/628/628 631/631/631
f 633/633/633 629/629/629 630/630/630
f 629/629/629 633/633/633 631/631/631
f 630/630/630 634/634/634 633/633/633
f 631/631/631 635/635/635 632/632/632
f 635/635/635 631/631/631 633/633/633
f 636/636/636 632/632/632 635/635/635
f 637/637/637 633/633/633 634/634/634
f 633/633/633 637/637/637 635/635/635
f 634/634/634 638/638/638 637/637/637
f 635/635/635 639/639/639 636/636/636
f 639/639/639 635/635/635 637/637/637
f 640/640/640 636/636/636 639/639/639
f 641/641/641 637/637/637 638/638/638
f 637/637/637 641/641/641 639/639/639
f 638/638/638 642/642/642 641/641/641
f 639/639/639 643/643/643 640/640/640
f 643/643/643 639/639/639 641/641/641
f 644/644/644 640/640/640 643/643/643
f 645/645/645 641/641/641 642/642/642
f 641/641/641 645/645/645 643/643/643
f 642/642/642 646/646/646 645/645/645
f 643/643/643 647/647/647 644/644/644
f 647/647/647 643/643/643 645/645/645
f 648/648/648 644/644/644 647/647/647
f 649/649/649 645/645/645 646/646/646
f 645/645/645 649/649/649 647/647/647
f 646/646/646 650/650/650 649/649/649
f 647/647/647 651/651/651 648/648/648
f 651/651/651 647/647/647 649/649/649
f 652/652/652 648/648/648 651/651/651
f 653/653/653 649/649/649 650/650/650
f 653/653/653 651/651/651 649/649/649
f 650/650/650 652/652/652 653/653/653
f 651/651/651 653/653/653 652/652/652
f 655/655/655 656/656/656 654/654/654
f 657/657/657 654/654/654 656/656/656
f 656/656/656 658/658/658 657/657/657
f 654/654/654 659/659/659 655/655/655
f 657/657/657 659/659/659 654/654/654
f 660/660/660 655/655/655 659/659/659
f 661/661/661 657/657/657 658/658/658
f 657/657/657 661/661/661 659/659/659
f 658/658/658 662/662/662 661/661/661
f 659/659/659 663/663/663 660/660/660
f 663/663/663 659/659/659 661/661/661
f 664/664/664 660/660/660 663/663/663
f 665/665/665 661/661/661 662/662/662
f 661/661/661 665/665/665 663/663/663
f 662/662/662 666/666/666 665/665/665
f 663/663/663 667/667/667 664/664/664
f 667/667/667 663/663/663 665/665/665
f 668/668/668 664/664/664 667/667/667
f 669/669/669 665/665/665 666/666/666
f 665/665/665 669/669/669 667/667/667
f 666/666/666 670/670/670 669/669/669
f 667/667/667 671/671/671 668/668/668
f 671/671/671 667/667/667 669/669/669
f 672/672/672 668/668/668 671/671/671
f 673/673/673 669/669/669 670/670/670
f 669/669/669 673/673/673 671/671/671
f 670/670/670 674/674/674 673/673/673
f 671/671/671 675/675/675 672/672/672
f 675/675/675 671/671/671 673/673/673
f 676/676/676 672/672/672 675/675/675
f 677/677/677 673/673/673 674/674/674
f 673/673/673 677/677/677 675/675/675
f 674/674/674 678/678/678 677/677/677
f 675/675/675 679/679/679 676/676/676
f 679/679/679 675/675/675 677/677/677
f 680/680/680 676/676/676 679/679/679
f 681/681/681 677/677/677 678/678/678
f 677/677/677 681/681/681 679/679/679
f 678/678/678 682/682/682 681/681/681
f 679/679/679 683/683/683 680/680/680
f 683/683/683 679/679/679 681/681/681
f 684/684/684 680/680/680 683/683/683
f 685/685/685 681/681/681 682/682/682
f 681/681/681 685/685/685 683/683/683
f 682/682/682 684/684/684 685/685/685
f 683/683/683 685/685/685 684/684/684
f 687/687/687 688/688/688 686/686/686
f 689/689/689 686/686/686 688/688/688
f 688/688/688 690/690/690 689/689/689
f 686/686/686 691/691/691 687/687/687
f 691/691/691 686/686/686 689/689/689
f 692/692/692 687/687/687 691/691/691
f 693/693/693 689/689/689 690/690/690
f 689/689/689 693/693/693 691/691/691
f 690/690/690 694/694/694 693/693/693
f 691/691/691 695/695/695 692/692/692
f 695/695/695 691/691/691 693/693/693
f 696/696/696 692/692/692 695/695/695
f 697/697/697 693/693/693 694/694/694
f 693/693/693 697/697/697 695/695/695
f 694/694/694 698/698/698 697/697/697
f 695/695/695 699/699/699 696/696/696
f 699/699/699 695/695/695 697/697/697
f 700/700/700 696/696/696 699/699/699
f 701/701/701 697/697/697 698/698/698
f 697/697/697 701/701/701 699/699/699
f 698/698/698 702/702/702 701/701/701
f 699/699/699 703/703/703 700/700/700
f 703/703/703 699/699/699 701/701/701
f 704/704/704 700/700/700 703/703/703
f 705/705/705 701/701/701 702/702/702
f 701/701/701 705/705/705 703/703/703
f 702/702/702 706/706/706 705/705/705
f 703/703/703 707/707/707 704/704/704
f 707/707/707 703/703/703 705/705/705
f 708/708/708 704/704/704 707/707/707
f 709/709/709 705/705/705 706/706/706
f 705/705/705 709/709/709 707/707/707
f 706/706/706 710/710/710 709/709/709
f 707/707/707 711/711/711 708/708/708
f 711/711/711 707/707/707 709/709/709
f 712/712/712 708/708/708 711/711/711
f 713/713/713 709/709/709 710/710/710
f 709/709/709 713/713/713 711/711/711
f 710/710/710 714/714/714 713/713/713
f 711/711/711 715/715/715 712/712/712
f 715/715/715 711/711/711 713/713/713
f 716/716/716 712/712/712 715/715/715
f 717/717/717 713/713/713 714/714/714
f 717/717/717 715/715/715 713/713/713
f 714/714/714 716/716/716 717/717/717
f 715/715/715 717/717/717 716/716/716
f 719/719/719 720/720/720 718/718/718
f 721/721/721 718/718/718 720/720/720
f 720/720/720 722/722/722 721/721/721
f 718/718/718 723/723/723 719/719/719
f 721/721/721 723/723/723 718/718/718
f 724/724/724 719/719/719 723/723/723
f 725/725/725 721/721/721 722/722/722
f 721/721/721 725/725/725 723/723/723
f 722/722/722 726/726/726 725/725/725
f 723/723/723 727/727/727 724/724/724
f 727/727/727 723/723/723 725/725/725
f 728/728/728 724/724/724 727/727/727
f 729/729/729 725/725/725 726/726/726
f 725/725/725 729/729/729 727/727/727
f 726/726/726 730/730/730 729/729/729
f 727/727/727 731/731/731 728/728/728
f 731/731/731 727/727/727 729/729/729
f 732/732/732 728/728/728 731/731/731
f 733/733/733 729/729/729 730/730/730
f 729/729/729 733/733/733 731/731/731
f 730/730/730 734/734/734 733/733/733
f 731/731/731 735/735/735 732/732/732
f 735/735/735 731/731/731 733/733/733
f 736/736/736 732/732/732 735/735/735
f 737/737/737 733/733/733 734/734/734
f 733/733/733 737/737/737 735/735/735
f 734/734/734 738/738/738 737/737/737
f 735/735/735 739/739/739 736/736/736
f 739/739/739 735/735/735 737/737/737
f 740/740/740 736/736/736 739/739/739
f 741/741/741 737/737/737 738/738/738
f 737/737/737 741/741/741 739/739/739
f 738/738/738 742/742/742 741/741/741
f 739/739/739 743/743/743 740/740/740
f 743/743/743 739/739/739 741/741/741
f 744/744/744 740/740/740 743/743/743
f 745/745/745 741/741/741 742/742/742
f 741/741/741 745/745/745 743/743/743
f 742/742/742 746/746/746 745/745/745
f 743/743/743 747/747/747 744/744/744
f 748/748/748 744/744/744 747/747/747
f 745/745/745 749/749/749 743/743/743
f 749/749/749 747/747/747 743/743/743
f 749/749/749 745/745/745 746/746/746
f 747/747/747 749/749/749 748/748/748
f 746/746/746 748/748/748 749/749/749
f 751/751/751 752/752/752 750/750/750
f 753/753/753 750/750/750 752/752/752
f 752/752/752 754/754/754 753/753/753
f 750/750/750 755/755/755 751/751/751
f 753/753/753 755/755/755 750/750/750
f 756/756/756 751/751/751 755/755/755
f 757/757/757 753/753/753 754/754/754
f 753/753/753 757/757/757 755/755/755
f 754/754/754 758/758/758 757/757/757
f 755/755/755 759/759/759 756/756/756
f 759/759/759 755/755/755 757/757/757
f 760/760/760 756/756/756 759/759/759
f 761/761/761 757/757/757 758/758/758
f 757/757/757 761/761/761 759/759/759
f 758/758/758 762/762/762 761/761/761
f 759/759/759 763/763/763 760/760/760
f 763/763/763 759/759/759 761/761/761
f 764/764/764 760/760/760 763/763/763
f 765/765/765 761/761/761 762/762/762
f 761/761/761 765/765/765 763/763/763
f 762/762/762 766/766/766 765/765/765
f 763/763/763 767/767/767 764/764/764
f 767/767/767 763/763/763 765/765/765
f 768/768/768 764/764/764 767/767/767
f 769/769/769 765/765/765 766/766/766
f 765/765/765 769/769/769 767/767/767
f 766/766/766 770/770/770 769/769/769
f 767/767/767 771/771/771 768/768/768
f 771/771/771 767/767/767 769/769/769
f 772/772/772 768/768/768 771/771/771
f 773/773/773 769/769/769 770/770/770
f 769/769/769 773/773/773 771/771/771
f 770/770/770 774/774/774 773/773/773
f 771/771/771 775/775/775 772/772/772
f 775/775/775 771/771/771 773/773/773
f 776/776/776 772/772/772 775/775/775
f 777/777/777 773/773/773 774/774/774
f 773/773/773 777/777/777 775/775/775
f 774/774/774 778/778/778 777/777/777
f 775/775/775 779/779/779 776/776/776
f 779/779/779 775/775/775 777/777/777
f 780/780/780 776/776/776 779/779/779
f 781/781/781 777/777/777 778/778/778
f 777/777/777 781/781/781 779/779/779
f 778/778/778 780/780/780 781/781/781
f 779/779/779 781/781/781 780/780/780
f 783/783/783 784/784/784 782/782/782
f 785/785/785 782/782/782 784/784/784
f 784/784/784 786/786/786 785/785/785
f 782/782/782 787/787/787 783/783/783
f 785/785/785 787/787/787 782/782/782
f 788/788/788 783/783/783 787/787/787
f 789/789/789 785/785/785 786/786/786
f 785/785/785 789/789/789 787/787/787
f 786/786/786 790/790/790 789/789/789
f 787/787/787 791/791/791 788/788/788
f 791/791/791 787/787/787 789/789/789
f 792/792/792 788/788/788 791/791/791
f 793/793/793 789/789/789 790/790/790
f 789/789/789 793/793/793 791/791/791
f 790/790/790 794/794/794 793/793/793
f 791/791/791 795/795/795 792/792/792
f 795/795/795 791/791/791 793/793/793
f 796/796/796 792/792/792 795/795/795
f 797/797/797 793/793/793 794/794/794
f 793/793/793 797/797/797 795/795/795
f 794/794/794 798/798/798 797/797/797
f 795/795/795 799/799/799 796/796/796
f 799/799/799 795/795/795 797/797/797
f 800/800/800 796/796/796 799/799/799
f 801/801/801 797/797/797 798/798/798
f 797/797/797 801/801/801 799/799/799
f 798/798/798 802/802/802 801/801/801
f 799/799/799 803/803/803 800/800/800
f 803/803/803 799/799/799 801/801/801
f 804/804/804 800/800/800 803/803/803
f 805/805/805 801/801/801 802/802/802
f 801/801/801 805/805/805 803/803/803
f 802/802/802 806/806/806 805/805/805
f 803/803/803 807/807/807 804/804/804
f 807/807/807 803/803/803 805/805/805
f 808/808/808 804/804/804 807/807/807
f 809/809/809 805/805/805 806/806/806
f 805/805/805 809/809/809 807/807/807
f 806/806/806 810/810/810 809/809/809
f 807/807/807 811/811/811 808/808/808
f 811/811/811 807/807/807 809/809/809
f 812/812/812 808/808/808 811/811/811
f 813/813/813 809/809/809 810/810/810
f 809/809/809 813/813/813 811/811/811
f 810/810/810 812/812/812 813/813/813
f 811/811/811 813/813/813 812/812/812
f 815/815/815 816/816/816 814/814/814
f 817/817/817 814/814/814 816/816/816
f 816/816/816 818/818/818 817/817/817
f 814/814/814 819/819/819 815/815/815
f 819/819/819 814/814/814 817/817/817
f 820/820/820 815/815/815 819/819/819
f 821/821/821 817/817/817 818/818/818
f 817/817/817 821/821/821 819/819/819
f 818/818/818 822/822/822 821/821/821
f 819/819/819 823/823/823 820/820/820
f 823/823/823 819/819/819 821/821/821
f 824/824/824 820/820/820 823/823/823
f 825/825/825 821/821/821 822/822/822
f 821/821/821 825/825/825 823/823/823
f 822/822/822 826/826/826 825/825/825
f 823/823/823 827/827/827 824/824/824
f 827/827/827 823/823/823 825/825/825
f 828/828/828 824/824/824 827/827/827
f 829/829/829 825/825/825 826/826/826
f 825/825/825 829/829/829 827/827/827
f 826/826/826 830/830/830 829/829/829
f 827/827/827 831/831/831 828/828/828
f 831/831/831 827/827/827 829/829/829
f 832/832/832 828/828/828 831/831/831
f 833/833/833 829/829/829 830/830/830
f 829/829/829 833/833/833 831/831/831
f 830/830/830 834/834/834 833/833/833
f 831/831/831 835/835/835 832/832/832
f 835/835/835 831/831/831 833/833/833
f 836/836/836 832/832/832 835/835/835
f 837/837/837 833/833/833 834/834/834
f 833/833/833 837/837/837 835/835/835
f 834/834/834 838/838/838 837/837/837
f 835/835/835 839/839/839 836/836/836
f 839/839/839 835/835/835 837/837/837
f 840/840/840 836/836/836 839/839/839
f 841/841/841 837/837/837 838/838/838
f 837/837/837 841/841/841 839/839/839
f 838/838/838 842/842/842 841/841/841
f 839/839/839 843/843/843 840/840/840
f 843/843/843 839/839/839 841/841/841
f 844/844/844 840/840/840 843/843/843
f 845/845/845 841/841/841 842/842/842
f 845/845/845 843/843/843 841/841/841
f 842/842/842 844/844/844 845/845/845
f 843/843/843 845/845/845 844/844/844
f 847/847/847 848/848/848 846/846/846
f 849/849/849 846/846/846 848/848/848
f 848/848/848 850/850/850 849/849/849
f 846/846/846 851/851/851 847/847/847
f 851/851/851 846/846/846 849/849/849
f 852/852/852 847/847/847 851/851/851
f 853/853/853 849/849/849 850/850/850
f 849/849/849 853/853/853 851/851/851
f 850/850/850 854/854/854 853/853/853
f 851/851/851 855/855/855 852/852/852
f 855/855/855 851/851/851 853/853/853
f 856/856/856 852/852/852 855/855/855
f 857/857/857 853/853/853 854/854/854
f 853/853/853 857/857/857 855/855/855
f 854/854/854 858/858/858 857/857/857
f 855/855/855 859/859/859 856/856/856
f 859/859/859 855/855/855 857/857/857
f 860/860/860 856/856/856 859/859/859
f 861/861/861 857/857/857 858/858/858
f 857/857/857 861/861/861 859/859/859
f 858/858/858 862/862/862 861/861/861
f 859/859/859 863/863/863 860/860/860
f 863/863/863 859/859/859 861/861/861
f 864/864/864 860/860/860 863/863/863
f 865/865/865 861/861/861 862/862/862
f 862/862/862 866/866/866 865/865/865
f 863/863/863 861/861/861 867/867/867
f 863/863/863 867/867/867 864/864/864
f 865/865/865 867/867/867 861/861/861
f 868/868/868 864/864/864 867/867/867
f 869/869/869 865/865/865 866/866/866
f 865/865/865 869/869/869 867/867/867
f 866/866/866 870/870/870 869/869/869
f 867/867/867 871/871/871 868/868/868
f 871/871/871 867/867/867 869/869/869
f 872/872/872 868/868/868 871/871/871
f 873/873/873 869/869/869 870/870/870
f 869/869/869 873/873/873 871/871/871
f 870/870/870 874/874/874 873/873/873
f 871/871/871 875/875/875 872/872/872
f 875/875/875 871/871/871 873/873/873
f 876/876/876 872/872/872 875/875/875
f 877/877/877 873/873/873 874/874/874
f 873/873/873 877/877/877 875/875/875
f 874/874/874 876/876/876 877/877/877
f 875/875/875 877/877/877 876/876/876
f 879/879/879 880/880/880 878/878/878
f 878/878/878 880/880/880 881/881/881
f 882/882/882 880/880/880 879/879/879
f 881/881/881 880/880/880 883/883/883
f 884/884/884 880/880/880 882/882/882
f 883/883/883 880/880/880 885/885/885
f 886/886/886 880/880/880 884/884/884
f 885/885/885 880/880/880 887/887/887
f 888/888/888 880/880/880 886/886/886
f 887/887/887 880/880/880 889/889/889
f 890/890/890 880/880/880 888/888/888
f 889/889/889 880/880/880 891/891/891
f 892/892/892 880/880/880 890/890/890
f 891/891/891 880/880/880 893/893/893
f 894/894/894 880/880/880 892/892/892
f 893/893/893 880/880/880 895/895/895
f 896/896/896 880/880/880 894/894/894
f 895/895/895 880/880/880 897/897/897
f 898/898/898 880/880/880 896/896/896
f 897/897/897 880/880/880 898/898/898
