o 015882
v 0.20466290414333344 0.5369422435760498 0.09990714490413666
v 0.09201537817716599 0.655002236366272 0.09278552979230881
v 0.03771474212408066 0.5617417097091675 0.08033565431833267
v 0.1694238781929016 0.41043978929519653 0.08382043242454529
v 0.4856386184692383 0.5710355639457703 0.10630077868700027
v 0.5021272897720337 0.5633390545845032 0.08456437289714813
v 0.5496546626091003 0.7004645466804504 0.08610241115093231
v 0.5261430740356445 0.7031485438346863 0.10919491946697235
v 0.25864386558532715 0.28414738178253174 0.08514391630887985
v 0.2643508017063141 0.3084174394607544 0.10368020087480545
v 0.16389679908752441 0.2212466150522232 0.10087398439645767
v 0.16938404738903046 0.20924225449562073 0.08530071377754211
v 0.5548135042190552 0.8124080896377563 0.08682617545127869
v 0.5288435220718384 0.8182296752929688 0.10726326704025269
v 0.28166571259498596 0.9702886343002319 0.10267478227615356
v 0.28056633472442627 0.9964909553527832 0.07942555099725723
v 0.1675623059272766 0.9572205543518066 0.07883159816265106
v 0.18128341436386108 0.927766740322113 0.09917148947715759
v 0.3525469899177551 0.3704095780849457 0.08410905301570892
v 0.34934672713279724 0.3833729028701782 0.10481255501508713
v 0.4929485023021698 0.9344918131828308 0.08238181471824646
v 0.4696752727031708 0.9108015894889832 0.10728690773248672
v 0.3984030783176422 0.9718436598777771 0.10368526726961136
v 0.4077577590942383 0.9941478371620178 0.08177856355905533
v 0.06555777043104172 0.8227213621139526 0.09792717546224594
v 0.0450979620218277 0.8369631171226501 0.08147843182086945
v 0.007680140435695648 0.7646421790122986 0.07687550783157349
v 0.030104730278253555 0.751805305480957 0.09956996142864227
v -0.02665635198354721 0.6923854947090149 0.07706554979085922
v -0.006763346027582884 0.6822401881217957 0.09887835383415222
v 0.5015913844108582 0.5633156299591064 -0.01978253573179245
v 0.5456140041351318 0.6882059574127197 -0.029163017868995667
v 0.017860427498817444 0.08606080710887909 0.011834326200187206
v 0.023029249161481857 0.07990759611129761 0.009776541031897068
v 0.04563111811876297 0.11072696000337601 0.08144096285104752
v 0.0355193093419075 0.11537840217351913 0.08960042893886566
v 0.2618653178215027 0.27887487411499023 -0.00784155074506998
v 0.1672813445329666 0.1955413520336151 -0.015554911457002163
v 0.5515045523643494 0.7944868206977844 -0.026198865845799446
v 0.1689160019159317 0.9609607458114624 -0.03640563040971756
v 0.27260467410087585 0.9895901679992676 -0.031024260446429253
v 0.3492019474506378 0.35988959670066833 -0.017324184998869896
v 0.4871872663497925 0.9333239793777466 -0.027408741414546967
v 0.39305996894836426 0.9821531176567078 -0.04475860297679901
v 0.04621473327279091 0.8255195617675781 -0.029155131429433823
v 0.014026088640093803 0.7571029663085938 -0.023407643660902977
v -0.02049112692475319 0.6976597905158997 -0.0011190557852387428
v 0.3479654788970947 0.7709444165229797 0.09879492968320847
v 0.12606267631053925 0.30305925011634827 0.08571206778287888
v 0.2440662831068039 0.6526881456375122 0.09399574995040894
v -0.053180184215307236 0.6461598873138428 0.027308469638228416
v -0.020265042781829834 0.6203112006187439 0.022673225030303
v -0.02661147341132164 0.633538007736206 0.08669640123844147
v -0.045660145580768585 0.6526147723197937 0.08212676644325256
v 0.15863944590091705 0.735336422920227 0.0631251409649849
v 0.1487427055835724 0.7341699600219727 0.04062880203127861
v 0.1379387080669403 0.7470414638519287 0.04138016700744629
v 0.1433720588684082 0.7545825242996216 0.061660509556531906
v 0.1483980417251587 0.7392840385437012 0.09347719699144363
v 0.13580404222011566 0.7611676454544067 0.08595705777406693
v 0.10230638086795807 0.7753932476043701 0.10456085950136185
v 0.10881465673446655 0.7546793222427368 0.11909684538841248
v 0.14467428624629974 0.7139611840248108 0.09233886748552322
v 0.15572482347488403 0.7121090292930603 0.06138429790735245
v 0.136343851685524 0.6989482641220093 0.057566866278648376
v 0.12551113963127136 0.6984797120094299 0.0837341770529747
v 0.10393275320529938 0.729036808013916 0.11913777142763138
v 0.0886068120598793 0.7120751738548279 0.10668803751468658
v 0.03460731729865074 0.7576735019683838 0.13203196227550507
v 0.024048756808042526 0.738996148109436 0.11702391505241394
v 0.07206368446350098 0.7136449813842773 0.08649250864982605
v 0.10137522965669632 0.7026749849319458 0.07231057435274124
v 0.1115657314658165 0.7031382322311401 0.05381583049893379
v 0.08701519668102264 0.7240288853645325 0.06356710195541382
v 0.09544898569583893 0.722283661365509 0.052145373076200485
v 0.06548754870891571 0.7340291142463684 0.07114440202713013
v 0.13330914080142975 0.7097672820091248 0.0385102704167366
v 0.14659518003463745 0.7185763120651245 0.03952927887439728
v 0.11651618033647537 0.7129656672477722 0.03861815482378006
v 0.0171764325350523 0.7377948760986328 0.09333638101816177
v -0.04887164756655693 0.7709120512008667 0.1180979460477829
v -0.04754102602601051 0.7663981318473816 0.09348219633102417
v 0.018181854858994484 0.7553215622901917 0.07438820600509644
v -0.03997546434402466 0.7814090847969055 0.07373782247304916
v -0.10601486265659332 0.7974399328231812 0.11178837716579437
v -0.09648650884628296 0.7894988656044006 0.08883073180913925
v -0.04222647100687027 0.7915194630622864 0.133283331990242
v -0.10335046052932739 0.8196489810943604 0.12633945047855377
v 0.042055316269397736 0.7830666899681091 0.13029111921787262
v 0.043351635336875916 0.8013639450073242 0.11227483302354813
v 0.03765079751610756 0.7998175621032715 0.08767755329608917
v 0.08754830807447433 0.7769438624382019 0.0832720398902893
v 0.07191873341798782 0.7598775625228882 0.06962122768163681
v 0.02624332718551159 0.7810406684875488 0.07246413826942444
v 0.11236736923456192 0.7654673457145691 0.07284511625766754
v 0.09150654822587967 0.7497865557670593 0.06382963806390762
v -0.03189527615904808 0.8161027431488037 0.1313130408525467
v -0.02380371280014515 0.8316578269004822 0.11288943886756897
v -0.022095317021012306 0.8276950716972351 0.08770130574703217
v 0.11897058039903641 0.759321391582489 0.05733637511730194
v 0.12131303548812866 0.7496842741966248 0.04106497764587402
v 0.09835023432970047 0.7461760640144348 0.05361689627170563
v 0.10802698880434036 0.7408749461174011 0.0400458499789238
v 0.10610262304544449 0.7257223129272461 0.03906628489494324
v 0.09835023432970047 0.7461760640144348 0.05361689627170563
v 0.10802698880434036 0.7408749461174011 0.0400458499789238
v 0.09150654822587967 0.7497865557670593 0.06382963806390762
v -0.1117226853966713 0.8736028075218201 0.0619581937789917
v -0.0923643708229065 0.8593003153800964 0.059167616069316864
v -0.09913259744644165 0.8554200530052185 0.045127276331186295
v -0.11125930398702621 0.8649863600730896 0.04542962834239006
v -0.12717410922050476 0.8634117841720581 0.04422983527183533
v -0.1360653042793274 0.8712432980537415 0.06210136413574219
v -0.15038292109966278 0.8526989817619324 0.06004737317562103
v -0.1370605081319809 0.8514610528945923 0.04198145493865013
v -0.13424965739250183 0.8358075618743896 0.040490999817848206
v -0.14641278982162476 0.8301674127578735 0.05586035177111626
v -0.1212737187743187 0.8263421654701233 0.04039432108402252
v -0.12666389346122742 0.8157499432563782 0.05276647210121155
v -0.14960524439811707 0.8242963552474976 0.07691913098096848
v -0.12889716029167175 0.8093240857124329 0.06762327998876572
v -0.12151770293712616 0.8026725053787231 0.08049670606851578
v -0.1379254311323166 0.8145869374275208 0.0973389744758606
v -0.1391681730747223 0.8388431668281555 0.1094817966222763
v -0.13728538155555725 0.8705493211746216 0.0862855389714241
v -0.15324817597866058 0.8491439819335938 0.08489756286144257
v -0.12414875626564026 0.8611494898796082 0.10931321233510971
v -0.09029137343168259 0.8433113694190979 0.12483209371566772
v -0.10190991312265396 0.869539737701416 0.0973762646317482
v -0.11142737418413162 0.8752263188362122 0.08126608282327652
v -0.07524114847183228 0.8554545640945435 0.10816425830125809
v -0.09894289076328278 0.8099533319473267 0.06771383434534073
v -0.08174078911542892 0.8015367388725281 0.07096146792173386
v -0.08574258536100388 0.8343905210494995 0.06524479389190674
v -0.08393688499927521 0.8329244256019592 0.06727582961320877
v -0.10217710584402084 0.8134355545043945 0.06307891011238098
v -0.06908492743968964 0.8259796500205994 0.0694882944226265
v -0.10271184146404266 0.8182243704795837 0.05292666703462601
v -0.10598518699407578 0.8282568454742432 0.041508324444293976
v -0.09655716270208359 0.8399928212165833 0.0432480163872242
v -0.08815830945968628 0.836543619632721 0.055369794368743896
v -0.08987055718898773 0.8603536486625671 0.07217568904161453
v -0.08574258536100388 0.8343905210494995 0.06524479389190674
v -0.08449822664260864 0.8578359484672546 0.08004743605852127
v -0.08393688499927521 0.8329244256019592 0.06727582961320877
v -0.06572619825601578 0.8481780886650085 0.08493713289499283
v -0.06908492743968964 0.8259796500205994 0.0694882944226265
v -0.02943531796336174 0.8070971965789795 0.07161790877580643
v -0.02943531796336174 0.8070971965789795 0.07161790877580643
v 0.02624332718551159 0.7810406684875488 0.07246413826942444
v -0.08815830945968628 0.836543619632721 0.055369794368743896
v -0.09655716270208359 0.8399928212165833 0.0432480163872242
v 0.07191873341798782 0.7598775625228882 0.06962122768163681
v 0.23218238353729248 0.5700803995132446 0.09048167616128922
v 0.22812040150165558 0.5604245662689209 0.06682109832763672
v 0.20765039324760437 0.5581289529800415 0.06597819924354553
v 0.20251424610614777 0.567460834980011 0.08641595393419266
v 0.21667195856571198 0.5630121231079102 0.12162639945745468
v 0.18718503415584564 0.5637261271476746 0.1114315465092659
v 0.14738331735134125 0.54268878698349 0.12934468686580658
v 0.1694595068693161 0.536181628704071 0.14664039015769958
v 0.23688435554504395 0.5443711876869202 0.1224307268857956
v 0.2508799135684967 0.5536760091781616 0.09018675982952118
v 0.24863708019256592 0.5282283425331116 0.08675364404916763
v 0.23692157864570618 0.5180186629295349 0.11377960443496704
v 0.18869468569755554 0.515999972820282 0.14847026765346527
v 0.1942560225725174 0.49268901348114014 0.135581374168396
v 0.11204115301370621 0.47360435128211975 0.1584763079881668
v 0.12334456294775009 0.4536608159542084 0.14405557513237
v 0.18305805325508118 0.47957101464271545 0.11424277722835541
v 0.21669602394104004 0.4985720217227936 0.10021232813596725
v 0.22592854499816895 0.507798969745636 0.08140888810157776
v 0.18737666308879852 0.4987301230430603 0.08959417045116425
v 0.19671927392482758 0.5053950548171997 0.07785231620073318
v 0.16193100810050964 0.4852934181690216 0.09591743350028992
v 0.2387104332447052 0.5319332480430603 0.06577020138502121
v 0.24081838130950928 0.5495226979255676 0.06606169044971466
v 0.2226657271385193 0.518062174320221 0.06481847912073135
v 0.12232185900211334 0.44696053862571716 0.11893851310014725
v 0.04401600733399391 0.41143178939819336 0.1412070095539093
v 0.0513378381729126 0.40939533710479736 0.1157180666923523
v 0.1089041456580162 0.4584656059741974 0.09729959815740585
v 0.045259956270456314 0.42535245418548584 0.09419351071119308
v -0.01975361630320549 0.37788915634155273 0.13130450248718262
v -0.004093958530575037 0.3803984224796295 0.10802894085645676
v 0.028339333832263947 0.4294355809688568 0.1558312028646469
v -0.039704207330942154 0.3930666446685791 0.14489658176898956
v 0.0945514515042305 0.49576252698898315 0.1547451913356781
v 0.08065694570541382 0.507603108882904 0.13491415977478027
v 0.07994355261325836 0.5011231899261475 0.10841239988803864
v 0.13625887036323547 0.5300163626670837 0.10623227804899216
v 0.14282435178756714 0.5069161057472229 0.09285662323236465
v 0.09180483967065811 0.4805088937282562 0.09326513856649399
v 0.16648712754249573 0.5447288751602173 0.09708570688962936
v 0.16691496968269348 0.5182612538337708 0.08813133090734482
v 0.012757537886500359 0.4528995752334595 0.15236182510852814
v 0.006525147240608931 0.46874648332595825 0.13152965903282166
v 0.013151644729077816 0.4667185842990875 0.10514234751462936
v 0.17940248548984528 0.5478125214576721 0.08110544830560684
v 0.19184166193008423 0.5440326929092407 0.06541553884744644
v 0.17717231810092926 0.5216989517211914 0.07794148474931717
v 0.18966586887836456 0.5261136889457703 0.06431195139884949
v 0.20304517447948456 0.5158672332763672 0.06418115645647049
v 0.17717231810092926 0.5216989517211914 0.07794148474931717
v 0.18966586887836456 0.5261136889457703 0.06431195139884949
v 0.16691496968269348 0.5182612538337708 0.08813133090734482
v -0.09409353137016296 0.41237080097198486 0.07179652154445648
v -0.06473301351070404 0.4229796528816223 0.07073678821325302
v -0.06434305012226105 0.4139176905155182 0.05598197504878044
v -0.08340764790773392 0.4073953926563263 0.055152684450149536
v -0.09475840628147125 0.3913629949092865 0.053416598588228226
v -0.10976807773113251 0.38807836174964905 0.07187496870756149
v -0.10285205394029617 0.36495158076286316 0.0708569586277008
v -0.09024927020072937 0.3759096562862396 0.052337292581796646
v -0.07347153127193451 0.36971980333328247 0.05249437689781189
v -0.07818804681301117 0.3560107946395874 0.06861554831266403
v -0.054419830441474915 0.3769080936908722 0.0530545674264431
v -0.049049872905015945 0.36617982387542725 0.0674360916018486
v -0.07584089785814285 0.35161957144737244 0.09114696085453033
v -0.045142900198698044 0.36222532391548157 0.08331312239170074
v -0.034030165523290634 0.36571893095970154 0.09714565426111221
v -0.05899473652243614 0.3573531210422516 0.11406112462282181
v -0.08399520814418793 0.37004920840263367 0.12464157491922379
v -0.11209119111299515 0.3880601227283478 0.09778128564357758
v -0.10349277406930923 0.36214080452919006 0.09743916988372803
v -0.09460892528295517 0.39632895588874817 0.12310194969177246
v -0.052920449525117874 0.41805005073547363 0.14219743013381958
v -0.08425644040107727 0.4213738441467285 0.11078774183988571
v -0.09622319042682648 0.4150190055370331 0.09184248745441437
v -0.051427364349365234 0.43811896443367004 0.12376251071691513
v -0.023119553923606873 0.39009299874305725 0.08410494774580002
v -0.00244624400511384 0.40057748556137085 0.08890169113874435
v -0.03648431971669197 0.4150831997394562 0.07951237261295319
v -0.03373327478766441 0.41637274622917175 0.08256535977125168
v -0.028108906000852585 0.3887231647968292 0.07905027270317078
v -0.01573033072054386 0.4252312183380127 0.08539041131734848
v -0.03314007446169853 0.39024612307548523 0.06774647533893585
v -0.04390505328774452 0.3921748399734497 0.05485432595014572
v -0.0475648008286953 0.4077288508415222 0.05613928288221359
v -0.03897033631801605 0.41324934363365173 0.0693596675992012
v -0.06484383344650269 0.42628008127212524 0.08463733643293381
v -0.03648431971669197 0.4150831997394562 0.07951237261295319
v -0.05890136584639549 0.42962467670440674 0.09356911480426788
v -0.03373327478766441 0.41637274622917175 0.08256535977125168
v -0.03601642698049545 0.4415193796157837 0.09982869774103165
v -0.01573033072054386 0.4252312183380127 0.08539041131734848
v 0.02898339554667473 0.44882601499557495 0.08982604742050171
v 0.02898339554667473 0.44882601499557495 0.08982604742050171
v 0.09180483967065811 0.4805088937282562 0.09326513856649399
v -0.03897033631801605 0.41324934363365173 0.0693596675992012
v -0.0475648008286953 0.4077288508415222 0.05613928288221359
v 0.14282435178756714 0.5069161057472229 0.09285662323236465
v 0.4453068673610687 0.47739580273628235 0.08648817986249924
v 0.44721052050590515 0.47933846712112427 -0.018861975520849228
v 0.4330710470676422 0.4893644452095032 0.10613197088241577
v 0.11510481685400009 0.8891334533691406 0.10169342160224915
v 0.10059033334255219 0.9122846126556396 0.08017357438802719
v 0.09656458348035812 0.9056636095046997 -0.02786361239850521
v 0.15387102961540222 0.4063108265399933 -0.011600394733250141
v 0.12111856043338776 0.2955491244792938 -0.014837144874036312
v 0.046031225472688675 0.5572344660758972 0.021489836275577545
v -0.0708155483007431 0.4620072841644287 0.09568784385919571
v -0.1334119588136673 0.37480849027633667 0.09574968367815018
v 0.005724971182644367 0.24770092964172363 0.08687606453895569
v 0.059778980910778046 0.35196977853775024 0.07868865132331848
v -0.17852285504341125 0.5986108779907227 0.09299227595329285
v -0.14229027926921844 0.6468489170074463 0.06781503558158875
v -0.10927940905094147 0.7121415734291077 0.06770981848239899
v -0.2067979872226715 0.7062041163444519 0.09225615113973618
v -0.28758329153060913 0.9173650145530701 0.09254707396030426
v -0.3743835985660553 0.8321244120597839 0.09384210407733917
v -0.18129944801330566 0.8379524946212769 0.09211292862892151
v -0.03003719076514244 0.5143908858299255 0.07479126751422882
v -0.2892656922340393 0.5363782644271851 0.09297234565019608
v 0.0841788798570633 0.39334195852279663 0.07062098383903503
v -0.05061876401305199 0.8171143531799316 0.06773566454648972
v -0.36880093812942505 0.6953412294387817 0.09342649579048157
v -0.40010058879852295 0.9563950896263123 0.10451989620923996
v -0.41418564319610596 0.9755268096923828 0.09697321802377701
v -0.49160832166671753 0.9011407494544983 0.09687858074903488
v -0.4683048129081726 0.8926392793655396 0.10631445050239563
v -0.4914650321006775 0.8007457852363586 0.1062488704919815
v -0.5119819641113281 0.8012279272079468 0.10174289345741272
v -0.5085034370422363 0.6957279443740845 0.0935511440038681
v -0.47898590564727783 0.7081969976425171 0.10473375022411346
v -0.44567376375198364 0.6191576719284058 0.10321895778179169
v -0.467008113861084 0.6002707481384277 0.09395977854728699
v -0.4095745384693146 0.5059529542922974 0.0906653106212616
v -0.39000028371810913 0.5198729038238525 0.10209089517593384
v -0.3139092028141022 0.41834545135498047 0.09921102970838547
v -0.33056607842445374 0.39885810017585754 0.08345668017864227
v -0.21100249886512756 0.2713319957256317 0.07163342833518982
v -0.1935332715511322 0.284820020198822 0.09070929884910583
v -0.31212180852890015 0.9745952486991882 0.10212735831737518
v -0.31280264258384705 1.0011006593704224 0.09204773604869843
v -0.027652587741613388 0.8926798701286316 0.09158825129270554
v -0.0209052711725235 0.9044665694236755 0.0830593928694725
v -0.11264415830373764 0.9551180005073547 0.08253874629735947
v -0.11781388521194458 0.94130939245224 0.09556479752063751
v -0.20596179366111755 0.9923829436302185 0.0825132355093956
v -0.21315495669841766 0.9751612544059753 0.09677783399820328
v 0.02703283727169037 0.2344147264957428 -0.01099364086985588
v 0.08389803022146225 0.3437303602695465 -0.010677792131900787
v -0.1288800686597824 0.644075334072113 -0.02008206397294998
v -0.11534174531698227 0.7170119285583496 -0.009920461103320122
v -0.01884201169013977 0.5163944363594055 -0.0050237299874424934
v 0.10082335025072098 0.3784492015838623 -0.014715824276208878
v -0.05896029621362686 0.8246376514434814 0.00825759582221508
v -0.41762468218803406 0.9842220544815063 -0.0297129787504673
v -0.48112234473228455 0.8995854258537292 -0.030933786183595657
v -0.5094996094703674 0.8057675957679749 -0.033587705343961716
v -0.4949418604373932 0.6986740827560425 -0.03285815566778183
v -0.46022140979766846 0.6090653538703918 -0.03489337116479874
v -0.4062913954257965 0.5069072842597961 -0.028678983449935913
v -0.32622531056404114 0.41086238622665405 -0.026820842176675797
v -0.20108835399150848 0.2690436542034149 -0.015850599855184555
v -0.02343202568590641 0.1334066390991211 -0.016045885160565376
v -0.042561933398246765 0.15266653895378113 0.09558738023042679
v -0.3073638379573822 1.0142217874526978 -0.030834762379527092
v -0.009211868047714233 0.9041107296943665 -0.04280349984765053
v -0.0029311806429177523 0.9191097617149353 -0.04720328375697136
v -0.08714763075113297 0.9540412425994873 -0.044822752475738525
v -0.20583198964595795 0.9991298317909241 -0.03289123252034187
v -0.03256045654416084 0.11446215957403183 -0.015515480190515518
v -0.05514209717512131 0.14143270254135132 0.08280123025178909
v 0.03797033429145813 3.7823987497631606e-08 -0.02238263376057148
v 0.06012733280658722 0.0022639548406004906 -0.015956677496433258
v -0.008055981248617172 0.11764799803495407 -0.00985045824199915
v 0.6287567019462585 1.0438706874847412 -0.057855915278196335
v 0.6067879796028137 1.044736385345459 -0.020191282033920288
v 0.41800859570503235 0.8897383213043213 -0.022622644901275635
v 0.722919762134552 0.5423405170440674 -0.03361225500702858
v 0.7172257900238037 0.5639361143112183 0.009496813639998436
v 0.4557894766330719 0.5686405897140503 -0.018743379041552544
v 0.45218425989151 0.19685672223567963 -0.009838874451816082
v 0.4568498432636261 0.22466188669204712 0.021310720592737198
v 0.30433252453804016 0.34602949023246765 -0.012056740932166576
v 0.3480060398578644 1.1555471420288086 -0.04956779256463051
v 0.32474908232688904 1.143796682357788 -0.01047598198056221
v 0.28531864285469055 0.9473211169242859 -0.024115122854709625
v 0.7496250867843628 0.785407543182373 -0.027686122804880142
v 0.7281856536865234 0.8085291981697083 0.01326565258204937
v 0.46114382147789 0.7193604707717896 -0.018878618255257607
v 0.22559578716754913 0.05907195433974266 -0.022443341091275215
v 0.2509486973285675 0.07070472091436386 -0.011207337491214275
v 0.1690489947795868 0.21375034749507904 -0.014558173716068268
v 0.6022412776947021 0.34879064559936523 -0.010216216556727886
v 0.6057983040809631 0.3790629506111145 0.011772758327424526
v 0.40327882766723633 0.46901482343673706 -0.01542825810611248
v 0.13623221218585968 1.1148370504379272 -0.05272405222058296
v 0.10477796941995621 1.0858145952224731 -0.025283392518758774
v 0.1029350683093071 0.9077938795089722 -0.02386847324669361
v 0.24184897541999817 0.2825325131416321 -0.008943184278905392
v 0.3542187809944153 0.1474691778421402 0.028911564499139786
v 0.35664498805999756 0.928833544254303 -0.026386378332972527
v 0.491597443819046 1.1128430366516113 -0.017589690163731575
v 0.4557971954345703 1.136199712753296 -0.06914252042770386
v 0.4596642255783081 0.6526740789413452 -0.014185682870447636
v 0.7371842861175537 0.6896503567695618 0.01385600958019495
v 0.4567932188510895 0.8018501996994019 -0.023476295173168182
v 0.6853801608085632 0.9254278540611267 -0.009708013385534286
v 0.43624889850616455 0.5208948850631714 -0.011348714120686054
v 0.6230233907699585 0.4233626425266266 0.02564615197479725
v 0.6685841679573059 0.47966885566711426 0.009419841691851616
v 0.19329844415187836 0.9341644644737244 -0.026289530098438263
v 0.20524819195270538 1.1344177722930908 -0.016326425597071648
v 0.1828833669424057 1.1303119659423828 -0.043564312160015106
v 0.11985529959201813 0.16902242600917816 -0.004001139663159847
v 0.06436365842819214 0.13436177372932434 -0.0036712386645376682
v 0.10175377130508423 0.03536418080329895 0.021685423329472542
v 0.15135683119297028 0.045067090541124344 0.016441553831100464
v 0.3550102710723877 0.4032370150089264 -0.01099130604416132
v 0.48742544651031494 0.2635885179042816 0.036566875874996185
v 0.5333114862442017 0.31135326623916626 0.02314853109419346
v 0.018095245584845543 0.8392510414123535 -0.018734434619545937
v 0.04247349500656128 1.0446010828018188 -0.031240103766322136
v 0.753742516040802 0.7430679798126221 -0.045414093881845474
v 0.4238687753677368 0.17197217047214508 -0.024961624294519424
v 0.3946719467639923 1.1489207744598389 -0.07109374552965164
v 0.6624956727027893 0.9906218647956848 -0.064747653901577
v 0.17835615575313568 0.033731695264577866 -0.024370737373828888
v 0.5785679817199707 0.31265440583229065 -0.02274220623075962
v 0.7068331837654114 0.5061087012290955 -0.044831037521362305
v 0.04874814674258232 1.0569976568222046 -0.06695014238357544
v 0.2611749470233917 0.09854397177696228 0.02453979104757309
v 0.02571406587958336 1.0496621131896973 -0.08107896894216537
v -0.021132659167051315 0.8341957926750183 -0.01973947323858738
v 0.7183960676193237 0.612188458442688 0.03009098209440708
v 0.6939340233802795 0.8831756114959717 0.01563042774796486
v 0.2439153641462326 1.1300256252288818 0.005383975338190794
v 0.5528923869132996 1.0715097188949585 -0.0011692955158650875
v -0.014073451049625874 8.2342819951009e-05 -0.020593974739313126
v -0.06552336364984512 0.01983119174838066 0.0067901103757321835
v -0.5551190972328186 1.072358250617981 0.013899639248847961
v -0.5969531536102295 1.0606017112731934 -0.0006649598944932222
v -0.4412965476512909 0.8928674459457397 -0.017896046862006187
v -0.4471991956233978 0.243427574634552 0.015181210823357105
v -0.30830374360084534 0.3171362578868866 -0.027679920196533203
v -0.3715646266937256 0.3874484598636627 -0.004939250182360411
v -0.3086366355419159 1.148915410041809 -0.007083132863044739
v -0.31596654653549194 1.1629070043563843 -0.03627241402864456
v -0.3256624937057495 0.9326081871986389 -0.019617624580860138
v -0.6836392283439636 0.9411989450454712 0.020531650632619858
v -0.7398767471313477 0.8197917938232422 0.024760106578469276
v -0.5050227642059326 0.7805144786834717 -0.007199592888355255
v -0.24733731150627136 0.10083852708339691 0.006241085473448038
v -0.1718781739473343 0.19113610684871674 -0.01837151311337948
v -0.2690685987472534 0.12334924191236496 0.019857872277498245
v -0.5925049185752869 0.40465107560157776 0.009121335111558437
v -0.4624468982219696 0.5150853395462036 -0.003814591793343425
v -0.4875189960002899 0.579012930393219 -0.017854969948530197
v -0.6665328741073608 0.5003954172134399 0.010053176432847977
v -0.08690391480922699 1.1083683967590332 -0.04440892115235329
v -0.13115288317203522 1.1211832761764526 -0.04263458028435707
v -0.13477355241775513 0.9044158458709717 -0.03208904340863228
v -0.34962689876556396 0.17343126237392426 0.013554788194596767
v -0.30151674151420593 0.13781286776065826 0.022728240117430687
v -0.5081658959388733 0.7179776430130005 -0.018968166783452034
v -0.753742516040802 0.7466069459915161 -0.029064808040857315
v -0.7536824941635132 0.7114502787590027 -0.009705686941742897
v -0.1924462914466858 0.9248338937759399 -0.025716496631503105
v -0.1778852641582489 1.1319040060043335 -0.004779822193086147
v -0.21524322032928467 1.1318994760513306 0.006603269372135401
v -0.07616525888442993 0.14861184358596802 -0.005619996692985296
v -0.0953102707862854 0.04199211671948433 0.023762982338666916
v -0.4200572371482849 0.4495618939399719 -0.020405137911438942
v -0.5165373682975769 0.3251435160636902 0.022373016923666
v -0.07113943248987198 0.877686083316803 -0.01989513821899891
v -0.05272669345140457 1.0808099508285522 -0.012203876860439777
v -0.6828935146331787 0.5000082850456238 -0.031257785856723785
v -0.353664755821228 0.15614120662212372 -0.016526080667972565
v -0.16209222376346588 0.07198377698659897 0.005429392214864492
v -0.13846009969711304 0.05140034109354019 0.015621926635503769
v -0.5687714219093323 0.3410465717315674 -0.022869711741805077
v -0.5400835871696472 0.3158603608608246 -0.013769259676337242
v -0.7201467752456665 0.5723458528518677 -0.01913614384829998
v -0.7004305124282837 0.5249431729316711 -0.03865203633904457
v 0.002158975461497903 1.0534900426864624 -0.0771699771285057
v -0.028323329985141754 1.0563794374465942 -0.01863921247422695
v -0.18229372799396515 0.054010383784770966 -0.02650945633649826
v -0.7437599301338196 0.7002708911895752 0.03874916583299637
v -0.71890789270401 0.6027148962020874 0.026172984391450882
v -0.49346092343330383 0.657728910446167 -0.007774876430630684
v -0.48301875591278076 0.8504908084869385 -0.010507016442716122
v -0.4783322811126709 1.1163098812103271 7.653210923308507e-05
v 0.1005939319729805 0.016570385545492172 -0.05340375006198883
v 0.04934974014759064 0.008834057487547398 -0.08245845139026642
v 0.006941764149814844 0.1269034445285797 -0.14275185763835907
v 0.05293073132634163 0.1294207125902176 -0.1320791393518448
v 0.5852684378623962 1.073499083518982 -0.09449472278356552
v 0.609541654586792 1.0511730909347534 -0.10490872710943222
v 0.48178407549858093 0.892595112323761 -0.13448026776313782
v 0.7311449646949768 0.5964581370353699 -0.05629299208521843
v 0.7220721244812012 0.55971759557724 -0.07868201285600662
v 0.5227916836738586 0.5731884241104126 -0.10839439183473587
v 0.4822880029678345 0.24078701436519623 -0.0013366854982450604
v 0.48170793056488037 0.22691717743873596 -0.04610676318407059
v 0.32805728912353516 0.3287389874458313 -0.10665978491306305
v 0.2905348241329193 1.1506909132003784 -0.03674914687871933
v 0.30778631567955017 1.1543292999267578 -0.08219540119171143
v 0.33085939288139343 0.9786637425422668 -0.14221346378326416
v 0.7268876433372498 0.8384110331535339 -0.02098153717815876
v 0.7372092604637146 0.8251800537109375 -0.06470408290624619
v 0.5593235492706299 0.7448756694793701 -0.09078528732061386
v 0.2873137593269348 0.08439087867736816 -0.045202337205410004
v 0.22818979620933533 0.0677691251039505 -0.06998633593320847
v 0.17607872188091278 0.20406340062618256 -0.09530249238014221
v 0.6312848329544067 0.40988796949386597 -0.0520755797624588
v 0.6192498207092285 0.37604260444641113 -0.06238189712166786
v 0.4016885459423065 0.41813257336616516 -0.10949095338582993
v 0.0857456773519516 1.0919899940490723 -0.08194903284311295
v 0.14064301550388336 1.1131923198699951 -0.09145662188529968
v 0.15772543847560883 0.9420903921127319 -0.12268073856830597
v 0.25271478295326233 0.262417733669281 -0.10798438638448715
v 0.34394997358322144 0.13178952038288116 -0.0514388307929039
v 0.31931036710739136 0.1291218250989914 -0.0022771412041038275
v 0.4326165020465851 0.928756058216095 -0.1307756006717682
v 0.46744078397750854 1.115420937538147 -0.1133984699845314
v 0.529047429561615 1.0965968370437622 -0.0490322969853878
v 0.549803614616394 0.6394317746162415 -0.10298821330070496
v 0.7482193112373352 0.670728862285614 -0.07267402857542038
v 0.7390753626823425 0.644817590713501 -0.01853831671178341
v 0.5353248715400696 0.7994999885559082 -0.11351065337657928
v 0.6996172070503235 0.8996845483779907 -0.08358034491539001
v 0.7026997208595276 0.8950356841087341 -0.046408750116825104
v 0.6403142809867859 0.42765092849731445 -0.011498913168907166
v 0.4434530735015869 0.4576174318790436 -0.11063054949045181
v 0.46873173117637634 0.5031635761260986 -0.10555457323789597
v 0.656162440776825 0.444304496049881 -0.01610398292541504
v 0.2442384511232376 0.975159764289856 -0.12750163674354553
v 0.18745693564414978 1.1253509521484375 -0.08762703835964203
v 0.23859336972236633 1.1393067836761475 -0.06616789102554321
v 0.1201501339673996 0.03352661430835724 -0.005764976143836975
v 0.10831651836633682 0.15383602678775787 -0.10316787660121918
v 0.1272941678762436 0.026522481814026833 -0.0406453013420105
v 0.49557989835739136 0.26321229338645935 0.0055725653655827045
v 0.3847934603691101 0.388752281665802 -0.10565575212240219
v 0.5128931403160095 0.2678026854991913 -0.015513702295720577
v 0.10183402895927429 0.902023434638977 -0.13186168670654297
v 0.09093364328145981 1.0493584871292114 -0.11085469275712967
v 0.7399854063987732 0.7548313736915588 -0.08458234369754791
v 0.6719683408737183 0.44521835446357727 -0.07682318985462189
v 0.4367969036102295 0.1926037222146988 -0.06457530707120895
v 0.39512962102890015 1.1331489086151123 -0.11295691132545471
v 0.6461264491081238 0.9775142073631287 -0.11738976836204529
v 0.14578647911548615 0.02998693287372589 -0.0597861111164093
v 0.5267268419265747 0.2705792188644409 -0.051438093185424805
v 0.5782909989356995 0.3286946415901184 -0.06826923787593842
v 0.7019768357276917 0.511008620262146 -0.08608122915029526
v 0.06609173864126205 1.044385552406311 -0.1324560046195984
v 0.10523482412099838 0.022202076390385628 -0.013876093551516533
v 0.2976799011230469 0.11829569190740585 0.0045691803097724915
v 0.02548046037554741 1.0440199375152588 -0.14381848275661469
v 0.01429346390068531 0.8368862867355347 -0.15358909964561462
v 0.7280360460281372 0.6235544681549072 -0.010242532938718796
v 0.7100149989128113 0.8708536028862 -0.018471896648406982
v 0.26593026518821716 1.1381347179412842 -0.03307579457759857
v 0.5557252764701843 1.0764399766921997 -0.05037497356534004
v -0.01996372826397419 0.007157697807997465 -0.09374022483825684
v -0.05435779690742493 0.1381548047065735 -0.12822550535202026
v -0.5671306252479553 1.088005781173706 -0.04063877835869789
v -0.5387817621231079 1.092724084854126 -0.02462262660264969
v -0.4456758499145508 0.9105145931243896 -0.12624554336071014
v -0.7112337946891785 0.6057972311973572 -0.07472938299179077
v -0.7300382852554321 0.6333939433097839 -0.014237974770367146
v -0.4955126643180847 0.5894732475280762 -0.1102883517742157
v -0.44692835211753845 0.23538151383399963 -0.06978949904441833
v -0.47077345848083496 0.27057135105133057 -0.008471537381410599
v -0.32850733399391174 0.3201810419559479 -0.10243117809295654
v -0.28245729207992554 1.1572812795639038 -0.0929613932967186
v -0.25653889775276184 1.1545413732528687 -0.04070744663476944
v -0.29993703961372375 0.9604915976524353 -0.14194798469543457
v -0.7325987219810486 0.8506121635437012 -0.035339221358299255
v -0.7010480761528015 0.9035689234733582 -0.004605122376233339
v -0.5317848324775696 0.7283713817596436 -0.09070755541324615
v -0.2138557732105255 0.07409564405679703 -0.0739140510559082
v -0.2842284142971039 0.11070491373538971 -0.051796361804008484
v -0.1731652170419693 0.18895672261714935 -0.08972889930009842
v -0.5922514200210571 0.38540399074554443 -0.06907416880130768
v -0.613035261631012 0.44413334131240845 -0.05692782998085022
v -0.4235895872116089 0.449991375207901 -0.11008788645267487
v -0.1301436722278595 1.1236056089401245 -0.08886552602052689
v -0.0943438932299614 1.1114230155944824 -0.08913536369800568
v -0.1432429999113083 0.9513195753097534 -0.11771369725465775
v -0.2420642375946045 0.2488296777009964 -0.0762363150715828
v -0.2976156175136566 0.14036357402801514 -0.004656128119677305
v -0.31342706084251404 0.14082376658916473 -0.02858695760369301
v -0.3991915285587311 0.9419528245925903 -0.12165556102991104
v -0.49489742517471313 1.116999864578247 -0.08354248106479645
v -0.4323347210884094 1.1305512189865112 -0.09905168414115906
v -0.5308167338371277 0.6719773411750793 -0.09611383825540543
v -0.7492379546165466 0.675979733467102 -0.029617756605148315
v -0.7438444495201111 0.7445508241653442 -0.061425838619470596
v -0.5112683773040771 0.8192153573036194 -0.10554416477680206
v -0.6652435064315796 0.9687497615814209 -0.08264414221048355
v -0.6319239735603333 1.016208291053772 -0.08663459867238998
v -0.4742264747619629 0.5226158499717712 -0.10425989329814911
v -0.6385915279388428 0.46819624304771423 -0.018234798684716225
v -0.20265276730060577 0.9754417538642883 -0.12602902948856354
v -0.22636117041110992 1.1393049955368042 -0.03006332367658615
v -0.20661786198616028 1.144892930984497 -0.0679427832365036
v -0.10459821671247482 0.03574393317103386 -0.011317149735987186
v -0.09291518479585648 0.022075630724430084 -0.06671637296676636
v -0.4981616735458374 0.29494619369506836 -0.00624403590336442
v -0.3746275305747986 0.3792169690132141 -0.0873340368270874
v -0.05440641939640045 1.0968525409698486 -0.0840219184756279
v -0.07385432720184326 0.9156984686851501 -0.12872716784477234
v -0.7396222949028015 0.8113991022109985 -0.052452798932790756
v -0.6647876501083374 0.46759364008903503 -0.057682305574417114
v -0.33749231696128845 0.15091365575790405 -0.05320155993103981
v -0.35116681456565857 1.1485018730163574 -0.10077174752950668
v -0.5981544256210327 1.0673081874847412 -0.08547843247652054
v -0.09574101120233536 0.14602582156658173 -0.09527162462472916
v -0.1276894211769104 0.03990218788385391 -0.00948532484471798
v -0.12622565031051636 0.037104763090610504 -0.064320869743824
v -0.5120480060577393 0.2917673587799072 -0.05265765264630318
v -0.5494170188903809 0.33690592646598816 -0.06945624947547913
v -0.6660996079444885 0.5531994104385376 -0.09013909846544266
v -0.03819919377565384 1.0756927728652954 -0.07297393679618835
v -0.015659283846616745 1.0438454151153564 -0.13554055988788605
v -0.16299214959144592 0.04797745868563652 -0.06819754093885422
v -0.28214675188064575 0.132110595703125 -0.01814759522676468
v -0.7448136210441589 0.6695343255996704 0.011662094853818417
v -0.6980802416801453 0.9209108948707581 -0.05664479359984398
v -0.5111005902290344 1.1071369647979736 -0.034385696053504944
v 0.06012733280658722 0.0022639548406004906 -0.015956677496433258
v 0.04934974014759064 0.008834057487547398 -0.08245845139026642
v 0.1005939319729805 0.016570385545492172 -0.05340375006198883
v 0.609541654586792 1.0511730909347534 -0.10490872710943222
v 0.5852684378623962 1.073499083518982 -0.09449472278356552
v 0.7220721244812012 0.55971759557724 -0.07868201285600662
v 0.7311449646949768 0.5964581370353699 -0.05629299208521843
v 0.48170793056488037 0.22691717743873596 -0.04610676318407059
v 0.4822880029678345 0.24078701436519623 -0.0013366854982450604
v 0.30778631567955017 1.1543292999267578 -0.08219540119171143
v 0.2905348241329193 1.1506909132003784 -0.03674914687871933
v 0.7372092604637146 0.8251800537109375 -0.06470408290624619
v 0.7268876433372498 0.8384110331535339 -0.02098153717815876
v 0.22818979620933533 0.0677691251039505 -0.06998633593320847
v 0.2873137593269348 0.08439087867736816 -0.045202337205410004
v 0.6192498207092285 0.37604260444641113 -0.06238189712166786
v 0.6312848329544067 0.40988796949386597 -0.0520755797624588
v 0.14064301550388336 1.1131923198699951 -0.09145662188529968
v 0.0857456773519516 1.0919899940490723 -0.08194903284311295
v 0.7399854063987732 0.7548313736915588 -0.08458234369754791
v 0.6925584673881531 0.4729205071926117 -0.03617740049958229
v 0.656162440776825 0.444304496049881 -0.01610398292541504
v 0.6719683408737183 0.44521835446357727 -0.07682318985462189
v 0.18745693564414978 1.1253509521484375 -0.08762703835964203
v 0.4367969036102295 0.1926037222146988 -0.06457530707120895
v 0.39512962102890015 1.1331489086151123 -0.11295691132545471
v 0.6461264491081238 0.9775142073631287 -0.11738976836204529
v 0.1272941678762436 0.026522481814026833 -0.0406453013420105
v 0.14578647911548615 0.02998693287372589 -0.0597861111164093
v 0.5506435632705688 0.2901412546634674 -0.004272082354873419
v 0.5128931403160095 0.2678026854991913 -0.015513702295720577
v 0.5267268419265747 0.2705792188644409 -0.051438093185424805
v 0.1201501339673996 0.03352661430835724 -0.005764976143836975
v 0.09093364328145981 1.0493584871292114 -0.11085469275712967
v 0.06609173864126205 1.044385552406311 -0.1324560046195984
v 0.06536806374788284 0.017992794513702393 0.01116660051047802
v 0.10523482412099838 0.022202076390385628 -0.013876093551516533
v 0.2976799011230469 0.11829569190740585 0.0045691803097724915
v 0.31931036710739136 0.1291218250989914 -0.0022771412041038275
v 0.3818124532699585 0.14156179130077362 -0.015743445605039597
v 0.34394997358322144 0.13178952038288116 -0.0514388307929039
v 0.02548046037554741 1.0440199375152588 -0.14381848275661469
v 0.49557989835739136 0.26321229338645935 0.0055725653655827045
v 0.5782909989356995 0.3286946415901184 -0.06826923787593842
v 0.6403142809867859 0.42765092849731445 -0.011498913168907166
v 0.7019768357276917 0.511008620262146 -0.08608122915029526
v 0.7280360460281372 0.6235544681549072 -0.010242532938718796
v 0.7390753626823425 0.644817590713501 -0.01853831671178341
v 0.7535578608512878 0.6980616450309753 -0.03028241917490959
v 0.7482193112373352 0.670728862285614 -0.07267402857542038
v 0.7100149989128113 0.8708536028862 -0.018471896648406982
v 0.7026997208595276 0.8950356841087341 -0.046408750116825104
v 0.6919223070144653 0.940937340259552 -0.05305194854736328
v 0.6996172070503235 0.8996845483779907 -0.08358034491539001
v 0.23859336972236633 1.1393067836761475 -0.06616789102554321
v 0.26593026518821716 1.1381347179412842 -0.03307579457759857
v 0.529047429561615 1.0965968370437622 -0.0490322969853878
v 0.46744078397750854 1.115420937538147 -0.1133984699845314
v 0.5557252764701843 1.0764399766921997 -0.05037497356534004
v -0.01996372826397419 0.007157697807997465 -0.09374022483825684
v -0.5387817621231079 1.092724084854126 -0.02462262660264969
v -0.5671306252479553 1.088005781173706 -0.04063877835869789
v -0.7300382852554321 0.6333939433097839 -0.014237974770367146
v -0.7112337946891785 0.6057972311973572 -0.07472938299179077
v -0.4317626357078552 0.21129658818244934 -0.026683561503887177
v -0.47077345848083496 0.27057135105133057 -0.008471537381410599
v -0.44692835211753845 0.23538151383399963 -0.06978949904441833
v -0.25653889775276184 1.1545413732528687 -0.04070744663476944
v -0.28245729207992554 1.1572812795639038 -0.0929613932967186
v -0.7010480761528015 0.9035689234733582 -0.004605122376233339
v -0.7325987219810486 0.8506121635437012 -0.035339221358299255
v -0.2249014675617218 0.06695530563592911 -0.033594515174627304
v -0.2842284142971039 0.11070491373538971 -0.051796361804008484
v -0.2138557732105255 0.07409564405679703 -0.0739140510559082
v -0.5911527872085571 0.3734389543533325 -0.016387304291129112
v -0.613035261631012 0.44413334131240845 -0.05692782998085022
v -0.5922514200210571 0.38540399074554443 -0.06907416880130768
v -0.0943438932299614 1.1114230155944824 -0.08913536369800568
v -0.1301436722278595 1.1236056089401245 -0.08886552602052689
v -0.7518249750137329 0.7967411279678345 -0.012470951303839684
v -0.7396222949028015 0.8113991022109985 -0.052452798932790756
v -0.7438444495201111 0.7445508241653442 -0.061425838619470596
v -0.6647876501083374 0.46759364008903503 -0.057682305574417114
v -0.6385915279388428 0.46819624304771423 -0.018234798684716225
v -0.20661786198616028 1.144892930984497 -0.0679427832365036
v -0.33749231696128845 0.15091365575790405 -0.05320155993103981
v -0.31342706084251404 0.14082376658916473 -0.02858695760369301
v -0.4165189266204834 1.1535509824752808 -0.06022036820650101
v -0.3583301901817322 1.1587008237838745 -0.056081876158714294
v -0.35116681456565857 1.1485018730163574 -0.10077174752950668
v -0.4323347210884094 1.1305512189865112 -0.09905168414115906
v -0.6450017690658569 1.0253880023956299 -0.05087235942482948
v -0.617409884929657 1.059709072113037 -0.04110999032855034
v -0.5981544256210327 1.0673081874847412 -0.08547843247652054
v -0.6319239735603333 1.016208291053772 -0.08663459867238998
v -0.12622565031051636 0.037104763090610504 -0.064320869743824
v -0.1276894211769104 0.03990218788385391 -0.00948532484471798
v -0.5494170188903809 0.33690592646598816 -0.06945624947547913
v -0.5120480060577393 0.2917673587799072 -0.05265765264630318
v -0.10459821671247482 0.03574393317103386 -0.011317149735987186
v -0.09291518479585648 0.022075630724430084 -0.06671637296676636
v -0.015659283846616745 1.0438454151153564 -0.13554055988788605
v -0.03819919377565384 1.0756927728652954 -0.07297393679618835
v -0.16299214959144592 0.04797745868563652 -0.06819754093885422
v -0.28214675188064575 0.132110595703125 -0.01814759522676468
v -0.2976156175136566 0.14036357402801514 -0.004656128119677305
v -0.4981616735458374 0.29494619369506836 -0.00624403590336442
v -0.6660996079444885 0.5531994104385376 -0.09013909846544266
v -0.7448136210441589 0.6695343255996704 0.011662094853818417
v -0.7492379546165466 0.675979733467102 -0.029617756605148315
v -0.6818189024925232 0.9584516882896423 -0.03550082445144653
v -0.6980802416801453 0.9209108948707581 -0.05664479359984398
v -0.670543372631073 0.984042763710022 -0.04938323050737381
v -0.6652435064315796 0.9687497615814209 -0.08264414221048355
v -0.05440641939640045 1.0968525409698486 -0.0840219184756279
v -0.22636117041110992 1.1393049955368042 -0.03006332367658615
v -0.45322567224502563 1.1410200595855713 -0.04919600114226341
v -0.49489742517471313 1.116999864578247 -0.08354248106479645
v -0.5111005902290344 1.1071369647979736 -0.034385696053504944
v -0.030866188928484917 0.5911642909049988 -0.1584763079881668
v -0.02143636718392372 0.596538245677948 -0.01071892585605383
v -0.232330322265625 0.25124481320381165 -0.008538354188203812
vt 0.45493820309638977 0.8784780502319336
vt 0.4499107897281647 0.8873500823974609
vt 0.44532689452171326 0.8827661871910095
vt 0.45124155282974243 0.8710847496986389
vt 0.47238650918006897 0.8778865933418274
vt 0.4738651216030121 0.8769993782043457
vt 0.47770968079566956 0.8848363161087036
vt 0.4757874310016632 0.8852798938751221
vt 0.4573041498661041 0.8622127771377563
vt 0.4573041498661041 0.8641349673271179
vt 0.45153725147247314 0.8589596748352051
vt 0.4521288275718689 0.8577767014503479
vt 0.4784490168094635 0.8911945819854736
vt 0.4766745865345001 0.8916381597518921
vt 0.46484532952308655 0.9028760194778442
vt 0.465288907289505 0.9047983288764954
vt 0.4583391845226288 0.9042068719863892
vt 0.458782821893692 0.9019888639450073
vt 0.46321871876716614 0.866796612739563
vt 0.4626273214817047 0.8681274056434631
vt 0.4759353697299957 0.8985878825187683
vt 0.47416093945503235 0.8971092700958252
vt 0.4710557162761688 0.9012495279312134
vt 0.472238689661026 0.9025803208351135
vt 0.450797975063324 0.8975528478622437
vt 0.44976291060447693 0.8990315794944763
vt 0.44621405005455017 0.8956305980682373
vt 0.44769278168678284 0.8941519856452942
vt 0.44325676560401917 0.8917860388755798
vt 0.44473549723625183 0.8906031250953674
vt 0.4790405333042145 0.8740420937538147
vt 0.4839201271533966 0.8824704885482788
vt 0.4422217011451721 0.8502355217933655
vt 0.44296106696128845 0.8494962453842163
vt 0.44532689452171326 0.8524535298347473
vt 0.44503119587898254 0.8527492880821228
vt 0.46085289120674133 0.8577767014503479
vt 0.4550861418247223 0.8530449867248535
vt 0.48495522141456604 0.8908988833427429
vt 0.4573041498661041 0.910565197467804
vt 0.46573248505592346 0.9111565947532654
vt 0.46691545844078064 0.8617691397666931
vt 0.4812585413455963 0.9025803208351135
vt 0.47504809498786926 0.9090865254402161
vt 0.4451789855957031 0.9037632942199707
vt 0.44177812337875366 0.8996229767799377
vt 0.43985578417778015 0.8950391411781311
vt 0.465880423784256 0.8906031250953674
vt 0.4487278461456299 0.8639872074127197
vt 0.45848706364631653 0.8848363161087036
vt 0.4392643868923187 0.890011727809906
vt 0.43985578417778015 0.8867586255073547
vt 0.44296106696128845 0.8880894184112549
vt 0.4422217011451721 0.889568030834198
vt 0.9596996903419495 0.4641803503036499
vt 0.9577675461769104 0.4641803503036499
vt 0.9577675461769104 0.4618343114852905
vt 0.9596996903419495 0.4618343114852905
vt 0.9619079232215881 0.4641803503036499
vt 0.9619079232215881 0.4618343114852905
vt 0.9653581976890564 0.4618343114852905
vt 0.9653581976890564 0.4641803503036499
vt 0.9619079232215881 0.4665266275405884
vt 0.9596996903419495 0.4665266275405884
vt 0.9596996903419495 0.4688728451728821
vt 0.9619079232215881 0.4688728451728821
vt 0.9653581976890564 0.4665266275405884
vt 0.9653581976890564 0.4688728451728821
vt 0.9714307188987732 0.4665266275405884
vt 0.9714307188987732 0.4688728451728821
vt 0.9653581976890564 0.47121894359588623
vt 0.9619079232215881 0.47121894359588623
vt 0.9596996903419495 0.47121894359588623
vt 0.9619079232215881 0.47356516122817993
vt 0.9596996903419495 0.47356516122817993
vt 0.9653581976890564 0.47356516122817993
vt 0.9577675461769104 0.4688728451728821
vt 0.9577675461769104 0.4665266275405884
vt 0.9577675461769104 0.47121894359588623
vt 0.9714307188987732 0.47121894359588623
vt 0.9783311486244202 0.4688728451728821
vt 0.9783311486244202 0.47121894359588623
vt 0.9714307188987732 0.47356516122817993
vt 0.9783311486244202 0.47356516122817993
vt 0.9835755228996277 0.4688728451728821
vt 0.9835755228996277 0.47121894359588623
vt 0.9783311486244202 0.4665266275405884
vt 0.9835755228996277 0.4665266275405884
vt 0.9714307188987732 0.4641803503036499
vt 0.9714307188987732 0.4618343114852905
vt 0.9714307188987732 0.45948803424835205
vt 0.9653581976890564 0.45948803424835205
vt 0.9653581976890564 0.45714181661605835
vt 0.9714307188987732 0.45714181661605835
vt 0.9619079232215881 0.45948803424835205
vt 0.9619079232215881 0.45714181661605835
vt 0.9783311486244202 0.4641803503036499
vt 0.9783311486244202 0.4618343114852905
vt 0.9783311486244202 0.45948803424835205
vt 0.9596996903419495 0.45948803424835205
vt 0.9577675461769104 0.45948803424835205
vt 0.9596996903419495 0.45714181661605835
vt 0.9577675461769104 0.45714181661605835
vt 0.9577675461769104 0.47356516122817993
vt 0.9596996903419495 0.4759112596511841
vt 0.9577675461769104 0.4759112596511841
vt 0.9619079232215881 0.4759112596511841
vt 0.9897860884666443 0.4618343114852905
vt 0.9897860884666443 0.45948803424835205
vt 0.9914421439170837 0.45948803424835205
vt 0.9914421439170837 0.4618343114852905
vt 0.9914421439170837 0.4641803503036499
vt 0.9897860884666443 0.4641803503036499
vt 0.9897860884666443 0.4665266275405884
vt 0.9914421439170837 0.4665266275405884
vt 0.9914421439170837 0.4688728451728821
vt 0.9897860884666443 0.4688728451728821
vt 0.9914421439170837 0.47121894359588623
vt 0.9897860884666443 0.47121894359588623
vt 0.9881299138069153 0.4688728451728821
vt 0.9881299138069153 0.47121894359588623
vt 0.9864737391471863 0.47121894359588623
vt 0.9864737391471863 0.4688728451728821
vt 0.9864737391471863 0.4665266275405884
vt 0.9881299138069153 0.4641803503036499
vt 0.9881299138069153 0.4665266275405884
vt 0.9864737391471863 0.4641803503036499
vt 0.9835755228996277 0.4641803503036499
vt 0.9864737391471863 0.4618343114852905
vt 0.9881299138069153 0.4618343114852905
vt 0.9835755228996277 0.4618343114852905
vt 0.9864737391471863 0.47356516122817993
vt 0.9835755228996277 0.47356516122817993
vt 0.9881299138069153 0.4759112596511841
vt 0.9864737391471863 0.4759112596511841
vt 0.9881299138069153 0.47356516122817993
vt 0.9835755228996277 0.4759112596511841
vt 0.9897860884666443 0.47356516122817993
vt 0.9914421439170837 0.47356516122817993
vt 0.9914421439170837 0.4759112596511841
vt 0.9897860884666443 0.4759112596511841
vt 0.9881299138069153 0.45948803424835205
vt 0.9881299138069153 0.45714181661605835
vt 0.9864737391471863 0.45948803424835205
vt 0.9864737391471863 0.45714181661605835
vt 0.9835755228996277 0.45948803424835205
vt 0.9835755228996277 0.45714181661605835
vt 0.9783311486244202 0.45714181661605835
vt 0.9783311486244202 0.4759112596511841
vt 0.9714307188987732 0.4759112596511841
vt 0.9897860884666443 0.45714181661605835
vt 0.9914421439170837 0.45714181661605835
vt 0.9653581976890564 0.4759112596511841
vt 0.6937328577041626 0.46592509746551514
vt 0.6916626691818237 0.46592509746551514
vt 0.6916626691818237 0.46330273151397705
vt 0.6937328577041626 0.46330273151397705
vt 0.6962170600891113 0.46592509746551514
vt 0.6962170600891113 0.46330273151397705
vt 0.7004953622817993 0.46330273151397705
vt 0.7004953622817993 0.46592509746551514
vt 0.6962170600891113 0.4684091806411743
vt 0.6937328577041626 0.4684091806411743
vt 0.6937328577041626 0.4708935022354126
vt 0.6962170600891113 0.4708935022354126
vt 0.7004953622817993 0.4684091806411743
vt 0.7004953622817993 0.4708935022354126
vt 0.7073959112167358 0.4684091806411743
vt 0.7073959112167358 0.4708935022354126
vt 0.7004953622817993 0.4736536741256714
vt 0.6962170600891113 0.4736536741256714
vt 0.6937328577041626 0.4736536741256714
vt 0.6962170600891113 0.47627580165863037
vt 0.6937328577041626 0.47627580165863037
vt 0.7004953622817993 0.47627580165863037
vt 0.6916626691818237 0.4708935022354126
vt 0.6916626691818237 0.4684091806411743
vt 0.6916626691818237 0.4736536741256714
vt 0.7073959112167358 0.4736536741256714
vt 0.7151246070861816 0.4708935022354126
vt 0.7151246070861816 0.4736536741256714
vt 0.7073959112167358 0.47627580165863037
vt 0.7151246070861816 0.47627580165863037
vt 0.7213350534439087 0.4708935022354126
vt 0.7213350534439087 0.4736536741256714
vt 0.7151246070861816 0.4684091806411743
vt 0.7213350534439087 0.4684091806411743
vt 0.7073959112167358 0.46592509746551514
vt 0.7073959112167358 0.46330273151397705
vt 0.7073959112167358 0.46054255962371826
vt 0.7004953622817993 0.46054255962371826
vt 0.7004953622817993 0.4579204320907593
vt 0.7073959112167358 0.4579204320907593
vt 0.6962170600891113 0.46054255962371826
vt 0.6962170600891113 0.4579204320907593
vt 0.7151246070861816 0.46592509746551514
vt 0.7151246070861816 0.46330273151397705
vt 0.7151246070861816 0.46054255962371826
vt 0.6937328577041626 0.46054255962371826
vt 0.6916626691818237 0.46054255962371826
vt 0.6937328577041626 0.4579204320907593
vt 0.6916626691818237 0.4579204320907593
vt 0.6916626691818237 0.47627580165863037
vt 0.6937328577041626 0.47876012325286865
vt 0.6916626691818237 0.47876012325286865
vt 0.6962170600891113 0.47876012325286865
vt 0.7285116910934448 0.46330273151397705
vt 0.7285116910934448 0.46054255962371826
vt 0.7303057909011841 0.46054255962371826
vt 0.7303057909011841 0.46330273151397705
vt 0.7303057909011841 0.46592509746551514
vt 0.7285116910934448 0.46592509746551514
vt 0.7285116910934448 0.4684091806411743
vt 0.7303057909011841 0.4684091806411743
vt 0.7303057909011841 0.4708935022354126
vt 0.7285116910934448 0.4708935022354126
vt 0.7303057909011841 0.4736536741256714
vt 0.7285116910934448 0.4736536741256714
vt 0.7267175912857056 0.4708935022354126
vt 0.7267175912857056 0.4736536741256714
vt 0.724785327911377 0.4736536741256714
vt 0.724785327911377 0.4708935022354126
vt 0.724785327911377 0.4684091806411743
vt 0.7267175912857056 0.46592509746551514
vt 0.7267175912857056 0.4684091806411743
vt 0.724785327911377 0.46592509746551514
vt 0.7213350534439087 0.46592509746551514
vt 0.724785327911377 0.46330273151397705
vt 0.7267175912857056 0.46330273151397705
vt 0.7213350534439087 0.46330273151397705
vt 0.724785327911377 0.47627580165863037
vt 0.7213350534439087 0.47627580165863037
vt 0.7267175912857056 0.47876012325286865
vt 0.724785327911377 0.47876012325286865
vt 0.7267175912857056 0.47627580165863037
vt 0.7213350534439087 0.47876012325286865
vt 0.7285116910934448 0.47627580165863037
vt 0.7303057909011841 0.47627580165863037
vt 0.7303057909011841 0.47876012325286865
vt 0.7285116910934448 0.47876012325286865
vt 0.7267175912857056 0.46054255962371826
vt 0.7267175912857056 0.4579204320907593
vt 0.724785327911377 0.46054255962371826
vt 0.724785327911377 0.4579204320907593
vt 0.7213350534439087 0.46054255962371826
vt 0.7213350534439087 0.4579204320907593
vt 0.7151246070861816 0.4579204320907593
vt 0.7151246070861816 0.47876012325286865
vt 0.7073959112167358 0.47876012325286865
vt 0.7285116910934448 0.4579204320907593
vt 0.7303057909011841 0.4579204320907593
vt 0.7004953622817993 0.47876012325286865
vt 0.46957698464393616 0.872563362121582
vt 0.4746045172214508 0.8684231042861938
vt 0.4685418903827667 0.8737463355064392
vt 0.45464256405830383 0.9005102515220642
vt 0.45405104756355286 0.9024324417114258
vt 0.450797975063324 0.9080514311790466
vt 0.44710132479667664 0.8707890510559082
vt 0.44473549723625183 0.8650222420692444
vt 0.4426652789115906 0.8811396360397339
vt 0.20697219669818878 0.5274388790130615
vt 0.20238827168941498 0.5227071046829224
vt 0.20933809876441956 0.5135393738746643
vt 0.21362623572349548 0.5191583037376404
vt 0.20253616571426392 0.5373458862304688
vt 0.2057892382144928 0.5401554107666016
vt 0.20712009072303772 0.5451828241348267
vt 0.20105750858783722 0.5441477298736572
vt 0.19543862342834473 0.5568642616271973
vt 0.19085469841957092 0.5515410900115967
vt 0.2019447684288025 0.5524283051490784
vt 0.2103731632232666 0.5301004648208618
vt 0.1949949413537979 0.5340928435325623
vt 0.21525269746780396 0.5213763117790222
vt 0.20963379740715027 0.5524283051490784
vt 0.19100257754325867 0.5437041521072388
vt 0.18893246352672577 0.5586386919021606
vt 0.18789739906787872 0.5596737861633301
vt 0.18390494585037231 0.5555335283279419
vt 0.185383602976799 0.5550899505615234
vt 0.18405285477638245 0.5500624179840088
vt 0.18286989629268646 0.5502102971076965
vt 0.18227842450141907 0.5444435477256775
vt 0.18434853851795197 0.544887125492096
vt 0.18582727015018463 0.5397117137908936
vt 0.1842007339000702 0.5388245582580566
vt 0.18701022863388062 0.5330577492713928
vt 0.18848887085914612 0.5337971448898315
vt 0.1920376420021057 0.527290940284729
vt 0.19070680439472198 0.5261080265045166
vt 0.1961778998374939 0.5169402360916138
vt 0.19765663146972656 0.5179753303527832
vt 0.19366419315338135 0.5601173639297485
vt 0.19336849451065063 0.5617439150810242
vt 0.20963379740715027 0.557012140750885
vt 0.21007737517356873 0.5577515363693237
vt 0.20504996180534363 0.5602652430534363
vt 0.204606294631958 0.5592301487922668
vt 0.19943097233772278 0.5620395541191101
vt 0.19928307831287384 0.5607088208198547
vt 0.21214750409126282 0.5114692449569702
vt 0.21643564105033875 0.5184189677238464
vt 0.21155603229999542 0.5407468676567078
vt 0.21170392632484436 0.5444435477256775
vt 0.215104877948761 0.5317270159721375
vt 0.21776649355888367 0.5213763117790222
vt 0.21347835659980774 0.5522804260253906
vt 0.18405285477638245 0.5657362341880798
vt 0.17799027264118195 0.5595258474349976
vt 0.174885094165802 0.5522804260253906
vt 0.17518088221549988 0.5438520312309265
vt 0.17665952444076538 0.5369023084640503
vt 0.18035617470741272 0.5298047065734863
vt 0.1844964325428009 0.5227071046829224
vt 0.19218553602695465 0.5130957961082458
vt 0.20623283088207245 0.5054066777229309
vt 0.20534566044807434 0.5091033577919006
vt 0.19248123466968536 0.5688415169715881
vt 0.21569636464118958 0.5601173639297485
vt 0.2154005765914917 0.5614482164382935
vt 0.20992949604988098 0.566327691078186
vt 0.20046603679656982 0.5688415169715881
vt 0.20416270196437836 0.5048152208328247
vt 0.20445847511291504 0.5082162022590637
vt 0.4819636940956116 0.17979151010513306
vt 0.4828941226005554 0.17990785837173462
vt 0.48021912574768066 0.1856067180633545
vt 0.5105745792388916 0.23119783401489258
vt 0.5087137222290039 0.23143047094345093
vt 0.5005723834037781 0.22328925132751465
vt 0.5162734985351562 0.20607614517211914
vt 0.5154593586921692 0.2079370617866516
vt 0.5028985142707825 0.2075880765914917
vt 0.5022006630897522 0.18851423263549805
vt 0.5027821660041809 0.19025880098342896
vt 0.4954549968242645 0.1965392827987671
vt 0.49708327651023865 0.23631525039672852
vt 0.49533870816230774 0.2353847622871399
vt 0.49417564272880554 0.22596412897109985
vt 0.5169712901115417 0.21863698959350586
vt 0.5153430104255676 0.22014892101287842
vt 0.5030148029327393 0.21503150463104248
vt 0.4911517798900604 0.18211758136749268
vt 0.49231478571891785 0.18281537294387817
vt 0.4888257086277008 0.19014251232147217
vt 0.5099931359291077 0.19630664587020874
vt 0.5101093649864197 0.19793492555618286
vt 0.5004560947418213 0.2027033567428589
vt 0.4870810806751251 0.23433798551559448
vt 0.4854528605937958 0.23270976543426514
vt 0.485336571931839 0.2242196798324585
vt 0.4924311339855194 0.19351530075073242
vt 0.4966180622577667 0.18642085790634155
vt 0.49754849076271057 0.2251499891281128
vt 0.5040615200996399 0.2339891791343689
vt 0.5020843744277954 0.2359662652015686
vt 0.5030148029327393 0.211775004863739
vt 0.5161571502685547 0.212938129901886
vt 0.5025495886802673 0.21910226345062256
vt 0.5135984420776367 0.224917471408844
vt 0.5020843744277954 0.20526200532913208
vt 0.5109235048294067 0.19967949390411377
vt 0.5127843022346497 0.20177286863327026
vt 0.4897560775279999 0.22538262605667114
vt 0.49045392870903015 0.23480331897735596
vt 0.4890582859516144 0.2350359559059143
vt 0.4863832890987396 0.1879327893257141
vt 0.4835919737815857 0.18630450963974
vt 0.485336571931839 0.18153607845306396
vt 0.4870810806751251 0.18188494443893433
vt 0.4981299936771393 0.19944685697555542
vt 0.5040615200996399 0.1917707324028015
vt 0.505689799785614 0.19363164901733398
vt 0.4811496138572693 0.22084683179855347
vt 0.48277783393859863 0.23119783401489258
vt 0.5174365639686584 0.2167760729789734
vt 0.5009213089942932 0.1873512864112854
vt 0.49940934777259827 0.2364315390586853
vt 0.5124354958534241 0.22910445928573608
vt 0.4890582859516144 0.18118709325790405
vt 0.5089462995529175 0.1946784257888794
vt 0.5156919956207275 0.20433157682418823
vt 0.4816148281097412 0.23259341716766357
vt 0.4931289255619049 0.18467628955841064
vt 0.4803354740142822 0.23247724771499634
vt 0.4791724681854248 0.22049790620803833
vt 0.5153430104255676 0.20991426706314087
vt 0.5139474272727966 0.22294026613235474
vt 0.49219849705696106 0.23445433378219604
vt 0.5065039396286011 0.23236095905303955
vt 0.47975391149520874 0.17990785837173462
vt 0.47719520330429077 0.18107080459594727
vt 0.4528876543045044 0.23096519708633423
vt 0.45125943422317505 0.23050004243850708
vt 0.45835399627685547 0.22224247455596924
vt 0.45835399627685547 0.1917707324028015
vt 0.46568113565444946 0.1946784257888794
vt 0.46265721321105957 0.19805121421813965
vt 0.4647507071495056 0.2345706820487976
vt 0.46347135305404663 0.2353847622871399
vt 0.46382030844688416 0.2243940234184265
vt 0.4468398690223694 0.22352176904678345
vt 0.44463008642196655 0.21910226345062256
vt 0.4556789994239807 0.2167760729789734
vt 0.4680072069168091 0.18455994129180908
vt 0.47231048345565796 0.1887468695640564
vt 0.46696048974990845 0.1856067180633545
vt 0.45160841941833496 0.1988653540611267
vt 0.45800507068634033 0.20409905910491943
vt 0.45660948753356934 0.2072392702102661
vt 0.44881707429885864 0.2024708390235901
vt 0.47417140007019043 0.23340767621994019
vt 0.4721941351890564 0.2345706820487976
vt 0.4732409119606018 0.22352176904678345
vt 0.46393656730651855 0.187700092792511
vt 0.46591371297836304 0.18630450963974
vt 0.45544636249542236 0.21386855840682983
vt 0.4430018663406372 0.21549683809280396
vt 0.44323450326919556 0.21375226974487305
vt 0.4703333377838135 0.22433584928512573
vt 0.46975177526474 0.2339891791343689
vt 0.468356192111969 0.23387283086776733
vt 0.4769626259803772 0.1870023012161255
vt 0.4759158492088318 0.1820012331008911
vt 0.4600985646247864 0.2009587287902832
vt 0.45602792501449585 0.19479471445083618
vt 0.47661375999450684 0.2224751114845276
vt 0.4757996201515198 0.23015105724334717
vt 0.44695615768432617 0.20305228233337402
vt 0.4625409245491028 0.1870023012161255
vt 0.473124623298645 0.18304800987243652
vt 0.47428762912750244 0.18235021829605103
vt 0.4527714252471924 0.1957252025604248
vt 0.45405077934265137 0.1946784257888794
vt 0.44521164894104004 0.2063087821006775
vt 0.4460257887840271 0.20409905910491943
vt 0.4792886972427368 0.23236095905303955
vt 0.4768463373184204 0.23073267936706543
vt 0.4714963436126709 0.1820012331008911
vt 0.444397509098053 0.21212399005889893
vt 0.4454442262649536 0.20851850509643555
vt 0.4562605023384094 0.21096092462539673
vt 0.4564931392669678 0.2202652096748352
vt 0.4559115767478943 0.23259341716766357
vt 0.6380388736724854 0.5225980281829834
vt 0.6403650045394897 0.5230632424354553
vt 0.6421095728874207 0.5289947986602783
vt 0.6398997902870178 0.5291110277175903
vt 0.6153596043586731 0.5755163431167603
vt 0.6143128871917725 0.5744696259498596
vt 0.6202443838119507 0.5666772723197937
vt 0.607218325138092 0.5520229935646057
vt 0.6077998876571655 0.5503947138786316
vt 0.6173368096351624 0.5513250827789307
vt 0.618383526802063 0.5338795185089111
vt 0.6197791695594788 0.5328328013420105
vt 0.626524806022644 0.5391132235527039
vt 0.6309443712234497 0.579470694065094
vt 0.6289671659469604 0.5791218280792236
vt 0.6276878714561462 0.5702826976776123
vt 0.6073346734046936 0.5650489926338196
vt 0.6067531108856201 0.5631881356239319
vt 0.6158248782157898 0.5596989989280701
vt 0.6289671659469604 0.5259708762168884
vt 0.6314095258712769 0.5259708762168884
vt 0.6336193680763245 0.5327165126800537
vt 0.6121031045913696 0.5419045090675354
vt 0.6126846075057983 0.5406251549720764
vt 0.6230356693267822 0.5435327887535095
vt 0.6396672129631042 0.5749348402023315
vt 0.6373410820960999 0.5759815573692322
vt 0.6358291506767273 0.5680729150772095
vt 0.6301302313804626 0.5357404351234436
vt 0.6250128746032715 0.5294600129127502
vt 0.6264085173606873 0.5279480218887329
vt 0.6226868033409119 0.5683055520057678
vt 0.6222215294837952 0.5773772597312927
vt 0.618383526802063 0.5774935483932495
vt 0.6160574555397034 0.5545815825462341
vt 0.6066368818283081 0.5571402907371521
vt 0.6060553193092346 0.5548142790794373
vt 0.6173368096351624 0.5623739957809448
vt 0.6101259589195251 0.5684217810630798
vt 0.608962893486023 0.5674914121627808
vt 0.6108238101005554 0.5431838631629944
vt 0.6210585236549377 0.545509934425354
vt 0.6197791695594788 0.5477197170257568
vt 0.6101259589195251 0.5437653660774231
vt 0.631758451461792 0.5699337720870972
vt 0.635596513748169 0.5767956972122192
vt 0.6336193680763245 0.5780750513076782
vt 0.6357128620147705 0.5224816799163818
vt 0.6368758678436279 0.5301578044891357
vt 0.6346660852432251 0.5234121680259705
vt 0.6176856756210327 0.5345773100852966
vt 0.6237334609031677 0.542020857334137
vt 0.6169878840446472 0.5353914499282837
vt 0.6383878588676453 0.5659794211387634
vt 0.6394345760345459 0.5726087689399719
vt 0.6069857478141785 0.5602805614471436
vt 0.60977703332901 0.5460914373397827
vt 0.6218726634979248 0.5320187211036682
vt 0.6251291632652283 0.5779587626457214
vt 0.6129171848297119 0.5713294148445129
vt 0.63396817445755 0.524109959602356
vt 0.6162900328636169 0.5366708040237427
vt 0.6144291758537292 0.5389969348907471
vt 0.6086140275001526 0.5486501455307007
vt 0.6405975818634033 0.5721434950828552
vt 0.6365269422531128 0.5222491025924683
vt 0.6271063089370728 0.527482807636261
vt 0.6421095728874207 0.5719109177589417
vt 0.6425747275352478 0.56272292137146
vt 0.6062878966331482 0.5538837909698486
vt 0.6080324649810791 0.5663283467292786
vt 0.6319910883903503 0.5788891911506653
vt 0.6172204613685608 0.5767956972122192
vt 0.6430399417877197 0.5230632424354553
vt 0.6450170874595642 0.5293436646461487
vt 0.6710692644119263 0.5755163431167603
vt 0.6699061989784241 0.5760979056358337
vt 0.6649051308631897 0.5663283467292786
vt 0.67769855260849 0.5499294996261597
vt 0.6793268918991089 0.5522555708885193
vt 0.6672312617301941 0.5508598685264587
vt 0.6636257767677307 0.5328328013420105
vt 0.6660681366920471 0.5343447327613831
vt 0.6587410569190979 0.5379501581192017
vt 0.6575779318809509 0.5783076882362366
vt 0.6552519202232361 0.5788891911506653
vt 0.6578105688095093 0.5686544179916382
vt 0.6794431209564209 0.5630718469619751
vt 0.6783965229988098 0.5657468438148499
vt 0.6692084074020386 0.557605504989624
vt 0.65315842628479 0.526203453540802
vt 0.6560660004615784 0.5271338820457458
vt 0.6511812806129456 0.5315534472465515
vt 0.6711855530738831 0.5403925180435181
vt 0.6722323298454285 0.5426023006439209
vt 0.6635094881057739 0.544230580329895
vt 0.6492040753364563 0.5763304829597473
vt 0.6478084325790405 0.5758653283119202
vt 0.6503671407699585 0.5683055520057678
vt 0.6546704173088074 0.5343447327613831
vt 0.6575779318809509 0.5284132361412048
vt 0.658392071723938 0.5291110277175903
vt 0.6626953482627869 0.5678403377532959
vt 0.666417121887207 0.576911985874176
vt 0.6637421250343323 0.5771445631980896
vt 0.669092059135437 0.5548142790794373
vt 0.6801409721374512 0.5555120706558228
vt 0.6794431209564209 0.5584196448326111
vt 0.6681616306304932 0.5619087815284729
vt 0.6752561926841736 0.5694685578346252
vt 0.6738606095314026 0.5713294148445129
vt 0.6660681366920471 0.5476033687591553
vt 0.6743258237838745 0.5431838631629944
vt 0.65315842628479 0.5693522691726685
vt 0.6538562774658203 0.5784239172935486
vt 0.6521117091178894 0.5779587626457214
vt 0.6483899354934692 0.5225980281829834
vt 0.6460638642311096 0.5229469537734985
vt 0.6672312617301941 0.5350425243377686
vt 0.6611834168434143 0.5406251549720764
vt 0.646296501159668 0.5751674175262451
vt 0.6469943523406982 0.5665609836578369
vt 0.6795594692230225 0.5612109899520874
vt 0.6754888296127319 0.5446957945823669
vt 0.6593225002288818 0.5300414562225342
vt 0.6603692770004272 0.5776098370552063
vt 0.6726974844932556 0.5735391974449158
vt 0.6475757956504822 0.5293436646461487
vt 0.6492040753364563 0.5225980281829834
vt 0.6504834890365601 0.5243425965309143
vt 0.6681616306304932 0.5366708040237427
vt 0.6693246364593506 0.5386480093002319
vt 0.6751399040222168 0.5481849312782288
vt 0.6453660726547241 0.5744696259498596
vt 0.6436215043067932 0.5721434950828552
vt 0.6516464948654175 0.5250403881072998
vt 0.6567638516426086 0.5284132361412048
vt 0.6806062459945679 0.5537675023078918
vt 0.6770007610321045 0.5674914121627808
vt 0.6685105562210083 0.5765631198883057
vt 0.4828941226005554 0.17990785837173462
vt 0.4823126196861267 0.17688387632369995
vt 0.4847550094127655 0.17793059349060059
vt 0.5118538737297058 0.2332913875579834
vt 0.5105745792388916 0.23433798551559448
vt 0.5184832811355591 0.2058435082435608
vt 0.5185995101928711 0.2079370617866516
vt 0.5047593712806702 0.18781644105911255
vt 0.5045267939567566 0.18990999460220337
vt 0.49580392241477966 0.23840874433517456
vt 0.49417564272880554 0.23678040504455566
vt 0.5185995101928711 0.22073054313659668
vt 0.5166224241256714 0.22166097164154053
vt 0.49219849705696106 0.18002402782440186
vt 0.4945245683193207 0.18176859617233276
vt 0.5129006505012512 0.19584137201309204
vt 0.5137147903442383 0.1974697709083557
vt 0.486615926027298 0.23608261346817017
vt 0.4841735363006592 0.23480331897735596
vt 0.5194136500358582 0.21759021282196045
vt 0.5148778557777405 0.20293599367141724
vt 0.5137147903442383 0.20037728548049927
vt 0.5165061354637146 0.2009587287902832
vt 0.4884767234325409 0.23689669370651245
vt 0.5027821660041809 0.18607187271118164
vt 0.5001072287559509 0.23852497339248657
vt 0.5145289301872253 0.23073267936706543
vt 0.4871973693370819 0.1792098879814148
vt 0.4883604347705841 0.1788610816001892
vt 0.5074343681335449 0.19374793767929077
vt 0.5068528652191162 0.19153821468353271
vt 0.5085974335670471 0.19130557775497437
vt 0.48626700043678284 0.18037301301956177
vt 0.48207998275756836 0.23550111055374146
vt 0.48091697692871094 0.23561745882034302
vt 0.48394089937210083 0.1809544563293457
vt 0.485336571931839 0.1796751618385315
vt 0.4949898421764374 0.18444359302520752
vt 0.4961528480052948 0.18455994129180908
vt 0.49882784485816956 0.18630450963974
vt 0.49847885966300964 0.18374580144882202
vt 0.47952133417129517 0.23550111055374146
vt 0.5053409337997437 0.19107294082641602
vt 0.5110397338867188 0.19363164901733398
vt 0.5127843022346497 0.19944685697555542
vt 0.5176690816879272 0.20386642217636108
vt 0.5173202753067017 0.21026307344436646
vt 0.5177854299545288 0.21154248714447021
vt 0.5173202753067017 0.2146826982498169
vt 0.5196462869644165 0.21386855840682983
vt 0.5156919956207275 0.22328925132751465
vt 0.515575647354126 0.22526633739471436
vt 0.5137147903442383 0.2268945574760437
vt 0.5162734985351562 0.2266620397567749
vt 0.49103543162345886 0.23736202716827393
vt 0.49289634823799133 0.2364315390586853
vt 0.5061550736427307 0.23491960763931274
vt 0.5033637285232544 0.23805981874465942
vt 0.5077832937240601 0.23422181606292725
vt 0.4791724681854248 0.1765350103378296
vt 0.4527714252471924 0.2329424023628235
vt 0.4509105086326599 0.2328261137008667
vt 0.44323450326919556 0.20886749029159546
vt 0.44218772649765015 0.20595979690551758
vt 0.4592844247817993 0.18956100940704346
vt 0.45660948753356934 0.19188708066940308
vt 0.4569583535194397 0.1887468695640564
vt 0.4662626385688782 0.2364315390586853
vt 0.4641692042350769 0.23840874433517456
vt 0.4449790120124817 0.22282391786575317
vt 0.4425366520881653 0.22061419486999512
vt 0.4696354866027832 0.18258273601531982
vt 0.46591371297836304 0.18235021829605103
vt 0.46917033195495605 0.18060564994812012
vt 0.45184099674224854 0.1971207857131958
vt 0.4480029344558716 0.19840008020401
vt 0.44951486587524414 0.19595766067504883
vt 0.47475284337997437 0.2353847622871399
vt 0.4732409119606018 0.23619890213012695
vt 0.4435834288597107 0.21759021282196045
vt 0.4417225122451782 0.21863698959350586
vt 0.4413735866546631 0.2157294750213623
vt 0.446491003036499 0.20084244012832642
vt 0.44858449697494507 0.20060992240905762
vt 0.46940290927886963 0.2371293306350708
vt 0.4619594216346741 0.1851414442062378
vt 0.4635877013206482 0.18502509593963623
vt 0.4589354991912842 0.2352684736251831
vt 0.46149420738220215 0.23550111055374146
vt 0.461145281791687 0.2377108335494995
vt 0.4576561450958252 0.2371293306350708
vt 0.4480029344558716 0.22887176275253296
vt 0.44928228855133057 0.23026740550994873
vt 0.44811922311782837 0.232244610786438
vt 0.4466072916984558 0.22991853952407837
vt 0.4728919267654419 0.178977370262146
vt 0.47428762912750244 0.1809544563293457
vt 0.45137572288513184 0.19386428594589233
vt 0.45358556509017944 0.1922360062599182
vt 0.4752180576324463 0.18048930168151855
vt 0.4756832718849182 0.1778143048286438
vt 0.4781256914138794 0.23491960763931274
vt 0.4769626259803772 0.2329424023628235
vt 0.4713800549507141 0.17979151010513306
vt 0.46568113565444946 0.18421095609664917
vt 0.46509963274002075 0.1851414442062378
vt 0.4556789994239807 0.19305014610290527
vt 0.4430018663406372 0.20293599367141724
vt 0.44346708059310913 0.21107721328735352
vt 0.441838800907135 0.21235662698745728
vt 0.446491003036499 0.22584795951843262
vt 0.4442812204360962 0.22526633739471436
vt 0.44695615768432617 0.22712719440460205
vt 0.44532787799835205 0.22782498598098755
vt 0.4762647747993469 0.23410552740097046
vt 0.4678908586502075 0.2357337474822998
vt 0.4574235677719116 0.2346869707107544
vt 0.4548649191856384 0.23608261346817017
vt 0.4541670083999634 0.23375654220581055
vt 0.6444356441497803 0.5509762167930603
vt 0.47952133417129517 0.2087511420249939
vt 0.46940290927886963 0.19153821468353271
vn -0.058542508631944656 -0.0036299927160143852 0.9982783794403076
vn -0.021421844139695168 -0.05689867213368416 0.9981501698493958
vn -0.5474178791046143 -0.5096710920333862 0.6637538075447083
vn -0.5706546306610107 -0.08104471117258072 0.8171811699867249
vn 0.3741346597671509 -0.19086436927318573 0.9075208306312561
vn 0.8437160849571228 -0.41310375928878784 0.34276604652404785
vn 0.912469744682312 -0.16846995055675507 0.372849702835083
vn 0.3702893555164337 -0.07855523377656937 0.9255889654159546
vn 0.6165579557418823 -0.7037785053253174 0.3529195189476013
vn 0.2434975802898407 -0.33515650033950806 0.9101533889770508
vn 0.18180827796459198 -0.2828916311264038 0.9417633414268494
vn 0.5782634019851685 -0.711377739906311 0.3994409739971161
vn 0.906205415725708 0.1909378170967102 0.3772726058959961
vn 0.3620857000350952 0.1222662553191185 0.9240914583206177
vn -0.08731477707624435 0.3551424443721771 0.9307255744934082
vn -0.13303542137145996 0.9137189984321594 0.38395217061042786
vn -0.40183204412460327 0.806137204170227 0.4343661367893219
vn -0.14637114107608795 0.2799299359321594 0.9487965106964111
vn 0.6840509176254272 -0.6618163585662842 0.30671426653862
vn 0.3188174366950989 -0.3366549611091614 0.8860129117965698
vn 0.6944084167480469 0.6243241429328918 0.35779380798339844
vn 0.2593632936477661 0.24021732807159424 0.9354285001754761
vn 0.10637306421995163 0.384174644947052 0.9171121716499329
vn 0.28505346179008484 0.8898135423660278 0.35633766651153564
vn -0.2954149544239044 0.15340988337993622 0.9429717063903809
vn -0.7818193435668945 0.46171385049819946 0.4190213680267334
vn -0.8286556601524353 0.41151097416877747 0.37945833802223206
vn -0.2951369881629944 0.13412867486476898 0.9459934830665588
vn -0.8130701780319214 0.40125903487205505 0.42179161310195923
vn -0.28787142038345337 0.06514006853103638 0.9554510712623596
vn 0.8982754349708557 -0.43943262100219727 -0.00041167583549395204
vn 0.9796826839447021 -0.20014530420303345 -0.012798882089555264
vn -0.7861374616622925 -0.4850303530693054 0.3830581605434418
vn 0.17848773300647736 -0.9341191053390503 0.3091336190700531
vn 0.28110435605049133 -0.842349112033844 0.4598133862018585
vn -0.6463761329650879 -0.2795815169811249 0.7099521160125732
vn 0.6638462543487549 -0.7447279691696167 0.06847193837165833
vn 0.6368148922920227 -0.7652055025100708 0.09448488056659698
vn 0.9836287498474121 0.17348015308380127 -0.04877638816833496
vn -0.4427701532840729 0.8966256380081177 -0.004117480479180813
vn -0.13832269608974457 0.989440381526947 -0.04329550638794899
vn 0.7217319011688232 -0.6909610629081726 0.04093702509999275
vn 0.7266035676002502 0.6815072298049927 -0.08714983612298965
vn 0.26967760920524597 0.9587159156799316 -0.09021057933568954
vn -0.8636254668235779 0.501210629940033 -0.05421223118901253
vn -0.8918972611427307 0.4468016028404236 -0.06991259008646011
vn -0.8829171657562256 0.4675377607345581 -0.04319583997130394
vn -0.030445482581853867 -0.008023293688893318 0.9995042681694031
vn -0.6765816807746887 0.30391642451286316 0.6707250475883484
vn -0.013634366914629936 0.011518469080328941 0.9998406767845154
vn -0.9891249537467957 -0.12150105088949203 0.08288193494081497
vn -0.6909428238868713 -0.7201827168464661 0.06273021548986435
vn -0.5465454459190369 -0.47370702028274536 0.6905721426010132
vn -0.8752115368843079 -0.060538213700056076 0.47993746399879456
vn 0.9723962545394897 0.22689518332481384 -0.05444398522377014
vn 0.8710815906524658 0.2625003159046173 -0.415103018283844
vn 0.4825371503829956 0.7666007876396179 -0.42365241050720215
vn 0.5814912915229797 0.7884907722473145 -0.20037490129470825
vn 0.8037424087524414 0.21202510595321655 0.5559169054031372
vn 0.5749034881591797 0.7974600791931152 0.18314923346042633
vn 0.4549688994884491 0.8361313939094543 0.30641111731529236
vn 0.4432201683521271 0.2714621126651764 0.8543209433555603
vn 0.6441866159439087 -0.48939868807792664 0.5878032445907593
vn 0.8600391149520874 -0.5059359669685364 -0.06604186445474625
vn 0.2797389030456543 -0.9377257823944092 -0.2059529721736908
vn 0.14116382598876953 -0.9379153251647949 0.3168397843837738
vn 0.23503808677196503 -0.3636283576488495 0.9014053344726562
vn -0.12294916808605194 -0.8312548398971558 0.5421245098114014
vn -0.022434532642364502 -0.276709645986557 0.9606916904449463
vn -0.28764602541923523 -0.7851821184158325 0.5484058260917664
vn -0.4261407256126404 -0.8794904351234436 -0.21189764142036438
vn -0.4065876305103302 -0.8983023762702942 -0.166551411151886
vn -0.37910211086273193 -0.8348928093910217 -0.399043470621109
vn -0.6338987350463867 -0.3344210386276245 -0.6973773241043091
vn -0.7712886929512024 -0.27483880519866943 -0.574088454246521
vn -0.3357798159122467 -0.35465899109840393 -0.8726219534873962
vn 0.2191707044839859 -0.8263477087020874 -0.5187617540359497
vn 0.774492084980011 -0.4324149489402771 -0.4617135524749756
vn -0.3797978460788727 -0.7211031317710876 -0.5794514417648315
vn -0.3981131613254547 -0.8801519274711609 -0.25853148102760315
vn -0.3695319890975952 -0.7630749940872192 0.5302478075027466
vn -0.38970255851745605 -0.8801901340484619 -0.2709195911884308
vn -0.2082470953464508 -0.39961057901382446 -0.8927175998687744
vn -0.15976738929748535 -0.42149263620376587 -0.8926469087600708
vn -0.4881286919116974 -0.708897054195404 0.5091123580932617
vn -0.3846888542175293 -0.8808039426803589 -0.27604183554649353
vn -0.14935719966888428 -0.22766432166099548 0.9622169733047485
vn -0.34110528230667114 -0.1475590020418167 0.9283713698387146
vn 0.2354106903076172 0.3508928716182709 0.9063421487808228
vn 0.407509446144104 0.8580248355865479 0.31261709332466125
vn 0.3372408449649811 0.7832574844360352 -0.5222798585891724
vn 0.24630868434906006 0.8168519735336304 -0.521617591381073
vn -0.04008612036705017 0.2975245714187622 -0.9538723230361938
vn 0.09023214876651764 0.2507321238517761 -0.9638420939445496
vn 0.09494549036026001 0.9048603773117065 -0.41498565673828125
vn -0.3786413371562958 0.4309699535369873 -0.8190821409225464
vn 0.13705086708068848 0.39579346776008606 0.9080554246902466
vn 0.38184136152267456 0.8640242218971252 0.32811471819877625
vn 0.3783605992794037 0.7780576348304749 -0.5014674067497253
vn -0.05920214578509331 0.900677502155304 -0.4304359257221222
vn -0.10909046977758408 0.853471577167511 -0.5095934271812439
vn -0.637320876121521 0.4843769669532776 -0.5993340015411377
vn -0.6389254331588745 0.4661962687969208 -0.6119111776351929
vn -0.741908073425293 -0.21397686004638672 -0.6354420185089111
vn -0.637320876121521 0.4843769669532776 -0.5993340015411377
vn -0.6389254331588745 0.4661962687969208 -0.6119111776351929
vn -0.3786413371562958 0.4309699535369873 -0.8190821409225464
vn 0.21971602737903595 0.9419482350349426 -0.25388675928115845
vn 0.7821158170700073 0.5390909910202026 -0.3125312030315399
vn 0.7230836153030396 0.5000267028808594 -0.47657451033592224
vn 0.2573200464248657 0.8548905253410339 -0.45049822330474854
vn -0.3553953170776367 0.780794620513916 -0.513861894607544
vn -0.4734191298484802 0.8424465656280518 -0.25721216201782227
vn -0.8996856808662415 0.28496819734573364 -0.33069443702697754
vn -0.749184250831604 0.2741246521472931 -0.6029748320579529
vn -0.6616681814193726 -0.350397527217865 -0.6628852486610413
vn -0.80319744348526 -0.3850131034851074 -0.45457544922828674
vn -0.18071669340133667 -0.7095803022384644 -0.6810559630393982
vn -0.26038455963134766 -0.8031052350997925 -0.5359309315681458
vn -0.8791553378105164 -0.4764654040336609 -0.00816268753260374
vn -0.3676888346672058 -0.8725169897079468 -0.3217434883117676
vn -0.3837701976299286 -0.8943002820014954 -0.23010286688804626
vn -0.7097911834716797 -0.600101113319397 0.3688836991786957
vn -0.683690071105957 0.025298770517110825 0.7293338775634766
vn -0.5141875743865967 0.8125495910644531 0.27454379200935364
vn -0.9484894275665283 0.20807911455631256 0.23889535665512085
vn -0.30374619364738464 0.6233081817626953 0.720572829246521
vn -0.019989360123872757 0.4562567174434662 0.889623761177063
vn 0.240369513630867 0.9138356447219849 0.3273026943206787
vn 0.1685226410627365 0.9814726114273071 0.09116821736097336
vn 0.34211599826812744 0.8695119619369507 0.35623815655708313
vn 0.10189998149871826 -0.6076563000679016 -0.7876359820365906
vn -0.09255815297365189 -0.43690118193626404 -0.894734799861908
vn 0.8691664934158325 -0.10445518791675568 -0.4833620488643646
vn 0.5164253115653992 0.07178079336881638 -0.853318452835083
vn 0.35751891136169434 -0.7620852589607239 -0.539820671081543
vn 0.21666444838047028 0.2136632204055786 -0.9525778889656067
vn 0.44650202989578247 -0.73412024974823 -0.5115696787834167
vn 0.4176657795906067 -0.6328933238983154 -0.651921272277832
vn 0.8057690262794495 -0.12663528323173523 -0.5785325169563293
vn 0.8938902616500854 -0.16086044907569885 -0.41843047738075256
vn 0.7491398453712463 0.6270654201507568 -0.21349136531352997
vn 0.8691664934158325 -0.10445518791675568 -0.4833620488643646
vn 0.6132287979125977 0.7158468961715698 -0.3339368402957916
vn 0.5164253115653992 0.07178079336881638 -0.853318452835083
vn 0.43975353240966797 0.7595431208610535 -0.4792819619178772
vn 0.21666444838047028 0.2136632204055786 -0.9525778889656067
vn 0.145248144865036 0.23768578469753265 -0.9604210257530212
vn 0.145248144865036 0.23768578469753265 -0.9604210257530212
vn 0.09023214876651764 0.2507321238517761 -0.9638420939445496
vn 0.8938902616500854 -0.16086044907569885 -0.41843047738075256
vn 0.8057690262794495 -0.12663528323173523 -0.5785325169563293
vn -0.04008612036705017 0.2975245714187622 -0.9538723230361938
vn 0.3613532781600952 0.9323621988296509 -0.011161030270159245
vn 0.28491637110710144 0.8647966980934143 -0.41346025466918945
vn -0.2960048317909241 0.8335172533988953 -0.46650850772857666
vn -0.28675761818885803 0.9302023649215698 -0.22911502420902252
vn 0.208312526345253 0.7781573534011841 0.5925174355506897
vn -0.33620569109916687 0.9304727911949158 0.14555467665195465
vn -0.4118531048297882 0.8771728277206421 0.24686987698078156
vn -0.03648719936609268 0.5340423583984375 0.8446700572967529
vn 0.6957377791404724 0.20418806374073029 0.6886626482009888
vn 0.9247385263442993 0.3797813057899475 0.02499828301370144
vn 0.9176515936851501 -0.3837827146053314 -0.10308440774679184
vn 0.7680287957191467 -0.48770368099212646 0.4150625467300415
vn 0.3381722867488861 -0.03395678848028183 0.9404714107513428
vn 0.527938961982727 -0.6102644801139832 0.5906418561935425
vn 0.13757671415805817 -0.16717135906219482 0.976282000541687
vn 0.40381667017936707 -0.6988629698753357 0.5903580784797668
vn 0.44658729434013367 -0.880598247051239 -0.15845027565956116
vn 0.46686723828315735 -0.8776988983154297 -0.10807278752326965
vn 0.4650019109249115 -0.8187156915664673 -0.336864709854126
vn -0.033263836055994034 -0.7075031995773315 -0.7059269547462463
vn -0.16034869849681854 -0.7909248471260071 -0.5905304551124573
vn 0.14853842556476593 -0.5082438588142395 -0.8483068346977234
vn 0.8072401285171509 -0.376481831073761 -0.4545600116252899
vn 0.833427906036377 0.3461761474609375 -0.4307670295238495
vn 0.39630427956581116 -0.754450261592865 -0.5232090950012207
vn 0.4595014452934265 -0.8650055527687073 -0.20155362784862518
vn 0.34216785430908203 -0.7457212209701538 0.5716826319694519
vn 0.46892115473747253 -0.8551638126373291 -0.22092510759830475
vn 0.24003197252750397 -0.4430813789367676 -0.8637497425079346
vn 0.28521591424942017 -0.4131931960582733 -0.8648256063461304
vn 0.2615118622779846 -0.7955448031425476 0.546552836894989
vn 0.48612573742866516 -0.8444979786872864 -0.2247331291437149
vn 0.03339767828583717 -0.23652616143226624 0.9710509777069092
vn -0.11150183528661728 -0.3380073010921478 0.9345150589942932
vn -0.19463784992694855 0.4293004870414734 0.8819394707679749
vn -0.4438600540161133 0.8582927584648132 0.25752994418144226
vn -0.37504589557647705 0.7358512282371521 -0.5637940168380737
vn -0.4423600137233734 0.6870429515838623 -0.5764457583427429
vn -0.17930297553539276 0.1314663290977478 -0.974970281124115
vn -0.08280976861715317 0.19459028542041779 -0.9773827791213989
vn -0.6047462224960327 0.6209937334060669 -0.4986470341682434
vn -0.4541992247104645 -0.03384865075349808 -0.8902570009231567
vn -0.28423941135406494 0.3799111247062683 0.8802700638771057
vn -0.4662725031375885 0.8443146347999573 0.2640506327152252
vn -0.3506779074668884 0.7608267068862915 -0.5460473895072937
vn -0.6881840825080872 0.5083920359611511 -0.5176293253898621
vn -0.6656273007392883 0.44697490334510803 -0.5976235270500183
vn -0.6695027351379395 -0.22529543936252594 -0.7078193426132202
vn -0.6651046872138977 -0.2579410672187805 -0.7007868885993958
vn -0.15847206115722656 -0.7586994171142578 -0.6318716406822205
vn -0.6695027351379395 -0.22529543936252594 -0.7078193426132202
vn -0.6651046872138977 -0.2579410672187805 -0.7007868885993958
vn -0.4541992247104645 -0.03384865075349808 -0.8902570009231567
vn -0.6081509590148926 0.7199479937553406 -0.33440613746643066
vn -0.010022621601819992 0.9333369731903076 -0.3588617146015167
vn -0.0023135303054004908 0.8578341007232666 -0.5139216184616089
vn -0.48747608065605164 0.7031159996986389 -0.5176823735237122
vn -0.7656199336051941 0.19030192494392395 -0.6145009398460388
vn -0.9292682409286499 0.11443638056516647 -0.35123327374458313
vn -0.6922217607498169 -0.6130210757255554 -0.3808336853981018
vn -0.5488646626472473 -0.4826316237449646 -0.6825060248374939
vn 0.01753278076648712 -0.7597708106040955 -0.649954617023468
vn -0.06014370545744896 -0.9043143391609192 -0.42260900139808655
vn 0.497524619102478 -0.6017196178436279 -0.624822199344635
vn 0.5208948850631714 -0.7143699526786804 -0.4672732949256897
vn -0.054256875067949295 -0.9975706934928894 0.04369232803583145
vn 0.5119583606719971 -0.8224458694458008 -0.24795474112033844
vn 0.5141482949256897 -0.8385628461837769 -0.18017707765102386
vn 0.10033513605594635 -0.9082051515579224 0.40632039308547974
vn -0.40405750274658203 -0.5293048620223999 0.7460387945175171
vn -0.9676302671432495 0.08539311587810516 0.23748619854450226
vn -0.6993886232376099 -0.6707671880722046 0.24683420360088348
vn -0.6946098208427429 0.16603635251522064 0.6999636888504028
vn -0.4150351285934448 0.29065921902656555 0.8621270656585693
vn -0.5866686701774597 0.7628535628318787 0.2717984616756439
vn -0.6785049438476562 0.7342338562011719 0.023058947175741196
vn -0.5014937520027161 0.8166953921318054 0.285504549741745
vn 0.5668997168540955 -0.3008436858654022 -0.7668883800506592
vn 0.3363889455795288 -0.36740022897720337 -0.8670984506607056
vn 0.5738754272460938 0.6478984355926514 -0.5008938908576965
vn 0.24892248213291168 0.4507063627243042 -0.8572638630867004
vn 0.8312406539916992 -0.20359158515930176 -0.5172904133796692
vn 0.010481815785169601 0.264228492975235 -0.9644032120704651
vn 0.8605965375900269 -0.11899624764919281 -0.49519044160842896
vn 0.7638000249862671 -0.11533044278621674 -0.6350657343864441
vn 0.561557948589325 0.5735893249511719 -0.5963622331619263
vn 0.6504489183425903 0.6194592118263245 -0.4395298957824707
vn -0.09834857285022736 0.9647397994995117 -0.24414049088954926
vn 0.5738754272460938 0.6478984355926514 -0.5008938908576965
vn -0.20499958097934723 0.9071689248085022 -0.3674503564834595
vn 0.24892248213291168 0.4507063627243042 -0.8572638630867004
vn -0.31364747881889343 0.789616584777832 -0.5273812413215637
vn 0.010481815785169601 0.264228492975235 -0.9644032120704651
vn -0.04240486025810242 0.23036408424377441 -0.972180187702179
vn -0.04240486025810242 0.23036408424377441 -0.972180187702179
vn -0.08280976861715317 0.19459028542041779 -0.9773827791213989
vn 0.6504489183425903 0.6194592118263245 -0.4395298957824707
vn 0.561557948589325 0.5735893249511719 -0.5963622331619263
vn -0.17930297553539276 0.1314663290977478 -0.974970281124115
vn 0.7582411170005798 -0.5660458207130432 0.3235158622264862
vn 0.8029621839523315 -0.5959338545799255 0.010704978369176388
vn 0.3433341979980469 -0.2612512707710266 0.902147114276886
vn -0.23548558354377747 0.2315695881843567 0.9438866972923279
vn -0.6256087422370911 0.6495050191879272 0.43215399980545044
vn -0.7183054089546204 0.6954383254051208 -0.02007165737450123
vn -0.9878917336463928 -0.12904217839241028 0.08612816035747528
vn -0.9209609031677246 0.3864003121852875 0.050258737057447433
vn -0.7536231279373169 -0.6555983424186707 0.047361791133880615
vn 0.12839852273464203 0.08908773958683014 0.9877131581306458
vn 0.03138205409049988 0.0008674393175169826 0.9995071887969971
vn 0.5696644186973572 -0.27135026454925537 0.7757909297943115
vn 0.6019740104675293 -0.21985836327075958 0.7676520943641663
vn 0.12556518614292145 0.07243426889181137 0.9894376397132874
vn 0.6848357319831848 0.13969069719314575 0.715182900428772
vn 0.7510679960250854 -0.28409889340400696 0.5959736108779907
vn 0.12471310049295425 -0.01627361960709095 0.9920594096183777
vn 0.033666905015707016 -0.06644821912050247 0.9972217082977295
vn 0.0647164136171341 -0.022953897714614868 0.9976396560668945
vn 0.06518284231424332 -0.0616777278482914 0.9959654211997986
vn 0.5827917456626892 0.5062626004219055 0.6356508731842041
vn 0.035406794399023056 0.017070842906832695 0.9992272257804871
vn 0.7942795157432556 0.19117644429206848 0.5766902565956116
vn 0.7250271439552307 -0.4043641984462738 0.5575171113014221
vn 0.05814269557595253 0.010948546230793 0.9982482194900513
vn -0.04565809294581413 0.1489269882440567 0.9877935647964478
vn -0.4218551814556122 0.7131432294845581 0.5598793625831604
vn -0.7510098814964294 0.4052545726299286 0.5212991833686829
vn -0.11361294239759445 0.08859466016292572 0.989567220211029
vn -0.11429759114980698 0.0011749989353120327 0.993445873260498
vn -0.8190315961837769 0.054895829409360886 0.5711160898208618
vn -0.8313108682632446 -0.21639426052570343 0.5119529366493225
vn -0.10967697203159332 -0.048604972660541534 0.9927782416343689
vn -0.11800983548164368 -0.06925369799137115 0.9905945658683777
vn -0.7552312016487122 -0.38189080357551575 0.5327151417732239
vn -0.7079913020133972 -0.49201756715774536 0.5066232085227966
vn -0.13902965188026428 -0.11968128383159637 0.9830296039581299
vn -0.18670476973056793 -0.19324201345443726 0.9632231593132019
vn -0.6715087890625 -0.5973266363143921 0.4384939670562744
vn -0.638618528842926 -0.6583083271980286 0.39849287271499634
vn -0.22223030030727386 -0.24632826447486877 0.9433642625808716
vn 0.03582850471138954 0.1562042236328125 0.9870748519897461
vn -0.03691937401890755 0.8303148746490479 0.5560703277587891
vn 0.6492359638214111 -0.10124384611845016 0.7538184523582458
vn 0.8391909599304199 0.3475932478904724 0.4182552695274353
vn 0.36085155606269836 0.8067395091056824 0.46792900562286377
vn 0.1656588315963745 0.2534080743789673 0.9530695676803589
vn 0.22692056000232697 0.8523342609405518 0.47120410203933716
vn 0.08680393546819687 0.277313768863678 0.9568501114845276
vn 0.8655874729156494 -0.43564659357070923 0.24692173302173615
vn 0.8633873462677002 -0.43301427364349365 0.25896140933036804
vn 0.9713743925094604 0.22149324417114258 0.08586407452821732
vn 0.9199440479278564 -0.3897656798362732 -0.042257290333509445
vn 0.7467284202575684 0.6590628623962402 0.0896262675523758
vn 0.9744443297386169 0.07815594971179962 0.21059450507164001
vn 0.8951026201248169 -0.4422787129878998 -0.05639950931072235
vn -0.5203444361686707 0.8529056310653687 0.042350757867097855
vn -0.8836249113082886 0.4675716459751129 -0.024161124601960182
vn -0.9949432611465454 0.08420480042695999 -0.05474929139018059
vn -0.9690532684326172 -0.23417170345783234 -0.0780978798866272
vn -0.8976147174835205 -0.4346034526824951 -0.07353705912828445
vn -0.8303723931312561 -0.5542030930519104 -0.05779796838760376
vn -0.7641481161117554 -0.6409275531768799 -0.07272940874099731
vn -0.6986357569694519 -0.7143740057945251 -0.0397234745323658
vn 0.7974047660827637 -0.5434241890907288 0.2623656392097473
vn 0.3674524128437042 -0.49710291624069214 0.7860454320907593
vn -0.06000583991408348 0.9945467114448547 0.08530057966709137
vn 0.9104204177856445 -0.40928927063941956 0.060140740126371384
vn 0.885545015335083 0.4415585398674011 0.14434731006622314
vn 0.40598616003990173 0.9089025259017944 0.09524419158697128
vn 0.24641944468021393 0.9664128422737122 0.07296345382928848
vn 0.12400703877210617 -0.9681496620178223 0.21750523149967194
vn -0.09720467776060104 -0.8737009763717651 0.4766528308391571
vn -0.012358063831925392 -0.8415786623954773 0.5399932861328125
vn -0.013216007500886917 -0.9316482543945312 0.36312130093574524
vn 0.030111465603113174 0.022327188402414322 0.9992972016334534
vn 0.8116190433502197 0.4697621166706085 0.34727251529693604
vn 0.7180203199386597 0.14298056066036224 0.6811780333518982
vn 0.02643800713121891 -0.02329292893409729 0.9993789792060852
vn 0.7771996855735779 -0.5183314085006714 0.3567816913127899
vn 0.527590811252594 -0.523377537727356 0.6691218614578247
vn -0.029589032754302025 0.013255727477371693 0.999474287033081
vn 0.3412986993789673 -0.789797842502594 0.5096415281295776
vn 0.11318689584732056 -0.5895687937736511 0.7997483611106873
vn -0.062489770352840424 0.02804969996213913 0.9976513981819153
vn 0.42010068893432617 0.7998623251914978 0.4286438524723053
vn 0.4421103596687317 0.5050588846206665 0.7412516474723816
vn 0.09111689031124115 0.0018022560980170965 0.9958386421203613
vn 0.8904579877853394 -0.14830227196216583 0.43022212386131287
vn 0.5813779830932617 -0.1559545397758484 0.7985473871231079
vn -0.041347257792949677 0.044928211718797684 0.9981342554092407
vn 0.23549316823482513 -0.7843871116638184 0.5738291144371033
vn 0.08985841274261475 -0.841202437877655 0.5332016348838806
vn -0.04192858189344406 0.020069219172000885 0.9989191293716431
vn 0.5458838939666748 -0.6047912836074829 0.5798606276512146
vn 0.3598645329475403 -0.5046550035476685 0.7847425937652588
vn -0.0545196570456028 0.0044202241115272045 0.9985029697418213
vn -0.2404913604259491 0.7951597571372986 0.5566730499267578
vn 0.040285754948854446 0.5588772296905518 0.8282712697982788
vn 0.00199850182980299 0.04999155178666115 0.998747706413269
vn -0.08485129475593567 0.08126270771026611 0.9930744171142578
vn 0.5046237707138062 -0.31538063287734985 0.803672730922699
vn -0.017456084489822388 0.07187925279140472 0.9972606897354126
vn 0.0014668056974187493 0.7579396963119507 0.6523228883743286
vn 0.13102103769779205 0.9475778937339783 0.29142701625823975
vn -0.06383976340293884 -0.007948865182697773 0.9979285597801208
vn 0.5660826563835144 0.4800139367580414 0.6701769828796387
vn -0.05185525864362717 0.01263621635735035 0.9985747337341309
vn 0.38138657808303833 0.7162243723869324 0.5844373106956482
vn -0.06195950508117676 0.06045429781079292 0.9962460398674011
vn 0.3947729766368866 -0.22284463047981262 0.8913442492485046
vn 0.688137412071228 0.3143678307533264 0.6539417505264282
vn -0.05511585250496864 0.03677378222346306 0.9978026151657104
vn -0.5057303309440613 0.6595470905303955 0.5560886263847351
vn -0.4470168948173523 0.7965185046195984 0.4071047604084015
vn 0.10298962146043777 0.05665585771203041 0.9930676817893982
vn -0.07426884770393372 0.09082040935754776 0.9930940270423889
vn 0.06000735983252525 -0.4338187873363495 0.8989996910095215
vn 0.4983878433704376 -0.36589428782463074 0.7859587073326111
vn -0.07856804132461548 0.0696243941783905 0.9944745302200317
vn 0.34718090295791626 -0.281300812959671 0.8946146368980408
vn 0.7371513247489929 0.15769244730472565 0.6570701003074646
vn -0.10286307334899902 0.10911720246076584 0.9886924028396606
vn -0.7568708658218384 0.40081629157066345 0.5162294507026672
vn 0.899825930595398 0.03397953510284424 0.4349237382411957
vn 0.4598947763442993 -0.7439162135124207 0.4848562777042389
vn 0.2574964165687561 0.8685370087623596 0.4234843850135803
vn 0.7607539296150208 0.4769006073474884 0.4402492344379425
vn 0.46732765436172485 -0.7881483435630798 0.4005335569381714
vn 0.6823986768722534 -0.5522372722625732 0.4789218008518219
vn 0.7694322466850281 -0.3673332929611206 0.5225327014923096
vn -0.18636444211006165 0.9555744528770447 0.22835412621498108
vn -0.08068955689668655 -0.530876636505127 0.8435990810394287
vn -0.05623484030365944 0.8757107257843018 0.47955021262168884
vn -0.019187796860933304 0.12115729600191116 0.9924478530883789
vn 0.4725622236728668 -0.07847248762845993 0.8777967095375061
vn 0.366771936416626 0.3904883861541748 0.8443916440010071
vn -0.16372613608837128 0.4969947934150696 0.8521677851676941
vn 0.2689306437969208 0.4759000241756439 0.837374210357666
vn 0.025983240455389023 -0.8361676335334778 0.5478581786155701
vn 0.02791113778948784 -0.7397013306617737 0.6723562479019165
vn -0.28113114833831787 0.3694698214530945 0.8856959342956543
vn -0.7402220964431763 0.1583002209663391 0.6534618139266968
vn 0.04744327813386917 0.035423293709754944 0.9982455968856812
vn -0.2322981357574463 -0.5705357789993286 0.7877350449562073
vn 0.05537921190261841 0.0007914023008197546 0.9984650611877441
vn 0.10648226737976074 0.04814309999346733 0.9931484460830688
vn -0.46425554156303406 0.5502513647079468 0.6940391063690186
vn -0.31944945454597473 0.8773292899131775 0.3581136465072632
vn 0.010870246216654778 0.016038019210100174 0.9998123645782471
vn -0.3443666100502014 0.6160770058631897 0.7084214091300964
vn -0.6599456667900085 -0.13000202178955078 0.7399805784225464
vn 0.060779228806495667 -0.08022046089172363 0.9949224591255188
vn -0.03011433780193329 -0.68213951587677 0.7306017875671387
vn 0.05018777772784233 0.034372054040431976 0.9981482625007629
vn -0.22441691160202026 -0.4437810480594635 0.8675802946090698
vn -0.3847455680370331 -0.46504536271095276 0.7973103523254395
vn 0.06857354193925858 0.02616802603006363 0.997302770614624
vn 0.031293075531721115 0.00027235920424573123 0.9995102882385254
vn -0.6735807657241821 0.19732411205768585 0.7122865915298462
vn 0.23350125551223755 0.7481884956359863 0.621040403842926
vn 0.35526055097579956 0.7107647657394409 0.6071271300315857
vn 0.002421257086098194 0.06082567200064659 0.9981455206871033
vn -0.7468001842498779 -0.12166205048561096 0.6538255214691162
vn -0.37168872356414795 -0.5043466091156006 0.7794113755226135
vn 0.04991770163178444 -0.031824130564928055 0.9982461929321289
vn -0.9007435441017151 0.06580612808465958 0.42933759093284607
vn -0.8642975687980652 0.38828569650650024 0.31972455978393555
vn 0.1477893590927124 0.0005632452666759491 0.9890187382698059
vn 0.3403032124042511 0.5902884602546692 0.7319516539573669
vn 0.14243999123573303 0.5035483837127686 0.8521443009376526
vn 0.014467209577560425 0.12889504432678223 0.9915527105331421
vn -0.05730363726615906 -0.4377398192882538 0.8972737789154053
vn 0.042622409760951996 -0.011585964821279049 0.9990240931510925
vn -0.6071110963821411 0.03498600795865059 0.7938463687896729
vn -0.029193149879574776 0.07674499601125717 0.9966233372688293
vn 0.2534308433532715 0.5070309042930603 0.8238279223442078
vn -0.8691108226776123 -0.352571576833725 0.34689995646476746
vn -0.6148375272750854 -0.723646342754364 0.3135457932949066
vn -0.6328678131103516 -0.27746936678886414 0.7228341102600098
vn -0.4485253393650055 -0.49128979444503784 0.7466320395469666
vn -0.641377329826355 -0.5398162603378296 0.5451913475990295
vn -0.7403620481491089 -0.4684838354587555 0.4820653200149536
vn -0.7883234024047852 -0.5624426007270813 0.24940845370292664
vn -0.8541446924209595 -0.47960272431373596 0.2010427713394165
vn 0.504148006439209 0.7705464959144592 0.38999080657958984
vn 0.7136277556419373 0.25050246715545654 0.6542048454284668
vn -0.4083704650402069 -0.7820330262184143 0.47080573439598083
vn -0.5339879989624023 0.43547770380973816 0.724717915058136
vn -0.48702532052993774 -0.44932660460472107 0.7489405274391174
vn 0.09549058228731155 0.015012269839644432 0.9953171014785767
vn 0.10785888880491257 0.03625556081533432 0.9935048818588257
vn 0.03370752930641174 0.6631156206130981 0.7477576732635498
vn 0.7994909286499023 -0.5112716555595398 -0.315302312374115
vn 0.18994227051734924 -0.7676354646682739 -0.612092912197113
vn 0.0720684602856636 -0.21329143643379211 -0.9743269085884094
vn 0.4453694224357605 -0.20319227874279022 -0.871985673904419
vn 0.14801724255084991 0.8117888569831848 -0.5648802518844604
vn 0.3961651623249054 0.6244264841079712 -0.6731603145599365
vn 0.024323860183358192 0.07681748270988464 -0.9967484474182129
vn 0.8051543831825256 0.22668585181236267 -0.5480327606201172
vn 0.7326953411102295 0.07233884185552597 -0.6767012476921082
vn 0.13562774658203125 0.041906312108039856 -0.9898731708526611
vn 0.9026437997817993 -0.4133635461330414 -0.11985322088003159
vn 0.9121280312538147 -0.023612460121512413 -0.40922489762306213
vn 0.21472348272800446 -0.1374971717596054 -0.9669479727745056
vn -0.3604915738105774 0.9205216765403748 -0.15061786770820618
vn -0.536565363407135 0.691673994064331 -0.4834093153476715
vn -0.07162310928106308 0.1744449883699417 -0.9820587038993835
vn 0.8120996952056885 0.5550277829170227 -0.18010631203651428
vn 0.47473862767219543 0.7079104781150818 -0.5229588747024536
vn 0.18612040579319 0.0010377930011600256 -0.982526421546936
vn 0.6376676559448242 -0.599277913570404 -0.48398977518081665
vn 0.38157397508621216 -0.5682934522628784 -0.7290019989013672
vn 0.2225068062543869 -0.15260380506515503 -0.9629137516021729
vn 0.77690190076828 -0.02544696070253849 -0.6291072964668274
vn 0.7710934281349182 -0.22374965250492096 -0.5961133241653442
vn 0.1280166506767273 -0.07966232299804688 -0.9885674715042114
vn -0.6107568740844727 0.6348198056221008 -0.473265141248703
vn -0.3160722851753235 0.695196807384491 -0.6456003785133362
vn 0.011831074953079224 0.1919659525156021 -0.9813302755355835
vn 0.12618863582611084 -0.21740904450416565 -0.9678893685340881
vn -0.043681710958480835 -0.8454063534736633 -0.5323345065116882
vn 0.12500910460948944 -0.9545772671699524 -0.2704717814922333
vn 0.02719462662935257 0.17049382627010345 -0.9849833250045776
vn 0.4740413725376129 0.4941614270210266 -0.7287587523460388
vn 0.6088293790817261 0.7072948813438416 -0.35925042629241943
vn 0.1758424937725067 0.10668715834617615 -0.9786201119422913
vn 0.6839898824691772 -0.4114946722984314 -0.6023536920547485
vn 0.8422465324401855 -0.5207023620605469 -0.13960586488246918
vn 0.26877444982528687 -0.1984880268573761 -0.9425300359725952
vn 0.8264393210411072 -0.2551785409450531 -0.5018786191940308
vn 0.9777359366416931 -0.16160041093826294 -0.1338571459054947
vn 0.8442167043685913 -0.4569873511791229 -0.28010836243629456
vn 0.24731560051441193 0.04470283165574074 -0.9679032564163208
vn 0.16031551361083984 -0.18301624059677124 -0.9699505567550659
vn 0.607488214969635 -0.794024646282196 0.021976711228489876
vn -0.09992150962352753 0.28308218717575073 -0.9538764357566833
vn -0.06969595700502396 0.7375531792640686 -0.6716830134391785
vn 0.32493191957473755 0.8058690428733826 -0.49496912956237793
vn 0.19796019792556763 -0.9802038073539734 0.0035042765084654093
vn 0.28757092356681824 -0.21632841229438782 -0.93300861120224
vn -0.547086238861084 -0.8238697648048401 -0.14810539782047272
vn 0.596474826335907 -0.7880028486251831 -0.15254272520542145
vn 0.14012326300144196 -0.25484928488731384 -0.9567744731903076
vn 0.07245493680238724 -0.9971815347671509 0.019476665183901787
vn 0.21991057693958282 0.06824467331171036 -0.9731299877166748
vn 0.21659167110919952 0.5692659616470337 -0.7931106090545654
vn 0.5917513966560364 0.14070068299770355 -0.7937466502189636
vn 0.37264692783355713 -0.783068835735321 -0.49793314933776855
vn 0.499765545129776 -0.5007349848747253 -0.7067524194717407
vn 0.05068514123558998 0.6303257346153259 -0.7746745347976685
vn 0.5154003500938416 0.23961779475212097 -0.8227671980857849
vn -0.08924968540668488 -0.8090305328369141 -0.5809511542320251
vn 0.10610765963792801 -0.8886681795120239 -0.44610559940338135
vn 0.531328558921814 -0.4726787805557251 -0.7030395269393921
vn 0.6253437995910645 -0.2502603530883789 -0.7391311526298523
vn 0.3383425772190094 0.648719310760498 -0.6816800236701965
vn 0.6310275197029114 -0.7755454778671265 -0.0182663481682539
vn 0.5299128890037537 -0.8001715540885925 -0.28092318773269653
vn 0.0028432158287614584 0.6287356019020081 -0.7776139378547668
vn 0.026434825733304024 0.02352171577513218 -0.9993738532066345
vn 0.9441766738891602 -0.20006638765335083 -0.2617323100566864
vn 0.9568060040473938 0.16501717269420624 -0.23935644328594208
vn -0.009721829555928707 0.959712028503418 -0.2808171510696411
vn 0.34302055835723877 0.8665145635604858 -0.3626146614551544
vn -0.18751944601535797 -0.7681874632835388 -0.6121474504470825
vn -0.41269975900650024 -0.20015324652194977 -0.8886042237281799
vn -0.07409179955720901 0.9676910042762756 -0.24100731313228607
vn -0.2776622474193573 0.9234037399291992 -0.2650080621242523
vn -0.12980662286281586 0.11741597205400467 -0.9845626950263977
vn -0.6254942417144775 0.37571728229522705 -0.6838082075119019
vn -0.886355459690094 0.05287543684244156 -0.45997634530067444
vn -0.15442265570163727 0.01049804501235485 -0.9879490733146667
vn -0.7138497829437256 -0.20836950838565826 -0.6685811877250671
vn -0.8280208110809326 -0.43716973066329956 -0.35108986496925354
vn -0.17934666574001312 -0.13482356071472168 -0.9745036959648132
vn 0.47333648800849915 0.6667107343673706 -0.5757165551185608
vn 0.3928755521774292 0.8986336588859558 -0.19520880281925201
vn 0.007082114927470684 0.13455289602279663 -0.990881085395813
vn -0.6209201216697693 0.55087810754776 -0.5576661229133606
vn -0.8824866414070129 0.3566577732563019 -0.30661484599113464
vn -0.20425236225128174 -0.0037830465007573366 -0.9789109826087952
vn -0.4020637273788452 -0.5822863578796387 -0.7066027522087097
vn -0.8755342364311218 -0.19328825175762177 -0.44280874729156494
vn -0.25620871782302856 -0.10317082703113556 -0.9610998630523682
vn -0.7028211951255798 -0.3137579560279846 -0.6384342908859253
vn -0.7015631198883057 -0.14808838069438934 -0.6970502734184265
vn -0.13932518661022186 -0.11516493558883667 -0.9835270643234253
vn 0.19398488104343414 0.7474068403244019 -0.6354156136512756
vn 0.26754042506217957 0.7312948703765869 -0.6273994445800781
vn 0.06967099756002426 0.18502269685268402 -0.980261504650116
vn -0.12848368287086487 -0.2557762563228607 -0.9581599831581116
vn -0.34242793917655945 -0.8940426111221313 -0.2888440191745758
vn 0.12446825206279755 -0.9572007656097412 -0.26129376888275146
vn -0.17555920779705048 0.12890742719173431 -0.9759927988052368
vn -0.7477928400039673 0.37844836711883545 -0.5455114841461182
vn -0.26323798298835754 0.5710813999176025 -0.7775421738624573
vn -0.21673224866390228 0.06548155099153519 -0.9740325808525085
vn -0.6675814986228943 -0.6338449120521545 -0.39060941338539124
vn -0.6428952217102051 -0.050456397235393524 -0.764290452003479
vn -0.3002522885799408 -0.16344314813613892 -0.9397525191307068
vn -0.6164453029632568 0.18679921329021454 -0.764919102191925
vn -0.5415417551994324 0.3111969232559204 -0.7809540033340454
vn -0.1841336041688919 -0.09980283677577972 -0.9778211712837219
vn -0.5794835090637207 -0.8020780682563782 -0.14446350932121277
vn 0.08120191842317581 0.2708394527435303 -0.9591935276985168
vn -0.025103501975536346 0.9796855449676514 -0.19896256923675537
vn -0.3297703266143799 0.8004541993141174 -0.5005244016647339
vn -0.5732426643371582 -0.8132197260856628 -0.10033246129751205
vn -0.7525956630706787 -0.541415274143219 -0.37479230761528015
vn -0.4856395125389099 -0.8726695775985718 -0.05101024731993675
vn -0.17726799845695496 -0.23582249879837036 -0.9554914236068726
vn 0.5436500310897827 0.6578070521354675 -0.5212816596031189
vn -0.1646617203950882 0.11329289525747299 -0.9798221588134766
vn -0.6263163089752197 0.3260745704174042 -0.7080984115600586
vn -0.4274676740169525 -0.7951409816741943 -0.4301421344280243
vn -0.10681059211492538 -0.8097606897354126 -0.5769568085670471
vn -0.08617157489061356 0.6698498725891113 -0.7374792695045471
vn -0.2551780641078949 0.6941949129104614 -0.6730361580848694
vn -0.30041199922561646 -0.2666812837123871 -0.9157695174217224
vn -0.3793947696685791 -0.9228754639625549 -0.06603405624628067
vn 0.4464244544506073 -0.820349395275116 -0.35739627480506897
vn -0.12007991224527359 -0.9079034328460693 -0.40161189436912537
vn -0.44749778509140015 -0.5558916330337524 -0.7005215287208557
vn -0.4182831048965454 -0.15977756679058075 -0.8941534757614136
vn 0.6063506603240967 0.7294820547103882 -0.31653574109077454
vn -0.3494296073913574 0.6351863741874695 -0.6887940168380737
vn -0.16095685958862305 -0.8116140365600586 -0.5615830421447754
vn -0.8177067041397095 -0.42670685052871704 -0.38636377453804016
vn -0.9142564535140991 -0.40008944272994995 -0.06374599039554596
vn -0.8061635494232178 -0.0038202833384275436 -0.5916804671287537
vn -0.6487826108932495 0.7129850387573242 -0.2659579813480377
vn -0.013216007500886917 -0.9316482543945312 0.36312130093574524
vn 0.18994227051734924 -0.7676354646682739 -0.612092912197113
vn 0.7994909286499023 -0.5112716555595398 -0.315302312374115
vn 0.3961651623249054 0.6244264841079712 -0.6731603145599365
vn 0.14801724255084991 0.8117888569831848 -0.5648802518844604
vn 0.7326953411102295 0.07233884185552597 -0.6767012476921082
vn 0.8051543831825256 0.22668585181236267 -0.5480327606201172
vn 0.9121280312538147 -0.023612460121512413 -0.40922489762306213
vn 0.9026437997817993 -0.4133635461330414 -0.11985322088003159
vn -0.536565363407135 0.691673994064331 -0.4834093153476715
vn -0.3604915738105774 0.9205216765403748 -0.15061786770820618
vn 0.47473862767219543 0.7079104781150818 -0.5229588747024536
vn 0.8120996952056885 0.5550277829170227 -0.18010631203651428
vn 0.38157397508621216 -0.5682934522628784 -0.7290019989013672
vn 0.6376676559448242 -0.599277913570404 -0.48398977518081665
vn 0.7710934281349182 -0.22374965250492096 -0.5961133241653442
vn 0.77690190076828 -0.02544696070253849 -0.6291072964668274
vn -0.3160722851753235 0.695196807384491 -0.6456003785133362
vn -0.6107568740844727 0.6348198056221008 -0.473265141248703
vn 0.5917513966560364 0.14070068299770355 -0.7937466502189636
vn 0.8696559071540833 -0.23860079050064087 0.43216708302497864
vn 0.607488214969635 -0.794024646282196 0.021976711228489876
vn 0.37264692783355713 -0.783068835735321 -0.49793314933776855
vn -0.06969595700502396 0.7375531792640686 -0.6716830134391785
vn 0.499765545129776 -0.5007349848747253 -0.7067524194717407
vn 0.05068514123558998 0.6303257346153259 -0.7746745347976685
vn 0.5154003500938416 0.23961779475212097 -0.8227671980857849
vn -0.547086238861084 -0.8238697648048401 -0.14810539782047272
vn -0.08924968540668488 -0.8090305328369141 -0.5809511542320251
vn 0.730628252029419 -0.4767015874385834 0.4888129234313965
vn 0.07245493680238724 -0.9971815347671509 0.019476665183901787
vn 0.10610765963792801 -0.8886681795120239 -0.44610559940338135
vn 0.19796019792556763 -0.9802038073539734 0.0035042765084654093
vn 0.21659167110919952 0.5692659616470337 -0.7931106090545654
vn 0.3383425772190094 0.648719310760498 -0.6816800236701965
vn -0.23814186453819275 -0.6173187494277954 0.7498039603233337
vn 0.6310275197029114 -0.7755454778671265 -0.0182663481682539
vn 0.5299128890037537 -0.8001715540885925 -0.28092318773269653
vn 0.12500910460948944 -0.9545772671699524 -0.2704717814922333
vn 0.6312981247901917 -0.6902395486831665 0.3535987138748169
vn -0.043681710958480835 -0.8454063534736633 -0.5323345065116882
vn 0.0028432158287614584 0.6287356019020081 -0.7776139378547668
vn 0.596474826335907 -0.7880028486251831 -0.15254272520542145
vn 0.531328558921814 -0.4726787805557251 -0.7030395269393921
vn 0.8442167043685913 -0.4569873511791229 -0.28010836243629456
vn 0.6253437995910645 -0.2502603530883789 -0.7391311526298523
vn 0.9441766738891602 -0.20006638765335083 -0.2617323100566864
vn 0.8422465324401855 -0.5207023620605469 -0.13960586488246918
vn 0.8973524570465088 0.2532251179218292 0.3614356517791748
vn 0.6839898824691772 -0.4114946722984314 -0.6023536920547485
vn 0.9568060040473938 0.16501717269420624 -0.23935644328594208
vn 0.9777359366416931 -0.16160041093826294 -0.1338571459054947
vn 0.7600590586662292 0.6150782704353333 0.209735706448555
vn 0.8264393210411072 -0.2551785409450531 -0.5018786191940308
vn 0.32493191957473755 0.8058690428733826 -0.49496912956237793
vn -0.009721829555928707 0.959712028503418 -0.2808171510696411
vn 0.6088293790817261 0.7072948813438416 -0.35925042629241943
vn 0.4740413725376129 0.4941614270210266 -0.7287587523460388
vn 0.34302055835723877 0.8665145635604858 -0.3626146614551544
vn -0.18751944601535797 -0.7681874632835388 -0.6121474504470825
vn -0.2776622474193573 0.9234037399291992 -0.2650080621242523
vn -0.07409179955720901 0.9676910042762756 -0.24100731313228607
vn -0.886355459690094 0.05287543684244156 -0.45997634530067444
vn -0.6254942417144775 0.37571728229522705 -0.6838082075119019
vn -0.4779095947742462 -0.7750672101974487 0.41336819529533386
vn -0.8280208110809326 -0.43716973066329956 -0.35108986496925354
vn -0.7138497829437256 -0.20836950838565826 -0.6685811877250671
vn 0.3928755521774292 0.8986336588859558 -0.19520880281925201
vn 0.47333648800849915 0.6667107343673706 -0.5757165551185608
vn -0.8824866414070129 0.3566577732563019 -0.30661484599113464
vn -0.6209201216697693 0.55087810754776 -0.5576661229133606
vn -0.3335341215133667 -0.8324810266494751 0.44241440296173096
vn -0.8755342364311218 -0.19328825175762177 -0.44280874729156494
vn -0.4020637273788452 -0.5822863578796387 -0.7066027522087097
vn -0.6363058686256409 -0.5816607475280762 0.5067400932312012
vn -0.7015631198883057 -0.14808838069438934 -0.6970502734184265
vn -0.7028211951255798 -0.3137579560279846 -0.6384342908859253
vn 0.26754042506217957 0.7312948703765869 -0.6273994445800781
vn 0.19398488104343414 0.7474068403244019 -0.6354156136512756
vn -0.917377233505249 -0.16968920826911926 0.36003419756889343
vn -0.6263163089752197 0.3260745704174042 -0.7080984115600586
vn -0.6428952217102051 -0.050456397235393524 -0.764290452003479
vn -0.4274676740169525 -0.7951409816741943 -0.4301421344280243
vn -0.5794835090637207 -0.8020780682563782 -0.14446350932121277
vn -0.3297703266143799 0.8004541993141174 -0.5005244016647339
vn -0.10681059211492538 -0.8097606897354126 -0.5769568085670471
vn 0.12446825206279755 -0.9572007656097412 -0.26129376888275146
vn -0.15967042744159698 0.9082034826278687 0.38687458634376526
vn -0.2148396223783493 0.8624955415725708 0.45819801092147827
vn -0.08617157489061356 0.6698498725891113 -0.7374792695045471
vn -0.26323798298835754 0.5710813999176025 -0.7775421738624573
vn -0.765819251537323 0.4567859172821045 0.4526229798793793
vn -0.8104448914527893 0.47256946563720703 0.34620410203933716
vn -0.2551780641078949 0.6941949129104614 -0.6730361580848694
vn -0.5415417551994324 0.3111969232559204 -0.7809540033340454
vn 0.4464244544506073 -0.820349395275116 -0.35739627480506897
vn -0.3793947696685791 -0.9228754639625549 -0.06603405624628067
vn -0.44749778509140015 -0.5558916330337524 -0.7005215287208557
vn -0.12007991224527359 -0.9079034328460693 -0.40161189436912537
vn -0.5732426643371582 -0.8132197260856628 -0.10033246129751205
vn -0.7525956630706787 -0.541415274143219 -0.37479230761528015
vn -0.3494296073913574 0.6351863741874695 -0.6887940168380737
vn 0.6063506603240967 0.7294820547103882 -0.31653574109077454
vn -0.16095685958862305 -0.8116140365600586 -0.5615830421447754
vn -0.8177067041397095 -0.42670685052871704 -0.38636377453804016
vn -0.34242793917655945 -0.8940426111221313 -0.2888440191745758
vn -0.4856395125389099 -0.8726695775985718 -0.05101024731993675
vn -0.4182831048965454 -0.15977756679058075 -0.8941534757614136
vn -0.9142564535140991 -0.40008944272994995 -0.06374599039554596
vn -0.6675814986228943 -0.6338449120521545 -0.39060941338539124
vn -0.6358138918876648 0.720049262046814 0.27797436714172363
vn -0.8061635494232178 -0.0038202833384275436 -0.5916804671287537
vn -0.7064560055732727 0.5809683799743652 0.4042223393917084
vn -0.6164453029632568 0.18679921329021454 -0.764919102191925
vn 0.5436500310897827 0.6578070521354675 -0.5212816596031189
vn -0.025103501975536346 0.9796855449676514 -0.19896256923675537
vn -0.11919978260993958 0.9308798313140869 0.3453320562839508
vn -0.7477928400039673 0.37844836711883545 -0.5455114841461182
vn -0.6487826108932495 0.7129850387573242 -0.2659579813480377
vn -0.01791539415717125 -0.03783244639635086 -0.9991235136985779
vn 0.0016139830695465207 0.018365884199738503 0.9998301267623901
vn 0.05667483061552048 0.10933392494916916 0.992388129234314
f 2/2/2 3/3/3 1/1/1
f 3/3/3 4/4/4 1/1/1
f 6/6/6 7/7/7 5/5/5
f 7/7/7 8/8/8 5/5/5
f 10/10/10 11/11/11 9/9/9
f 11/11/11 12/12/12 9/9/9
f 7/7/7 13/13/13 8/8/8
f 13/13/13 14/14/14 8/8/8
f 16/16/16 17/17/17 15/15/15
f 17/17/17 18/18/18 15/15/15
f 9/9/9 19/19/19 10/10/10
f 19/19/19 20/20/20 10/10/10
f 13/13/13 21/21/21 14/14/14
f 21/21/21 22/22/22 14/14/14
f 24/24/24 16/16/16 23/23/23
f 16/16/16 15/15/15 23/23/23
f 26/26/26 27/27/27 25/25/25
f 27/27/27 28/28/28 25/25/25
f 27/27/27 29/29/29 28/28/28
f 29/29/29 30/30/30 28/28/28
f 6/6/6 31/31/31 7/7/7
f 31/31/31 32/32/32 7/7/7
f 34/34/34 35/35/35 33/33/33
f 35/35/35 36/36/36 33/33/33
f 9/9/9 12/12/12 37/37/37
f 12/12/12 38/38/38 37/37/37
f 7/7/7 32/32/32 13/13/13
f 32/32/32 39/39/39 13/13/13
f 17/17/17 16/16/16 40/40/40
f 16/16/16 41/41/41 40/40/40
f 19/19/19 9/9/9 42/42/42
f 9/9/9 37/37/37 42/42/42
f 21/21/21 13/13/13 43/43/43
f 13/13/13 39/39/39 43/43/43
f 24/24/24 44/44/44 16/16/16
f 44/44/44 41/41/41 16/16/16
f 26/26/26 45/45/45 27/27/27
f 45/45/45 46/46/46 27/27/27
f 29/29/29 27/27/27 47/47/47
f 27/27/27 46/46/46 47/47/47
f 5/5/5 8/8/8 48/48/48
f 4/4/4 49/49/49 10/10/10
f 49/49/49 11/11/11 10/10/10
f 8/8/8 14/14/14 48/48/48
f 14/14/14 22/22/22 48/48/48
f 15/15/15 18/18/18 48/48/48
f 25/25/25 28/28/28 50/50/50
f 28/28/28 2/2/2 50/50/50
f 28/28/28 30/30/30 2/2/2
f 52/52/52 53/53/53 51/51/51
f 53/53/53 54/54/54 51/51/51
f 56/56/56 57/57/57 55/55/55
f 57/57/57 58/58/58 55/55/55
f 55/55/55 58/58/58 59/59/59
f 58/58/58 60/60/60 59/59/59
f 62/62/62 59/59/59 61/61/61
f 59/59/59 60/60/60 61/61/61
f 63/63/63 64/64/64 59/59/59
f 64/64/64 55/55/55 59/59/59
f 64/64/64 63/63/63 65/65/65
f 63/63/63 66/66/66 65/65/65
f 63/63/63 67/67/67 66/66/66
f 67/67/67 68/68/68 66/66/66
f 70/70/70 68/68/68 69/69/69
f 68/68/68 67/67/67 69/69/69
f 72/72/72 66/66/66 71/71/71
f 66/66/66 68/68/68 71/71/71
f 65/65/65 66/66/66 73/73/73
f 66/66/66 72/72/72 73/73/73
f 75/75/75 73/73/73 74/74/74
f 73/73/73 72/72/72 74/74/74
f 76/76/76 74/74/74 71/71/71
f 74/74/74 72/72/72 71/71/71
f 77/77/77 78/78/78 65/65/65
f 78/78/78 64/64/64 65/65/65
f 73/73/73 79/79/79 65/65/65
f 79/79/79 77/77/77 65/65/65
f 80/80/80 71/71/71 70/70/70
f 71/71/71 68/68/68 70/70/70
f 82/82/82 80/80/80 81/81/81
f 80/80/80 70/70/70 81/81/81
f 76/76/76 71/71/71 83/83/83
f 71/71/71 80/80/80 83/83/83
f 83/83/83 80/80/80 84/84/84
f 80/80/80 82/82/82 84/84/84
f 81/81/81 85/85/85 82/82/82
f 85/85/85 86/86/86 82/82/82
f 87/87/87 88/88/88 81/81/81
f 88/88/88 85/85/85 81/81/81
f 87/87/87 81/81/81 69/69/69
f 81/81/81 70/70/70 69/69/69
f 69/69/69 67/67/67 89/89/89
f 67/67/67 62/62/62 89/89/89
f 62/62/62 61/61/61 89/89/89
f 61/61/61 90/90/90 89/89/89
f 90/90/90 61/61/61 91/91/91
f 61/61/61 92/92/92 91/91/91
f 92/92/92 93/93/93 91/91/91
f 93/93/93 94/94/94 91/91/91
f 96/96/96 93/93/93 95/95/95
f 93/93/93 92/92/92 95/95/95
f 92/92/92 61/61/61 95/95/95
f 61/61/61 60/60/60 95/95/95
f 89/89/89 90/90/90 97/97/97
f 90/90/90 98/98/98 97/97/97
f 90/90/90 91/91/91 98/98/98
f 91/91/91 99/99/99 98/98/98
f 67/67/67 63/63/63 62/62/62
f 63/63/63 59/59/59 62/62/62
f 56/56/56 55/55/55 78/78/78
f 55/55/55 64/64/64 78/78/78
f 58/58/58 100/100/100 60/60/60
f 100/100/100 95/95/95 60/60/60
f 57/57/57 101/101/101 58/58/58
f 101/101/101 100/100/100 58/58/58
f 100/100/100 101/101/101 102/102/102
f 101/101/101 103/103/103 102/102/102
f 75/75/75 105/105/105 104/104/104
f 105/105/105 106/106/106 104/104/104
f 107/107/107 105/105/105 74/74/74
f 105/105/105 75/75/75 74/74/74
f 95/95/95 100/100/100 96/96/96
f 100/100/100 102/102/102 96/96/96
f 75/75/75 104/104/104 73/73/73
f 104/104/104 79/79/79 73/73/73
f 109/109/109 110/110/110 108/108/108
f 110/110/110 111/111/111 108/108/108
f 111/111/111 112/112/112 108/108/108
f 112/112/112 113/113/113 108/108/108
f 113/113/113 112/112/112 114/114/114
f 112/112/112 115/115/115 114/114/114
f 115/115/115 116/116/116 114/114/114
f 116/116/116 117/117/117 114/114/114
f 118/118/118 119/119/119 116/116/116
f 119/119/119 117/117/117 116/116/116
f 117/117/117 119/119/119 120/120/120
f 119/119/119 121/121/121 120/120/120
f 122/122/122 123/123/123 121/121/121
f 123/123/123 120/120/120 121/121/121
f 88/88/88 124/124/124 85/85/85
f 124/124/124 123/123/123 85/85/85
f 126/126/126 124/124/124 125/125/125
f 124/124/124 127/127/127 125/125/125
f 127/127/127 124/124/124 128/128/128
f 124/124/124 88/88/88 128/128/128
f 129/129/129 130/130/130 127/127/127
f 130/130/130 125/125/125 127/127/127
f 128/128/128 131/131/131 127/127/127
f 131/131/131 129/129/129 127/127/127
f 126/126/126 114/114/114 120/120/120
f 114/114/114 117/117/117 120/120/120
f 113/113/113 114/114/114 125/125/125
f 114/114/114 126/126/126 125/125/125
f 126/126/126 120/120/120 124/124/124
f 120/120/120 123/123/123 124/124/124
f 85/85/85 123/123/123 86/86/86
f 123/123/123 122/122/122 86/86/86
f 133/133/133 86/86/86 132/132/132
f 86/86/86 122/122/122 132/132/132
f 135/135/135 132/132/132 134/134/134
f 132/132/132 136/136/136 134/134/134
f 122/122/122 121/121/121 132/132/132
f 121/121/121 136/136/136 132/132/132
f 135/135/135 137/137/137 132/132/132
f 137/137/137 133/133/133 132/132/132
f 121/121/121 119/119/119 136/136/136
f 119/119/119 138/138/138 136/136/136
f 119/119/119 118/118/118 138/138/138
f 118/118/118 139/139/139 138/138/138
f 140/140/140 141/141/141 139/139/139
f 141/141/141 138/138/138 139/139/139
f 141/141/141 134/134/134 138/138/138
f 134/134/134 136/136/136 138/138/138
f 130/130/130 142/142/142 108/108/108
f 142/142/142 109/109/109 108/108/108
f 142/142/142 144/144/144 143/143/143
f 144/144/144 145/145/145 143/143/143
f 142/142/142 130/130/130 144/144/144
f 130/130/130 129/129/129 144/144/144
f 146/146/146 147/147/147 144/144/144
f 147/147/147 145/145/145 144/144/144
f 148/148/148 147/147/147 99/99/99
f 147/147/147 146/146/146 99/99/99
f 149/149/149 150/150/150 84/84/84
f 150/150/150 83/83/83 84/84/84
f 91/91/91 94/94/94 99/99/99
f 94/94/94 148/148/148 99/99/99
f 84/84/84 133/133/133 149/149/149
f 133/133/133 137/137/137 149/149/149
f 146/146/146 131/131/131 99/99/99
f 131/131/131 98/98/98 99/99/99
f 129/129/129 131/131/131 144/144/144
f 131/131/131 146/146/146 144/144/144
f 143/143/143 151/151/151 142/142/142
f 151/151/151 109/109/109 142/142/142
f 151/151/151 152/152/152 109/109/109
f 152/152/152 110/110/110 109/109/109
f 130/130/130 108/108/108 125/125/125
f 108/108/108 113/113/113 125/125/125
f 74/74/74 76/76/76 107/107/107
f 76/76/76 153/153/153 107/107/107
f 87/87/87 69/69/69 97/97/97
f 69/69/69 89/89/89 97/97/97
f 150/150/150 153/153/153 83/83/83
f 153/153/153 76/76/76 83/83/83
f 128/128/128 97/97/97 131/131/131
f 97/97/97 98/98/98 131/131/131
f 88/88/88 87/87/87 128/128/128
f 87/87/87 97/97/97 128/128/128
f 82/82/82 86/86/86 84/84/84
f 86/86/86 133/133/133 84/84/84
f 155/155/155 156/156/156 154/154/154
f 156/156/156 157/157/157 154/154/154
f 154/154/154 157/157/157 158/158/158
f 157/157/157 159/159/159 158/158/158
f 161/161/161 158/158/158 160/160/160
f 158/158/158 159/159/159 160/160/160
f 162/162/162 163/163/163 158/158/158
f 163/163/163 154/154/154 158/158/158
f 163/163/163 162/162/162 164/164/164
f 162/162/162 165/165/165 164/164/164
f 162/162/162 166/166/166 165/165/165
f 166/166/166 167/167/167 165/165/165
f 169/169/169 167/167/167 168/168/168
f 167/167/167 166/166/166 168/168/168
f 171/171/171 165/165/165 170/170/170
f 165/165/165 167/167/167 170/170/170
f 164/164/164 165/165/165 172/172/172
f 165/165/165 171/171/171 172/172/172
f 174/174/174 172/172/172 173/173/173
f 172/172/172 171/171/171 173/173/173
f 175/175/175 173/173/173 170/170/170
f 173/173/173 171/171/171 170/170/170
f 176/176/176 177/177/177 164/164/164
f 177/177/177 163/163/163 164/164/164
f 172/172/172 178/178/178 164/164/164
f 178/178/178 176/176/176 164/164/164
f 179/179/179 170/170/170 169/169/169
f 170/170/170 167/167/167 169/169/169
f 181/181/181 179/179/179 180/180/180
f 179/179/179 169/169/169 180/180/180
f 175/175/175 170/170/170 182/182/182
f 170/170/170 179/179/179 182/182/182
f 182/182/182 179/179/179 183/183/183
f 179/179/179 181/181/181 183/183/183
f 180/180/180 184/184/184 181/181/181
f 184/184/184 185/185/185 181/181/181
f 186/186/186 187/187/187 180/180/180
f 187/187/187 184/184/184 180/180/180
f 186/186/186 180/180/180 168/168/168
f 180/180/180 169/169/169 168/168/168
f 168/168/168 166/166/166 188/188/188
f 166/166/166 161/161/161 188/188/188
f 161/161/161 160/160/160 188/188/188
f 160/160/160 189/189/189 188/188/188
f 189/189/189 160/160/160 190/190/190
f 160/160/160 191/191/191 190/190/190
f 191/191/191 192/192/192 190/190/190
f 192/192/192 193/193/193 190/190/190
f 195/195/195 192/192/192 194/194/194
f 192/192/192 191/191/191 194/194/194
f 191/191/191 160/160/160 194/194/194
f 160/160/160 159/159/159 194/194/194
f 188/188/188 189/189/189 196/196/196
f 189/189/189 197/197/197 196/196/196
f 189/189/189 190/190/190 197/197/197
f 190/190/190 198/198/198 197/197/197
f 166/166/166 162/162/162 161/161/161
f 162/162/162 158/158/158 161/161/161
f 155/155/155 154/154/154 177/177/177
f 154/154/154 163/163/163 177/177/177
f 157/157/157 199/199/199 159/159/159
f 199/199/199 194/194/194 159/159/159
f 156/156/156 200/200/200 157/157/157
f 200/200/200 199/199/199 157/157/157
f 199/199/199 200/200/200 201/201/201
f 200/200/200 202/202/202 201/201/201
f 174/174/174 204/204/204 203/203/203
f 204/204/204 205/205/205 203/203/203
f 206/206/206 204/204/204 173/173/173
f 204/204/204 174/174/174 173/173/173
f 194/194/194 199/199/199 195/195/195
f 199/199/199 201/201/201 195/195/195
f 174/174/174 203/203/203 172/172/172
f 203/203/203 178/178/178 172/172/172
f 208/208/208 209/209/209 207/207/207
f 209/209/209 210/210/210 207/207/207
f 210/210/210 211/211/211 207/207/207
f 211/211/211 212/212/212 207/207/207
f 212/212/212 211/211/211 213/213/213
f 211/211/211 214/214/214 213/213/213
f 214/214/214 215/215/215 213/213/213
f 215/215/215 216/216/216 213/213/213
f 217/217/217 218/218/218 215/215/215
f 218/218/218 216/216/216 215/215/215
f 216/216/216 218/218/218 219/219/219
f 218/218/218 220/220/220 219/219/219
f 221/221/221 222/222/222 220/220/220
f 222/222/222 219/219/219 220/220/220
f 187/187/187 223/223/223 184/184/184
f 223/223/223 222/222/222 184/184/184
f 225/225/225 223/223/223 224/224/224
f 223/223/223 226/226/226 224/224/224
f 226/226/226 223/223/223 227/227/227
f 223/223/223 187/187/187 227/227/227
f 228/228/228 229/229/229 226/226/226
f 229/229/229 224/224/224 226/226/226
f 227/227/227 230/230/230 226/226/226
f 230/230/230 228/228/228 226/226/226
f 225/225/225 213/213/213 219/219/219
f 213/213/213 216/216/216 219/219/219
f 212/212/212 213/213/213 224/224/224
f 213/213/213 225/225/225 224/224/224
f 225/225/225 219/219/219 223/223/223
f 219/219/219 222/222/222 223/223/223
f 184/184/184 222/222/222 185/185/185
f 222/222/222 221/221/221 185/185/185
f 232/232/232 185/185/185 231/231/231
f 185/185/185 221/221/221 231/231/231
f 234/234/234 231/231/231 233/233/233
f 231/231/231 235/235/235 233/233/233
f 221/221/221 220/220/220 231/231/231
f 220/220/220 235/235/235 231/231/231
f 234/234/234 236/236/236 231/231/231
f 236/236/236 232/232/232 231/231/231
f 220/220/220 218/218/218 235/235/235
f 218/218/218 237/237/237 235/235/235
f 218/218/218 217/217/217 237/237/237
f 217/217/217 238/238/238 237/237/237
f 239/239/239 240/240/240 238/238/238
f 240/240/240 237/237/237 238/238/238
f 240/240/240 233/233/233 237/237/237
f 233/233/233 235/235/235 237/237/237
f 229/229/229 241/241/241 207/207/207
f 241/241/241 208/208/208 207/207/207
f 241/241/241 243/243/243 242/242/242
f 243/243/243 244/244/244 242/242/242
f 241/241/241 229/229/229 243/243/243
f 229/229/229 228/228/228 243/243/243
f 245/245/245 246/246/246 243/243/243
f 246/246/246 244/244/244 243/243/243
f 247/247/247 246/246/246 198/198/198
f 246/246/246 245/245/245 198/198/198
f 248/248/248 249/249/249 183/183/183
f 249/249/249 182/182/182 183/183/183
f 190/190/190 193/193/193 198/198/198
f 193/193/193 247/247/247 198/198/198
f 183/183/183 232/232/232 248/248/248
f 232/232/232 236/236/236 248/248/248
f 245/245/245 230/230/230 198/198/198
f 230/230/230 197/197/197 198/198/198
f 228/228/228 230/230/230 243/243/243
f 230/230/230 245/245/245 243/243/243
f 242/242/242 250/250/250 241/241/241
f 250/250/250 208/208/208 241/241/241
f 250/250/250 251/251/251 208/208/208
f 251/251/251 209/209/209 208/208/208
f 229/229/229 207/207/207 224/224/224
f 207/207/207 212/212/212 224/224/224
f 173/173/173 175/175/175 206/206/206
f 175/175/175 252/252/252 206/206/206
f 186/186/186 168/168/168 196/196/196
f 168/168/168 188/188/188 196/196/196
f 249/249/249 252/252/252 182/182/182
f 252/252/252 175/175/175 182/182/182
f 227/227/227 196/196/196 230/230/230
f 196/196/196 197/197/197 230/230/230
f 187/187/187 186/186/186 227/227/227
f 186/186/186 196/196/196 227/227/227
f 181/181/181 185/185/185 183/183/183
f 185/185/185 232/232/232 183/183/183
f 29/29/29 47/47/47 54/54/54
f 47/47/47 51/51/51 54/54/54
f 29/29/29 54/54/54 30/30/30
f 54/54/54 53/53/53 30/30/30
f 30/30/30 53/53/53 2/2/2
f 53/53/53 3/3/3 2/2/2
f 19/19/19 42/42/42 253/253/253
f 42/42/42 254/254/254 253/253/253
f 19/19/19 253/253/253 20/20/20
f 253/253/253 255/255/255 20/20/20
f 20/20/20 255/255/255 50/50/50
f 256/256/256 25/25/25 50/50/50
f 257/257/257 26/26/26 256/256/256
f 26/26/26 25/25/25 256/256/256
f 26/26/26 257/257/257 45/45/45
f 257/257/257 258/258/258 45/45/45
f 17/17/17 40/40/40 257/257/257
f 40/40/40 258/258/258 257/257/257
f 17/17/17 257/257/257 18/18/18
f 257/257/257 256/256/256 18/18/18
f 18/18/18 256/256/256 48/48/48
f 256/256/256 50/50/50 48/48/48
f 255/255/255 5/5/5 50/50/50
f 5/5/5 48/48/48 50/50/50
f 253/253/253 6/6/6 255/255/255
f 6/6/6 5/5/5 255/255/255
f 6/6/6 253/253/253 31/31/31
f 253/253/253 254/254/254 31/31/31
f 21/21/21 43/43/43 24/24/24
f 43/43/43 44/44/44 24/24/24
f 21/21/21 24/24/24 22/22/22
f 24/24/24 23/23/23 22/22/22
f 22/22/22 23/23/23 48/48/48
f 23/23/23 15/15/15 48/48/48
f 2/2/2 1/1/1 50/50/50
f 10/10/10 20/20/20 4/4/4
f 20/20/20 1/1/1 4/4/4
f 20/20/20 50/50/50 1/1/1
f 36/36/36 11/11/11 49/49/49
f 36/36/36 35/35/35 11/11/11
f 35/35/35 12/12/12 11/11/11
f 35/35/35 34/34/34 12/12/12
f 34/34/34 38/38/38 12/12/12
f 4/4/4 259/259/259 49/49/49
f 259/259/259 260/260/260 49/49/49
f 53/53/53 52/52/52 3/3/3
f 52/52/52 261/261/261 3/3/3
f 49/49/49 260/260/260 36/36/36
f 260/260/260 33/33/33 36/36/36
f 3/3/3 261/261/261 4/4/4
f 261/261/261 259/259/259 4/4/4
f 263/263/263 264/264/264 262/262/262
f 264/264/264 265/265/265 262/262/262
f 267/267/267 268/268/268 266/266/266
f 268/268/268 269/269/269 266/266/266
f 271/271/271 272/272/272 270/270/270
f 273/273/273 267/267/267 262/262/262
f 267/267/267 266/266/266 262/262/262
f 263/263/263 262/262/262 274/274/274
f 262/262/262 266/266/266 274/274/274
f 262/262/262 265/265/265 273/273/273
f 265/265/265 275/275/275 273/273/273
f 268/268/268 276/276/276 269/269/269
f 276/276/276 272/272/272 269/269/269
f 274/274/274 266/266/266 277/277/277
f 266/266/266 269/269/269 277/277/277
f 277/277/277 269/269/269 271/271/271
f 269/269/269 272/272/272 271/271/271
f 279/279/279 280/280/280 278/278/278
f 280/280/280 281/281/281 278/278/278
f 283/283/283 284/284/284 282/282/282
f 284/284/284 285/285/285 282/282/282
f 287/287/287 288/288/288 286/286/286
f 288/288/288 289/289/289 286/286/286
f 291/291/291 292/292/292 290/290/290
f 292/292/292 293/293/293 290/290/290
f 295/295/295 279/279/279 294/294/294
f 279/279/279 278/278/278 294/294/294
f 297/297/297 298/298/298 296/296/296
f 298/298/298 299/299/299 296/296/296
f 298/298/298 300/300/300 299/299/299
f 300/300/300 301/301/301 299/299/299
f 302/302/302 303/303/303 264/264/264
f 303/303/303 265/265/265 264/264/264
f 304/304/304 305/305/305 267/267/267
f 305/305/305 268/268/268 267/267/267
f 306/306/306 304/304/304 273/273/273
f 304/304/304 267/267/267 273/273/273
f 306/306/306 273/273/273 307/307/307
f 273/273/273 275/275/275 307/307/307
f 307/307/307 275/275/275 303/303/303
f 275/275/275 265/265/265 303/303/303
f 305/305/305 308/308/308 268/268/268
f 308/308/308 276/276/276 268/268/268
f 279/279/279 309/309/309 280/280/280
f 309/309/309 310/310/310 280/280/280
f 283/283/283 311/311/311 284/284/284
f 311/311/311 312/312/312 284/284/284
f 287/287/287 313/313/313 288/288/288
f 313/313/313 314/314/314 288/288/288
f 291/291/291 315/315/315 292/292/292
f 315/315/315 316/316/316 292/292/292
f 302/302/302 264/264/264 317/317/317
f 264/264/264 318/318/318 317/317/317
f 295/295/295 319/319/319 279/279/279
f 319/319/319 309/309/309 279/279/279
f 321/321/321 297/297/297 320/320/320
f 297/297/297 296/296/296 320/320/320
f 297/297/297 321/321/321 298/298/298
f 321/321/321 322/322/322 298/298/298
f 298/298/298 322/322/322 300/300/300
f 322/322/322 323/323/323 300/300/300
f 278/278/278 281/281/281 270/270/270
f 281/281/281 271/271/271 270/270/270
f 282/282/282 285/285/285 271/271/271
f 285/285/285 277/277/277 271/271/271
f 286/286/286 289/289/289 277/277/277
f 289/289/289 274/274/274 277/277/277
f 290/290/290 293/293/293 274/274/274
f 293/293/293 263/263/263 274/274/274
f 294/294/294 278/278/278 270/270/270
f 296/296/296 299/299/299 276/276/276
f 299/299/299 272/272/272 276/276/276
f 299/299/299 301/301/301 272/272/272
f 301/301/301 270/270/270 272/272/272
f 317/317/317 318/318/318 324/324/324
f 318/318/318 325/325/325 324/324/324
f 320/320/320 296/296/296 308/308/308
f 296/296/296 276/276/276 308/308/308
f 301/301/301 294/294/294 270/270/270
f 300/300/300 295/295/295 301/301/301
f 295/295/295 294/294/294 301/301/301
f 295/295/295 300/300/300 319/319/319
f 300/300/300 323/323/323 319/319/319
f 281/281/281 282/282/282 271/271/271
f 280/280/280 283/283/283 281/281/281
f 283/283/283 282/282/282 281/281/281
f 283/283/283 280/280/280 311/311/311
f 280/280/280 310/310/310 311/311/311
f 289/289/289 290/290/290 274/274/274
f 288/288/288 291/291/291 289/289/289
f 291/291/291 290/290/290 289/289/289
f 291/291/291 288/288/288 315/315/315
f 288/288/288 314/314/314 315/315/315
f 292/292/292 316/316/316 325/325/325
f 316/316/316 324/324/324 325/325/325
f 292/292/292 325/325/325 293/293/293
f 325/325/325 318/318/318 293/293/293
f 293/293/293 318/318/318 263/263/263
f 318/318/318 264/264/264 263/263/263
f 285/285/285 286/286/286 277/277/277
f 284/284/284 287/287/287 285/285/285
f 287/287/287 286/286/286 285/285/285
f 287/287/287 284/284/284 313/313/313
f 284/284/284 312/312/312 313/313/313
f 327/327/327 328/328/328 326/326/326
f 330/330/330 331/331/331 329/329/329
f 333/333/333 334/334/334 332/332/332
f 336/336/336 337/337/337 335/335/335
f 339/339/339 340/340/340 338/338/338
f 342/342/342 343/343/343 341/341/341
f 345/345/345 346/346/346 344/344/344
f 348/348/348 349/349/349 347/347/347
f 351/351/351 352/352/352 350/350/350
f 354/354/354 337/337/337 353/353/353
f 356/356/356 357/357/357 355/355/355
f 359/359/359 343/343/343 358/358/358
f 361/361/361 331/331/331 360/360/360
f 363/363/363 364/364/364 362/362/362
f 366/366/366 367/367/367 365/365/365
f 369/369/369 370/370/370 368/368/368
f 370/370/370 371/371/371 368/368/368
f 373/373/373 374/374/374 372/372/372
f 352/352/352 351/351/351 375/375/375
f 351/351/351 376/376/376 375/375/375
f 377/377/377 341/341/341 343/343/343
f 364/364/364 334/334/334 362/362/362
f 367/367/367 350/350/350 365/365/365
f 350/350/350 352/352/352 365/365/365
f 378/378/378 335/335/335 337/337/337
f 379/379/379 338/338/338 340/340/340
f 380/380/380 329/329/329 331/331/331
f 371/371/371 381/381/381 368/368/368
f 374/374/374 349/349/349 372/372/372
f 349/349/349 382/382/382 347/347/347
f 334/334/334 383/383/383 332/332/332
f 376/376/376 384/384/384 375/375/375
f 381/381/381 344/344/344 368/368/368
f 344/344/344 346/346/346 368/368/368
f 385/385/385 354/354/354 353/353/353
f 384/384/384 386/386/386 375/375/375
f 386/386/386 387/387/387 375/375/375
f 388/388/388 359/359/359 358/358/358
f 389/389/389 361/361/361 360/360/360
f 365/365/365 390/390/390 366/366/366
f 355/355/355 391/391/391 356/356/356
f 328/328/328 393/393/393 392/392/392
f 395/395/395 396/396/396 394/394/394
f 398/398/398 399/399/399 397/397/397
f 401/401/401 402/402/402 400/400/400
f 404/404/404 405/405/405 403/403/403
f 407/407/407 408/408/408 406/406/406
f 410/410/410 411/411/411 409/409/409
f 411/411/411 412/412/412 409/409/409
f 414/414/414 415/415/415 413/413/413
f 416/416/416 417/417/417 398/398/398
f 419/419/419 420/420/420 418/418/418
f 422/422/422 423/423/423 421/421/421
f 425/425/425 328/328/328 424/424/424
f 399/399/399 426/426/426 397/397/397
f 426/426/426 427/427/427 397/397/397
f 415/415/415 428/428/428 413/413/413
f 428/428/428 429/429/429 413/413/413
f 404/404/404 418/418/418 405/405/405
f 412/412/412 411/411/411 430/430/430
f 422/422/422 421/421/421 414/414/414
f 421/421/421 415/415/415 414/414/414
f 431/431/431 416/416/416 398/398/398
f 433/433/433 407/407/407 432/432/432
f 435/435/435 426/426/426 434/434/434
f 436/436/436 437/437/437 411/411/411
f 437/437/437 430/430/430 411/411/411
f 439/439/439 428/428/428 438/438/438
f 440/440/440 432/432/432 407/407/407
f 386/386/386 438/438/438 387/387/387
f 438/438/438 428/428/428 387/387/387
f 442/442/442 443/443/443 441/441/441
f 443/443/443 418/418/418 441/441/441
f 403/403/403 405/405/405 444/444/444
f 402/402/402 421/421/421 400/400/400
f 421/421/421 423/423/423 400/400/400
f 396/396/396 402/402/402 394/394/394
f 402/402/402 445/445/445 394/394/394
f 447/447/447 448/448/448 446/446/446
f 448/448/448 449/449/449 446/446/446
f 451/451/451 452/452/452 450/450/450
f 454/454/454 455/455/455 453/453/453
f 457/457/457 458/458/458 456/456/456
f 460/460/460 461/461/461 459/459/459
f 463/463/463 464/464/464 462/462/462
f 466/466/466 467/467/467 465/465/465
f 469/469/469 470/470/470 468/468/468
f 472/472/472 473/473/473 471/471/471
f 475/475/475 476/476/476 474/474/474
f 478/478/478 479/479/479 477/477/477
f 481/481/481 482/482/482 480/480/480
f 484/484/484 485/485/485 483/483/483
f 487/487/487 488/488/488 486/486/486
f 488/488/488 489/489/489 486/486/486
f 491/491/491 492/492/492 490/490/490
f 494/494/494 495/495/495 493/493/493
f 497/497/497 498/498/498 496/496/496
f 473/473/473 499/499/499 471/471/471
f 499/499/499 500/500/500 471/471/471
f 501/501/501 464/464/464 463/463/463
f 489/489/489 488/488/488 502/502/502
f 491/491/491 490/490/490 472/472/472
f 490/490/490 473/473/473 472/472/472
f 503/503/503 458/458/458 457/457/457
f 504/504/504 461/461/461 460/460/460
f 505/505/505 452/452/452 451/451/451
f 495/495/495 494/494/494 506/506/506
f 498/498/498 497/497/497 507/507/507
f 470/470/470 469/469/469 508/508/508
f 455/455/455 454/454/454 509/509/509
f 500/500/500 499/499/499 510/510/510
f 449/449/449 511/511/511 446/446/446
f 506/506/506 494/494/494 466/466/466
f 494/494/494 467/467/467 466/466/466
f 476/476/476 512/512/512 474/474/474
f 510/510/510 499/499/499 513/513/513
f 499/499/499 514/514/514 513/513/513
f 482/482/482 515/515/515 480/480/480
f 485/485/485 516/516/516 483/483/483
f 490/490/490 492/492/492 517/517/517
f 477/477/477 479/479/479 518/518/518
f 447/447/447 519/519/519 448/448/448
f 519/519/519 520/520/520 448/448/448
f 522/522/522 523/523/523 521/521/521
f 525/525/525 526/526/526 524/524/524
f 528/528/528 529/529/529 527/527/527
f 531/531/531 532/532/532 530/530/530
f 534/534/534 535/535/535 533/533/533
f 537/537/537 538/538/538 536/536/536
f 540/540/540 541/541/541 539/539/539
f 543/543/543 544/544/544 542/542/542
f 546/546/546 547/547/547 545/545/545
f 549/549/549 550/550/550 548/548/548
f 552/552/552 553/553/553 551/551/551
f 555/555/555 556/556/556 554/554/554
f 541/541/541 540/540/540 557/557/557
f 540/540/540 558/558/558 557/557/557
f 560/560/560 561/561/561 559/559/559
f 520/520/520 563/563/563 562/562/562
f 565/565/565 529/529/529 564/564/564
f 529/529/529 528/528/528 564/564/564
f 567/567/567 544/544/544 566/566/566
f 544/544/544 543/543/543 566/566/566
f 553/553/553 568/568/568 551/551/551
f 568/568/568 535/535/535 551/551/551
f 558/558/558 569/569/569 557/557/557
f 561/561/561 542/542/542 559/559/559
f 542/542/542 544/544/544 559/559/559
f 547/547/547 570/570/570 545/545/545
f 550/550/550 571/571/571 548/548/548
f 571/571/571 532/532/532 548/548/548
f 556/556/556 572/572/572 554/554/554
f 572/572/572 523/523/523 554/554/554
f 574/574/574 575/575/575 573/573/573
f 576/576/576 577/577/577 565/565/565
f 541/541/541 565/565/565 539/539/539
f 565/565/565 577/577/577 539/539/539
f 526/526/526 557/557/557 578/578/578
f 557/557/557 569/569/569 578/578/578
f 579/579/579 580/580/580 567/567/567
f 520/520/520 519/519/519 563/563/563
f 575/575/575 581/581/581 573/573/573
f 582/582/582 538/538/538 537/537/537
f 580/580/580 513/513/513 567/567/567
f 513/513/513 514/514/514 567/567/567
f 583/583/583 551/551/551 525/525/525
f 551/551/551 526/526/526 525/525/525
f 584/584/584 554/554/554 534/534/534
f 554/554/554 535/535/535 534/534/534
f 559/559/559 532/532/532 560/560/560
f 532/532/532 531/531/531 560/560/560
f 548/548/548 523/523/523 585/585/585
f 523/523/523 522/522/522 585/585/585
f 326/326/326 587/587/587 586/586/586
f 587/587/587 588/588/588 586/586/586
f 329/329/329 589/589/589 330/330/330
f 589/589/589 590/590/590 330/330/330
f 332/332/332 591/591/591 333/333/333
f 591/591/591 592/592/592 333/333/333
f 335/335/335 593/593/593 336/336/336
f 593/593/593 594/594/594 336/336/336
f 338/338/338 595/595/595 339/339/339
f 595/595/595 596/596/596 339/339/339
f 341/341/341 597/597/597 342/342/342
f 597/597/597 598/598/598 342/342/342
f 344/344/344 599/599/599 345/345/345
f 599/599/599 600/600/600 345/345/345
f 347/347/347 601/601/601 348/348/348
f 601/601/601 602/602/602 348/348/348
f 350/350/350 603/603/603 351/351/351
f 603/603/603 604/604/604 351/351/351
f 377/377/377 605/605/605 341/341/341
f 605/605/605 597/597/597 341/341/341
f 364/364/364 607/607/607 606/606/606
f 607/607/607 608/608/608 606/606/606
f 367/367/367 609/609/609 350/350/350
f 609/609/609 603/603/603 350/350/350
f 378/378/378 610/610/610 335/335/335
f 610/610/610 593/593/593 335/335/335
f 379/379/379 611/611/611 338/338/338
f 611/611/611 595/595/595 338/338/338
f 380/380/380 612/612/612 329/329/329
f 612/612/612 589/589/589 329/329/329
f 371/371/371 613/613/613 381/381/381
f 613/613/613 614/614/614 381/381/381
f 374/374/374 616/616/616 615/615/615
f 616/616/616 617/617/617 615/615/615
f 618/618/618 613/613/613 371/371/371
f 376/376/376 619/619/619 384/384/384
f 619/619/619 620/620/620 384/384/384
f 586/586/586 588/588/588 621/621/621
f 588/588/588 622/622/622 621/621/621
f 381/381/381 614/614/614 344/344/344
f 614/614/614 599/599/599 344/344/344
f 623/623/623 624/624/624 385/385/385
f 624/624/624 354/354/354 385/385/385
f 354/354/354 624/624/624 625/625/625
f 624/624/624 626/626/626 625/625/625
f 384/384/384 620/620/620 386/386/386
f 620/620/620 627/627/627 386/386/386
f 373/373/373 628/628/628 374/374/374
f 628/628/628 616/616/616 374/374/374
f 382/382/382 629/629/629 347/347/347
f 629/629/629 601/601/601 347/347/347
f 630/630/630 607/607/607 363/363/363
f 607/607/607 364/364/364 363/363/363
f 383/383/383 631/631/631 332/332/332
f 631/631/631 591/591/591 332/332/332
f 388/388/388 632/632/632 359/359/359
f 632/632/632 633/633/633 359/359/359
f 359/359/359 633/633/633 634/634/634
f 633/633/633 635/635/635 634/634/634
f 389/389/389 636/636/636 361/361/361
f 636/636/636 637/637/637 361/361/361
f 361/361/361 637/637/637 638/638/638
f 637/637/637 639/639/639 638/638/638
f 376/376/376 351/351/351 604/604/604
f 366/366/366 640/640/640 367/367/367
f 640/640/640 609/609/609 367/367/367
f 390/390/390 641/641/641 366/366/366
f 641/641/641 640/640/640 366/366/366
f 356/356/356 642/642/642 357/357/357
f 642/642/642 643/643/643 357/357/357
f 391/391/391 644/644/644 356/356/356
f 644/644/644 642/642/642 356/356/356
f 392/392/392 645/645/645 326/326/326
f 645/645/645 587/587/587 326/326/326
f 394/394/394 646/646/646 395/395/395
f 646/646/646 647/647/647 395/395/395
f 442/442/442 648/648/648 436/436/436
f 648/648/648 649/649/649 436/436/436
f 397/397/397 651/651/651 650/650/650
f 651/651/651 652/652/652 650/650/650
f 400/400/400 653/653/653 401/401/401
f 653/653/653 654/654/654 401/401/401
f 403/403/403 655/655/655 404/404/404
f 655/655/655 656/656/656 404/404/404
f 406/406/406 658/658/658 657/657/657
f 658/658/658 659/659/659 657/657/657
f 409/409/409 661/661/661 660/660/660
f 661/661/661 662/662/662 660/660/660
f 413/413/413 663/663/663 414/414/414
f 663/663/663 664/664/664 414/414/414
f 665/665/665 666/666/666 419/419/419
f 666/666/666 667/667/667 419/419/419
f 430/430/430 668/668/668 412/412/412
f 668/668/668 669/669/669 412/412/412
f 414/414/414 664/664/664 422/422/422
f 664/664/664 670/670/670 422/422/422
f 431/431/431 671/671/671 416/416/416
f 671/671/671 672/672/672 416/416/416
f 674/674/674 675/675/675 673/673/673
f 675/675/675 676/676/676 673/673/673
f 678/678/678 679/679/679 677/677/677
f 679/679/679 680/680/680 677/677/677
f 432/432/432 681/681/681 433/433/433
f 681/681/681 682/682/682 433/433/433
f 434/434/434 683/683/683 435/435/435
f 683/683/683 684/684/684 435/435/435
f 425/425/425 685/685/685 393/393/393
f 685/685/685 686/686/686 393/393/393
f 438/438/438 687/687/687 439/439/439
f 687/687/687 688/688/688 439/439/439
f 393/393/393 686/686/686 392/392/392
f 686/686/686 645/645/645 392/392/392
f 440/440/440 689/689/689 432/432/432
f 689/689/689 681/681/681 432/432/432
f 690/690/690 658/658/658 408/408/408
f 658/658/658 406/406/406 408/408/408
f 416/416/416 672/672/672 417/417/417
f 672/672/672 691/691/691 417/417/417
f 386/386/386 627/627/627 438/438/438
f 627/627/627 687/687/687 438/438/438
f 427/427/427 692/692/692 397/397/397
f 692/692/692 651/651/651 397/397/397
f 660/660/660 662/662/662 434/434/434
f 662/662/662 683/683/683 434/434/434
f 661/661/661 409/409/409 669/669/669
f 409/409/409 412/412/412 669/669/669
f 437/437/437 693/693/693 430/430/430
f 693/693/693 668/668/668 430/430/430
f 441/441/441 694/694/694 442/442/442
f 694/694/694 648/648/648 442/442/442
f 419/419/419 667/667/667 420/420/420
f 667/667/667 695/695/695 420/420/420
f 696/696/696 697/697/697 403/403/403
f 697/697/697 655/655/655 403/403/403
f 698/698/698 699/699/699 696/696/696
f 699/699/699 697/697/697 696/696/696
f 700/700/700 663/663/663 429/429/429
f 663/663/663 413/413/413 429/429/429
f 422/422/422 670/670/670 423/423/423
f 670/670/670 701/701/701 423/423/423
f 423/423/423 701/701/701 400/400/400
f 701/701/701 653/653/653 400/400/400
f 673/673/673 676/676/676 702/702/702
f 676/676/676 703/703/703 702/702/702
f 445/445/445 704/704/704 394/394/394
f 704/704/704 646/646/646 394/394/394
f 449/449/449 705/705/705 494/494/494
f 473/473/473 705/705/705 499/499/499
f 452/452/452 705/705/705 477/477/477
f 464/464/464 705/705/705 483/483/483
f 461/461/461 705/705/705 490/490/490
f 487/487/487 470/470/470 488/488/488
f 470/470/470 705/705/705 488/488/488
f 455/455/455 705/705/705 480/480/480
f 467/467/467 705/705/705 474/474/474
f 458/458/458 705/705/705 497/497/497
f 474/474/474 705/705/705 458/458/458
f 490/490/490 705/705/705 473/473/473
f 483/483/483 705/705/705 452/452/452
f 477/477/477 705/705/705 461/461/461
f 488/488/488 705/705/705 455/455/455
f 480/480/480 705/705/705 464/464/464
f 494/494/494 705/705/705 467/467/467
f 497/497/497 705/705/705 470/470/470
f 448/448/448 705/705/705 449/449/449
f 499/499/499 705/705/705 514/514/514
f 573/573/573 705/705/705 520/520/520
f 567/567/567 705/705/705 544/544/544
f 548/548/548 705/705/705 523/523/523
f 554/554/554 705/705/705 535/535/535
f 559/559/559 705/705/705 532/532/532
f 557/557/557 705/705/705 541/541/541
f 551/551/551 705/705/705 526/526/526
f 545/545/545 705/705/705 538/538/538
f 565/565/565 705/705/705 529/529/529
f 529/529/529 705/705/705 545/545/545
f 544/544/544 705/705/705 559/559/559
f 523/523/523 705/705/705 554/554/554
f 532/532/532 705/705/705 548/548/548
f 526/526/526 705/705/705 557/557/557
f 535/535/535 705/705/705 551/551/551
f 538/538/538 705/705/705 573/573/573
f 541/541/541 705/705/705 565/565/565
f 520/520/520 705/705/705 448/448/448
f 514/514/514 705/705/705 567/567/567
f 368/368/368 706/706/706 369/369/369
f 375/375/375 706/706/706 352/352/352
f 355/355/355 706/706/706 331/331/331
f 360/360/360 706/706/706 343/343/343
f 365/365/365 706/706/706 340/340/340
f 362/362/362 706/706/706 349/349/349
f 358/358/358 706/706/706 334/334/334
f 353/353/353 706/706/706 346/346/346
f 372/372/372 706/706/706 337/337/337
f 337/337/337 706/706/706 353/353/353
f 352/352/352 706/706/706 365/365/365
f 331/331/331 706/706/706 360/360/360
f 340/340/340 706/706/706 355/355/355
f 334/334/334 706/706/706 362/362/362
f 343/343/343 706/706/706 358/358/358
f 346/346/346 706/706/706 368/368/368
f 349/349/349 706/706/706 372/372/372
f 369/369/369 706/706/706 328/328/328
f 387/387/387 706/706/706 375/375/375
f 424/424/424 706/706/706 407/407/407
f 415/415/415 706/706/706 428/428/428
f 396/396/396 706/706/706 402/402/402
f 405/405/405 706/706/706 444/444/444
f 402/402/402 706/706/706 421/421/421
f 410/410/410 706/706/706 411/411/411
f 443/443/443 706/706/706 418/418/418
f 707/707/707 706/706/706 398/398/398
f 399/399/399 706/706/706 426/426/426
f 398/398/398 706/706/706 399/399/399
f 421/421/421 706/706/706 415/415/415
f 444/444/444 706/706/706 396/396/396
f 411/411/411 706/706/706 443/443/443
f 405/405/405 418/418/418 706/706/706
f 407/407/407 706/706/706 707/707/707
f 426/426/426 706/706/706 410/410/410
f 328/328/328 706/706/706 424/424/424
f 428/428/428 706/706/706 387/387/387
f 698/698/698 677/677/677 699/699/699
f 677/677/677 680/680/680 699/699/699
f 584/584/584 555/555/555 554/554/554
f 665/665/665 404/404/404 666/666/666
f 404/404/404 656/656/656 666/666/666
f 568/568/568 533/533/533 535/535/535
f 420/420/420 441/441/441 418/418/418
f 441/441/441 420/420/420 694/694/694
f 420/420/420 695/695/695 694/694/694
f 583/583/583 552/552/552 551/551/551
f 437/437/437 436/436/436 693/693/693
f 436/436/436 649/649/649 693/693/693
f 526/526/526 578/578/578 524/524/524
f 426/426/426 435/435/435 427/427/427
f 427/427/427 435/435/435 692/692/692
f 435/435/435 684/684/684 692/692/692
f 564/564/564 576/576/576 565/565/565
f 431/431/431 650/650/650 671/671/671
f 650/650/650 652/652/652 671/671/671
f 570/570/570 527/527/527 545/545/545
f 527/527/527 529/529/529 545/545/545
f 417/417/417 408/408/408 398/398/398
f 408/408/408 707/707/707 398/398/398
f 690/690/690 408/408/408 691/691/691
f 408/408/408 417/417/417 691/691/691
f 582/582/582 546/546/546 538/538/538
f 546/546/546 545/545/545 538/538/538
f 440/440/440 657/657/657 689/689/689
f 657/657/657 659/659/659 689/689/689
f 581/581/581 536/536/536 573/573/573
f 536/536/536 538/538/538 573/573/573
f 424/424/424 407/407/407 425/425/425
f 407/407/407 433/433/433 425/425/425
f 425/425/425 433/433/433 685/685/685
f 433/433/433 682/682/682 685/685/685
f 520/520/520 562/562/562 573/573/573
f 562/562/562 574/574/574 573/573/573
f 369/369/369 621/621/621 370/370/370
f 370/370/370 621/621/621 618/618/618
f 621/621/621 622/622/622 618/618/618
f 494/494/494 493/493/493 449/449/449
f 493/493/493 511/511/511 449/449/449
f 385/385/385 346/346/346 345/345/345
f 623/623/623 385/385/385 600/600/600
f 385/385/385 345/345/345 600/600/600
f 512/512/512 465/465/465 474/474/474
f 465/465/465 467/467/467 474/474/474
f 378/378/378 625/625/625 610/610/610
f 625/625/625 626/626/626 610/610/610
f 503/503/503 475/475/475 458/458/458
f 475/475/475 474/474/474 458/458/458
f 372/372/372 337/337/337 373/373/373
f 337/337/337 336/336/336 373/373/373
f 373/373/373 336/336/336 628/628/628
f 336/336/336 594/594/594 628/628/628
f 458/458/458 497/497/497 456/456/456
f 497/497/497 496/496/496 456/456/456
f 382/382/382 615/615/615 629/629/629
f 615/615/615 617/617/617 629/629/629
f 497/497/497 470/470/470 507/507/507
f 470/470/470 508/508/508 507/507/507
f 362/362/362 349/349/349 363/363/363
f 349/349/349 348/348/348 363/363/363
f 630/630/630 363/363/363 602/602/602
f 363/363/363 348/348/348 602/602/602
f 470/470/470 487/487/487 468/468/468
f 487/487/487 486/486/486 468/468/468
f 383/383/383 606/606/606 631/631/631
f 606/606/606 608/608/608 631/631/631
f 488/488/488 455/455/455 502/502/502
f 455/455/455 509/509/509 502/502/502
f 388/388/388 358/358/358 333/333/333
f 358/358/358 334/334/334 333/333/333
f 388/388/388 333/333/333 632/632/632
f 333/333/333 592/592/592 632/632/632
f 515/515/515 453/453/453 480/480/480
f 453/453/453 455/455/455 480/480/480
f 377/377/377 634/634/634 605/605/605
f 634/634/634 635/635/635 605/605/605
f 501/501/501 481/481/481 464/464/464
f 481/481/481 480/480/480 464/464/464
f 389/389/389 360/360/360 342/342/342
f 360/360/360 343/343/343 342/342/342
f 389/389/389 342/342/342 636/636/636
f 342/342/342 598/598/598 636/636/636
f 516/516/516 462/462/462 483/483/483
f 462/462/462 464/464/464 483/483/483
f 380/380/380 638/638/638 612/612/612
f 638/638/638 639/639/639 612/612/612
f 505/505/505 484/484/484 452/452/452
f 484/484/484 483/483/483 452/452/452
f 355/355/355 331/331/331 391/391/391
f 331/331/331 330/330/330 391/391/391
f 391/391/391 330/330/330 644/644/644
f 330/330/330 590/590/590 644/644/644
f 452/452/452 477/477/477 450/450/450
f 477/477/477 518/518/518 450/450/450
f 357/357/357 379/379/379 355/355/355
f 379/379/379 340/340/340 355/355/355
f 379/379/379 357/357/357 611/611/611
f 357/357/357 643/643/643 611/611/611
f 504/504/504 478/478/478 461/461/461
f 478/478/478 477/477/477 461/461/461
f 365/365/365 340/340/340 390/390/390
f 340/340/340 339/339/339 390/390/390
f 390/390/390 339/339/339 641/641/641
f 339/339/339 596/596/596 641/641/641
f 461/461/461 490/490/490 459/459/459
f 490/490/490 517/517/517 459/459/459
f 428/428/428 439/439/439 429/429/429
f 700/700/700 429/429/429 688/688/688
f 429/429/429 439/439/439 688/688/688
f 566/566/566 579/579/579 567/567/567
f 445/445/445 702/702/702 704/704/704
f 702/702/702 703/703/703 704/704/704
f 548/548/548 585/585/585 549/549/549
f 674/674/674 402/402/402 401/401/401
f 674/674/674 401/401/401 675/675/675
f 401/401/401 654/654/654 675/675/675
f 571/571/571 530/530/530 532/532/532
f 678/678/678 396/396/396 395/395/395
f 678/678/678 395/395/395 679/679/679
f 395/395/395 647/647/647 679/679/679
f 572/572/572 521/521/521 523/523/523
f 370/370/370 618/618/618 371/371/371
f 396/396/396 403/403/403 444/444/444
f 665/665/665 418/418/418 404/404/404
f 419/419/419 418/418/418 665/665/665
f 621/621/621 328/328/328 327/327/327
f 369/369/369 328/328/328 621/621/621
f 353/353/353 346/346/346 385/385/385
f 625/625/625 337/337/337 354/354/354
f 378/378/378 337/337/337 625/625/625
f 615/615/615 349/349/349 374/374/374
f 382/382/382 349/349/349 615/615/615
f 606/606/606 334/334/334 364/364/364
f 383/383/383 334/334/334 606/606/606
f 634/634/634 343/343/343 359/359/359
f 377/377/377 343/343/343 634/634/634
f 638/638/638 331/331/331 361/361/361
f 380/380/380 331/331/331 638/638/638
f 619/619/619 376/376/376 604/604/604
f 698/698/698 696/696/696 396/396/396
f 677/677/677 698/698/698 396/396/396
f 678/678/678 677/677/677 396/396/396
f 696/696/696 403/403/403 396/396/396
f 443/443/443 442/442/442 411/411/411
f 442/442/442 436/436/436 411/411/411
f 440/440/440 407/407/407 657/657/657
f 657/657/657 407/407/407 406/406/406
f 431/431/431 398/398/398 650/650/650
f 650/650/650 398/398/398 397/397/397
f 426/426/426 410/410/410 409/409/409
f 660/660/660 426/426/426 409/409/409
f 434/434/434 426/426/426 660/660/660
f 707/707/707 408/408/408 407/407/407
f 326/326/326 328/328/328 392/392/392
f 393/393/393 328/328/328 425/425/425
f 674/674/674 673/673/673 402/402/402
f 673/673/673 702/702/702 402/402/402
f 702/702/702 445/445/445 402/402/402
