o 017472
v 0.51123046875 -0.0029296875 0.16455078125
v 0.52685546875 0.05419921875 0.17529296875
v 0.50048828125 0.0732421875 0.15185546875
v 0.3642578125 -0.0009765625 0.171875
v 0.36474609375 0.05712890625 0.17138671875
v 0.36328125 -0.0009765625 0.0517578125
v 0.55029296875 0.07177734375 0.0849609375
v 0.50048828125 0.0732421875 0.15185546875
v 0.52685546875 0.05419921875 0.17529296875
v 0.25048828125 0.07470703125 0.296875
v 0.318359375 0.076171875 0.263671875
v 0.32421875 0.00439453125 0.25927734375
v 0.23193359375 0.0009765625 0.310546875
v 0.2470703125 -0.005859375 0.513671875
v 0.265625 0.07080078125 0.51513671875
v 0.232421875 0.09716796875 0.50927734375
v 0.123046875 -0.00390625 0.58203125
v 0.1240234375 0.0751953125 0.58251953125
v 0.07373046875 -0.00244140625 0.5048828125
v 0.24658203125 0.0947265625 0.4443359375
v 0.232421875 0.09716796875 0.50927734375
v 0.265625 0.07080078125 0.51513671875
v -0.10791015625 0.0009765625 0.52099609375
v -0.11572265625 0.05126953125 0.53515625
v -0.10595703125 0.0654296875 0.50830078125
v -0.1201171875 0.00244140625 0.39599609375
v -0.11962890625 0.0537109375 0.396484375
v -0.02783203125 0.00341796875 0.38671875
v -0.10791015625 0.0009765625 0.52099609375
v -0.10595703125 0.0654296875 0.50830078125
v -0.13037109375 0.0048828125 0.50146484375
v -0.044921875 0.06689453125 0.548828125
v -0.10595703125 0.0654296875 0.50830078125
v -0.11572265625 0.05126953125 0.53515625
v -0.1240234375 0.00244140625 0.51708984375
v -0.20947265625 0.01318359375 0.52587890625
v -0.2705078125 -0.00244140625 0.5
v -0.3212890625 0.0 0.41650390625
v -0.21728515625 0.01171875 0.3349609375
v -0.21337890625 -0.0048828125 0.3486328125
v -0.21728515625 0.01171875 0.3349609375
v -0.11474609375 0.0068359375 0.38623046875
v -0.21337890625 -0.0048828125 0.3486328125
v -0.13525390625 0.14599609375 0.484375
v -0.205078125 0.15380859375 0.5048828125
v -0.1240234375 0.00244140625 0.51708984375
v -0.205078125 0.15380859375 0.5048828125
v -0.23583984375 0.13916015625 0.361328125
v -0.14111328125 0.1513671875 0.3994140625
v -0.3310546875 0.00341796875 0.22412109375
v -0.25341796875 0.00341796875 0.33203125
v -0.330078125 0.00341796875 0.427734375
v -0.3876953125 0.00048828125 0.36962890625
v -0.42529296875 0.0029296875 0.28076171875
v -0.34912109375 0.0009765625 0.22802734375
v -0.3330078125 0.05126953125 0.23095703125
v -0.36181640625 0.0654296875 0.23095703125
v -0.46240234375 0.00244140625 0.283203125
v -0.4619140625 0.0537109375 0.28271484375
v -0.5029296875 0.00341796875 0.19970703125
v -0.34912109375 0.0009765625 0.22802734375
v -0.36181640625 0.0654296875 0.23095703125
v -0.35986328125 0.0048828125 0.25634765625
v -0.34521484375 0.06689453125 0.15966796875
v -0.36181640625 0.0654296875 0.23095703125
v -0.3330078125 0.05126953125 0.23095703125
v -0.515625 0.00537109375 -0.0947265625
v -0.51904296875 0.01611328125 -0.18310546875
v -0.48876953125 0.0 -0.24365234375
v -0.39990234375 0.00244140625 -0.29052734375
v -0.3232421875 0.0146484375 -0.1787109375
v -0.33740234375 -0.00244140625 -0.17529296875
v -0.3232421875 0.0146484375 -0.1787109375
v -0.38232421875 0.009765625 -0.0771484375
v -0.33740234375 -0.00244140625 -0.17529296875
v -0.4814453125 0.15283203125 -0.10400390625
v -0.498046875 0.16064453125 -0.17724609375
v -0.515625 0.00537109375 -0.0947265625
v -0.498046875 0.16064453125 -0.17724609375
v -0.3486328125 0.14599609375 -0.19921875
v -0.39404296875 0.158203125 -0.10498046875
v -0.40380859375 0.00341796875 -0.30322265625
v -0.33251953125 0.00341796875 -0.41552734375
v -0.21533203125 0.00341796875 -0.3798828125
v -0.248046875 0.00048828125 -0.30517578125
v -0.31640625 0.0029296875 -0.2373046875
v 0.04931640625 0.0009765625 -0.5009765625
v 0.0556640625 0.05126953125 -0.515625
v 0.04931640625 0.0654296875 -0.48779296875
v 0.076171875 0.00244140625 -0.3779296875
v 0.07568359375 0.0537109375 -0.37841796875
v -0.013671875 0.00341796875 -0.357421875
v 0.04931640625 0.0009765625 -0.5009765625
v 0.04931640625 0.0654296875 -0.48779296875
v 0.07421875 0.0048828125 -0.48388671875
v -0.01611328125 0.06689453125 -0.5205078125
v 0.04931640625 0.0654296875 -0.48779296875
v 0.0556640625 0.05126953125 -0.515625
v 0.27685546875 0.18505859375 -0.2802734375
v 0.1689453125 0.021484375 -0.35009765625
v 0.2939453125 0.02392578125 -0.23681640625
v 0.30859375 0.16943359375 -0.40283203125
v 0.2529296875 0.021484375 -0.4541015625
v 0.21875 0.17041015625 -0.38720703125
v 0.41064453125 0.02099609375 -0.36181640625
v 0.3623046875 0.1845703125 -0.3486328125
v 0.3623046875 0.1845703125 -0.3486328125
v 0.30859375 0.16943359375 -0.40283203125
v 0.21875 0.17041015625 -0.38720703125
v 0.27685546875 0.18505859375 -0.2802734375
v 0.3388671875 0.189453125 -0.275390625
v 0.36572265625 0.19091796875 -0.3076171875
v 0.2099609375 0.1533203125 -0.33740234375
v 0.2099609375 0.1533203125 -0.33740234375
v 0.34130859375 0.025390625 -0.25634765625
v 0.43798828125 0.001953125 -0.2978515625
v 0.32666015625 0.00244140625 -0.2197265625
v 0.42431640625 0.0595703125 -0.294921875
v 0.07568359375 0.06298828125 -0.4765625
v 0.05615234375 0.1005859375 -0.458984375
v 0.11083984375 0.0634765625 -0.4599609375
v 0.0419921875 0.0634765625 -0.45654296875
v 0.1015625 0.1025390625 -0.4248046875
v 0.10791015625 0.06494140625 -0.4150390625
v 0.11083984375 0.0634765625 -0.4599609375
v 0.42236328125 0.00439453125 -0.35400390625
v 0.4365234375 0.04833984375 -0.33935546875
v 0.48779296875 0.00439453125 -0.310546875
v 0.5244140625 0.00439453125 -0.03515625
v 0.51953125 0.04833984375 -0.0546875
v 0.49072265625 0.00439453125 -0.10546875
v 0.09619140625 0.00439453125 0.58203125
v 0.07763671875 0.04833984375 0.57421875
v 0.01953125 0.00439453125 0.56689453125
v 0.1171875 0.095703125 0.51171875
v 0.10986328125 0.13916015625 0.49267578125
v 0.07421875 0.095703125 0.4462890625
v -0.43017578125 0.00439453125 0.3447265625
v -0.43994140625 0.04833984375 0.3271484375
v -0.48193359375 0.00439453125 0.2861328125
v -0.01220703125 0.11181640625 0.34423828125
v -0.1708984375 0.09814453125 0.01708984375
v -0.056640625 0.0927734375 0.36767578125
v 0.02197265625 0.0029296875 0.236328125
v -0.0830078125 0.04541015625 -0.04443359375
v 0.04150390625 0.0888671875 0.3291015625
v -0.1181640625 0.0927734375 -0.05126953125
v 0.04150390625 0.0888671875 0.3291015625
v -0.1708984375 0.09814453125 0.01708984375
v -0.17919921875 0.1171875 -0.22900390625
v -0.271484375 0.10888671875 -0.2294921875
v -0.1513671875 0.04833984375 -0.2734375
v -0.201171875 0.1025390625 -0.26318359375
v -0.17919921875 0.1171875 -0.22900390625
v -0.1943359375 0.08984375 0.1357421875
v -0.181640625 0.0478515625 0.10205078125
v -0.154296875 0.072265625 0.12646484375
v -0.181640625 0.0478515625 0.10205078125
v -0.21533203125 0.08349609375 0.0986328125
v -0.1630859375 0.08544921875 0.080078125
v -0.1630859375 0.08544921875 0.080078125
v -0.18896484375 0.10693359375 0.09765625
v -0.154296875 0.072265625 0.12646484375
v 0.30419921875 0.0048828125 -0.076171875
v -0.04638671875 0.0673828125 -0.04052734375
v 0.16552734375 0.013671875 -0.11572265625
v 0.22021484375 0.0068359375 -0.1689453125
v -0.32275390625 0.1103515625 -0.1201171875
v 0.29150390625 0.0048828125 -0.20068359375
v -0.09912109375 0.1455078125 -0.1640625
v 0.31396484375 0.1171875 -0.1875
v 0.29833984375 0.05712890625 -0.22021484375
v -0.05224609375 0.17041015625 -0.03662109375
v 0.32958984375 0.09912109375 -0.08056640625
v 0.330078125 0.12646484375 -0.13037109375
v -0.05224609375 0.17041015625 -0.03662109375
v 0.31591796875 0.0439453125 -0.06005859375
v 0.32958984375 0.09912109375 -0.08056640625
v 0.330078125 0.12646484375 -0.13037109375
v 0.31689453125 0.08642578125 -0.2060546875
v 0.31396484375 0.1171875 -0.1875
v 0.31591796875 0.0439453125 -0.06005859375
v 0.3154296875 0.00732421875 -0.087890625
v 0.32958984375 0.09912109375 -0.08056640625
v 0.29833984375 0.05712890625 -0.22021484375
v -0.32275390625 0.1103515625 -0.1201171875
v -0.31640625 0.15966796875 -0.1416015625
v -0.09912109375 0.1455078125 -0.1640625
v -0.291015625 0.2236328125 -0.13330078125
v -0.04638671875 0.0673828125 -0.04052734375
v -0.255859375 0.1943359375 0.02490234375
v -0.310546875 0.1083984375 -0.0009765625
v -0.07080078125 0.19140625 -0.11669921875
v -0.291015625 0.2236328125 -0.13330078125
v -0.2919921875 0.2509765625 -0.06640625
v -0.29736328125 0.19189453125 0.013671875
v -0.255859375 0.1943359375 0.02490234375
v -0.291015625 0.2236328125 -0.13330078125
v -0.31640625 0.15966796875 -0.1416015625
v -0.2919921875 0.2509765625 -0.06640625
v 0.0546875 0.0322265625 0.23193359375
v 0.197265625 0.1318359375 -0.19775390625
v 0.0771484375 0.005859375 0.22412109375
v 0.10498046875 0.00537109375 0.20361328125
v 0.24560546875 0.12109375 -0.177734375
v 0.14111328125 0.00537109375 0.22802734375
v 0.12646484375 0.00537109375 0.205078125
v 0.15771484375 0.064453125 0.27001953125
v 0.1982421875 0.16845703125 0.029296875
v 0.12939453125 0.095703125 0.27197265625
v 0.1982421875 0.16845703125 0.029296875
v 0.083984375 0.09912109375 0.2607421875
v 0.12939453125 0.095703125 0.27197265625
v 0.1328125 0.15625 -0.02294921875
v 0.05615234375 0.07421875 0.24072265625
v 0.05615234375 0.07421875 0.24072265625
v 0.1328125 0.15625 -0.02294921875
v 0.16259765625 0.02880859375 0.25390625
v 0.14013671875 0.0078125 0.2412109375
v 0.05615234375 0.07421875 0.24072265625
v 0.0546875 0.0322265625 0.23193359375
v 0.083984375 0.09912109375 0.2607421875
v 0.1982421875 0.16845703125 0.029296875
v 0.27978515625 0.1875 -0.154296875
v 0.255859375 0.22900390625 -0.13916015625
v 0.1982421875 0.16845703125 0.029296875
v 0.255859375 0.22900390625 -0.13916015625
v 0.208984375 0.23779296875 -0.1611328125
v 0.17041015625 0.18505859375 -0.19140625
v 0.150390625 0.1806640625 -0.16796875
v 0.255859375 0.22900390625 -0.13916015625
v 0.27978515625 0.1875 -0.154296875
v 0.208984375 0.23779296875 -0.1611328125
v 0.16552734375 0.013671875 -0.11572265625
v -0.04638671875 0.0673828125 -0.04052734375
v -0.31201171875 0.08056640625 -0.0673828125
v 0.1708984375 0.00439453125 -0.1435546875
v 0.05859375 0.0048828125 0.32080078125
v 0.06298828125 0.046875 0.3193359375
v -0.4619140625 0.01708984375 0.19091796875
v -0.353515625 0.01123046875 0.353515625
v -0.46240234375 0.01123046875 -0.19140625
v -0.5 0.01708984375 0.0
v -0.19091796875 0.01708984375 0.4619140625
v -0.0 0.01318359375 0.5
v 0.50048828125 0.01025390625 0.0
v 0.4619140625 0.01708984375 -0.19091796875
v 0.19140625 0.009765625 -0.46240234375
v -0.0 0.00244140625 -0.5
v 0.19091796875 0.00244140625 -0.4619140625
v 0.353515625 0.00244140625 -0.353515625
v 0.4619140625 0.00244140625 -0.19091796875
v 0.5 0.00244140625 0.0
v 0.4619140625 0.00244140625 0.19091796875
v 0.353515625 0.00244140625 0.353515625
v 0.19091796875 0.00244140625 0.4619140625
v -0.0 0.00244140625 0.5
v -0.19091796875 0.00244140625 0.4619140625
v -0.353515625 0.00244140625 0.353515625
v -0.4619140625 0.00244140625 0.19091796875
v -0.5 0.00244140625 0.0
v -0.4619140625 0.00244140625 -0.19091796875
v -0.353515625 0.00244140625 -0.353515625
v -0.19091796875 0.00244140625 -0.4619140625
v 0.541015625 0.0009765625 -0.07861328125
v 0.55517578125 -0.00048828125 0.09423828125
v 0.51123046875 -0.0029296875 0.16455078125
v 0.48583984375 0.00146484375 0.1923828125
v 0.3642578125 -0.0009765625 0.171875
v 0.36328125 -0.0009765625 0.0517578125
v 0.41455078125 0.00244140625 -0.0712890625
v 0.52734375 0.07421875 -0.07177734375
v 0.541015625 0.0009765625 -0.07861328125
v 0.41455078125 0.00244140625 -0.0712890625
v 0.42041015625 0.05908203125 -0.05908203125
v 0.51123046875 -0.0029296875 0.16455078125
v 0.55517578125 -0.00048828125 0.09423828125
v 0.36474609375 0.05712890625 0.17138671875
v 0.3642578125 -0.0009765625 0.171875
v 0.48583984375 0.00146484375 0.1923828125
v 0.482421875 0.05712890625 0.1865234375
v 0.541015625 0.0009765625 -0.07861328125
v 0.52734375 0.07421875 -0.07177734375
v 0.482421875 0.05712890625 0.1865234375
v 0.48583984375 0.00146484375 0.1923828125
v 0.51123046875 -0.0029296875 0.16455078125
v 0.50048828125 0.0732421875 0.15185546875
v 0.42041015625 0.05908203125 -0.05908203125
v 0.41455078125 0.00244140625 -0.0712890625
v 0.38037109375 0.07373046875 0.05615234375
v 0.42041015625 0.05908203125 -0.05908203125
v 0.38037109375 0.07373046875 0.05615234375
v 0.36474609375 0.05712890625 0.17138671875
v 0.482421875 0.05712890625 0.1865234375
v 0.50048828125 0.0732421875 0.15185546875
v 0.55029296875 0.07177734375 0.0849609375
v 0.52734375 0.07421875 -0.07177734375
v 0.30810546875 0.00439453125 0.48046875
v 0.17822265625 0.00390625 0.3837890625
v 0.23193359375 0.0009765625 0.310546875
v 0.32421875 0.00439453125 0.25927734375
v 0.41357421875 0.00537109375 0.37939453125
v 0.181640625 0.06494140625 0.38134765625
v 0.24755859375 0.07373046875 0.32861328125
v 0.23193359375 0.0009765625 0.310546875
v 0.17822265625 0.00390625 0.3837890625
v 0.306640625 0.064453125 0.47412109375
v 0.181640625 0.06494140625 0.38134765625
v 0.17822265625 0.00390625 0.3837890625
v 0.30810546875 0.00439453125 0.48046875
v 0.404296875 0.06982421875 0.36865234375
v 0.41357421875 0.00537109375 0.37939453125
v 0.32421875 0.00439453125 0.25927734375
v 0.318359375 0.076171875 0.263671875
v 0.23193359375 0.0009765625 0.310546875
v 0.24755859375 0.07373046875 0.32861328125
v 0.25048828125 0.07470703125 0.296875
v 0.306640625 0.064453125 0.47412109375
v 0.30810546875 0.00439453125 0.48046875
v 0.41357421875 0.00537109375 0.37939453125
v 0.404296875 0.06982421875 0.36865234375
v 0.306640625 0.064453125 0.47412109375
v 0.404296875 0.06982421875 0.36865234375
v 0.318359375 0.076171875 0.263671875
v 0.25048828125 0.07470703125 0.296875
v 0.24755859375 0.07373046875 0.32861328125
v 0.181640625 0.06494140625 0.38134765625
v 0.5009765625 0.00341796875 0.20947265625
v 0.4541015625 0.00341796875 0.341796875
v 0.318359375 0.0048828125 0.26513671875
v 0.37939453125 0.00244140625 0.16748046875
v 0.4921875 0.0654296875 0.20849609375
v 0.5009765625 0.00341796875 0.20947265625
v 0.37939453125 0.00244140625 0.16748046875
v 0.37548828125 0.0634765625 0.169921875
v 0.318359375 0.0048828125 0.26513671875
v 0.4541015625 0.00341796875 0.341796875
v 0.4169921875 0.0625 0.333984375
v 0.32080078125 0.06298828125 0.25927734375
v 0.46484375 0.05859375 0.33056640625
v 0.46484375 0.05859375 0.33056640625
v 0.4541015625 0.00341796875 0.341796875
v 0.5009765625 0.00341796875 0.20947265625
v 0.4921875 0.0654296875 0.20849609375
v 0.37548828125 0.0634765625 0.169921875
v 0.37939453125 0.00244140625 0.16748046875
v 0.318359375 0.0048828125 0.26513671875
v 0.32080078125 0.06298828125 0.25927734375
v 0.32080078125 0.06298828125 0.25927734375
v 0.4169921875 0.0625 0.333984375
v 0.46484375 0.05859375 0.33056640625
v 0.4921875 0.0654296875 0.20849609375
v 0.37548828125 0.0634765625 0.169921875
v 0.1650390625 0.09912109375 0.35302734375
v 0.17431640625 -0.0009765625 0.34423828125
v 0.0673828125 0.0009765625 0.4033203125
v 0.0732421875 0.0673828125 0.40625
v 0.17431640625 -0.0009765625 0.34423828125
v 0.255859375 -0.00390625 0.45068359375
v 0.2470703125 -0.005859375 0.513671875
v 0.2353515625 -0.0029296875 0.54248046875
v 0.123046875 -0.00390625 0.58203125
v 0.07373046875 -0.00244140625 0.5048828125
v 0.0673828125 0.0009765625 0.4033203125
v 0.2470703125 -0.005859375 0.513671875
v 0.255859375 -0.00390625 0.45068359375
v 0.1240234375 0.0751953125 0.58251953125
v 0.123046875 -0.00390625 0.58203125
v 0.2353515625 -0.0029296875 0.54248046875
v 0.23046875 0.076171875 0.541015625
v 0.17431640625 -0.0009765625 0.34423828125
v 0.1650390625 0.09912109375 0.35302734375
v 0.23046875 0.076171875 0.541015625
v 0.2353515625 -0.0029296875 0.54248046875
v 0.2470703125 -0.005859375 0.513671875
v 0.232421875 0.09716796875 0.50927734375
v 0.0732421875 0.0673828125 0.40625
v 0.0673828125 0.0009765625 0.4033203125
v 0.09130859375 0.09716796875 0.50244140625
v 0.1650390625 0.09912109375 0.35302734375
v 0.0732421875 0.0673828125 0.40625
v 0.09130859375 0.09716796875 0.50244140625
v 0.1240234375 0.0751953125 0.58251953125
v 0.23046875 0.076171875 0.541015625
v 0.232421875 0.09716796875 0.50927734375
v 0.24658203125 0.0947265625 0.4443359375
v 0.080078125 0.0048828125 0.52978515625
v -0.05224609375 0.00244140625 0.5537109375
v -0.10791015625 0.0009765625 0.52099609375
v -0.13037109375 0.0048828125 0.50146484375
v -0.1201171875 0.00244140625 0.39599609375
v -0.02783203125 0.00341796875 0.38671875
v 0.0693359375 0.00634765625 0.42138671875
v 0.07421875 0.0693359375 0.5185546875
v 0.080078125 0.0048828125 0.52978515625
v 0.0693359375 0.00634765625 0.42138671875
v 0.0595703125 0.0556640625 0.42724609375
v -0.10791015625 0.0009765625 0.52099609375
v -0.05224609375 0.00244140625 0.5537109375
v -0.11962890625 0.0537109375 0.396484375
v -0.1201171875 0.00244140625 0.39599609375
v -0.13037109375 0.0048828125 0.50146484375
v -0.10595703125 0.0654296875 0.50830078125
v 0.080078125 0.0048828125 0.52978515625
v 0.07421875 0.0693359375 0.5185546875
v 0.0595703125 0.0556640625 0.42724609375
v 0.0693359375 0.00634765625 0.42138671875
v -0.03076171875 0.068359375 0.4013671875
v 0.0595703125 0.0556640625 0.42724609375
v -0.03076171875 0.068359375 0.4013671875
v -0.11962890625 0.0537109375 0.396484375
v -0.10595703125 0.0654296875 0.50830078125
v -0.044921875 0.06689453125 0.548828125
v 0.07421875 0.0693359375 0.5185546875
v -0.1240234375 0.00244140625 0.51708984375
v -0.2705078125 -0.00244140625 0.5
v -0.11474609375 0.0068359375 0.38623046875
v -0.1240234375 0.00244140625 0.51708984375
v -0.11474609375 0.0068359375 0.38623046875
v -0.14111328125 0.1513671875 0.3994140625
v -0.13525390625 0.14599609375 0.484375
v -0.26318359375 0.17236328125 0.47265625
v -0.21728515625 0.01171875 0.3349609375
v -0.3212890625 0.0 0.41650390625
v -0.30126953125 0.138671875 0.41845703125
v -0.23583984375 0.13916015625 0.361328125
v -0.30126953125 0.138671875 0.41845703125
v -0.3212890625 0.0 0.41650390625
v -0.23583984375 0.13916015625 0.361328125
v -0.30126953125 0.138671875 0.41845703125
v -0.26318359375 0.17236328125 0.47265625
v -0.14111328125 0.1513671875 0.3994140625
v -0.205078125 0.15380859375 0.5048828125
v -0.13525390625 0.14599609375 0.484375
v -0.38671875 0.06298828125 0.361328125
v -0.421875 0.07666015625 0.28662109375
v -0.42529296875 0.0029296875 0.28076171875
v -0.3876953125 0.00048828125 0.36962890625
v -0.33203125 0.06494140625 0.4248046875
v -0.38671875 0.06298828125 0.361328125
v -0.3876953125 0.00048828125 0.36962890625
v -0.330078125 0.00341796875 0.427734375
v -0.25927734375 0.06640625 0.3330078125
v -0.33203125 0.06494140625 0.4248046875
v -0.330078125 0.00341796875 0.427734375
v -0.25341796875 0.00341796875 0.33203125
v -0.33984375 0.07080078125 0.23095703125
v -0.3310546875 0.00341796875 0.22412109375
v -0.42529296875 0.0029296875 0.28076171875
v -0.421875 0.07666015625 0.28662109375
v -0.25927734375 0.06640625 0.3330078125
v -0.25341796875 0.00341796875 0.33203125
v -0.3310546875 0.00341796875 0.22412109375
v -0.33984375 0.07080078125 0.23095703125
v -0.25927734375 0.06640625 0.3330078125
v -0.33984375 0.07080078125 0.23095703125
v -0.421875 0.07666015625 0.28662109375
v -0.38671875 0.06298828125 0.361328125
v -0.357421875 0.07861328125 0.359375
v -0.33203125 0.06494140625 0.4248046875
v -0.38671875 0.06298828125 0.361328125
v -0.40625 0.0048828125 0.048828125
v -0.337890625 0.00244140625 0.1650390625
v -0.34912109375 0.0009765625 0.22802734375
v -0.35986328125 0.0048828125 0.25634765625
v -0.46240234375 0.00244140625 0.283203125
v -0.5029296875 0.00341796875 0.19970703125
v -0.50390625 0.00634765625 0.09619140625
v -0.4150390625 0.0693359375 0.0576171875
v -0.40625 0.0048828125 0.048828125
v -0.50390625 0.00634765625 0.09619140625
v -0.4951171875 0.0556640625 0.10302734375
v -0.34912109375 0.0009765625 0.22802734375
v -0.337890625 0.00244140625 0.1650390625
v -0.4619140625 0.0537109375 0.28271484375
v -0.46240234375 0.00244140625 0.283203125
v -0.35986328125 0.0048828125 0.25634765625
v -0.36181640625 0.0654296875 0.23095703125
v -0.40625 0.0048828125 0.048828125
v -0.4150390625 0.0693359375 0.0576171875
v -0.4951171875 0.0556640625 0.10302734375
v -0.50390625 0.00634765625 0.09619140625
v -0.48779296875 0.068359375 0.197265625
v -0.3984375 0.0029296875 -0.07080078125
v -0.3759765625 0.00390625 0.06298828125
v -0.51025390625 0.00244140625 0.07568359375
v -0.5107421875 0.0048828125 -0.0869140625
v -0.4951171875 0.0556640625 0.10302734375
v -0.48779296875 0.068359375 0.197265625
v -0.4619140625 0.0537109375 0.28271484375
v -0.36181640625 0.0654296875 0.23095703125
v -0.34521484375 0.06689453125 0.15966796875
v -0.4150390625 0.0693359375 0.0576171875
v -0.37890625 0.0654296875 0.0546875
v -0.3759765625 0.00390625 0.06298828125
v -0.3984375 0.0029296875 -0.07080078125
v -0.40283203125 0.06396484375 -0.0732421875
v -0.5107421875 0.0048828125 -0.0869140625
v -0.51025390625 0.00244140625 0.07568359375
v -0.521484375 0.064453125 0.03515625
v -0.50537109375 0.06201171875 -0.087890625
v -0.49609375 0.05859375 0.080078125
v -0.49609375 0.05859375 0.080078125
v -0.51025390625 0.00244140625 0.07568359375
v -0.3759765625 0.00390625 0.06298828125
v -0.37890625 0.0654296875 0.0546875
v -0.40283203125 0.06396484375 -0.0732421875
v -0.3984375 0.0029296875 -0.07080078125
v -0.5107421875 0.0048828125 -0.0869140625
v -0.50537109375 0.06201171875 -0.087890625
v -0.37890625 0.0654296875 0.0546875
v -0.40283203125 0.06396484375 -0.0732421875
v -0.50537109375 0.06201171875 -0.087890625
v -0.521484375 0.064453125 0.03515625
v -0.49609375 0.05859375 0.080078125
v -0.515625 0.00537109375 -0.0947265625
v -0.48876953125 0.0 -0.24365234375
v -0.38232421875 0.009765625 -0.0771484375
v -0.515625 0.00537109375 -0.0947265625
v -0.38232421875 0.009765625 -0.0771484375
v -0.39404296875 0.158203125 -0.10498046875
v -0.4814453125 0.15283203125 -0.10400390625
v -0.4609375 0.1796875 -0.234375
v -0.3232421875 0.0146484375 -0.1787109375
v -0.39990234375 0.00244140625 -0.29052734375
v -0.4033203125 0.14501953125 -0.27001953125
v -0.3486328125 0.14599609375 -0.19921875
v -0.4033203125 0.14501953125 -0.27001953125
v -0.39990234375 0.00244140625 -0.29052734375
v -0.3486328125 0.14599609375 -0.19921875
v -0.4033203125 0.14501953125 -0.27001953125
v -0.4609375 0.1796875 -0.234375
v -0.39404296875 0.158203125 -0.10498046875
v -0.498046875 0.16064453125 -0.17724609375
v -0.4814453125 0.15283203125 -0.10400390625
v -0.25634765625 0.06298828125 -0.302734375
v -0.3125 0.07666015625 -0.2421875
v -0.31640625 0.0029296875 -0.2373046875
v -0.248046875 0.00048828125 -0.30517578125
v -0.21728515625 0.06494140625 -0.376953125
v -0.25634765625 0.06298828125 -0.302734375
v -0.248046875 0.00048828125 -0.30517578125
v -0.21533203125 0.00341796875 -0.3798828125
v -0.32958984375 0.06640625 -0.41064453125
v -0.21728515625 0.06494140625 -0.376953125
v -0.21533203125 0.00341796875 -0.3798828125
v -0.33251953125 0.00341796875 -0.41552734375
v -0.39453125 0.07080078125 -0.2978515625
v -0.40380859375 0.00341796875 -0.30322265625
v -0.31640625 0.0029296875 -0.2373046875
v -0.3125 0.07666015625 -0.2421875
v -0.32958984375 0.06640625 -0.41064453125
v -0.33251953125 0.00341796875 -0.41552734375
v -0.40380859375 0.00341796875 -0.30322265625
v -0.39453125 0.07080078125 -0.2978515625
v -0.32958984375 0.06640625 -0.41064453125
v -0.39453125 0.07080078125 -0.2978515625
v -0.3125 0.07666015625 -0.2421875
v -0.25634765625 0.06298828125 -0.302734375
v -0.26904296875 0.07861328125 -0.3291015625
v -0.21728515625 0.06494140625 -0.376953125
v -0.28369140625 0.00341796875 -0.44140625
v -0.15869140625 0.00341796875 -0.5048828125
v -0.11279296875 0.0048828125 -0.35595703125
v -0.224609375 0.00244140625 -0.3271484375
v -0.25634765625 0.06298828125 -0.302734375
v -0.2783203125 0.0654296875 -0.4345703125
v -0.28369140625 0.00341796875 -0.44140625
v -0.224609375 0.00244140625 -0.3271484375
v -0.22021484375 0.0634765625 -0.326171875
v -0.11279296875 0.0048828125 -0.35595703125
v -0.15869140625 0.00341796875 -0.5048828125
v -0.13720703125 0.0625 -0.4736328125
v -0.119140625 0.06298828125 -0.35302734375
v -0.17431640625 0.05859375 -0.50390625
v -0.17431640625 0.05859375 -0.50390625
v -0.15869140625 0.00341796875 -0.5048828125
v -0.28369140625 0.00341796875 -0.44140625
v -0.2783203125 0.0654296875 -0.4345703125
v -0.22021484375 0.0634765625 -0.326171875
v -0.224609375 0.00244140625 -0.3271484375
v -0.11279296875 0.0048828125 -0.35595703125
v -0.119140625 0.06298828125 -0.35302734375
v -0.119140625 0.06298828125 -0.35302734375
v -0.13720703125 0.0625 -0.4736328125
v -0.17431640625 0.05859375 -0.50390625
v -0.2783203125 0.0654296875 -0.4345703125
v -0.22021484375 0.0634765625 -0.326171875
v -0.13818359375 0.0048828125 -0.48681640625
v -0.00927734375 0.00244140625 -0.5263671875
v 0.04931640625 0.0009765625 -0.5009765625
v 0.07421875 0.0048828125 -0.48388671875
v 0.076171875 0.00244140625 -0.3779296875
v -0.013671875 0.00341796875 -0.357421875
v -0.11474609375 0.00634765625 -0.38037109375
v -0.13134765625 0.0693359375 -0.47607421875
v -0.13818359375 0.0048828125 -0.48681640625
v -0.11474609375 0.00634765625 -0.38037109375
v -0.10595703125 0.0556640625 -0.38720703125
v 0.04931640625 0.0009765625 -0.5009765625
v -0.00927734375 0.00244140625 -0.5263671875
v 0.07568359375 0.0537109375 -0.37841796875
v 0.076171875 0.00244140625 -0.3779296875
v 0.07421875 0.0048828125 -0.48388671875
v 0.04931640625 0.0654296875 -0.48779296875
v -0.13818359375 0.0048828125 -0.48681640625
v -0.13134765625 0.0693359375 -0.47607421875
v -0.10595703125 0.0556640625 -0.38720703125
v -0.11474609375 0.00634765625 -0.38037109375
v -0.0126953125 0.068359375 -0.37255859375
v 0.404296875 -0.00341796875 -0.34326171875
v 0.33447265625 -0.00390625 -0.240234375
v 0.1962890625 -0.00341796875 -0.34326171875
v 0.2666015625 -0.0029296875 -0.4365234375
v -0.10595703125 0.0556640625 -0.38720703125
v -0.0126953125 0.068359375 -0.37255859375
v 0.07568359375 0.0537109375 -0.37841796875
v 0.04931640625 0.0654296875 -0.48779296875
v -0.01611328125 0.06689453125 -0.5205078125
v -0.13134765625 0.0693359375 -0.47607421875
v 0.36572265625 0.19091796875 -0.3076171875
v 0.3388671875 0.189453125 -0.275390625
v 0.3623046875 0.0322265625 -0.22509765625
v 0.42138671875 0.03955078125 -0.30419921875
v 0.404296875 -0.00341796875 -0.34326171875
v 0.2666015625 -0.0029296875 -0.4365234375
v 0.33447265625 -0.00390625 -0.240234375
v 0.404296875 -0.00341796875 -0.34326171875
v 0.1689453125 0.021484375 -0.35009765625
v 0.2529296875 0.021484375 -0.4541015625
v 0.41064453125 0.02099609375 -0.36181640625
v 0.33447265625 -0.00390625 -0.240234375
v 0.3623046875 0.0322265625 -0.22509765625
v 0.3623046875 0.1845703125 -0.3486328125
v 0.3388671875 0.189453125 -0.275390625
v 0.2099609375 0.1533203125 -0.33740234375
v 0.21875 0.17041015625 -0.38720703125
v 0.1689453125 0.021484375 -0.35009765625
v 0.1962890625 -0.00341796875 -0.34326171875
v 0.05859375 0.00341796875 -0.37841796875
v 0.0908203125 0.00341796875 -0.5146484375
v 0.23388671875 0.0048828125 -0.453125
v 0.18359375 0.00244140625 -0.349609375
v 0.2529296875 0.021484375 -0.4541015625
v 0.06689453125 0.0654296875 -0.37841796875
v 0.05859375 0.00341796875 -0.37841796875
v 0.18359375 0.00244140625 -0.349609375
v 0.1875 0.0634765625 -0.3525390625
v 0.23388671875 0.0048828125 -0.453125
v 0.0908203125 0.00341796875 -0.5146484375
v 0.12841796875 0.0625 -0.51123046875
v 0.232421875 0.06298828125 -0.447265625
v 0.08154296875 0.05859375 -0.50244140625
v 0.08154296875 0.05859375 -0.50244140625
v 0.0908203125 0.00341796875 -0.5146484375
v 0.05859375 0.00341796875 -0.37841796875
v 0.06689453125 0.0654296875 -0.37841796875
v 0.1875 0.0634765625 -0.3525390625
v 0.18359375 0.00244140625 -0.349609375
v 0.23388671875 0.0048828125 -0.453125
v 0.232421875 0.06298828125 -0.447265625
v 0.232421875 0.06298828125 -0.447265625
v 0.12841796875 0.0625 -0.51123046875
v 0.08154296875 0.05859375 -0.50244140625
v 0.06689453125 0.0654296875 -0.37841796875
v 0.1875 0.0634765625 -0.3525390625
v 0.40771484375 0.00341796875 -0.0673828125
v 0.32666015625 0.00244140625 -0.2197265625
v 0.43798828125 0.001953125 -0.2978515625
v 0.5234375 0.00537109375 -0.09130859375
v 0.33203125 0.06591796875 -0.212890625
v 0.32666015625 0.00244140625 -0.2197265625
v 0.40771484375 0.00341796875 -0.0673828125
v 0.4140625 0.06396484375 -0.0673828125
v 0.33203125 0.06591796875 -0.212890625
v 0.5234375 0.00537109375 -0.09130859375
v 0.43798828125 0.001953125 -0.2978515625
v 0.47119140625 0.064453125 -0.25048828125
v 0.51806640625 0.0615234375 -0.0888671875
v 0.42431640625 0.0595703125 -0.294921875
v 0.4140625 0.06396484375 -0.0673828125
v 0.40771484375 0.00341796875 -0.0673828125
v 0.5234375 0.00537109375 -0.09130859375
v 0.51806640625 0.0615234375 -0.0888671875
v 0.33203125 0.06591796875 -0.212890625
v 0.4140625 0.06396484375 -0.0673828125
v 0.51806640625 0.0615234375 -0.0888671875
v 0.47119140625 0.064453125 -0.25048828125
v 0.42431640625 0.0595703125 -0.294921875
v 0.07568359375 0.06298828125 -0.4765625
v 0.11083984375 0.0634765625 -0.4599609375
v 0.10791015625 0.06494140625 -0.4150390625
v 0.05078125 0.06201171875 -0.408203125
v 0.0419921875 0.0634765625 -0.45654296875
v 0.05078125 0.06201171875 -0.408203125
v 0.10791015625 0.06494140625 -0.4150390625
v 0.1015625 0.1025390625 -0.4248046875
v 0.0595703125 0.0986328125 -0.416015625
v 0.05615234375 0.1005859375 -0.458984375
v 0.0419921875 0.0634765625 -0.45654296875
v 0.05078125 0.06201171875 -0.408203125
v 0.0595703125 0.0986328125 -0.416015625
v 0.05615234375 0.1005859375 -0.458984375
v 0.1015625 0.1025390625 -0.4248046875
v 0.05615234375 0.1005859375 -0.458984375
v 0.0595703125 0.0986328125 -0.416015625
v 0.447265625 0.00390625 -0.2431640625
v 0.3779296875 0.00244140625 -0.30615234375
v 0.42236328125 0.00439453125 -0.35400390625
v 0.48779296875 0.00439453125 -0.310546875
v 0.3779296875 0.00244140625 -0.30615234375
v 0.447265625 0.00390625 -0.2431640625
v 0.43994140625 0.05078125 -0.2587890625
v 0.39404296875 0.04541015625 -0.30126953125
v 0.43994140625 0.05078125 -0.2587890625
v 0.447265625 0.00390625 -0.2431640625
v 0.48779296875 0.00439453125 -0.310546875
v 0.4365234375 0.04833984375 -0.33935546875
v 0.4365234375 0.04833984375 -0.33935546875
v 0.42236328125 0.00439453125 -0.35400390625
v 0.3779296875 0.00244140625 -0.30615234375
v 0.39404296875 0.04541015625 -0.30126953125
v 0.39404296875 0.04541015625 -0.30126953125
v 0.43994140625 0.05078125 -0.2587890625
v 0.4365234375 0.04833984375 -0.33935546875
v 0.56005859375 0.00390625 -0.14306640625
v 0.58740234375 0.00244140625 -0.05322265625
v 0.5244140625 0.00439453125 -0.03515625
v 0.49072265625 0.00439453125 -0.10546875
v 0.58740234375 0.00244140625 -0.05322265625
v 0.56005859375 0.00390625 -0.14306640625
v 0.55859375 0.05078125 -0.12548828125
v 0.57568359375 0.04541015625 -0.06591796875
v 0.55859375 0.05078125 -0.12548828125
v 0.56005859375 0.00390625 -0.14306640625
v 0.49072265625 0.00439453125 -0.10546875
v 0.51953125 0.04833984375 -0.0546875
v 0.51953125 0.04833984375 -0.0546875
v 0.5244140625 0.00439453125 -0.03515625
v 0.58740234375 0.00244140625 -0.05322265625
v 0.57568359375 0.04541015625 -0.06591796875
v 0.57568359375 0.04541015625 -0.06591796875
v 0.55859375 0.05078125 -0.12548828125
v 0.51953125 0.04833984375 -0.0546875
v 0.03125 0.00390625 0.4892578125
v 0.119140625 0.00244140625 0.52099609375
v 0.09619140625 0.00439453125 0.58203125
v 0.01953125 0.00439453125 0.56689453125
v 0.119140625 0.00244140625 0.52099609375
v 0.03125 0.00390625 0.4892578125
v 0.0439453125 0.05078125 0.5009765625
v 0.10205078125 0.04541015625 0.52294921875
v 0.0439453125 0.05078125 0.5009765625
v 0.03125 0.00390625 0.4892578125
v 0.01953125 0.00439453125 0.56689453125
v 0.07763671875 0.04833984375 0.57421875
v 0.07763671875 0.04833984375 0.57421875
v 0.09619140625 0.00439453125 0.58203125
v 0.119140625 0.00244140625 0.52099609375
v 0.10205078125 0.04541015625 0.52294921875
v 0.10205078125 0.04541015625 0.52294921875
v 0.0439453125 0.05078125 0.5009765625
v 0.07763671875 0.04833984375 0.57421875
v 0.138671875 0.0947265625 0.400390625
v 0.17724609375 0.09375 0.4853515625
v 0.1171875 0.095703125 0.51171875
v 0.07421875 0.095703125 0.4462890625
v 0.17724609375 0.09375 0.4853515625
v 0.138671875 0.0947265625 0.400390625
v 0.138671875 0.1416015625 0.41796875
v 0.1640625 0.13671875 0.474609375
v 0.138671875 0.1416015625 0.41796875
v 0.138671875 0.0947265625 0.400390625
v 0.07421875 0.095703125 0.4462890625
v 0.10986328125 0.13916015625 0.49267578125
v 0.10986328125 0.13916015625 0.49267578125
v 0.1171875 0.095703125 0.51171875
v 0.17724609375 0.09375 0.4853515625
v 0.1640625 0.13671875 0.474609375
v 0.1640625 0.13671875 0.474609375
v 0.138671875 0.1416015625 0.41796875
v 0.10986328125 0.13916015625 0.49267578125
v -0.42529296875 0.00390625 0.2314453125
v -0.37451171875 0.00244140625 0.31005859375
v -0.43017578125 0.00439453125 0.3447265625
v -0.48193359375 0.00439453125 0.2861328125
v -0.37451171875 0.00244140625 0.31005859375
v -0.42529296875 0.00390625 0.2314453125
v -0.421875 0.05078125 0.24853515625
v -0.38916015625 0.04541015625 0.30126953125
v -0.421875 0.05078125 0.24853515625
v -0.42529296875 0.00390625 0.2314453125
v -0.48193359375 0.00439453125 0.2861328125
v -0.43994140625 0.04833984375 0.3271484375
v -0.43994140625 0.04833984375 0.3271484375
v -0.43017578125 0.00439453125 0.3447265625
v -0.37451171875 0.00244140625 0.31005859375
v -0.38916015625 0.04541015625 0.30126953125
v -0.38916015625 0.04541015625 0.30126953125
v -0.421875 0.05078125 0.24853515625
v -0.43994140625 0.04833984375 0.3271484375
v -0.0859375 0.04150390625 0.36865234375
v -0.056640625 0.0927734375 0.36767578125
v -0.1708984375 0.09814453125 0.01708984375
v -0.30859375 0.05615234375 -0.21630859375
v -0.07568359375 0.0048828125 0.3740234375
v -0.30322265625 0.00439453125 -0.20947265625
v -0.09130859375 0.00390625 -0.05322265625
v -0.1181640625 0.0927734375 -0.05126953125
v 0.04150390625 0.0888671875 0.3291015625
v -0.056640625 0.0927734375 0.36767578125
v -0.07568359375 0.0048828125 0.3740234375
v 0.05859375 0.0048828125 0.32080078125
v 0.06298828125 0.046875 0.3193359375
v -0.15869140625 0.00439453125 -0.26953125
v -0.0830078125 0.04541015625 -0.04443359375
v -0.09130859375 0.00390625 -0.05322265625
v -0.0859375 0.04150390625 0.36865234375
v -0.01220703125 0.11181640625 0.34423828125
v -0.1181640625 0.0927734375 -0.05126953125
v -0.1708984375 0.09814453125 0.01708984375
v -0.271484375 0.10888671875 -0.2294921875
v -0.30859375 0.05615234375 -0.21630859375
v -0.1181640625 0.0927734375 -0.05126953125
v 0.29150390625 0.0048828125 -0.20068359375
v -0.32275390625 0.1103515625 -0.1201171875
v -0.271484375 0.10888671875 -0.2294921875
v -0.201171875 0.1025390625 -0.26318359375
v -0.1513671875 0.04833984375 -0.2734375
v -0.15869140625 0.00439453125 -0.26953125
v -0.2900390625 0.00439453125 -0.2294921875
v -0.30859375 0.05615234375 -0.21630859375
v -0.201171875 0.1025390625 -0.26318359375
v -0.1943359375 0.08984375 0.1357421875
v -0.21533203125 0.08349609375 0.0986328125
v -0.181640625 0.0478515625 0.10205078125
v -0.18896484375 0.10693359375 0.09765625
v -0.18896484375 0.10693359375 0.09765625
v -0.21533203125 0.08349609375 0.0986328125
v -0.1943359375 0.08984375 0.1357421875
v -0.18896484375 0.10693359375 0.09765625
v 0.31396484375 0.1171875 -0.1875
v -0.07080078125 0.19140625 -0.11669921875
v -0.07080078125 0.19140625 -0.11669921875
v 0.29150390625 0.0048828125 -0.20068359375
v 0.30419921875 0.0048828125 -0.076171875
v -0.05224609375 0.17041015625 -0.03662109375
v -0.07080078125 0.19140625 -0.11669921875
v -0.04638671875 0.0673828125 -0.04052734375
v -0.310546875 0.1083984375 -0.0009765625
v -0.31201171875 0.08056640625 -0.0673828125
v -0.05224609375 0.17041015625 -0.03662109375
v -0.32275390625 0.1103515625 -0.1201171875
v -0.310546875 0.1083984375 -0.0009765625
v -0.29736328125 0.19189453125 0.013671875
v 0.10498046875 0.00537109375 0.20361328125
v 0.197265625 0.1318359375 -0.19775390625
v -0.29736328125 0.19189453125 0.013671875
v -0.31201171875 0.08056640625 -0.0673828125
v 0.27734375 0.14990234375 -0.16650390625
v 0.16259765625 0.02880859375 0.25390625
v 0.27978515625 0.1875 -0.154296875
v 0.27734375 0.14990234375 -0.16650390625
v 0.15771484375 0.064453125 0.27001953125
v 0.12939453125 0.095703125 0.27197265625
v 0.0771484375 0.005859375 0.22412109375
v 0.14013671875 0.0078125 0.2412109375
v 0.16259765625 0.02880859375 0.25390625
v 0.1328125 0.15625 -0.02294921875
v 0.197265625 0.1318359375 -0.19775390625
v 0.1328125 0.15625 -0.02294921875
v 0.150390625 0.1806640625 -0.16796875
v 0.27734375 0.14990234375 -0.16650390625
v 0.197265625 0.1318359375 -0.19775390625
v 0.17041015625 0.18505859375 -0.19140625
v 0.17041015625 0.18505859375 -0.19140625
v 0.24560546875 0.12109375 -0.177734375
v -0.30322265625 0.00439453125 -0.20947265625
v -0.19091796875 0.01708984375 -0.4619140625
v -0.353515625 0.01708984375 -0.353515625
v 0.353515625 0.01708984375 0.353515625
v 0.19091796875 0.01708984375 0.4619140625
v -0.0 0.01708984375 -0.5
v 0.353515625 0.01708984375 -0.353515625
v 0.4619140625 0.01708984375 0.19091796875
vt 0.01202741451561451 0.09485113620758057
vt 0.023388057947158813 0.1207321286201477
vt 0.010666076093912125 0.13104099035263062
vt 0.007625161204487085 0.42887699604034424
vt 0.03142888844013214 0.43198394775390625
vt 0.004631693474948406 0.46999412775039673
vt 0.5521789193153381 0.41241568326950073
vt 0.5420515537261963 0.39090925455093384
vt 0.5558772683143616 0.38302868604660034
vt 0.10628986358642578 0.009843409061431885
vt 0.10394939035177231 0.03907155990600586
vt 0.07358992099761963 0.04036879539489746
vt 0.07429443299770355 0.004435420036315918
vt 0.011765235103666782 0.09390127658843994
vt 0.023388057947158813 0.1207321286201477
vt 0.011094165034592152 0.1323028802871704
vt 0.007625161204487085 0.42887699604034424
vt 0.031359247863292694 0.4328150749206543
vt 0.0046004643663764 0.4704633951187134
vt 0.5508645176887512 0.4126935601234436
vt 0.5420515537261963 0.39090925455093384
vt 0.5558772683143616 0.38302868604660034
vt 0.011998480185866356 0.09467846155166626
vt 0.023388057947158813 0.1207321286201477
vt 0.010775106959044933 0.13135910034179688
vt 0.007625161204487085 0.42887699604034424
vt 0.03140750899910927 0.4322391152381897
vt 0.004624872002750635 0.4700966477394104
vt 0.6904476881027222 0.06515520811080933
vt 0.6936619281768799 0.029141664505004883
vt 0.7019252777099609 0.06357169151306152
vt 0.5521482229232788 0.41242218017578125
vt 0.5420515537261963 0.39090925455093384
vt 0.5558772683143616 0.38302868604660034
vt 0.3343556225299835 0.8611668348312378
vt 0.3164772689342499 0.8185990452766418
vt 0.3130970597267151 0.7846275568008423
vt 0.18225640058517456 0.8086370229721069
vt 0.22443777322769165 0.835565984249115
vt 0.22200226783752441 0.8662214875221252
vt 0.918472170829773 0.3040294647216797
vt 0.857309103012085 0.3037869334220886
vt 0.9151216149330139 0.2923431396484375
vt 0.25340166687965393 0.878736674785614
vt 0.23972991108894348 0.836773693561554
vt 0.28142791986465454 0.8754972219467163
vt 0.23972991108894348 0.836773693561554
vt 0.9323536157608032 0.37284553050994873
vt 0.8741611242294312 0.3827143907546997
vt 0.7502763271331787 0.4692174196243286
vt 0.7595828175544739 0.417797327041626
vt 0.812879204750061 0.4208981394767761
vt 0.8137905597686768 0.45144951343536377
vt 0.7962988615036011 0.484544038772583
vt 0.011998463422060013 0.09467846155166626
vt 0.023388057947158813 0.1207321286201477
vt 0.010775094851851463 0.13135910034179688
vt 0.007625161204487085 0.42887699604034424
vt 0.03140751272439957 0.4322390556335449
vt 0.004624874331057072 0.4700965881347656
vt 0.6904476881027222 0.0651552677154541
vt 0.6936619281768799 0.029141664505004883
vt 0.7019252777099609 0.06357169151306152
vt 0.5521482825279236 0.41242218017578125
vt 0.5420515537261963 0.39090925455093384
vt 0.5558772683143616 0.38302868604660034
vt 0.33435559272766113 0.8611668944358826
vt 0.3164772689342499 0.8185990452766418
vt 0.31309711933135986 0.7846276164054871
vt 0.18225637078285217 0.8086371421813965
vt 0.22443777322769165 0.835565984249115
vt 0.2220022827386856 0.8662214875221252
vt 0.9184721112251282 0.3040294647216797
vt 0.8573091626167297 0.30378687381744385
vt 0.9151215553283691 0.2923431396484375
vt 0.25340166687965393 0.878736674785614
vt 0.23972994089126587 0.8367737531661987
vt 0.28142791986465454 0.8754972219467163
vt 0.23972994089126587 0.8367737531661987
vt 0.9323536157608032 0.37284553050994873
vt 0.8741611242294312 0.3827143907546997
vt 0.7502764463424683 0.4692174792289734
vt 0.7595828175544739 0.417797327041626
vt 0.8128791451454163 0.42089807987213135
vt 0.8137905597686768 0.45144951343536377
vt 0.7962988615036011 0.484544038772583
vt 0.011998500674962997 0.09467846155166626
vt 0.023388057947158813 0.1207321286201477
vt 0.010775094851851463 0.13135910034179688
vt 0.007625161204487085 0.42887699604034424
vt 0.03140751272439957 0.4322390556335449
vt 0.004624887369573116 0.4700964093208313
vt 0.6904476881027222 0.0651552677154541
vt 0.6936618685722351 0.029141724109649658
vt 0.7019253373146057 0.06357169151306152
vt 0.5521482825279236 0.41242218017578125
vt 0.5420515537261963 0.39090925455093384
vt 0.5558772683143616 0.38302868604660034
vt 0.6828423738479614 0.8926442861557007
vt 0.6148619055747986 0.8127915859222412
vt 0.6754776239395142 0.8031024932861328
vt 0.7887809872627258 0.30443739891052246
vt 0.7663929462432861 0.3892480134963989
vt 0.7501502633094788 0.2984966039657593
vt 0.8473116755485535 0.3843080401420593
vt 0.8235085606575012 0.293623685836792
vt 0.03617770969867706 0.005972623825073242
vt 0.0611957386136055 0.026992201805114746
vt 0.05874551087617874 0.07279056310653687
vt 0.010066911578178406 0.0628325343132019
vt 0.003906291909515858 0.03017812967300415
vt 0.014043886214494705 0.013119041919708252
vt 0.04016394168138504 0.09260129928588867
vt 0.6381753087043762 0.8859178423881531
vt 0.9133996963500977 0.6225228309631348
vt 0.9220394492149353 0.5758524537086487
vt 0.9242541790008545 0.6360694169998169
vt 0.8977100849151611 0.578553318977356
vt 0.44766688346862793 0.02132505178451538
vt 0.424710214138031 0.014920949935913086
vt 0.4543921947479248 0.00641554594039917
vt 0.4380495250225067 0.033722639083862305
vt 0.7776875495910645 0.7201063632965088
vt 0.7574124336242676 0.7282252311706543
vt 0.7545725703239441 0.7050696015357971
vt 0.4375237226486206 0.03343057632446289
vt 0.42440158128738403 0.015347957611083984
vt 0.4511019289493561 0.012678682804107666
vt 0.4375237822532654 0.03343057632446289
vt 0.42440158128738403 0.015347957611083984
vt 0.4511018693447113 0.012678682804107666
vt 0.4375236928462982 0.03343057632446289
vt 0.42440158128738403 0.015347957611083984
vt 0.4511018991470337 0.012678682804107666
vt 0.437523752450943 0.03343057632446289
vt 0.42440158128738403 0.01534801721572876
vt 0.4511018991470337 0.012678742408752441
vt 0.4375237226486206 0.03343057632446289
vt 0.42440158128738403 0.015347957611083984
vt 0.4511018395423889 0.012678742408752441
vt 0.0531938336789608 0.5278384685516357
vt 0.04159800335764885 0.8648529052734375
vt 0.00411714194342494 0.5295789241790771
vt 0.5135871767997742 0.7426308989524841
vt 0.5563469529151917 0.4781961441040039
vt 0.6049118041992188 0.8136212229728699
vt 0.10795294493436813 0.8648955821990967
vt 0.11617700755596161 0.529043436050415
vt 0.7079485654830933 0.7688912749290466
vt 0.6340910792350769 0.6033636331558228
vt 0.7191922664642334 0.5748036503791809
vt 0.6950284242630005 0.35847151279449463
vt 0.7453296780586243 0.35141706466674805
vt 0.7471233010292053 0.3906477689743042
vt 0.7006274461746216 0.3300427198410034
vt 0.6857833862304688 0.28571105003356934
vt 0.7133849859237671 0.2879655361175537
vt 0.4563121795654297 0.9036263227462769
vt 0.45438024401664734 0.9484246969223022
vt 0.4239824116230011 0.9078035354614258
vt 0.327314555644989 0.649915337562561
vt 0.326057106256485 0.6913896799087524
vt 0.31058138608932495 0.647869884967804
vt 0.03738308325409889 0.5272116661071777
vt 0.04159875959157944 0.8648529052734375
vt 0.008449120447039604 0.6010434627532959
vt 0.4351341426372528 0.8326207399368286
vt 0.4542975127696991 0.5568172335624695
vt 0.46354052424430847 0.8930448889732361
vt 0.6207208037376404 0.34256041049957275
vt 0.5690537095069885 0.0061743855476379395
vt 0.632681131362915 0.0037598013877868652
vt 0.5761944055557251 0.4781850576400757
vt 0.5882470607757568 0.8162925243377686
vt 0.5259769558906555 0.8178138136863708
vt 0.10633154958486557 0.8648926019668579
vt 0.08235065639019012 0.5255364179611206
vt 0.13077305257320404 0.528307318687439
vt 0.7464184165000916 0.816430926322937
vt 0.7952015399932861 0.8774071931838989
vt 0.763098418712616 0.8792442083358765
vt 0.8236829042434692 0.7378436923027039
vt 0.8627668023109436 0.7652769684791565
vt 0.7683296203613281 0.7624866962432861
vt 0.8216651678085327 0.9045003652572632
vt 0.7398201823234558 0.5039637684822083
vt 0.7753984332084656 0.5010221004486084
vt 0.8237110376358032 0.6813879013061523
vt 0.8479515314102173 0.49437999725341797
vt 0.707947850227356 0.7688912153244019
vt 0.6291730999946594 0.6038615107536316
vt 0.7200565338134766 0.5758275389671326
vt 0.6225182414054871 0.5502829551696777
vt 0.6082587242126465 0.36532747745513916
vt 0.6768112182617188 0.3537294864654541
vt 0.7341428995132446 0.35067200660705566
vt 0.728114664554596 0.38498806953430176
vt 0.27618786692619324 0.6040501594543457
vt 0.2872202396392822 0.66599041223526
vt 0.21360042691230774 0.5794720649719238
vt 0.0844392403960228 0.5257455110549927
vt 0.03967761620879173 0.86485356092453
vt 0.03577073663473129 0.5276278853416443
vt 0.005751399789005518 0.5580800771713257
vt 0.40054190158843994 0.5568205118179321
vt 0.41144752502441406 0.8802840113639832
vt 0.3812906742095947 0.8595160245895386
vt 0.6329099535942078 0.0031810998916625977
vt 0.5897647142410278 0.3425597548484802
vt 0.569290280342102 0.004912197589874268
vt 0.49698197841644287 0.47813355922698975
vt 0.5260839462280273 0.8171446919441223
vt 0.4786756634712219 0.8145669102668762
vt 0.575530469417572 0.4781852960586548
vt 0.5882502198219299 0.8169233202934265
vt 0.13084237277507782 0.5276869535446167
vt 0.10633093118667603 0.8648925423622131
vt 0.459540992975235 0.8915432095527649
vt 0.4203815162181854 0.8944975137710571
vt 0.7631244659423828 0.7630751729011536
vt 0.8203161954879761 0.748409628868103
vt 0.7467024922370911 0.8163882493972778
vt 0.8545968532562256 0.6788736581802368
vt 0.7751280069351196 0.4987032413482666
vt 0.8479515314102173 0.49437999725341797
vt 0.6197527647018433 0.5503303408622742
vt 0.6082587242126465 0.36532747745513916
vt 0.6768578290939331 0.35369014739990234
vt 0.734121561050415 0.35067063570022583
vt 0.7281146049499512 0.38498806953430176
vt 0.27618780732154846 0.6040500998497009
vt 0.2895950376987457 0.6680393218994141
vt 0.21364456415176392 0.5795317888259888
vt 0.3821663558483124 0.7815294861793518
vt 0.3548754155635834 0.5567642450332642
vt 0.3995005488395691 0.5568196773529053
vt 0.4116091728210449 0.7901939153671265
vt 0.5145323872566223 0.8170327544212341
vt 0.5588186979293823 0.8174818158149719
vt 0.43398192524909973 0.5112149119377136
vt 0.33306628465652466 0.5529837012290955
vt 0.5529597401618958 0.333060622215271
vt 0.511215090751648 0.4339817762374878
vt 0.22384782135486603 0.5530132055282593
vt 0.12293869256973267 0.5112105011940002
vt 0.045709364116191864 0.1229480504989624
vt 0.12293761968612671 0.04570460319519043
vt 0.33303481340408325 0.004080533981323242
vt 0.48930633068084717 0.4257861375808716
vt 0.4190680980682373 0.496024489402771
vt 0.3272972106933594 0.5340372323989868
vt 0.22796517610549927 0.534037172794342
vt 0.13619428873062134 0.49602454900741577
vt 0.06595593690872192 0.42578619718551636
vt 0.027943313121795654 0.3340153694152832
vt 0.027943313121795654 0.2346833348274231
vt 0.06595611572265625 0.14291250705718994
vt 0.13619422912597656 0.07267415523529053
vt 0.2279651165008545 0.03466141223907471
vt 0.3272972106933594 0.03466147184371948
vt 0.41906803846359253 0.07267415523529053
vt 0.48930633068084717 0.1429123878479004
vt 0.5273191332817078 0.23468327522277832
vt 0.527319073677063 0.3340153098106384
vt 0.8968839645385742 0.27781355381011963
vt 0.8387702107429504 0.2800518274307251
vt 0.8201471567153931 0.2572261691093445
vt 0.815841019153595 0.24523717164993286
vt 0.8322442770004272 0.1904609203338623
vt 0.8712120056152344 0.19517552852630615
vt 0.9103344678878784 0.2213643193244934
vt 0.6108889579772949 0.9074527025222778
vt 0.6431561708450317 0.9018633365631104
vt 0.6438416242599487 0.9610121250152588
vt 0.6199843287467957 0.9549988508224487
vt 0.5797213315963745 0.3796460032463074
vt 0.5845041275024414 0.40857815742492676
vt 0.8376840353012085 0.12269288301467896
vt 0.8660011887550354 0.12059032917022705
vt 0.8650251626968384 0.17710119485855103
vt 0.8381865620613098 0.174879789352417
vt 0.5845041275024414 0.4671595096588135
vt 0.5519058704376221 0.4643898010253906
vt 0.7026081085205078 0.036285459995269775
vt 0.7020397782325745 0.06332480907440186
vt 0.6905101537704468 0.06493878364562988
vt 0.6905936598777771 0.02705073356628418
vt 0.02168096788227558 0.5156940221786499
vt 0.003906283527612686 0.5172902941703796
vt 0.0387883223593235 0.47249311208724976
vt 0.9128945469856262 0.19399499893188477
vt 0.894809365272522 0.15425431728363037
vt 0.8867226839065552 0.1144055724143982
vt 0.9358894228935242 0.10632932186126709
vt 0.9494950771331787 0.1142956018447876
vt 0.9646818041801453 0.1317533254623413
vt 0.9609682559967041 0.1830039620399475
vt 0.7594454884529114 0.4180036783218384
vt 0.8136223554611206 0.4217306971549988
vt 0.8139899969100952 0.45115435123443604
vt 0.796816885471344 0.48420411348342896
vt 0.7497270107269287 0.46850794553756714
vt 0.4458531439304352 0.5180171132087708
vt 0.4709094166755676 0.5142789483070374
vt 0.4733727276325226 0.5423537492752075
vt 0.4484465420246124 0.5441731810569763
vt 0.4891933500766754 0.9495860934257507
vt 0.4888353943824768 0.8932960033416748
vt 0.5160186290740967 0.8936734199523926
vt 0.5161558389663696 0.9505552053451538
vt 0.7244833111763 0.9037115573883057
vt 0.7532976269721985 0.8968225717544556
vt 0.7537566423416138 0.9477008581161499
vt 0.721428394317627 0.9459935426712036
vt 0.5319464206695557 0.13483810424804688
vt 0.5210742950439453 0.10290563106536865
vt 0.5369901657104492 0.10140585899353027
vt 0.3771008849143982 0.9545868039131165
vt 0.34958916902542114 0.9548431634902954
vt 0.3517207205295563 0.9045095443725586
vt 0.3791559338569641 0.9058206081390381
vt 0.771472692489624 0.015398561954498291
vt 0.7744877934455872 0.06255233287811279
vt 0.7297207117080688 0.07448506355285645
vt 0.7212264537811279 0.0501558780670166
vt 0.7261592745780945 0.03664040565490723
vt 0.7209633588790894 0.009187042713165283
vt 0.9501014351844788 0.941916286945343
vt 0.8930652141571045 0.9544639587402344
vt 0.8912298679351807 0.8902094960212708
vt 0.9384857416152954 0.8895549178123474
vt 0.895582914352417 0.5033679008483887
vt 0.9248571395874023 0.501056969165802
vt 0.9260046482086182 0.558754563331604
vt 0.895788311958313 0.5610942840576172
vt 0.32703739404678345 0.5645788908004761
vt 0.328825443983078 0.6291428804397583
vt 0.3005692958831787 0.6128109693527222
vt 0.2959328889846802 0.5685825347900391
vt 0.3073180913925171 0.6386991739273071
vt 0.8981454372406006 0.5779014825820923
vt 0.9218252301216125 0.5757361650466919
vt 0.923316240310669 0.6360524892807007
vt 0.8940926194190979 0.6353445053100586
vt 0.26160603761672974 0.9477066993713379
vt 0.23272472620010376 0.9510723948478699
vt 0.23226779699325562 0.9008899927139282
vt 0.2604084610939026 0.9019718170166016
vt 0.5287045240402222 0.009464621543884277
vt 0.5406595468521118 0.06733453273773193
vt 0.5279375314712524 0.08685886859893799
vt 0.473160058259964 0.06582880020141602
vt 0.48778635263442993 0.013193070888519287
vt 0.6094056963920593 0.9071291089057922
vt 0.6431035399436951 0.9010562896728516
vt 0.6438416242599487 0.9610121250152588
vt 0.6218632459640503 0.956906795501709
vt 0.8951886296272278 0.2771488428115845
vt 0.8392356634140015 0.27865028381347656
vt 0.8202657699584961 0.25733697414398193
vt 0.815841019153595 0.24523717164993286
vt 0.8331503868103027 0.19207048416137695
vt 0.8712363243103027 0.19598907232284546
vt 0.9091699123382568 0.22175872325897217
vt 0.5797213315963745 0.3796460032463074
vt 0.5845041275024414 0.40857815742492676
vt 0.836786150932312 0.12374180555343628
vt 0.8674202561378479 0.12149679660797119
vt 0.8672668933868408 0.17646825313568115
vt 0.8373005390167236 0.17432725429534912
vt 0.5845041275024414 0.4671595096588135
vt 0.5509849786758423 0.4639014005661011
vt 0.7025098204612732 0.03524589538574219
vt 0.7010600566864014 0.0654381513595581
vt 0.6902142763137817 0.06596380472183228
vt 0.6903209686279297 0.02558135986328125
vt 0.02168096788227558 0.5156940221786499
vt 0.003906283527612686 0.5172902941703796
vt 0.0398927666246891 0.4715397357940674
vt 0.9611648321151733 0.18289995193481445
vt 0.9105637073516846 0.19529807567596436
vt 0.8954412341117859 0.15284085273742676
vt 0.8875045776367188 0.11560606956481934
vt 0.9358894228935242 0.10632932186126709
vt 0.9497945308685303 0.11416035890579224
vt 0.9646818041801453 0.1317533254623413
vt 0.8964337706565857 0.27790188789367676
vt 0.8389004468917847 0.2796595096588135
vt 0.8201385736465454 0.2572789788246155
vt 0.815841019153595 0.24523717164993286
vt 0.8324389457702637 0.19077610969543457
vt 0.8713172674179077 0.1951979398727417
vt 0.9101852774620056 0.22141480445861816
vt 0.6103599667549133 0.907081663608551
vt 0.6431307792663574 0.9014741778373718
vt 0.6438416242599487 0.9610121250152588
vt 0.6199260354042053 0.9549395442008972
vt 0.5797213315963745 0.3796460032463074
vt 0.5845041275024414 0.40857815742492676
vt 0.8375738263130188 0.12282168865203857
vt 0.866278886795044 0.12076771259307861
vt 0.8652870655059814 0.17702722549438477
vt 0.8380723595619202 0.17480862140655518
vt 0.5845041275024414 0.4671595096588135
vt 0.5514723658561707 0.46415990591049194
vt 0.02168096788227558 0.5156940221786499
vt 0.003906283527612686 0.5172902941703796
vt 0.038758717477321625 0.4724963307380676
vt 0.9129669070243835 0.19395458698272705
vt 0.8947850465774536 0.15427136421203613
vt 0.8867545127868652 0.11469268798828125
vt 0.9460216760635376 0.11219710111618042
vt 0.9646818041801453 0.1317533254623413
vt 0.9612730741500854 0.18284273147583008
vt 0.1375490427017212 0.9151540994644165
vt 0.1392085701227188 0.8518447875976562
vt 0.20208944380283356 0.9151540398597717
vt 0.8892350196838379 0.6916723847389221
vt 0.9596707224845886 0.6928524971008301
vt 0.9509614109992981 0.7683755159378052
vt 0.9048758745193481 0.7698904871940613
vt 0.22218476235866547 0.8027402758598328
vt 0.2766571044921875 0.8865571618080139
vt 0.3283851146697998 0.8867597579956055
vt 0.3141644299030304 0.958382785320282
vt 0.2795705199241638 0.9624620676040649
vt 0.23053063452243805 0.7665702104568481
vt 0.30054160952568054 0.7406938076019287
vt 0.07956041395664215 0.9461339712142944
vt 0.04619190841913223 0.9656308889389038
vt 0.018584130331873894 0.9476841688156128
vt 0.06743475794792175 0.8836249113082886
vt 0.005014538764953613 0.9151639938354492
vt 0.019746335223317146 0.8747022151947021
vt 0.10605446249246597 0.009738922119140625
vt 0.10399989783763885 0.03993237018585205
vt 0.0737123191356659 0.041086435317993164
vt 0.07353568077087402 0.004513859748840332
vt 0.4458531439304352 0.5180171132087708
vt 0.4717825949192047 0.5140994787216187
vt 0.47397342324256897 0.5428299307823181
vt 0.44825100898742676 0.5437839031219482
vt 0.4877324104309082 0.9487775564193726
vt 0.48854851722717285 0.8946611881256104
vt 0.5162580609321594 0.8948440551757812
vt 0.5165025591850281 0.9504151940345764
vt 0.7236401438713074 0.9049824476242065
vt 0.7550050020217896 0.898154079914093
vt 0.753282904624939 0.9477778673171997
vt 0.7213579416275024 0.9459612369537354
vt 0.3788405954837799 0.9546951055526733
vt 0.34907087683677673 0.9552489519119263
vt 0.3490857183933258 0.9052350521087646
vt 0.37983983755111694 0.9061063528060913
vt 0.7714781165122986 0.01541227102279663
vt 0.7740146517753601 0.06293195486068726
vt 0.7305734157562256 0.07469075918197632
vt 0.7212264537811279 0.0501558780670166
vt 0.7328833341598511 0.03246915340423584
vt 0.7219022512435913 0.008540987968444824
vt 0.7209951877593994 0.03957188129425049
vt 0.8964337706565857 0.27790188789367676
vt 0.8389004468917847 0.27965956926345825
vt 0.8201385140419006 0.2572789788246155
vt 0.815841019153595 0.24523717164993286
vt 0.8324389457702637 0.19077610969543457
vt 0.8713172674179077 0.19519788026809692
vt 0.9101853370666504 0.22141480445861816
vt 0.6103600263595581 0.907081663608551
vt 0.6431307792663574 0.901474118232727
vt 0.6438416242599487 0.9610121250152588
vt 0.6199259757995605 0.954939603805542
vt 0.5797213315963745 0.3796460032463074
vt 0.5845041275024414 0.40857815742492676
vt 0.8375738263130188 0.12282168865203857
vt 0.8662789463996887 0.12076771259307861
vt 0.8652870655059814 0.17702722549438477
vt 0.8380722999572754 0.1748085618019104
vt 0.5845041275024414 0.4671595096588135
vt 0.5514724254608154 0.46415990591049194
vt 0.02168096788227558 0.5156940221786499
vt 0.003906283527612686 0.5172902941703796
vt 0.03875872120261192 0.4724963903427124
vt 0.9379909634590149 0.8886983394622803
vt 0.9501698613166809 0.9416256546974182
vt 0.8932729959487915 0.9547051191329956
vt 0.8916890621185303 0.8896528482437134
vt 0.9129669666290283 0.19395452737808228
vt 0.8947851061820984 0.15427136421203613
vt 0.88675457239151 0.11469268798828125
vt 0.9460216164588928 0.11219710111618042
vt 0.9646818041801453 0.1317533254623413
vt 0.9612730145454407 0.18284273147583008
vt 0.8956048488616943 0.5032495856285095
vt 0.9248334169387817 0.500921368598938
vt 0.9256165623664856 0.5594396591186523
vt 0.8955798149108887 0.5612155199050903
vt 0.3277158737182617 0.5648719072341919
vt 0.32909685373306274 0.6294117569923401
vt 0.2999270558357239 0.6118593215942383
vt 0.29583683609962463 0.5686529278755188
vt 0.3073180913925171 0.6386991739273071
vt 0.8980281949043274 0.5780770778656006
vt 0.9218592047691345 0.5757546424865723
vt 0.9232944846153259 0.6360524892807007
vt 0.8941842317581177 0.6352438926696777
vt 0.2617166340351105 0.947620153427124
vt 0.23316529393196106 0.951190710067749
vt 0.23355939984321594 0.9012613892555237
vt 0.2600104808807373 0.9018877148628235
vt 0.4731777608394623 0.065909743309021
vt 0.48787179589271545 0.013097703456878662
vt 0.529175341129303 0.00885242223739624
vt 0.5402553081512451 0.0662723183631897
vt 0.5277533531188965 0.08675897121429443
vt 0.13754907250404358 0.9151540994644165
vt 0.13920854032039642 0.851844847202301
vt 0.20208944380283356 0.9151540398597717
vt 0.8892351388931274 0.6916723847389221
vt 0.9596706628799438 0.6928524971008301
vt 0.9509614109992981 0.7683755159378052
vt 0.9048758745193481 0.7698904871940613
vt 0.22218479216098785 0.8027402758598328
vt 0.2766571044921875 0.8865571618080139
vt 0.3283851742744446 0.8867598176002502
vt 0.3141644597053528 0.9583828449249268
vt 0.2795705199241638 0.9624620676040649
vt 0.23053064942359924 0.7665701508522034
vt 0.30054157972335815 0.7406938076019287
vt 0.07956043630838394 0.9461339712142944
vt 0.04619193822145462 0.965630829334259
vt 0.018584124743938446 0.9476841688156128
vt 0.06743474304676056 0.8836249113082886
vt 0.0050145648419857025 0.9151638746261597
vt 0.019746340811252594 0.8747021555900574
vt 0.10605448484420776 0.009738922119140625
vt 0.10399988293647766 0.039932429790496826
vt 0.07371234893798828 0.041086435317993164
vt 0.07353565096855164 0.004513859748840332
vt 0.4458531439304352 0.5180171132087708
vt 0.4717826247215271 0.5140995383262634
vt 0.47397342324256897 0.5428299903869629
vt 0.44825103878974915 0.5437840223312378
vt 0.4877324104309082 0.9487775564193726
vt 0.4885485768318176 0.8946611881256104
vt 0.5162580013275146 0.894844114780426
vt 0.5165024995803833 0.9504151344299316
vt 0.7236400842666626 0.9049825668334961
vt 0.7550050020217896 0.8981541395187378
vt 0.753282904624939 0.9477778673171997
vt 0.7213579416275024 0.9459612369537354
vt 0.3788406252861023 0.9546951055526733
vt 0.3490709364414215 0.9552489519119263
vt 0.3490857481956482 0.9052350521087646
vt 0.3798398971557617 0.9061064124107361
vt 0.7714781165122986 0.015412211418151855
vt 0.7740146517753601 0.06293195486068726
vt 0.7305734157562256 0.07469075918197632
vt 0.7212264537811279 0.0501558780670166
vt 0.7328833341598511 0.03246915340423584
vt 0.7219022512435913 0.008540928363800049
vt 0.950101375579834 0.941916286945343
vt 0.8930652141571045 0.9544639587402344
vt 0.8912297487258911 0.890209436416626
vt 0.9384857416152954 0.8895549774169922
vt 0.7209952473640442 0.03957188129425049
vt 0.8955829739570618 0.5033678412437439
vt 0.9248571991920471 0.501056969165802
vt 0.9260047674179077 0.5587545037269592
vt 0.895788311958313 0.5610942840576172
vt 0.32703739404678345 0.5645788908004761
vt 0.3288254737854004 0.6291428804397583
vt 0.3005692958831787 0.6128109693527222
vt 0.2959328889846802 0.5685825943946838
vt 0.3073180913925171 0.6386991739273071
vt 0.8981454372406006 0.5779014825820923
vt 0.9218252301216125 0.5757361650466919
vt 0.923316240310669 0.6360524892807007
vt 0.8940926790237427 0.6353445053100586
vt 0.26160603761672974 0.9477066993713379
vt 0.23272471129894257 0.9510723352432251
vt 0.23226778209209442 0.9008899927139282
vt 0.2604084610939026 0.9019718170166016
vt 0.5287045240402222 0.009464621543884277
vt 0.5406595468521118 0.06733459234237671
vt 0.5279375910758972 0.08685886859893799
vt 0.473160058259964 0.06582885980606079
vt 0.48778635263442993 0.013193070888519287
vt 0.8964338302612305 0.27790188789367676
vt 0.8389005064964294 0.27965956926345825
vt 0.8201385736465454 0.25727903842926025
vt 0.815841019153595 0.24523717164993286
vt 0.8324389457702637 0.19077616930007935
vt 0.8713170289993286 0.19519782066345215
vt 0.9101852178573608 0.22141480445861816
vt 0.6103600263595581 0.907081663608551
vt 0.6431307792663574 0.9014741778373718
vt 0.6438416242599487 0.9610121250152588
vt 0.6199259757995605 0.954939603805542
vt 0.5797213315963745 0.3796460032463074
vt 0.5845041275024414 0.40857815742492676
vt 0.8375738263130188 0.12282168865203857
vt 0.8662789463996887 0.12076777219772339
vt 0.8652870655059814 0.17702722549438477
vt 0.8380724191665649 0.17480862140655518
vt 0.5845041275024414 0.4671595096588135
vt 0.5514723658561707 0.46415984630584717
vt 0.02168096788227558 0.5156940221786499
vt 0.003906283527612686 0.5172902941703796
vt 0.038758713752031326 0.4724963903427124
vt 0.9029078483581543 0.09260785579681396
vt 0.8404718637466431 0.09829407930374146
vt 0.8228803873062134 0.025766432285308838
vt 0.8874083757400513 0.02365708351135254
vt 0.9129669666290283 0.19395458698272705
vt 0.8947849869728088 0.1542714238166809
vt 0.8867546319961548 0.11469268798828125
vt 0.946021556854248 0.11219710111618042
vt 0.9646818041801453 0.1317533254623413
vt 0.9612730741500854 0.18284273147583008
vt 0.570431113243103 0.9404460191726685
vt 0.5479434728622437 0.9426138401031494
vt 0.5293610692024231 0.8521537184715271
vt 0.5748878717422485 0.8570197820663452
vt 0.8459062576293945 0.40338027477264404
vt 0.7720426321029663 0.40491634607315063
vt 0.5321849584579468 0.8297537565231323
vt 0.5900540351867676 0.8264439105987549
vt 0.8222888708114624 0.003906309604644775
vt 0.8824407458305359 0.003906309604644775
vt 0.6009089350700378 0.8444553017616272
vt 0.6945512890815735 0.7808190584182739
vt 0.7106053233146667 0.799915075302124
vt 0.5931125283241272 0.9402798414230347
vt 0.7170063257217407 0.8917362093925476
vt 0.9340155720710754 0.4842848777770996
vt 0.9064643383026123 0.4861333966255188
vt 0.9378944635391235 0.4096967577934265
vt 0.6192026138305664 0.7945556044578552
vt 0.9501014351844788 0.941916286945343
vt 0.8930652141571045 0.9544639587402344
vt 0.8912298679351807 0.890209436416626
vt 0.9384857416152954 0.8895549178123474
vt 0.8698137998580933 0.40804237127304077
vt 0.8955830335617065 0.5033679008483887
vt 0.9248571991920471 0.5010570287704468
vt 0.9260047078132629 0.558754563331604
vt 0.8957881927490234 0.5610942840576172
vt 0.32703739404678345 0.5645788908004761
vt 0.3288254141807556 0.6291428804397583
vt 0.30056923627853394 0.6128109097480774
vt 0.2959328889846802 0.5685825347900391
vt 0.3073180913925171 0.6386991739273071
vt 0.8981453776359558 0.5779015421867371
vt 0.9218251705169678 0.5757361650466919
vt 0.9233161807060242 0.6360524892807007
vt 0.8940926790237427 0.6353445053100586
vt 0.2616060972213745 0.9477066397666931
vt 0.23272472620010376 0.9510723352432251
vt 0.2322678118944168 0.9008899927139282
vt 0.260408490896225 0.9019718766212463
vt 0.5287045240402222 0.009464621543884277
vt 0.5406595468521118 0.06733453273773193
vt 0.5279375314712524 0.08685886859893799
vt 0.4731600880622864 0.06582880020141602
vt 0.48778629302978516 0.013193130493164062
vt 0.9377147555351257 0.8882201910018921
vt 0.9493491649627686 0.942798376083374
vt 0.8944011926651001 0.9560147523880005
vt 0.8922634124755859 0.8889564275741577
vt 0.8953729867935181 0.5031462907791138
vt 0.925804615020752 0.500683069229126
vt 0.9253190159797668 0.5604720115661621
vt 0.8956151008605957 0.5622462630271912
vt 0.8931212425231934 0.6358829736709595
vt 0.3271695673465729 0.5646359920501709
vt 0.32939907908439636 0.6312230229377747
vt 0.30034303665161133 0.6124756336212158
vt 0.2953088581562042 0.5690397620201111
vt 0.3073180913925171 0.6386991739273071
vt 0.2617172598838806 0.947619616985321
vt 0.2335149645805359 0.951284646987915
vt 0.2345084249973297 0.901935338973999
vt 0.2600187361240387 0.9025487899780273
vt 0.47369667887687683 0.06633901596069336
vt 0.4885522127151489 0.012338221073150635
vt 0.5295168161392212 0.008250415325164795
vt 0.5405170917510986 0.06696033477783203
vt 0.5272537469863892 0.08648788928985596
vt 0.13801822066307068 0.5566838979721069
vt 0.1513940691947937 0.5420808792114258
vt 0.1719050258398056 0.5461263656616211
vt 0.16836215555667877 0.5739415884017944
vt 0.14528661966323853 0.5734560489654541
vt 0.0540439672768116 0.5086931586265564
vt 0.05567687004804611 0.4783855676651001
vt 0.07624805718660355 0.4829843044281006
vt 0.07520885020494461 0.5047625303268433
vt 0.786734402179718 0.013083994388580322
vt 0.806755781173706 0.008899211883544922
vt 0.8070350289344788 0.030903398990631104
vt 0.785377025604248 0.0277940034866333
vt 0.7778643369674683 0.6971007585525513
vt 0.18569877743721008 0.7842792272567749
vt 0.16788989305496216 0.764407217502594
vt 0.18729126453399658 0.7621361017227173
vt 0.16818462312221527 0.5442800521850586
vt 0.1675560474395752 0.5749034881591797
vt 0.14546599984169006 0.5735986828804016
vt 0.14193016290664673 0.5491770505905151
vt 0.05490297079086304 0.5095657110214233
vt 0.056394048035144806 0.47825944423675537
vt 0.07624805718660355 0.4829843044281006
vt 0.07523190230131149 0.5049455165863037
vt 0.7776835560798645 0.7200824618339539
vt 0.7570249438285828 0.72389817237854
vt 0.755398690700531 0.6979536414146423
vt 0.7778643369674683 0.6971007585525513
vt 0.7867506146430969 0.013191163539886475
vt 0.8061529397964478 0.009245753288269043
vt 0.8061831593513489 0.031026065349578857
vt 0.785377025604248 0.0277940034866333
vt 0.18716184794902802 0.762007474899292
vt 0.18567681312561035 0.7842888832092285
vt 0.1681249588727951 0.7637500762939453
vt 0.16818465292453766 0.5442801117897034
vt 0.167556032538414 0.5749034285545349
vt 0.14546601474285126 0.5735986828804016
vt 0.14193014800548553 0.5491770505905151
vt 0.05490296334028244 0.5095656514167786
vt 0.056393980979919434 0.47825944423675537
vt 0.07624805718660355 0.4829843044281006
vt 0.0752318948507309 0.5049454569816589
vt 0.7776834964752197 0.7200824618339539
vt 0.757024884223938 0.7238982319831848
vt 0.7553987503051758 0.6979537010192871
vt 0.7778643369674683 0.6971007585525513
vt 0.7867505550384521 0.013191163539886475
vt 0.8061529994010925 0.009245812892913818
vt 0.8061831593513489 0.031026065349578857
vt 0.785377025604248 0.0277940034866333
vt 0.1871618926525116 0.7620075345039368
vt 0.18567684292793274 0.7842889428138733
vt 0.1681249737739563 0.7637500166893005
vt 0.16818466782569885 0.5442801713943481
vt 0.1675560474395752 0.5749034285545349
vt 0.14546599984169006 0.5735986828804016
vt 0.14193014800548553 0.5491770505905151
vt 0.05490296334028244 0.5095656514167786
vt 0.056394025683403015 0.47825944423675537
vt 0.07624805718660355 0.4829843044281006
vt 0.07523190230131149 0.5049455165863037
vt 0.7776834964752197 0.7200824022293091
vt 0.7570250034332275 0.7238982915878296
vt 0.7553987503051758 0.6979536414146423
vt 0.7778643369674683 0.6971007585525513
vt 0.7867506146430969 0.013191163539886475
vt 0.8061529397964478 0.009245753288269043
vt 0.8061831593513489 0.031026065349578857
vt 0.785377025604248 0.0277940034866333
vt 0.18716183304786682 0.762007474899292
vt 0.18567684292793274 0.7842888832092285
vt 0.1681249737739563 0.7637500762939453
vt 0.16818463802337646 0.5442801117897034
vt 0.1675560623407364 0.5749034285545349
vt 0.14546597003936768 0.5735986232757568
vt 0.14193013310432434 0.5491770505905151
vt 0.05490298569202423 0.5095656514167786
vt 0.05639399588108063 0.47825944423675537
vt 0.07624805718660355 0.4829843044281006
vt 0.07523190230131149 0.5049455761909485
vt 0.7776834964752197 0.7200824022293091
vt 0.7570250034332275 0.7238982915878296
vt 0.7553987503051758 0.6979536414146423
vt 0.7778643369674683 0.6971007585525513
vt 0.7867506146430969 0.0131911039352417
vt 0.8061530590057373 0.009245753288269043
vt 0.8061831593513489 0.031026065349578857
vt 0.785377025604248 0.0277940034866333
vt 0.18716181814670563 0.762007474899292
vt 0.18567681312561035 0.7842888832092285
vt 0.1681249439716339 0.7637500166893005
vt 0.16818463802337646 0.5442801117897034
vt 0.1675560623407364 0.5749034881591797
vt 0.14546604454517365 0.5735986828804016
vt 0.14193013310432434 0.5491770505905151
vt 0.05490296706557274 0.5095656514167786
vt 0.05639404058456421 0.47825944423675537
vt 0.07624805718660355 0.4829843044281006
vt 0.0752318948507309 0.5049455165863037
vt 0.7776834964752197 0.7200824022293091
vt 0.7570250034332275 0.72389817237854
vt 0.755398690700531 0.6979537010192871
vt 0.7778643369674683 0.6971007585525513
vt 0.7867506146430969 0.013191163539886475
vt 0.8061529994010925 0.009245812892913818
vt 0.8061831593513489 0.031026065349578857
vt 0.785377025604248 0.0277940034866333
vt 0.1871618628501892 0.7620075345039368
vt 0.18567681312561035 0.7842888832092285
vt 0.1681249588727951 0.7637500762939453
vt 0.41032835841178894 0.892275869846344
vt 0.3625825047492981 0.8924557566642761
vt 0.3548754155635834 0.5567642450332642
vt 0.40054208040237427 0.5568205118179321
vt 0.43887990713119507 0.8944612741470337
vt 0.4401511251926422 0.556823194026947
vt 0.5139257311820984 0.4781714677810669
vt 0.5991999506950378 0.47817182540893555
vt 0.7919565439224243 0.7510544061660767
vt 0.8837379217147827 0.7819191217422485
vt 0.8863633871078491 0.8612551689147949
vt 0.7443963289260864 0.8336899876594543
vt 0.750299870967865 0.7910031080245972
vt 0.6459556221961975 0.36474692821502686
vt 0.6793230772018433 0.5516910552978516
vt 0.6367323398590088 0.5500394701957703
vt 0.9062084555625916 0.8377577066421509
vt 0.8536760210990906 0.7437329292297363
vt 0.7220921516418457 0.5559311509132385
vt 0.6857833862304688 0.27490079402923584
vt 0.6857833862304688 0.08765554428100586
vt 0.7407337427139282 0.09275126457214355
vt 0.6412757635116577 0.7714526653289795
vt 0.6813147068023682 0.007259547710418701
vt 0.6761872172355652 0.3426293730735779
vt 0.14420685172080994 0.7160013914108276
vt 0.13394545018672943 0.6382118463516235
vt 0.18071630597114563 0.5756140947341919
vt 0.21962031722068787 0.573703408241272
vt 0.24688945710659027 0.7090861797332764
vt 0.19848652184009552 0.734869122505188
vt 0.6366134881973267 0.5680197477340698
vt 0.13179361820220947 0.7494471073150635
vt 0.14647993445396423 0.7478052377700806
vt 0.1453399956226349 0.7944115400314331
vt 0.43047600984573364 0.9465393424034119
vt 0.7241801619529724 0.3296700716018677
vt 0.3287120461463928 0.7161837816238403
vt 0.30219364166259766 0.7060865163803101
vt 0.326057106256485 0.6913896799087524
vt 0.47905629873275757 0.8130373954772949
vt 0.4997416138648987 0.4781397581100464
vt 0.5624697804450989 0.34257185459136963
vt 0.8777884244918823 0.8810462355613708
vt 0.8685221672058105 0.7504754066467285
vt 0.6991374492645264 0.5536335706710815
vt 0.8818495869636536 0.6771295070648193
vt 0.6857833862304688 0.27490079402923584
vt 0.6857833862304688 0.08765554428100586
vt 0.7400909066200256 0.09080266952514648
vt 0.642915666103363 0.7712987065315247
vt 0.2589859068393707 0.7200256586074829
vt 0.14646071195602417 0.7172590494155884
vt 0.13804881274700165 0.6318052411079407
vt 0.3506110608577728 0.8634381294250488
vt 0.3548754155635834 0.5567642450332642
vt 0.6326932907104492 0.5678600072860718
vt 0.20753207802772522 0.7494747638702393
vt 0.45597702264785767 0.5568165183067322
vt 0.6807185411453247 0.009395241737365723
vt 0.6477635502815247 0.3425755500793457
vt 0.6761872172355652 0.3426293730735779
vt 0.8244485855102539 0.9022796154022217
vt 0.7704312801361084 0.8773446679115295
vt 0.8701305985450745 0.7508748769760132
vt 0.8996176719665527 0.8433995842933655
vt 0.8818064332008362 0.8800911903381348
vt 0.6984696984291077 0.5535865426063538
vt 0.7191916108131409 0.57481449842453
vt 0.642916202545166 0.7712986469268799
vt 0.6291731595993042 0.6038614511489868
vt 0.25923222303390503 0.7201550006866455
vt 0.14645233750343323 0.7162793278694153
vt 0.138043612241745 0.6318179368972778
vt 0.6327075958251953 0.5678606629371643
vt 0.20753201842308044 0.749474823474884
vt 0.25528907775878906 0.7361799478530884
vt 0.5112149119377136 0.12293761968612671
vt 0.553013265132904 0.2238476276397705
vt 0.0039062779396772385 0.3330719470977783
vt 0.045704614371061325 0.43398189544677734
vt 0.4339817464351654 0.045704424381256104
vt 0.2238476276397705 0.00390625
vt 0.003906270023435354 0.22384774684906006
vn 0.3751232326030731 -0.7860897779464722 0.4912693500518799
vn 0.3006174862384796 0.30967777967453003 0.9020692110061646
vn 0.1358361840248108 0.9194887280464172 0.36890265345573425
vn -0.6128728985786438 -0.5882740020751953 0.5275610685348511
vn -0.6391498446464539 0.5641629695892334 0.5226927995681763
vn -0.7824935913085938 -0.5957913398742676 -0.18093277513980865
vn 0.6951640844345093 0.7168878316879272 0.053092725574970245
vn 0.1358361840248108 0.9194887280464172 0.36890265345573425
vn 0.3006174862384796 0.30967777967453003 0.9020692110061646
vn -0.5958071947097778 0.652229368686676 -0.4686264991760254
vn 0.14954738318920135 0.6385215520858765 -0.7549343109130859
vn 0.1998923420906067 -0.5605093240737915 -0.8036618828773499
vn -0.5359472632408142 -0.6326826214790344 -0.5589931607246399
vn 0.6023951768875122 -0.751207709312439 0.2698282301425934
vn 0.7206639647483826 0.26581406593322754 0.6403017640113831
vn -0.010183851234614849 0.8763513565063477 0.4815649390220642
vn -0.26331794261932373 -0.5978623032569885 0.7571158409118652
vn -0.27419787645339966 0.5129454731941223 0.8134510517120361
vn -0.7631736993789673 -0.607576310634613 0.2200387716293335
vn 0.6861146688461304 0.6601255536079407 -0.3057467043399811
vn -0.010183851234614849 0.8763513565063477 0.4815649390220642
vn 0.7206639647483826 0.26581406593322754 0.6403017640113831
vn -0.48836684226989746 -0.783445417881012 0.3843318819999695
vn -0.829246997833252 0.30040183663368225 0.47128355503082275
vn -0.5587158799171448 0.8248226046562195 0.0866268128156662
vn -0.572331964969635 -0.5923792719841003 -0.5670300126075745
vn -0.5800735354423523 0.5728728771209717 -0.5790780782699585
vn 0.12906476855278015 -0.5886813402175903 -0.797995388507843
vn -0.48836684226989746 -0.783445417881012 0.3843318819999695
vn -0.5587158799171448 0.8248226046562195 0.0866268128156662
vn -0.8068844676017761 -0.49810293316841125 0.31753894686698914
vn -0.00732043944299221 0.719677746295929 0.6942696571350098
vn -0.5587158799171448 0.8248226046562195 0.0866268128156662
vn -0.829246997833252 0.30040183663368225 0.47128355503082275
vn 0.622950553894043 -0.5057846903800964 0.5967532396316528
vn -0.13016778230667114 -0.3076346218585968 0.942559003829956
vn -0.49979764223098755 -0.6266186833381653 0.5979560017585754
vn -0.8392173647880554 -0.5255484580993652 -0.13968950510025024
vn -0.09119464457035065 -0.2089991420507431 -0.9736543893814087
vn 0.0005156052648089826 -0.8619953989982605 -0.5069158673286438
vn -0.09119464457035065 -0.2089991420507431 -0.9736543893814087
vn 0.7771241664886475 -0.46757036447525024 -0.421255499124527
vn 0.0005156052648089826 -0.8619953989982605 -0.5069158673286438
vn 0.6862459182739258 0.6028915643692017 0.40692541003227234
vn 0.004073725547641516 0.650038480758667 0.7598904371261597
vn 0.622950553894043 -0.5057846903800964 0.5967532396316528
vn 0.004073725547641516 0.650038480758667 0.7598904371261597
vn -0.19539986550807953 0.5626824498176575 -0.8032479882240295
vn 0.623434841632843 0.6597921848297119 -0.4195276200771332
vn 0.19401049613952637 -0.5339123010635376 -0.8229808807373047
vn 0.8297519087791443 -0.557900607585907 0.016085196286439896
vn 0.05982321873307228 -0.5479696393013 0.8343563079833984
vn -0.6257554292678833 -0.6585251688957214 0.418060839176178
vn -0.7903801202774048 -0.5550365447998047 -0.25929468870162964
vn 0.529617428779602 -0.7834463715553284 0.32514187693595886
vn 0.7291902899742126 0.3004014492034912 0.6148501038551331
vn 0.27466943860054016 0.8248221278190613 0.4941915273666382
vn -0.3338647484779358 -0.5923791527748108 0.7332267165184021
vn -0.342489093542099 0.5728731751441956 0.7446593642234802
vn -0.7933399677276611 -0.5886800289154053 0.15513740479946136
vn 0.529617428779602 -0.7834463715553284 0.32514187693595886
vn 0.27466943860054016 0.8248221278190613 0.4941915273666382
vn 0.5772079825401306 -0.49810364842414856 0.6470887064933777
vn 0.6538841724395752 0.7196779251098633 -0.23345080018043518
vn 0.27466943860054016 0.8248221278190613 0.4941915273666382
vn 0.7291902899742126 0.3004014492034912 0.6148501038551331
vn -0.6344053745269775 -0.5057846903800964 0.5845610499382019
vn -0.9326183795928955 -0.30763357877731323 -0.18863889575004578
vn -0.5656560063362122 -0.6266187429428101 -0.5360804200172424
vn 0.1917036771774292 -0.5255482792854309 -0.8288841247558594
vn 0.9774446487426758 -0.20899906754493713 -0.03035620041191578
vn 0.5058988928794861 -0.8619954586029053 0.032095473259687424
vn 0.9774446487426758 -0.20899906754493713 -0.03035620041191578
vn 0.37202000617980957 -0.46757078170776367 0.8018596172332764
vn 0.5058988928794861 -0.8619954586029053 0.032095473259687424
vn -0.4488894045352936 0.6028915047645569 0.6595605611801147
vn -0.7586676478385925 0.6500388979911804 -0.043276261538267136
vn -0.6344053745269775 -0.5057846903800964 0.5845610499382019
vn -0.7586676478385925 0.6500388979911804 -0.043276261538267136
vn 0.813861608505249 0.5626819133758545 -0.1449774205684662
vn 0.37987130880355835 0.6597917079925537 0.6483616232872009
vn -0.8362729549407959 -0.5339111685752869 0.12484545260667801
vn -0.292608380317688 -0.5578999519348145 -0.7766132950782776
vn 0.7527542114257812 -0.5479692816734314 -0.3648160994052887
vn 0.6202186346054077 -0.6585249304771423 0.4262321889400482
vn 0.05212518572807312 -0.5550363063812256 0.830191433429718
vn 0.43894028663635254 -0.7834454774856567 -0.43993714451789856
vn 0.7669875025749207 0.300401896238327 -0.5669999122619629
vn 0.5443606972694397 0.8248224854469299 -0.15277232229709625
vn 0.6359903216362 -0.5923802852630615 0.4945724308490753
vn 0.6451167464256287 0.5728727579116821 0.5056097507476807
vn -0.03277922421693802 -0.5886805653572083 0.8077008724212646
vn 0.43894028663635254 -0.7834454774856567 -0.43993714451789856
vn 0.5443606972694397 0.8248224854469299 -0.15277232229709625
vn 0.7631574869155884 -0.49810320138931274 -0.41168442368507385
vn -0.07569603621959686 0.7196779251098633 -0.6901693940162659
vn 0.5443606972694397 0.8248224854469299 -0.15277232229709625
vn 0.7669875025749207 0.300401896238327 -0.5669999122619629
vn -0.3708239197731018 0.7345367074012756 0.5682829022407532
vn -0.961033284664154 -0.26848721504211426 0.0658002570271492
vn -0.45225900411605835 -0.24006366729736328 0.858971118927002
vn 0.22311721742153168 0.6364800930023193 -0.7383168935775757
vn -0.2121332734823227 -0.2068762481212616 -0.9550926089286804
vn -0.571251630783081 0.6872735619544983 -0.44869449734687805
vn 0.8104627728462219 -0.16504526138305664 -0.5620588660240173
vn 0.5397530198097229 0.7519103288650513 -0.378546804189682
vn 0.5397530198097229 0.7519103288650513 -0.378546804189682
vn 0.22311721742153168 0.6364800930023193 -0.7383168935775757
vn -0.571251630783081 0.6872735619544983 -0.44869449734687805
vn -0.3708239197731018 0.7345367074012756 0.5682829022407532
vn 0.21581920981407166 0.7739837765693665 0.5952909588813782
vn 0.53952956199646 0.8307827115058899 0.13677702844142914
vn -0.8164371848106384 0.46173495054244995 0.3467438220977783
vn -0.8164371848106384 0.46173495054244995 0.3467438220977783
vn -0.7002285122871399 -0.06287864595651627 -0.7111443877220154
vn 0.2733878493309021 -0.5808855891227722 -0.7667014598846436
vn -0.79042649269104 -0.6114304065704346 -0.03713541850447655
vn 0.03874656930565834 0.595022976398468 -0.80277419090271
vn 0.06884457916021347 -0.44117993116378784 -0.8947741985321045
vn -0.43312543630599976 0.752975583076477 -0.49540892243385315
vn 0.7537298202514648 -0.3824872672557831 -0.5344108939170837
vn -0.8286042809486389 -0.4602717161178589 -0.31869247555732727
vn 0.5717013478279114 0.7691396474838257 0.28562524914741516
vn 0.6303835511207581 -0.45536404848098755 0.6286971569061279
vn 0.7537298202514648 -0.3824872672557831 -0.5344108939170837
vn -0.18022125959396362 -0.4384813606739044 -0.8804853558540344
vn 0.13238991796970367 0.7415065169334412 -0.6577545404434204
vn 0.9253767132759094 -0.3384193181991577 -0.17073467373847961
vn -0.29610905051231384 -0.43848368525505066 0.8485584855079651
vn -0.45055362582206726 0.7415056824684143 0.49716269969940186
vn -0.8822602033615112 -0.33841922879219055 -0.3272450864315033
vn 0.5028424263000488 -0.43848198652267456 0.7449046969413757
vn 0.12886333465576172 0.7415058016777039 0.6584553122520447
vn -0.7900157570838928 -0.3384198248386383 0.5112213492393494
vn -0.18407294154167175 -0.4384840726852417 0.8796868324279785
vn -0.3825953006744385 0.7415044903755188 0.5511732697486877
vn -0.9171263575553894 -0.3384195864200592 -0.21059764921665192
vn -0.05388107895851135 -0.43848133087158203 0.8971238136291504
vn -0.2981700003147125 0.7415061593055725 0.6010518670082092
vn -0.9380282163619995 -0.3384198844432831 -0.07466717809438705
vn 0.1988140046596527 0.8518316745758057 0.48461946845054626
vn -0.355470210313797 0.9228627681732178 0.1482071727514267
vn -0.25355303287506104 0.5728020668029785 0.7794924974441528
vn 0.9171701669692993 0.1376352310180664 -0.37397247552871704
vn 0.9199502468109131 0.22025078535079956 -0.32431674003601074
vn 0.7483558654785156 0.5472584366798401 0.3747955858707428
vn 0.519483208656311 0.8455590009689331 -0.12315508723258972
vn 0.7483558654785156 0.5472584366798401 0.3747955858707428
vn -0.355470210313797 0.9228627681732178 0.1482071727514267
vn 0.389890193939209 0.8852785229682922 -0.25351059436798096
vn -0.5656032562255859 0.7063401937484741 -0.4256482422351837
vn 0.5139973163604736 0.13215361535549164 -0.8475506901741028
vn -0.08179661631584167 0.47504207491874695 -0.8761532306671143
vn 0.389890193939209 0.8852785229682922 -0.25351059436798096
vn -0.323142409324646 0.26953041553497314 0.907156229019165
vn -0.5591773390769958 -0.8290418982505798 0.003207096131518483
vn 0.43599146604537964 0.20256644487380981 0.8768571615219116
vn -0.5591773390769958 -0.8290418982505798 0.003207096131518483
vn -0.9595431089401245 -0.00299473968334496 -0.2815459072589874
vn 0.2428191900253296 0.5374675989151001 -0.8075689673423767
vn 0.2428191900253296 0.5374675989151001 -0.8075689673423767
vn -0.07780253142118454 0.9633132219314575 -0.2568548619747162
vn 0.43599146604537964 0.20256644487380981 0.8768571615219116
vn 0.29442858695983887 -0.49634796380996704 0.8166704177856445
vn 0.03693259879946709 -0.5810948610305786 0.8129974603652954
vn -0.12305738031864166 -0.9481849074363708 0.29292038083076477
vn -0.20587565004825592 -0.8829734325408936 -0.42186859250068665
vn -0.7734477519989014 -0.4055635929107666 -0.4871312975883484
vn 0.5173400044441223 -0.4499192237854004 -0.7279644012451172
vn -0.04570653662085533 0.2575799226760864 -0.9651753902435303
vn 0.47277286648750305 0.6746494174003601 -0.5668632388114929
vn 0.33783474564552307 -0.06510596722364426 -0.9389510154724121
vn 0.2678372263908386 0.6034494042396545 0.751073956489563
vn 0.76216059923172 0.36847078800201416 0.5322974324226379
vn 0.7763535976409912 0.6295892596244812 0.029876159504055977
vn 0.2678372263908386 0.6034494042396545 0.751073956489563
vn 0.5578143000602722 -0.1447470337152481 0.8172463178634644
vn 0.76216059923172 0.36847078800201416 0.5322974324226379
vn 0.7763535976409912 0.6295892596244812 0.029876159504055977
vn 0.6874380707740784 0.17964409291744232 -0.7036739587783813
vn 0.47277286648750305 0.6746494174003601 -0.5668632388114929
vn 0.5578143000602722 -0.1447470337152481 0.8172463178634644
vn 0.9401707053184509 -0.29338377714157104 0.1732194721698761
vn 0.76216059923172 0.36847078800201416 0.5322974324226379
vn 0.33783474564552307 -0.06510596722364426 -0.9389510154724121
vn -0.7734477519989014 -0.4055635929107666 -0.4871312975883484
vn -0.728219747543335 0.035535648465156555 -0.6844217777252197
vn -0.04570653662085533 0.2575799226760864 -0.9651753902435303
vn -0.40753570199012756 0.6452463865280151 -0.6461979150772095
vn 0.03693259879946709 -0.5810948610305786 0.8129974603652954
vn 0.046948716044425964 0.3784220814704895 0.9244418144226074
vn -0.6352054476737976 -0.4361903667449951 0.6373791098594666
vn 0.17221401631832123 0.9398351907730103 -0.2950461506843567
vn -0.40753570199012756 0.6452463865280151 -0.6461979150772095
vn -0.46158140897750854 0.883147656917572 0.08362432569265366
vn -0.6653977632522583 0.3349606394767761 0.6671186685562134
vn 0.046948716044425964 0.3784220814704895 0.9244418144226074
vn -0.40753570199012756 0.6452463865280151 -0.6461979150772095
vn -0.728219747543335 0.035535648465156555 -0.6844217777252197
vn -0.46158140897750854 0.883147656917572 0.08362432569265366
vn -0.8467642068862915 -0.3944762647151947 0.35690203309059143
vn -0.21738725900650024 -0.4543064832687378 -0.8639146089553833
vn -0.5926012992858887 -0.7481805682182312 0.29841169714927673
vn -0.15727151930332184 -0.9310015439987183 -0.3293962776660919
vn 0.4161699414253235 -0.6785590052604675 -0.6052770018577576
vn 0.6235547661781311 -0.7817439436912537 -0.007467287126928568
vn 0.17191234230995178 -0.9552948474884033 -0.2405366599559784
vn 0.5088079571723938 0.0332268550992012 0.8602386713027954
vn 0.25206130743026733 0.9003344774246216 0.3547716736793518
vn 0.13053110241889954 0.4820813834667206 0.8663482666015625
vn 0.25206130743026733 0.9003344774246216 0.3547716736793518
vn -0.4567973017692566 0.5268256664276123 0.7167921662330627
vn 0.13053110241889954 0.4820813834667206 0.8663482666015625
vn -0.8625947833061218 0.5022424459457397 -0.06068560481071472
vn -0.8974591493606567 0.23004238307476044 0.37636110186576843
vn -0.8974591493606567 0.23004238307476044 0.37636110186576843
vn -0.8625947833061218 0.5022424459457397 -0.06068560481071472
vn 0.6119881868362427 -0.4916297197341919 0.6194922924041748
vn 0.20182837545871735 -0.6853142976760864 0.6997211575508118
vn -0.8974591493606567 0.23004238307476044 0.37636110186576843
vn -0.8467642068862915 -0.3944762647151947 0.35690203309059143
vn -0.4567973017692566 0.5268256664276123 0.7167921662330627
vn 0.25206130743026733 0.9003344774246216 0.3547716736793518
vn 0.8856715559959412 0.30561015009880066 -0.34955447912216187
vn 0.5883904099464417 0.8073296546936035 -0.044896990060806274
vn 0.25206130743026733 0.9003344774246216 0.3547716736793518
vn 0.5883904099464417 0.8073296546936035 -0.044896990060806274
vn -0.09655741602182388 0.9045982360839844 -0.41518518328666687
vn -0.39242440462112427 0.2847980856895447 -0.8745816946029663
vn -0.940097451210022 0.11332383006811142 -0.32151928544044495
vn 0.5883904099464417 0.8073296546936035 -0.044896990060806274
vn 0.8856715559959412 0.30561015009880066 -0.34955447912216187
vn -0.09655741602182388 0.9045982360839844 -0.41518518328666687
vn -0.12305738031864166 -0.9481849074363708 0.29292038083076477
vn 0.03693259879946709 -0.5810948610305786 0.8129974603652954
vn -0.6114568114280701 -0.7906562685966492 0.031357113271951675
vn -0.18752484023571014 -0.9464091658592224 -0.2629530727863312
vn 0.9109150767326355 -0.08706885576248169 0.4033023715019226
vn 0.9520273208618164 0.22032521665096283 0.21236959099769592
vn 0.07721099257469177 0.9968962073326111 -0.015378348529338837
vn 0.009496444836258888 0.9999059438705444 -0.00990055687725544
vn 0.016373464837670326 0.9998428225517273 0.0067992242984473705
vn 0.07731278240680695 0.996888279914856 -0.01537834107875824
vn 0.04452197626233101 0.99168461561203 -0.12074530124664307
vn -0.002575341844931245 0.9998478293418884 -0.01725480705499649
vn -0.018059885129332542 0.9998343586921692 -0.002257175277918577
vn -0.07950829714536667 0.9954439997673035 0.05262927711009979
vn -0.006139783654361963 0.9998145699501038 0.018250953406095505
vn -1.8562399617394476e-08 -1.0 -1.268366531803622e-07
vn -1.8562399617394476e-08 -1.0 -1.268366531803622e-07
vn -1.8562399617394476e-08 -1.0 -1.268366531803622e-07
vn -4.623669447312295e-09 -1.0 -1.604877297722851e-07
vn -7.143734492842668e-09 -1.0 -1.5671616893087048e-07
vn -4.773296424787077e-09 -1.0 -1.5908661055163975e-07
vn 2.047312319675143e-09 -1.0 -1.636439890262409e-07
vn -4.280237497766848e-09 -1.0 -1.6102303845855204e-07
vn 1.1151665368913655e-08 -1.0 -1.6409263992045453e-07
vn -1.1151711554191479e-08 -1.0 -1.6409263992045453e-07
vn 4.280217069663195e-09 -1.0 -1.6102303845855204e-07
vn -2.04739558640199e-09 -1.0 -1.6364401744795032e-07
vn 4.7732351404761175e-09 -1.0 -1.5908662476249447e-07
vn 7.143676761245388e-09 -1.0 -1.5671616893087048e-07
vn 4.6236570128144194e-09 -1.0 -1.6048765871801152e-07
vn 1.856235876118717e-08 -1.0 -1.268366673912169e-07
vn 0.572290301322937 -0.5096647143363953 -0.6424372792243958
vn 0.7699193954467773 -0.62758469581604 0.11559228599071503
vn 0.3751232326030731 -0.7860897779464722 0.4912693500518799
vn 0.2820509076118469 -0.5589225888252258 0.779777467250824
vn -0.6128728985786438 -0.5882740020751953 0.5275610685348511
vn -0.7824935913085938 -0.5957913398742676 -0.18093277513980865
vn -0.507396936416626 -0.5059572458267212 -0.6975353956222534
vn 0.4060477912425995 0.6963813900947571 -0.5917585492134094
vn 0.572290301322937 -0.5096647143363953 -0.6424372792243958
vn -0.507396936416626 -0.5059572458267212 -0.6975353956222534
vn -0.4921453595161438 0.6637887954711914 -0.5631851553916931
vn 0.3751232326030731 -0.7860897779464722 0.4912693500518799
vn 0.7699193954467773 -0.62758469581604 0.11559228599071503
vn -0.6391498446464539 0.5641629695892334 0.5226927995681763
vn -0.6128728985786438 -0.5882740020751953 0.5275610685348511
vn 0.2820509076118469 -0.5589225888252258 0.779777467250824
vn 0.3012389838695526 0.5179760456085205 0.8005972504615784
vn 0.572290301322937 -0.5096647143363953 -0.6424372792243958
vn 0.4060477912425995 0.6963813900947571 -0.5917585492134094
vn 0.3012389838695526 0.5179760456085205 0.8005972504615784
vn 0.2820509076118469 -0.5589225888252258 0.779777467250824
vn 0.3751232326030731 -0.7860897779464722 0.4912693500518799
vn 0.1358361840248108 0.9194887280464172 0.36890265345573425
vn -0.4921453595161438 0.6637887954711914 -0.5631851553916931
vn -0.507396936416626 -0.5059572458267212 -0.6975353956222534
vn -0.2329256236553192 0.971470296382904 -0.04462167248129845
vn -0.4921453595161438 0.6637887954711914 -0.5631851553916931
vn -0.2329256236553192 0.971470296382904 -0.04462167248129845
vn -0.6391498446464539 0.5641629695892334 0.5226927995681763
vn 0.3012389838695526 0.5179760456085205 0.8005972504615784
vn 0.1358361840248108 0.9194887280464172 0.36890265345573425
vn 0.6951640844345093 0.7168878316879272 0.053092725574970245
vn 0.4060477912425995 0.6963813900947571 -0.5917585492134094
vn 0.06276079267263412 -0.5440962314605713 0.836672306060791
vn -0.8269742727279663 -0.5444497466087341 0.14031405746936798
vn -0.5359472632408142 -0.6326826214790344 -0.5589931607246399
vn 0.1998923420906067 -0.5605093240737915 -0.8036618828773499
vn 0.8472560048103333 -0.5213185548782349 0.10190340131521225
vn -0.8075602054595947 0.5844296216964722 0.07930140197277069
vn -0.43215295672416687 0.8845909833908081 -0.1753360778093338
vn -0.5359472632408142 -0.6326826214790344 -0.5589931607246399
vn -0.8269742727279663 -0.5444497466087341 0.14031405746936798
vn 0.045840051025152206 0.6066161394119263 0.7936722636222839
vn -0.8075602054595947 0.5844296216964722 0.07930140197277069
vn -0.8269742727279663 -0.5444497466087341 0.14031405746936798
vn 0.06276079267263412 -0.5440962314605713 0.836672306060791
vn 0.7699858546257019 0.6380579471588135 -0.0019978557247668505
vn 0.8472560048103333 -0.5213185548782349 0.10190340131521225
vn 0.1998923420906067 -0.5605093240737915 -0.8036618828773499
vn 0.14954738318920135 0.6385215520858765 -0.7549343109130859
vn -0.5359472632408142 -0.6326826214790344 -0.5589931607246399
vn -0.43215295672416687 0.8845909833908081 -0.1753360778093338
vn -0.5958071947097778 0.652229368686676 -0.4686264991760254
vn 0.045840051025152206 0.6066161394119263 0.7936722636222839
vn 0.06276079267263412 -0.5440962314605713 0.836672306060791
vn 0.8472560048103333 -0.5213185548782349 0.10190340131521225
vn 0.7699858546257019 0.6380579471588135 -0.0019978557247668505
vn 0.045840051025152206 0.6066161394119263 0.7936722636222839
vn 0.7699858546257019 0.6380579471588135 -0.0019978557247668505
vn 0.14954738318920135 0.6385215520858765 -0.7549343109130859
vn -0.5958071947097778 0.652229368686676 -0.4686264991760254
vn -0.43215295672416687 0.8845909833908081 -0.1753360778093338
vn -0.8075602054595947 0.5844296216964722 0.07930140197277069
vn 0.7530230283737183 -0.5446271300315857 -0.3692393898963928
vn 0.295732706785202 -0.5923449993133545 0.7494462132453918
vn -0.8047634959220886 -0.5596305131912231 0.1979130655527115
vn -0.24980324506759644 -0.5958341956138611 -0.763269305229187
vn 0.6624377369880676 0.6379656791687012 -0.39265257120132446
vn 0.7530230283737183 -0.5446271300315857 -0.3692393898963928
vn -0.24980324506759644 -0.5958341956138611 -0.763269305229187
vn -0.30290696024894714 0.5896509289741516 -0.7487050294876099
vn -0.8047634959220886 -0.5596305131912231 0.1979130655527115
vn 0.295732706785202 -0.5923449993133545 0.7494462132453918
vn -0.23191632330417633 0.6593753099441528 0.7151497006416321
vn -0.7880585193634033 0.6044834852218628 0.1164628192782402
vn 0.561335563659668 0.5872708559036255 0.5831084251403809
vn 0.561335563659668 0.5872708559036255 0.5831084251403809
vn 0.295732706785202 -0.5923449993133545 0.7494462132453918
vn 0.7530230283737183 -0.5446271300315857 -0.3692393898963928
vn 0.6624377369880676 0.6379656791687012 -0.39265257120132446
vn -0.30290696024894714 0.5896509289741516 -0.7487050294876099
vn -0.24980324506759644 -0.5958341956138611 -0.763269305229187
vn -0.8047634959220886 -0.5596305131912231 0.1979130655527115
vn -0.7880585193634033 0.6044834852218628 0.1164628192782402
vn -0.7880585193634033 0.6044834852218628 0.1164628192782402
vn -0.23191632330417633 0.6593753099441528 0.7151497006416321
vn 0.561335563659668 0.5872708559036255 0.5831084251403809
vn 0.6624377369880676 0.6379656791687012 -0.39265257120132446
vn -0.30290696024894714 0.5896509289741516 -0.7487050294876099
vn 0.0682080015540123 0.663590669631958 -0.7449799180030823
vn 0.17346172034740448 -0.5488176345825195 -0.817747175693512
vn -0.7357381582260132 -0.5474382042884827 -0.3987492322921753
vn -0.8062755465507507 0.44102364778518677 -0.39423084259033203
vn 0.17346172034740448 -0.5488176345825195 -0.817747175693512
vn 0.7248920202255249 -0.6367130875587463 -0.2629219889640808
vn 0.6023951768875122 -0.751207709312439 0.2698282301425934
vn 0.5507953763008118 -0.6047371625900269 0.5752543210983276
vn -0.26331794261932373 -0.5978623032569885 0.7571158409118652
vn -0.7631736993789673 -0.607576310634613 0.2200387716293335
vn -0.7357381582260132 -0.5474382042884827 -0.3987492322921753
vn 0.6023951768875122 -0.751207709312439 0.2698282301425934
vn 0.7248920202255249 -0.6367130875587463 -0.2629219889640808
vn -0.27419787645339966 0.5129454731941223 0.8134510517120361
vn -0.26331794261932373 -0.5978623032569885 0.7571158409118652
vn 0.5507953763008118 -0.6047371625900269 0.5752543210983276
vn 0.5985769033432007 0.5601924657821655 0.5726168751716614
vn 0.17346172034740448 -0.5488176345825195 -0.817747175693512
vn 0.0682080015540123 0.663590669631958 -0.7449799180030823
vn 0.5985769033432007 0.5601924657821655 0.5726168751716614
vn 0.5507953763008118 -0.6047371625900269 0.5752543210983276
vn 0.6023951768875122 -0.751207709312439 0.2698282301425934
vn -0.010183851234614849 0.8763513565063477 0.4815649390220642
vn -0.8062755465507507 0.44102364778518677 -0.39423084259033203
vn -0.7357381582260132 -0.5474382042884827 -0.3987492322921753
vn -0.5897216200828552 0.7796342372894287 0.21071067452430725
vn 0.0682080015540123 0.663590669631958 -0.7449799180030823
vn -0.8062755465507507 0.44102364778518677 -0.39423084259033203
vn -0.5897216200828552 0.7796342372894287 0.21071067452430725
vn -0.27419787645339966 0.5129454731941223 0.8134510517120361
vn 0.5985769033432007 0.5601924657821655 0.5726168751716614
vn -0.010183851234614849 0.8763513565063477 0.4815649390220642
vn 0.6861146688461304 0.6601255536079407 -0.3057467043399811
vn 0.6771708130836487 -0.5200114250183105 0.5206032991409302
vn -0.06111276522278786 -0.6329413056373596 0.7717840075492859
vn -0.48836684226989746 -0.783445417881012 0.3843318819999695
vn -0.8068844676017761 -0.49810293316841125 0.31753894686698914
vn -0.572331964969635 -0.5923792719841003 -0.5670300126075745
vn 0.12906476855278015 -0.5886813402175903 -0.797995388507843
vn 0.6691720485687256 -0.5113626718521118 -0.5391818881034851
vn 0.6201611757278442 0.6963859796524048 0.36117416620254517
vn 0.6771708130836487 -0.5200114250183105 0.5206032991409302
vn 0.6691720485687256 -0.5113626718521118 -0.5391818881034851
vn 0.5461052060127258 0.660037636756897 -0.5158677101135254
vn -0.48836684226989746 -0.783445417881012 0.3843318819999695
vn -0.06111276522278786 -0.6329413056373596 0.7717840075492859
vn -0.5800735354423523 0.5728728771209717 -0.5790780782699585
vn -0.572331964969635 -0.5923792719841003 -0.5670300126075745
vn -0.8068844676017761 -0.49810293316841125 0.31753894686698914
vn -0.5587158799171448 0.8248226046562195 0.0866268128156662
vn 0.6771708130836487 -0.5200114250183105 0.5206032991409302
vn 0.6201611757278442 0.6963859796524048 0.36117416620254517
vn 0.5461052060127258 0.660037636756897 -0.5158677101135254
vn 0.6691720485687256 -0.5113626718521118 -0.5391818881034851
vn 0.02748055011034012 0.9714829921722412 -0.2355116605758667
vn 0.5461052060127258 0.660037636756897 -0.5158677101135254
vn 0.02748055011034012 0.9714829921722412 -0.2355116605758667
vn -0.5800735354423523 0.5728728771209717 -0.5790780782699585
vn -0.5587158799171448 0.8248226046562195 0.0866268128156662
vn -0.00732043944299221 0.719677746295929 0.6942696571350098
vn 0.6201611757278442 0.6963859796524048 0.36117416620254517
vn 0.622950553894043 -0.5057846903800964 0.5967532396316528
vn -0.49979764223098755 -0.6266186833381653 0.5979560017585754
vn 0.7771241664886475 -0.46757036447525024 -0.421255499124527
vn 0.622950553894043 -0.5057846903800964 0.5967532396316528
vn 0.7771241664886475 -0.46757036447525024 -0.421255499124527
vn 0.623434841632843 0.6597921848297119 -0.4195276200771332
vn 0.6862459182739258 0.6028915643692017 0.40692541003227234
vn -0.4532160758972168 0.8004842400550842 0.39219942688941956
vn -0.09119464457035065 -0.2089991420507431 -0.9736543893814087
vn -0.8392173647880554 -0.5255484580993652 -0.13968950510025024
vn -0.8602786660194397 0.47368499636650085 -0.18852898478507996
vn -0.19539986550807953 0.5626824498176575 -0.8032479882240295
vn -0.8602786660194397 0.47368499636650085 -0.18852898478507996
vn -0.8392173647880554 -0.5255484580993652 -0.13968950510025024
vn -0.19539986550807953 0.5626824498176575 -0.8032479882240295
vn -0.8602786660194397 0.47368499636650085 -0.18852898478507996
vn -0.4532160758972168 0.8004842400550842 0.39219942688941956
vn 0.623434841632843 0.6597921848297119 -0.4195276200771332
vn 0.004073725547641516 0.650038480758667 0.7598904371261597
vn 0.6862459182739258 0.6028915643692017 0.40692541003227234
vn -0.7299028038978577 0.47656917572021484 0.4900241792201996
vn -0.7528141736984253 0.629966139793396 -0.19082331657409668
vn -0.7903801202774048 -0.5550365447998047 -0.25929468870162964
vn -0.6257554292678833 -0.6585251688957214 0.418060839176178
vn 0.02387513406574726 0.541779637336731 0.8401815295219421
vn -0.7299028038978577 0.47656917572021484 0.4900241792201996
vn -0.6257554292678833 -0.6585251688957214 0.418060839176178
vn 0.05982321873307228 -0.5479696393013 0.8343563079833984
vn 0.8022999167442322 0.5966019034385681 0.019524075090885162
vn 0.02387513406574726 0.541779637336731 0.8401815295219421
vn 0.05982321873307228 -0.5479696393013 0.8343563079833984
vn 0.8297519087791443 -0.557900607585907 0.016085196286439896
vn 0.11019936949014664 0.6206608414649963 -0.7762964963912964
vn 0.19401049613952637 -0.5339123010635376 -0.8229808807373047
vn -0.7903801202774048 -0.5550365447998047 -0.25929468870162964
vn -0.7528141736984253 0.629966139793396 -0.19082331657409668
vn 0.8022999167442322 0.5966019034385681 0.019524075090885162
vn 0.8297519087791443 -0.557900607585907 0.016085196286439896
vn 0.19401049613952637 -0.5339123010635376 -0.8229808807373047
vn 0.11019936949014664 0.6206608414649963 -0.7762964963912964
vn 0.8022999167442322 0.5966019034385681 0.019524075090885162
vn 0.11019936949014664 0.6206608414649963 -0.7762964963912964
vn -0.7528141736984253 0.629966139793396 -0.19082331657409668
vn -0.7299028038978577 0.47656917572021484 0.4900241792201996
vn -0.12404631078243256 0.9798510670661926 0.15653935074806213
vn 0.02387513406574726 0.541779637336731 0.8401815295219421
vn -0.7299028038978577 0.47656917572021484 0.4900241792201996
vn 0.25402024388313293 -0.5200111269950867 -0.8155134916305542
vn 0.745227575302124 -0.6329402923583984 -0.2098153531551361
vn 0.529617428779602 -0.7834463715553284 0.32514187693595886
vn 0.5772079825401306 -0.49810364842414856 0.6470887064933777
vn -0.3338647484779358 -0.5923791527748108 0.7332267165184021
vn -0.7933399677276611 -0.5886800289154053 0.15513740479946136
vn -0.7374816536903381 -0.5113625526428223 -0.44116804003715515
vn 0.12417913228273392 0.6963855028152466 -0.7068428993225098
vn 0.25402024388313293 -0.5200111269950867 -0.8155134916305542
vn -0.7374816536903381 -0.5113625526428223 -0.44116804003715515
vn -0.6730085015296936 0.6600384712219238 -0.33377963304519653
vn 0.529617428779602 -0.7834463715553284 0.32514187693595886
vn 0.745227575302124 -0.6329402923583984 -0.2098153531551361
vn -0.342489093542099 0.5728731751441956 0.7446593642234802
vn -0.3338647484779358 -0.5923791527748108 0.7332267165184021
vn 0.5772079825401306 -0.49810364842414856 0.6470887064933777
vn 0.27466943860054016 0.8248221278190613 0.4941915273666382
vn 0.25402024388313293 -0.5200111269950867 -0.8155134916305542
vn 0.12417913228273392 0.6963855028152466 -0.7068428993225098
vn -0.6730085015296936 0.6600384712219238 -0.33377963304519653
vn -0.7374816536903381 -0.5113625526428223 -0.44116804003715515
vn -0.23046348989009857 0.9714833498001099 0.05573881417512894
vn 0.5753627419471741 -0.5917990207672119 -0.5645632147789001
vn 0.6730471253395081 -0.5335875749588013 0.5121444463729858
vn -0.5365614295005798 -0.5905393362045288 0.6027978658676147
vn -0.5400702357292175 -0.55352383852005 -0.6339839100837708
vn -0.6730085015296936 0.6600384712219238 -0.33377963304519653
vn -0.23046348989009857 0.9714833498001099 0.05573881417512894
vn -0.342489093542099 0.5728731751441956 0.7446593642234802
vn 0.27466943860054016 0.8248221278190613 0.4941915273666382
vn 0.6538841724395752 0.7196779251098633 -0.23345080018043518
vn 0.12417913228273392 0.6963855028152466 -0.7068428993225098
vn 0.6578542590141296 0.6312062740325928 0.41086074709892273
vn 0.6730471253395081 -0.5335875749588013 0.5121444463729858
vn 0.5753627419471741 -0.5917990207672119 -0.5645632147789001
vn 0.5285264253616333 0.606386661529541 -0.5941001772880554
vn -0.5400702357292175 -0.55352383852005 -0.6339839100837708
vn -0.5365614295005798 -0.5905393362045288 0.6027978658676147
vn -0.7613523602485657 0.6357071399688721 0.12735433876514435
vn -0.4661274254322052 0.5831985473632812 -0.6652854084968567
vn -0.29647764563560486 0.5550147294998169 0.7772127389907837
vn -0.29647764563560486 0.5550147294998169 0.7772127389907837
vn -0.5365614295005798 -0.5905393362045288 0.6027978658676147
vn 0.6730471253395081 -0.5335875749588013 0.5121444463729858
vn 0.6578542590141296 0.6312062740325928 0.41086074709892273
vn 0.5285264253616333 0.606386661529541 -0.5941001772880554
vn 0.5753627419471741 -0.5917990207672119 -0.5645632147789001
vn -0.5400702357292175 -0.55352383852005 -0.6339839100837708
vn -0.4661274254322052 0.5831985473632812 -0.6652854084968567
vn 0.6578542590141296 0.6312062740325928 0.41086074709892273
vn 0.5285264253616333 0.606386661529541 -0.5941001772880554
vn -0.4661274254322052 0.5831985473632812 -0.6652854084968567
vn -0.7613523602485657 0.6357071399688721 0.12735433876514435
vn -0.29647764563560486 0.5550147294998169 0.7772127389907837
vn -0.6344053745269775 -0.5057846903800964 0.5845610499382019
vn -0.5656560063362122 -0.6266187429428101 -0.5360804200172424
vn 0.37202000617980957 -0.46757078170776367 0.8018596172332764
vn -0.6344053745269775 -0.5057846903800964 0.5845610499382019
vn 0.37202000617980957 -0.46757078170776367 0.8018596172332764
vn 0.37987130880355835 0.6597917079925537 0.6483616232872009
vn -0.4488894045352936 0.6028915047645569 0.6595605611801147
vn -0.3632011413574219 0.8004841804504395 -0.47677063941955566
vn 0.9774446487426758 -0.20899906754493713 -0.03035620041191578
vn 0.1917036771774292 -0.5255482792854309 -0.8288841247558594
vn 0.24175907671451569 0.47368577122688293 -0.8468614220619202
vn 0.813861608505249 0.5626819133758545 -0.1449774205684662
vn 0.24175907671451569 0.47368577122688293 -0.8468614220619202
vn 0.1917036771774292 -0.5255482792854309 -0.8288841247558594
vn 0.813861608505249 0.5626819133758545 -0.1449774205684662
vn 0.24175907671451569 0.47368577122688293 -0.8468614220619202
vn -0.3632011413574219 0.8004841804504395 -0.47677063941955566
vn 0.37987130880355835 0.6597917079925537 0.6483616232872009
vn -0.7586676478385925 0.6500388979911804 -0.043276261538267136
vn -0.4488894045352936 0.6028915047645569 0.6595605611801147
vn 0.7256577014923096 0.47656920552253723 0.4962889850139618
vn 0.10179577022790909 0.6299661993980408 0.7699221968650818
vn 0.05212518572807312 -0.5550363063812256 0.830191433429718
vn 0.6202186346054077 -0.6585249304771423 0.4262321889400482
vn 0.7714894413948059 0.5417801141738892 -0.3335843086242676
vn 0.7256577014923096 0.47656920552253723 0.4962889850139618
vn 0.6202186346054077 -0.6585249304771423 0.4262321889400482
vn 0.7527542114257812 -0.5479692816734314 -0.3648160994052887
vn -0.2792363166809082 0.5966025590896606 -0.7523912191390991
vn 0.7714894413948059 0.5417801141738892 -0.3335843086242676
vn 0.7527542114257812 -0.5479692816734314 -0.3648160994052887
vn -0.292608380317688 -0.5578999519348145 -0.7766132950782776
vn -0.761847734451294 0.6206623911857605 0.18538160622119904
vn -0.8362729549407959 -0.5339111685752869 0.12484545260667801
vn 0.05212518572807312 -0.5550363063812256 0.830191433429718
vn 0.10179577022790909 0.6299661993980408 0.7699221968650818
vn -0.2792363166809082 0.5966025590896606 -0.7523912191390991
vn -0.292608380317688 -0.5578999519348145 -0.7766132950782776
vn -0.8362729549407959 -0.5339111685752869 0.12484545260667801
vn -0.761847734451294 0.6206623911857605 0.18538160622119904
vn -0.2792363166809082 0.5966025590896606 -0.7523912191390991
vn -0.761847734451294 0.6206623911857605 0.18538160622119904
vn 0.10179577022790909 0.6299661993980408 0.7699221968650818
vn 0.7256577014923096 0.47656920552253723 0.4962889850139618
vn 0.19136783480644226 0.9798508286476135 0.05719063803553581
vn 0.7714894413948059 0.5417801141738892 -0.3335843086242676
vn -0.8000755906105042 -0.544626772403717 -0.2515172064304352
vn 0.3023074269294739 -0.5923447608947754 -0.7468185424804688
vn 0.7194725871086121 -0.5596304535865784 0.4113065302371979
vn -0.34511154890060425 -0.5958348512649536 0.7251750826835632
vn 0.7256577014923096 0.47656920552253723 0.4962889850139618
vn -0.7505835890769958 0.6379657983779907 -0.1721159815788269
vn -0.8000755906105042 -0.544626772403717 -0.2515172064304352
vn -0.34511154890060425 -0.5958348512649536 0.7251750826835632
vn -0.29659855365753174 0.5896502137184143 0.7512269616127014
vn 0.7194725871086121 -0.5596304535865784 0.4113065302371979
vn 0.3023074269294739 -0.5923447608947754 -0.7468185424804688
vn 0.6609535813331604 0.6593756079673767 -0.35827961564064026
vn 0.6512283086776733 0.6044839024543762 0.4588039219379425
vn -0.004774801433086395 0.5872713327407837 -0.809376060962677
vn -0.004774801433086395 0.5872713327407837 -0.809376060962677
vn 0.3023074269294739 -0.5923447608947754 -0.7468185424804688
vn -0.8000755906105042 -0.544626772403717 -0.2515172064304352
vn -0.7505835890769958 0.6379657983779907 -0.1721159815788269
vn -0.29659855365753174 0.5896502137184143 0.7512269616127014
vn -0.34511154890060425 -0.5958348512649536 0.7251750826835632
vn 0.7194725871086121 -0.5596304535865784 0.4113065302371979
vn 0.6512283086776733 0.6044839024543762 0.4588039219379425
vn 0.6512283086776733 0.6044839024543762 0.4588039219379425
vn 0.6609535813331604 0.6593756079673767 -0.35827961564064026
vn -0.004774801433086395 0.5872713327407837 -0.809376060962677
vn -0.7505835890769958 0.6379657983779907 -0.1721159815788269
vn -0.29659855365753174 0.5896502137184143 0.7512269616127014
vn -0.7345302700996399 -0.5200106501579285 -0.43595221638679504
vn -0.03155195340514183 -0.6329407095909119 -0.7735570669174194
vn 0.43894028663635254 -0.7834454774856567 -0.43993714451789856
vn 0.7631574869155884 -0.49810320138931274 -0.41168442368507385
vn 0.6359903216362 -0.5923802852630615 0.4945724308490753
vn -0.03277922421693802 -0.5886805653572083 0.8077008724212646
vn -0.5999447703361511 -0.5113627314567566 0.6152841448783875
vn -0.6588773727416992 0.6963860988616943 -0.2844769358634949
vn -0.7345302700996399 -0.5200106501579285 -0.43595221638679504
vn -0.5999447703361511 -0.5113627314567566 0.6152841448783875
vn -0.4805464446544647 0.6600380539894104 0.5774296522140503
vn 0.43894028663635254 -0.7834454774856567 -0.43993714451789856
vn -0.03155195340514183 -0.6329407095909119 -0.7735570669174194
vn 0.6451167464256287 0.5728727579116821 0.5056097507476807
vn 0.6359903216362 -0.5923802852630615 0.4945724308490753
vn 0.7631574869155884 -0.49810320138931274 -0.41168442368507385
vn 0.5443606972694397 0.8248224854469299 -0.15277232229709625
vn -0.7345302700996399 -0.5200106501579285 -0.43595221638679504
vn -0.6588773727416992 0.6963860988616943 -0.2844769358634949
vn -0.4805464446544647 0.6600380539894104 0.5774296522140503
vn -0.5999447703361511 -0.5113627314567566 0.6152841448783875
vn 0.0008580753928981721 0.9714828729629517 0.2371082454919815
vn 0.5911288261413574 -0.7978792786598206 -0.11813317984342575
vn 0.07063737511634827 -0.8015722036361694 0.5937106609344482
vn -0.5109307765960693 -0.8346306681632996 0.20577023923397064
vn 0.014881164766848087 -0.802071213722229 -0.5970430374145508
vn -0.4805464446544647 0.6600380539894104 0.5774296522140503
vn 0.0008580753928981721 0.9714828729629517 0.2371082454919815
vn 0.6451167464256287 0.5728727579116821 0.5056097507476807
vn 0.5443606972694397 0.8248224854469299 -0.15277232229709625
vn -0.07569603621959686 0.7196779251098633 -0.6901693940162659
vn -0.6588773727416992 0.6963860988616943 -0.2844769358634949
vn 0.53952956199646 0.8307827115058899 0.13677702844142914
vn 0.21581920981407166 0.7739837765693665 0.5952909588813782
vn 0.42340531945228577 -0.14271040260791779 0.8946294188499451
vn 0.962708592414856 -0.08738187700510025 0.25604042410850525
vn 0.5911288261413574 -0.7978792786598206 -0.11813317984342575
vn 0.014881164766848087 -0.802071213722229 -0.5970430374145508
vn 0.07063737511634827 -0.8015722036361694 0.5937106609344482
vn 0.5911288261413574 -0.7978792786598206 -0.11813317984342575
vn -0.961033284664154 -0.26848721504211426 0.0658002570271492
vn -0.2121332734823227 -0.2068762481212616 -0.9550926089286804
vn 0.8104627728462219 -0.16504526138305664 -0.5620588660240173
vn 0.07063737511634827 -0.8015722036361694 0.5937106609344482
vn 0.42340531945228577 -0.14271040260791779 0.8946294188499451
vn 0.5397530198097229 0.7519103288650513 -0.378546804189682
vn 0.21581920981407166 0.7739837765693665 0.5952909588813782
vn -0.8164371848106384 0.46173495054244995 0.3467438220977783
vn -0.571251630783081 0.6872735619544983 -0.44869449734687805
vn -0.961033284664154 -0.26848721504211426 0.0658002570271492
vn -0.5109307765960693 -0.8346306681632996 0.20577023923397064
vn -0.709913432598114 -0.5446272492408752 0.4465470314025879
vn -0.3730740547180176 -0.5923436284065247 -0.7141042351722717
vn 0.7794225215911865 -0.5596299767494202 -0.28162917494773865
vn 0.3288571238517761 -0.5958340167999268 0.732690155506134
vn -0.2121332734823227 -0.2068762481212616 -0.9550926089286804
vn -0.6173641681671143 0.6379655599594116 0.4602842330932617
vn -0.709913432598114 -0.5446272492408752 0.4465470314025879
vn 0.3288571238517761 -0.5958340167999268 0.732690155506134
vn 0.38012954592704773 0.5896517038345337 0.712609589099884
vn 0.7794225215911865 -0.5596299767494202 -0.28162917494773865
vn -0.3730740547180176 -0.5923436284065247 -0.7141042351722717
vn 0.15525081753730774 0.6593762040138245 -0.7356088161468506
vn 0.7713947296142578 0.6044837236404419 -0.1988709717988968
vn -0.619666337966919 0.5872721672058105 -0.5206968188285828
vn -0.619666337966919 0.5872721672058105 -0.5206968188285828
vn -0.3730740547180176 -0.5923436284065247 -0.7141042351722717
vn -0.709913432598114 -0.5446272492408752 0.4465470314025879
vn -0.6173641681671143 0.6379655599594116 0.4602842330932617
vn 0.38012954592704773 0.5896517038345337 0.712609589099884
vn 0.3288571238517761 -0.5958340167999268 0.732690155506134
vn 0.7794225215911865 -0.5596299767494202 -0.28162917494773865
vn 0.7713947296142578 0.6044837236404419 -0.1988709717988968
vn 0.7713947296142578 0.6044837236404419 -0.1988709717988968
vn 0.15525081753730774 0.6593762040138245 -0.7356088161468506
vn -0.619666337966919 0.5872721672058105 -0.5206968188285828
vn -0.6173641681671143 0.6379655599594116 0.4602842330932617
vn 0.38012954592704773 0.5896517038345337 0.712609589099884
vn -0.36073195934295654 -0.5803747773170471 0.7300942540168762
vn -0.79042649269104 -0.6114304065704346 -0.03713541850447655
vn 0.2733878493309021 -0.5808855891227722 -0.7667014598846436
vn 0.7389805912971497 -0.5456205010414124 0.39522895216941833
vn -0.7352368235588074 0.677756130695343 -0.008569038473069668
vn -0.79042649269104 -0.6114304065704346 -0.03713541850447655
vn -0.36073195934295654 -0.5803747773170471 0.7300942540168762
vn -0.2959398329257965 0.6124514937400818 0.7330231070518494
vn -0.7352368235588074 0.677756130695343 -0.008569038473069668
vn 0.7389805912971497 -0.5456205010414124 0.39522895216941833
vn 0.2733878493309021 -0.5808855891227722 -0.7667014598846436
vn 0.6787559986114502 0.6298218965530396 -0.3776436150074005
vn 0.6780092120170593 0.5823744535446167 0.4484903812408447
vn 0.03874656930565834 0.595022976398468 -0.80277419090271
vn -0.2959398329257965 0.6124514937400818 0.7330231070518494
vn -0.36073195934295654 -0.5803747773170471 0.7300942540168762
vn 0.7389805912971497 -0.5456205010414124 0.39522895216941833
vn 0.6780092120170593 0.5823744535446167 0.4484903812408447
vn -0.7352368235588074 0.677756130695343 -0.008569038473069668
vn -0.2959398329257965 0.6124514937400818 0.7330231070518494
vn 0.6780092120170593 0.5823744535446167 0.4484903812408447
vn 0.6787559986114502 0.6298218965530396 -0.3776436150074005
vn 0.03874656930565834 0.595022976398468 -0.80277419090271
vn 0.06884457916021347 -0.44117993116378784 -0.8947741985321045
vn 0.7537298202514648 -0.3824872672557831 -0.5344108939170837
vn 0.6303835511207581 -0.45536404848098755 0.6286971569061279
vn -0.5381153225898743 -0.46589383482933044 0.7024065256118774
vn -0.8286042809486389 -0.4602717161178589 -0.31869247555732727
vn -0.5381153225898743 -0.46589383482933044 0.7024065256118774
vn 0.6303835511207581 -0.45536404848098755 0.6286971569061279
vn 0.5717013478279114 0.7691396474838257 0.28562524914741516
vn -0.43320995569229126 0.6490245461463928 0.6253769397735596
vn -0.43312543630599976 0.752975583076477 -0.49540892243385315
vn -0.8286042809486389 -0.4602717161178589 -0.31869247555732727
vn -0.5381153225898743 -0.46589383482933044 0.7024065256118774
vn -0.43320995569229126 0.6490245461463928 0.6253769397735596
vn -0.43312543630599976 0.752975583076477 -0.49540892243385315
vn 0.5717013478279114 0.7691396474838257 0.28562524914741516
vn -0.43312543630599976 0.752975583076477 -0.49540892243385315
vn -0.43320995569229126 0.6490245461463928 0.6253769397735596
vn 0.1675824373960495 -0.4405171573162079 0.8819641470909119
vn -0.8927444219589233 -0.44988980889320374 -0.024630850180983543
vn -0.18022125959396362 -0.4384813606739044 -0.8804853558540344
vn 0.9253767132759094 -0.3384193181991577 -0.17073467373847961
vn -0.8927444219589233 -0.44988980889320374 -0.024630850180983543
vn 0.1675824373960495 -0.4405171573162079 0.8819641470909119
vn 0.09595310688018799 0.7495211958885193 0.6549893617630005
vn -0.7383403182029724 0.673754096031189 0.030151695013046265
vn 0.09595310688018799 0.7495211958885193 0.6549893617630005
vn 0.1675824373960495 -0.4405171573162079 0.8819641470909119
vn 0.9253767132759094 -0.3384193181991577 -0.17073467373847961
vn 0.13238991796970367 0.7415065169334412 -0.6577545404434204
vn 0.13238991796970367 0.7415065169334412 -0.6577545404434204
vn -0.18022125959396362 -0.4384813606739044 -0.8804853558540344
vn -0.8927444219589233 -0.44988980889320374 -0.024630850180983543
vn -0.7383403182029724 0.673754096031189 0.030151695013046265
vn -0.7383403182029724 0.673754096031189 0.030151695013046265
vn 0.09595310688018799 0.7495211958885193 0.6549893617630005
vn 0.13238991796970367 0.7415065169334412 -0.6577545404434204
vn 0.3077217638492584 -0.4405185878276825 -0.8433567881584167
vn 0.7541828751564026 -0.44988933205604553 0.4783385097980499
vn -0.29610905051231384 -0.43848368525505066 0.8485584855079651
vn -0.8822602033615112 -0.33841922879219055 -0.3272450864315033
vn 0.7541828751564026 -0.44988933205604553 0.4783385097980499
vn 0.3077217638492584 -0.4405185878276825 -0.8433567881584167
vn 0.25300896167755127 0.7495203018188477 -0.6117236614227295
vn 0.6496188044548035 0.6737543940544128 0.35220804810523987
vn 0.25300896167755127 0.7495203018188477 -0.6117236614227295
vn 0.3077217638492584 -0.4405185878276825 -0.8433567881584167
vn -0.8822602033615112 -0.33841922879219055 -0.3272450864315033
vn -0.45055362582206726 0.7415056824684143 0.49716269969940186
vn -0.45055362582206726 0.7415056824684143 0.49716269969940186
vn -0.29610905051231384 -0.43848368525505066 0.8485584855079651
vn 0.7541828751564026 -0.44988933205604553 0.4783385097980499
vn 0.6496188044548035 0.6737543940544128 0.35220804810523987
vn 0.6496188044548035 0.6737543940544128 0.35220804810523987
vn 0.25300896167755127 0.7495203018188477 -0.6117236614227295
vn -0.45055362582206726 0.7415056824684143 0.49716269969940186
vn -0.49172618985176086 -0.4405176639556885 -0.7510989904403687
vn 0.8344736695289612 -0.44989049434661865 -0.3182018995285034
vn 0.5028424263000488 -0.43848198652267456 0.7449046969413757
vn -0.7900157570838928 -0.3384198248386383 0.5112213492393494
vn 0.8344736695289612 -0.44989049434661865 -0.3182018995285034
vn -0.49172618985176086 -0.4405176639556885 -0.7510989904403687
vn -0.33883967995643616 0.7495211362838745 -0.5686877369880676
vn 0.6708519458770752 0.6737540364265442 -0.30986011028289795
vn -0.33883967995643616 0.7495211362838745 -0.5686877369880676
vn -0.49172618985176086 -0.4405176639556885 -0.7510989904403687
vn -0.7900157570838928 -0.3384198248386383 0.5112213492393494
vn 0.12886333465576172 0.7415058016777039 0.6584553122520447
vn 0.12886333465576172 0.7415058016777039 0.6584553122520447
vn 0.5028424263000488 -0.43848198652267456 0.7449046969413757
vn 0.8344736695289612 -0.44989049434661865 -0.3182018995285034
vn 0.6708519458770752 0.6737540364265442 -0.30986011028289795
vn 0.6708519458770752 0.6737540364265442 -0.30986011028289795
vn -0.33883967995643616 0.7495211362838745 -0.5686877369880676
vn 0.12886333465576172 0.7415058016777039 0.6584553122520447
vn 0.19626030325889587 -0.4405183494091034 -0.8760282397270203
vn 0.8096286058425903 -0.44989046454429626 0.37696197628974915
vn -0.18407294154167175 -0.4384840726852417 0.8796868324279785
vn -0.9171263575553894 -0.3384195864200592 -0.21059764921665192
vn 0.8096286058425903 -0.44989046454429626 0.37696197628974915
vn 0.19626030325889587 -0.4405183494091034 -0.8760282397270203
vn 0.17191222310066223 0.7495205402374268 -0.6392692923545837
vn 0.6896533370018005 0.6737536191940308 0.2653946280479431
vn 0.17191222310066223 0.7495205402374268 -0.6392692923545837
vn 0.19626030325889587 -0.4405183494091034 -0.8760282397270203
vn -0.9171263575553894 -0.3384195864200592 -0.21059764921665192
vn -0.3825953006744385 0.7415044903755188 0.5511732697486877
vn -0.3825953006744385 0.7415044903755188 0.5511732697486877
vn -0.18407294154167175 -0.4384840726852417 0.8796868324279785
vn 0.8096286058425903 -0.44989046454429626 0.37696197628974915
vn 0.6896533370018005 0.6737536191940308 0.2653946280479431
vn 0.6896533370018005 0.6737536191940308 0.2653946280479431
vn 0.17191222310066223 0.7495205402374268 -0.6392692923545837
vn -0.3825953006744385 0.7415044903755188 0.5511732697486877
vn 0.06647360324859619 -0.4405176639556885 -0.895279586315155
vn 0.8559275269508362 -0.4498906135559082 0.2549246549606323
vn -0.05388107895851135 -0.43848133087158203 0.8971238136291504
vn -0.9380282163619995 -0.3384198844432831 -0.07466717809438705
vn 0.8559275269508362 -0.4498906135559082 0.2549246549606323
vn 0.06647360324859619 -0.4405176639556885 -0.895279586315155
vn 0.07689721882343292 0.7495205998420715 -0.6574995517730713
vn 0.7209721207618713 0.6737538576126099 0.16203399002552032
vn 0.07689721882343292 0.7495205998420715 -0.6574995517730713
vn 0.06647360324859619 -0.4405176639556885 -0.895279586315155
vn -0.9380282163619995 -0.3384198844432831 -0.07466717809438705
vn -0.2981700003147125 0.7415061593055725 0.6010518670082092
vn -0.2981700003147125 0.7415061593055725 0.6010518670082092
vn -0.05388107895851135 -0.43848133087158203 0.8971238136291504
vn 0.8559275269508362 -0.4498906135559082 0.2549246549606323
vn 0.7209721207618713 0.6737538576126099 0.16203399002552032
vn 0.7209721207618713 0.6737538576126099 0.16203399002552032
vn 0.07689721882343292 0.7495205998420715 -0.6574995517730713
vn -0.2981700003147125 0.7415061593055725 0.6010518670082092
vn -0.6978458762168884 0.14765974879264832 0.7008622288703918
vn -0.25355303287506104 0.5728020668029785 0.7794924974441528
vn -0.355470210313797 0.9228627681732178 0.1482071727514267
vn -0.9264016151428223 0.24691124260425568 -0.28427964448928833
vn -0.3444158434867859 -0.09968980401754379 0.9335094094276428
vn -0.9915798902511597 -0.11070951819419861 -0.06717684864997864
vn 0.9384021162986755 -0.12050659209489822 -0.3238512873649597
vn 0.519483208656311 0.8455590009689331 -0.12315508723258972
vn 0.7483558654785156 0.5472584366798401 0.3747955858707428
vn -0.25355303287506104 0.5728020668029785 0.7794924974441528
vn -0.3444158434867859 -0.09968980401754379 0.9335094094276428
vn 0.9109150767326355 -0.08706885576248169 0.4033023715019226
vn 0.9520273208618164 0.22032521665096283 0.21236959099769592
vn 0.4018508195877075 -0.11401381343603134 -0.9085795879364014
vn 0.9199502468109131 0.22025078535079956 -0.32431674003601074
vn 0.9384021162986755 -0.12050659209489822 -0.3238512873649597
vn -0.6978458762168884 0.14765974879264832 0.7008622288703918
vn 0.1988140046596527 0.8518316745758057 0.48461946845054626
vn 0.519483208656311 0.8455590009689331 -0.12315508723258972
vn -0.355470210313797 0.9228627681732178 0.1482071727514267
vn -0.5656032562255859 0.7063401937484741 -0.4256482422351837
vn -0.9264016151428223 0.24691124260425568 -0.28427964448928833
vn 0.519483208656311 0.8455590009689331 -0.12315508723258972
vn 0.5173400044441223 -0.4499192237854004 -0.7279644012451172
vn -0.7734477519989014 -0.4055635929107666 -0.4871312975883484
vn -0.5656032562255859 0.7063401937484741 -0.4256482422351837
vn -0.08179661631584167 0.47504207491874695 -0.8761532306671143
vn 0.5139973163604736 0.13215361535549164 -0.8475506901741028
vn 0.4018508195877075 -0.11401381343603134 -0.9085795879364014
vn -0.5466702580451965 -0.02159707061946392 -0.8370694518089294
vn -0.9264016151428223 0.24691124260425568 -0.28427964448928833
vn -0.08179661631584167 0.47504207491874695 -0.8761532306671143
vn -0.323142409324646 0.26953041553497314 0.907156229019165
vn -0.9595431089401245 -0.00299473968334496 -0.2815459072589874
vn -0.5591773390769958 -0.8290418982505798 0.003207096131518483
vn -0.07780253142118454 0.9633132219314575 -0.2568548619747162
vn -0.07780253142118454 0.9633132219314575 -0.2568548619747162
vn -0.9595431089401245 -0.00299473968334496 -0.2815459072589874
vn -0.323142409324646 0.26953041553497314 0.907156229019165
vn -0.07780253142118454 0.9633132219314575 -0.2568548619747162
vn 0.47277286648750305 0.6746494174003601 -0.5668632388114929
vn 0.17221401631832123 0.9398351907730103 -0.2950461506843567
vn 0.17221401631832123 0.9398351907730103 -0.2950461506843567
vn 0.5173400044441223 -0.4499192237854004 -0.7279644012451172
vn 0.29442858695983887 -0.49634796380996704 0.8166704177856445
vn 0.2678372263908386 0.6034494042396545 0.751073956489563
vn 0.17221401631832123 0.9398351907730103 -0.2950461506843567
vn 0.03693259879946709 -0.5810948610305786 0.8129974603652954
vn -0.6352054476737976 -0.4361903667449951 0.6373791098594666
vn -0.6114568114280701 -0.7906562685966492 0.031357113271951675
vn 0.2678372263908386 0.6034494042396545 0.751073956489563
vn -0.7734477519989014 -0.4055635929107666 -0.4871312975883484
vn -0.6352054476737976 -0.4361903667449951 0.6373791098594666
vn -0.6653977632522583 0.3349606394767761 0.6671186685562134
vn -0.15727151930332184 -0.9310015439987183 -0.3293962776660919
vn -0.21738725900650024 -0.4543064832687378 -0.8639146089553833
vn -0.6653977632522583 0.3349606394767761 0.6671186685562134
vn -0.6114568114280701 -0.7906562685966492 0.031357113271951675
vn 0.8436784744262695 -0.19654116034507751 -0.4995780289173126
vn 0.6119881868362427 -0.4916297197341919 0.6194922924041748
vn 0.8856715559959412 0.30561015009880066 -0.34955447912216187
vn 0.8436784744262695 -0.19654116034507751 -0.4995780289173126
vn 0.5088079571723938 0.0332268550992012 0.8602386713027954
vn 0.13053110241889954 0.4820813834667206 0.8663482666015625
vn -0.5926012992858887 -0.7481805682182312 0.29841169714927673
vn 0.20182837545871735 -0.6853142976760864 0.6997211575508118
vn 0.6119881868362427 -0.4916297197341919 0.6194922924041748
vn -0.8625947833061218 0.5022424459457397 -0.06068560481071472
vn -0.21738725900650024 -0.4543064832687378 -0.8639146089553833
vn -0.8625947833061218 0.5022424459457397 -0.06068560481071472
vn -0.940097451210022 0.11332383006811142 -0.32151928544044495
vn 0.8436784744262695 -0.19654116034507751 -0.4995780289173126
vn -0.21738725900650024 -0.4543064832687378 -0.8639146089553833
vn -0.39242440462112427 0.2847980856895447 -0.8745816946029663
vn -0.39242440462112427 0.2847980856895447 -0.8745816946029663
vn 0.4161699414253235 -0.6785590052604675 -0.6052770018577576
vn -0.9915798902511597 -0.11070951819419861 -0.06717684864997864
vn 0.020766887813806534 0.9987063407897949 0.0464160218834877
vn 0.043802108615636826 0.99688720703125 0.0655546486377716
vn -0.02767818421125412 0.9990987777709961 -0.03218032047152519
vn -0.029227333143353462 0.9986152648925781 -0.04374164342880249
vn 0.01900136098265648 0.995245635509491 0.09552624821662903
vn -0.08100131899118423 0.9952434301376343 0.054123491048812866
vn -0.07832138240337372 0.9955536723136902 -0.052332453429698944
f 2/2/2 3/3/3 1/1/1
f 5/5/5 6/6/6 4/4/4
f 8/8/8 9/9/9 7/7/7
f 11/11/11 12/12/12 10/10/10
f 13/13/13 10/10/10 12/12/12
f 15/15/15 16/16/16 14/14/14
f 18/18/18 19/19/19 17/17/17
f 21/21/21 22/22/22 20/20/20
f 24/24/24 25/25/25 23/23/23
f 27/27/27 28/28/28 26/26/26
f 30/30/30 31/31/31 29/29/29
f 33/33/33 34/34/34 32/32/32
f 36/36/36 37/37/37 35/35/35
f 39/39/39 40/40/40 38/38/38
f 42/42/42 43/43/43 41/41/41
f 45/45/45 46/46/46 44/44/44
f 36/36/36 35/35/35 47/47/47
f 49/49/49 41/41/41 48/48/48
f 51/51/51 52/52/52 50/50/50
f 52/52/52 53/53/53 50/50/50
f 53/53/53 54/54/54 50/50/50
f 56/56/56 57/57/57 55/55/55
f 59/59/59 60/60/60 58/58/58
f 62/62/62 63/63/63 61/61/61
f 65/65/65 66/66/66 64/64/64
f 68/68/68 69/69/69 67/67/67
f 71/71/71 72/72/72 70/70/70
f 74/74/74 75/75/75 73/73/73
f 77/77/77 78/78/78 76/76/76
f 68/68/68 67/67/67 79/79/79
f 81/81/81 73/73/73 80/80/80
f 83/83/83 84/84/84 82/82/82
f 84/84/84 85/85/85 82/82/82
f 85/85/85 86/86/86 82/82/82
f 88/88/88 89/89/89 87/87/87
f 91/91/91 92/92/92 90/90/90
f 94/94/94 95/95/95 93/93/93
f 97/97/97 98/98/98 96/96/96
f 100/100/100 101/101/101 99/99/99
f 103/103/103 104/104/104 102/102/102
f 102/102/102 106/106/106 105/105/105
f 108/108/108 109/109/109 107/107/107
f 109/109/109 110/110/110 107/107/107
f 110/110/110 111/111/111 107/107/107
f 111/111/111 112/112/112 107/107/107
f 109/109/109 113/113/113 110/110/110
f 105/105/105 103/103/103 102/102/102
f 100/100/100 99/99/99 114/114/114
f 116/116/116 117/117/117 115/115/115
f 118/118/118 116/116/116 115/115/115
f 120/120/120 121/121/121 119/119/119
f 120/120/120 119/119/119 122/122/122
f 124/124/124 125/125/125 123/123/123
f 127/127/127 128/128/128 126/126/126
f 130/130/130 131/131/131 129/129/129
f 133/133/133 134/134/134 132/132/132
f 136/136/136 137/137/137 135/135/135
f 139/139/139 140/140/140 138/138/138
f 142/142/142 143/143/143 141/141/141
f 145/145/145 146/146/146 144/144/144
f 141/141/141 148/148/148 147/147/147
f 150/150/150 151/151/151 149/149/149
f 153/153/153 154/154/154 152/152/152
f 156/156/156 157/157/157 155/155/155
f 159/159/159 160/160/160 158/158/158
f 162/162/162 163/163/163 161/161/161
f 165/165/165 166/166/166 164/164/164
f 168/168/168 169/169/169 167/167/167
f 171/171/171 172/172/172 170/170/170
f 174/174/174 175/175/175 173/173/173
f 177/177/177 178/178/178 176/176/176
f 180/180/180 181/181/181 179/179/179
f 183/183/183 184/184/184 182/182/182
f 180/180/180 185/185/185 181/181/181
f 187/187/187 188/188/188 186/186/186
f 187/187/187 189/189/189 188/188/188
f 191/191/191 192/192/192 190/190/190
f 194/194/194 195/195/195 193/193/193
f 196/196/196 197/197/197 195/195/195
f 199/199/199 200/200/200 198/198/198
f 202/202/202 203/203/203 201/201/201
f 204/204/204 203/203/203 202/202/202
f 206/206/206 207/207/207 205/205/205
f 209/209/209 210/210/210 208/208/208
f 212/212/212 213/213/213 211/211/211
f 214/214/214 215/215/215 212/212/212
f 217/217/217 201/201/201 216/216/216
f 219/219/219 206/206/206 218/218/218
f 221/221/221 222/222/222 220/220/220
f 224/224/224 225/225/225 223/223/223
f 227/227/227 228/228/228 226/226/226
f 229/229/229 230/230/230 228/228/228
f 232/232/232 233/233/233 231/231/231
f 235/235/235 236/236/236 234/234/234
f 236/236/236 237/237/237 234/234/234
f 144/144/144 239/239/239 238/238/238
f 241/241/241 242/242/242 240/240/240
f 243/243/243 240/240/240 242/242/242
f 245/245/245 241/241/241 244/244/244
f 247/247/247 248/248/248 246/246/246
f 250/250/250 251/251/251 249/249/249
f 251/251/251 252/252/252 249/249/249
f 252/252/252 253/253/253 249/249/249
f 253/253/253 254/254/254 249/249/249
f 254/254/254 255/255/255 249/249/249
f 255/255/255 256/256/256 249/249/249
f 256/256/256 257/257/257 249/249/249
f 257/257/257 258/258/258 249/249/249
f 258/258/258 259/259/259 249/249/249
f 259/259/259 260/260/260 249/249/249
f 260/260/260 261/261/261 249/249/249
f 261/261/261 262/262/262 249/249/249
f 262/262/262 263/263/263 249/249/249
f 263/263/263 264/264/264 249/249/249
f 266/266/266 267/267/267 265/265/265
f 267/267/267 268/268/268 265/265/265
f 268/268/268 269/269/269 265/265/265
f 269/269/269 270/270/270 265/265/265
f 270/270/270 271/271/271 265/265/265
f 273/273/273 274/274/274 272/272/272
f 275/275/275 272/272/272 274/274/274
f 276/276/276 277/277/277 9/9/9
f 7/7/7 9/9/9 277/277/277
f 279/279/279 280/280/280 278/278/278
f 281/281/281 278/278/278 280/280/280
f 277/277/277 282/282/282 7/7/7
f 283/283/283 7/7/7 282/282/282
f 285/285/285 286/286/286 284/284/284
f 287/287/287 284/284/284 286/286/286
f 289/289/289 6/6/6 288/288/288
f 290/290/290 288/288/288 6/6/6
f 5/5/5 290/290/290 6/6/6
f 292/292/292 293/293/293 291/291/291
f 294/294/294 295/295/295 293/293/293
f 293/293/293 295/295/295 291/291/291
f 295/295/295 296/296/296 291/291/291
f 296/296/296 297/297/297 291/291/291
f 299/299/299 300/300/300 298/298/298
f 300/300/300 301/301/301 298/298/298
f 301/301/301 302/302/302 298/298/298
f 304/304/304 305/305/305 303/303/303
f 306/306/306 303/303/303 305/305/305
f 308/308/308 309/309/309 307/307/307
f 310/310/310 307/307/307 309/309/309
f 312/312/312 313/313/313 311/311/311
f 314/314/314 311/311/311 313/313/313
f 316/316/316 317/317/317 315/315/315
f 319/319/319 320/320/320 318/318/318
f 321/321/321 318/318/318 320/320/320
f 323/323/323 324/324/324 322/322/322
f 325/325/325 326/326/326 324/324/324
f 324/324/324 326/326/326 322/322/322
f 322/322/322 326/326/326 327/327/327
f 329/329/329 330/330/330 328/328/328
f 331/331/331 328/328/328 330/330/330
f 333/333/333 334/334/334 332/332/332
f 335/335/335 332/332/332 334/334/334
f 337/337/337 338/338/338 336/336/336
f 339/339/339 336/336/336 338/338/338
f 338/338/338 337/337/337 340/340/340
f 342/342/342 343/343/343 341/341/341
f 344/344/344 341/341/341 343/343/343
f 346/346/346 347/347/347 345/345/345
f 348/348/348 345/345/345 347/347/347
f 350/350/350 351/351/351 349/349/349
f 351/351/351 352/352/352 349/349/349
f 352/352/352 353/353/353 349/349/349
f 355/355/355 356/356/356 354/354/354
f 357/357/357 354/354/354 356/356/356
f 359/359/359 360/360/360 358/358/358
f 360/360/360 361/361/361 358/358/358
f 361/361/361 362/362/362 358/358/358
f 362/362/362 363/363/363 358/358/358
f 363/363/363 364/364/364 358/358/358
f 365/365/365 366/366/366 22/22/22
f 20/20/20 22/22/22 366/366/366
f 368/368/368 369/369/369 367/367/367
f 370/370/370 367/367/367 369/369/369
f 366/366/366 371/371/371 20/20/20
f 372/372/372 20/20/20 371/371/371
f 374/374/374 375/375/375 373/373/373
f 376/376/376 373/373/373 375/375/375
f 378/378/378 19/19/19 377/377/377
f 379/379/379 377/377/377 19/19/19
f 18/18/18 379/379/379 19/19/19
f 381/381/381 382/382/382 380/380/380
f 383/383/383 384/384/384 382/382/382
f 382/382/382 384/384/384 380/380/380
f 384/384/384 385/385/385 380/380/380
f 380/380/380 385/385/385 386/386/386
f 388/388/388 389/389/389 387/387/387
f 389/389/389 390/390/390 387/387/387
f 390/390/390 391/391/391 387/387/387
f 391/391/391 392/392/392 387/387/387
f 392/392/392 393/393/393 387/387/387
f 395/395/395 396/396/396 394/394/394
f 397/397/397 394/394/394 396/396/396
f 398/398/398 399/399/399 34/34/34
f 32/32/32 34/34/34 399/399/399
f 401/401/401 402/402/402 400/400/400
f 403/403/403 400/400/400 402/402/402
f 399/399/399 404/404/404 32/32/32
f 405/405/405 32/32/32 404/404/404
f 407/407/407 28/28/28 406/406/406
f 408/408/408 406/406/406 28/28/28
f 27/27/27 408/408/408 28/28/28
f 410/410/410 411/411/411 409/409/409
f 411/411/411 412/412/412 409/409/409
f 412/412/412 413/413/413 409/409/409
f 413/413/413 414/414/414 409/409/409
f 416/416/416 38/38/38 415/415/415
f 38/38/38 40/40/40 415/415/415
f 40/40/40 417/417/417 415/415/415
f 419/419/419 420/420/420 418/418/418
f 421/421/421 418/418/418 420/420/420
f 36/36/36 47/47/47 37/37/37
f 422/422/422 37/37/37 47/47/47
f 424/424/424 425/425/425 423/423/423
f 426/426/426 423/423/423 425/425/425
f 49/49/49 42/42/42 41/41/41
f 428/428/428 37/37/37 427/427/427
f 422/422/422 427/427/427 37/37/37
f 430/430/430 431/431/431 429/429/429
f 432/432/432 429/429/429 431/431/431
f 434/434/434 432/432/432 433/433/433
f 431/431/431 433/433/433 432/432/432
f 436/436/436 437/437/437 435/435/435
f 438/438/438 435/435/435 437/437/437
f 440/440/440 441/441/441 439/439/439
f 442/442/442 439/439/439 441/441/441
f 444/444/444 445/445/445 443/443/443
f 446/446/446 443/443/443 445/445/445
f 448/448/448 449/449/449 447/447/447
f 450/450/450 447/447/447 449/449/449
f 452/452/452 453/453/453 451/451/451
f 454/454/454 451/451/451 453/453/453
f 456/456/456 457/457/457 455/455/455
f 458/458/458 459/459/459 457/457/457
f 457/457/457 459/459/459 455/455/455
f 455/455/455 459/459/459 460/460/460
f 460/460/460 459/459/459 461/461/461
f 463/463/463 464/464/464 462/462/462
f 464/464/464 465/465/465 462/462/462
f 465/465/465 466/466/466 462/462/462
f 466/466/466 467/467/467 462/462/462
f 467/467/467 468/468/468 462/462/462
f 470/470/470 471/471/471 469/469/469
f 472/472/472 469/469/469 471/471/471
f 473/473/473 474/474/474 66/66/66
f 64/64/64 66/66/66 474/474/474
f 476/476/476 477/477/477 475/475/475
f 478/478/478 475/475/475 477/477/477
f 474/474/474 479/479/479 64/64/64
f 480/480/480 64/64/64 479/479/479
f 482/482/482 60/60/60 481/481/481
f 483/483/483 481/481/481 60/60/60
f 485/485/485 486/486/486 484/484/484
f 487/487/487 484/484/484 486/486/486
f 59/59/59 483/483/483 60/60/60
f 489/489/489 490/490/490 488/488/488
f 490/490/490 491/491/491 488/488/488
f 491/491/491 492/492/492 488/488/488
f 492/492/492 493/493/493 488/488/488
f 495/495/495 496/496/496 494/494/494
f 497/497/497 494/494/494 496/496/496
f 499/499/499 500/500/500 498/498/498
f 501/501/501 498/498/498 500/500/500
f 500/500/500 499/499/499 502/502/502
f 504/504/504 505/505/505 503/503/503
f 506/506/506 503/503/503 505/505/505
f 508/508/508 509/509/509 507/507/507
f 510/510/510 507/507/507 509/509/509
f 512/512/512 513/513/513 511/511/511
f 513/513/513 514/514/514 511/511/511
f 514/514/514 515/515/515 511/511/511
f 517/517/517 70/70/70 516/516/516
f 70/70/70 72/72/72 516/516/516
f 72/72/72 518/518/518 516/516/516
f 520/520/520 521/521/521 519/519/519
f 522/522/522 519/519/519 521/521/521
f 68/68/68 79/79/79 69/69/69
f 523/523/523 69/69/69 79/79/79
f 525/525/525 526/526/526 524/524/524
f 527/527/527 524/524/524 526/526/526
f 81/81/81 74/74/74 73/73/73
f 529/529/529 69/69/69 528/528/528
f 523/523/523 528/528/528 69/69/69
f 531/531/531 532/532/532 530/530/530
f 533/533/533 530/530/530 532/532/532
f 535/535/535 533/533/533 534/534/534
f 532/532/532 534/534/534 533/533/533
f 537/537/537 538/538/538 536/536/536
f 539/539/539 536/536/536 538/538/538
f 541/541/541 542/542/542 540/540/540
f 543/543/543 540/540/540 542/542/542
f 545/545/545 546/546/546 544/544/544
f 547/547/547 544/544/544 546/546/546
f 549/549/549 550/550/550 548/548/548
f 551/551/551 548/548/548 550/550/550
f 553/553/553 554/554/554 552/552/552
f 555/555/555 552/552/552 554/554/554
f 557/557/557 558/558/558 556/556/556
f 559/559/559 560/560/560 558/558/558
f 558/558/558 560/560/560 556/556/556
f 556/556/556 560/560/560 561/561/561
f 563/563/563 564/564/564 562/562/562
f 565/565/565 562/562/562 564/564/564
f 561/561/561 560/560/560 566/566/566
f 568/568/568 569/569/569 567/567/567
f 570/570/570 567/567/567 569/569/569
f 572/572/572 573/573/573 571/571/571
f 574/574/574 571/571/571 573/573/573
f 573/573/573 572/572/572 575/575/575
f 577/577/577 578/578/578 576/576/576
f 579/579/579 576/576/576 578/578/578
f 581/581/581 582/582/582 580/580/580
f 583/583/583 580/580/580 582/582/582
f 585/585/585 586/586/586 584/584/584
f 586/586/586 587/587/587 584/584/584
f 587/587/587 588/588/588 584/584/584
f 590/590/590 591/591/591 589/589/589
f 591/591/591 592/592/592 589/589/589
f 592/592/592 593/593/593 589/589/589
f 593/593/593 594/594/594 589/589/589
f 594/594/594 595/595/595 589/589/589
f 597/597/597 598/598/598 596/596/596
f 599/599/599 596/596/596 598/598/598
f 600/600/600 601/601/601 98/98/98
f 96/96/96 98/98/98 601/601/601
f 603/603/603 604/604/604 602/602/602
f 605/605/605 602/602/602 604/604/604
f 601/601/601 606/606/606 96/96/96
f 607/607/607 96/96/96 606/606/606
f 609/609/609 92/92/92 608/608/608
f 610/610/610 608/608/608 92/92/92
f 612/612/612 613/613/613 611/611/611
f 614/614/614 611/611/611 613/613/613
f 91/91/91 610/610/610 92/92/92
f 616/616/616 617/617/617 615/615/615
f 617/617/617 618/618/618 615/615/615
f 618/618/618 619/619/619 615/615/615
f 619/619/619 620/620/620 615/615/615
f 622/622/622 623/623/623 621/621/621
f 624/624/624 621/621/621 623/623/623
f 625/625/625 626/626/626 105/105/105
f 103/103/103 105/105/105 626/626/626
f 628/628/628 624/624/624 627/627/627
f 623/623/623 627/627/627 624/624/624
f 613/613/613 629/629/629 614/614/614
f 630/630/630 614/614/614 629/629/629
f 624/624/624 628/628/628 631/631/631
f 633/633/633 101/101/101 632/632/632
f 621/621/621 624/624/624 634/634/634
f 631/631/631 634/634/634 624/624/624
f 635/635/635 99/99/99 633/633/633
f 101/101/101 633/633/633 99/99/99
f 637/637/637 638/638/638 636/636/636
f 639/639/639 632/632/632 100/100/100
f 101/101/101 100/100/100 632/632/632
f 641/641/641 642/642/642 640/640/640
f 643/643/643 640/640/640 642/642/642
f 638/638/638 637/637/637 644/644/644
f 646/646/646 647/647/647 645/645/645
f 648/648/648 645/645/645 647/647/647
f 650/650/650 651/651/651 649/649/649
f 652/652/652 649/649/649 651/651/651
f 651/651/651 650/650/650 653/653/653
f 655/655/655 656/656/656 654/654/654
f 657/657/657 654/654/654 656/656/656
f 659/659/659 660/660/660 658/658/658
f 661/661/661 658/658/658 660/660/660
f 663/663/663 664/664/664 662/662/662
f 664/664/664 665/665/665 662/662/662
f 665/665/665 666/666/666 662/662/662
f 668/668/668 669/669/669 667/667/667
f 670/670/670 667/667/667 669/669/669
f 672/672/672 673/673/673 671/671/671
f 674/674/674 671/671/671 673/673/673
f 675/675/675 115/115/115 117/117/117
f 675/675/675 118/118/118 115/115/115
f 677/677/677 678/678/678 676/676/676
f 679/679/679 676/676/676 678/678/678
f 678/678/678 677/677/677 680/680/680
f 682/682/682 683/683/683 681/681/681
f 684/684/684 681/681/681 683/683/683
f 686/686/686 687/687/687 685/685/685
f 687/687/687 688/688/688 685/685/685
f 688/688/688 689/689/689 685/685/685
f 691/691/691 692/692/692 690/690/690
f 692/692/692 693/693/693 690/690/690
f 693/693/693 694/694/694 690/690/690
f 696/696/696 697/697/697 695/695/695
f 698/698/698 695/695/695 697/697/697
f 700/700/700 701/701/701 699/699/699
f 702/702/702 699/699/699 701/701/701
f 703/703/703 123/123/123 125/125/125
f 705/705/705 706/706/706 704/704/704
f 708/708/708 709/709/709 707/707/707
f 710/710/710 707/707/707 709/709/709
f 712/712/712 713/713/713 711/711/711
f 714/714/714 711/711/711 713/713/713
f 716/716/716 717/717/717 715/715/715
f 718/718/718 715/715/715 717/717/717
f 720/720/720 721/721/721 719/719/719
f 722/722/722 719/719/719 721/721/721
f 724/724/724 725/725/725 723/723/723
f 727/727/727 728/728/728 726/726/726
f 729/729/729 726/726/726 728/728/728
f 731/731/731 732/732/732 730/730/730
f 733/733/733 730/730/730 732/732/732
f 735/735/735 736/736/736 734/734/734
f 737/737/737 734/734/734 736/736/736
f 739/739/739 740/740/740 738/738/738
f 741/741/741 738/738/738 740/740/740
f 743/743/743 744/744/744 742/742/742
f 746/746/746 747/747/747 745/745/745
f 748/748/748 745/745/745 747/747/747
f 750/750/750 751/751/751 749/749/749
f 752/752/752 749/749/749 751/751/751
f 754/754/754 755/755/755 753/753/753
f 756/756/756 753/753/753 755/755/755
f 758/758/758 759/759/759 757/757/757
f 760/760/760 757/757/757 759/759/759
f 762/762/762 763/763/763 761/761/761
f 765/765/765 766/766/766 764/764/764
f 767/767/767 764/764/764 766/766/766
f 769/769/769 770/770/770 768/768/768
f 771/771/771 768/768/768 770/770/770
f 773/773/773 774/774/774 772/772/772
f 775/775/775 772/772/772 774/774/774
f 777/777/777 778/778/778 776/776/776
f 779/779/779 776/776/776 778/778/778
f 781/781/781 782/782/782 780/780/780
f 784/784/784 785/785/785 783/783/783
f 786/786/786 783/783/783 785/785/785
f 788/788/788 789/789/789 787/787/787
f 790/790/790 787/787/787 789/789/789
f 792/792/792 793/793/793 791/791/791
f 794/794/794 791/791/791 793/793/793
f 796/796/796 797/797/797 795/795/795
f 798/798/798 795/795/795 797/797/797
f 800/800/800 801/801/801 799/799/799
f 803/803/803 804/804/804 802/802/802
f 805/805/805 802/802/802 804/804/804
f 802/802/802 805/805/805 806/806/806
f 807/807/807 806/806/806 805/805/805
f 145/145/145 144/144/144 808/808/808
f 145/145/145 809/809/809 146/146/146
f 142/142/142 141/141/141 147/147/147
f 146/146/146 239/239/239 144/144/144
f 811/811/811 812/812/812 810/810/810
f 812/812/812 813/813/813 810/810/810
f 813/813/813 814/814/814 810/810/810
f 152/152/152 816/816/816 815/815/815
f 817/817/817 815/815/815 816/816/816
f 818/818/818 812/812/812 811/811/811
f 819/819/819 811/811/811 810/810/810
f 820/820/820 816/816/816 154/154/154
f 152/152/152 154/154/154 816/816/816
f 822/822/822 823/823/823 821/821/821
f 824/824/824 150/150/150 149/149/149
f 172/172/172 825/825/825 170/170/170
f 826/826/826 170/170/170 825/825/825
f 828/828/828 829/829/829 827/827/827
f 829/829/829 830/830/830 827/827/827
f 830/830/830 831/831/831 827/827/827
f 831/831/831 832/832/832 827/827/827
f 150/150/150 833/833/833 151/151/151
f 835/835/835 836/836/836 834/834/834
f 159/159/159 837/837/837 160/160/160
f 838/838/838 155/155/155 157/157/157
f 840/840/840 841/841/841 839/839/839
f 842/842/842 843/843/843 175/175/175
f 173/173/173 175/175/175 843/843/843
f 844/844/844 171/171/171 170/170/170
f 177/177/177 176/176/176 164/164/164
f 165/165/165 164/164/164 176/176/176
f 184/184/184 183/183/183 179/179/179
f 183/183/183 845/845/845 179/179/179
f 845/845/845 180/180/180 179/179/179
f 180/180/180 845/845/845 185/185/185
f 182/182/182 846/846/846 183/183/183
f 193/193/193 195/195/195 847/847/847
f 188/188/188 189/189/189 848/848/848
f 850/850/850 851/851/851 849/849/849
f 195/195/195 197/197/197 847/847/847
f 852/852/852 191/191/191 190/190/190
f 199/199/199 853/853/853 200/200/200
f 853/853/853 854/854/854 200/200/200
f 854/854/854 855/855/855 200/200/200
f 856/856/856 857/857/857 207/207/207
f 205/205/205 207/207/207 857/857/857
f 191/191/191 858/858/858 192/192/192
f 854/854/854 853/853/853 859/859/859
f 206/206/206 205/205/205 218/218/218
f 860/860/860 218/218/218 205/205/205
f 861/861/861 862/862/862 208/208/208
f 209/209/209 208/208/208 862/862/862
f 863/863/863 862/862/862 861/861/861
f 211/211/211 214/214/214 212/212/212
f 202/202/202 201/201/201 217/217/217
f 865/865/865 222/222/222 864/864/864
f 222/222/222 221/221/221 864/864/864
f 221/221/221 866/866/866 864/864/864
f 866/866/866 867/867/867 864/864/864
f 864/864/864 867/867/867 868/868/868
f 226/226/226 228/228/228 869/869/869
f 228/228/228 230/230/230 869/869/869
f 871/871/871 872/872/872 870/870/870
f 874/874/874 875/875/875 873/873/873
f 875/875/875 233/233/233 873/873/873
f 233/233/233 232/232/232 873/873/873
f 167/167/167 237/237/237 168/168/168
f 236/236/236 168/168/168 237/237/237
f 872/872/872 876/876/876 870/870/870
f 874/874/874 873/873/873 877/877/877
f 878/878/878 832/832/832 831/831/831
f 246/246/246 248/248/248 245/245/245
f 248/248/248 242/242/242 245/245/245
f 242/242/242 241/241/241 245/245/245
f 248/248/248 879/879/879 242/242/242
f 880/880/880 242/242/242 879/879/879
f 246/246/246 245/245/245 881/881/881
f 882/882/882 881/881/881 245/245/245
f 879/879/879 248/248/248 883/883/883
f 884/884/884 248/248/248 247/247/247
f 881/881/881 885/885/885 246/246/246
