o 017469
v 0.53466796875 -0.0048828125 -0.06396484375
v 0.41455078125 0.00244140625 -0.0712890625
v 0.51904296875 0.00537109375 -0.08642578125
v 0.36083984375 0.05419921875 0.12451171875
v 0.37109375 0.05859375 0.17236328125
v 0.388671875 0.07763671875 0.0693359375
v 0.5576171875 0.05419921875 0.09619140625
v 0.5341796875 0.07373046875 -0.06396484375
v 0.537109375 0.07470703125 0.09033203125
v 0.408203125 0.00390625 0.36083984375
v 0.41015625 0.0087890625 0.3916015625
v 0.30419921875 0.0 0.4736328125
v 0.1884765625 0.0048828125 0.40234375
v 0.18212890625 0.00439453125 0.3603515625
v 0.212890625 0.0048828125 0.32177734375
v 0.2353515625 0.00048828125 0.3173828125
v 0.23388671875 0.0048828125 0.29345703125
v 0.294921875 0.00341796875 0.2646484375
v 0.333984375 0.00439453125 0.2646484375
v 0.41015625 0.0087890625 0.3916015625
v 0.33642578125 0.01611328125 0.4697265625
v 0.30419921875 0.0 0.4736328125
v 0.2998046875 0.01611328125 0.484375
v 0.40625 0.0576171875 0.3544921875
v 0.3896484375 0.0771484375 0.36865234375
v 0.40771484375 0.0576171875 0.3857421875
v 0.24755859375 0.0625 0.32470703125
v 0.21923828125 0.0673828125 0.3310546875
v 0.26611328125 0.07861328125 0.3603515625
v 0.18701171875 0.0625 0.35888671875
v 0.1904296875 0.0654296875 0.39599609375
v 0.333984375 0.07568359375 0.27001953125
v 0.3896484375 0.0771484375 0.36865234375
v 0.40625 0.0576171875 0.3544921875
v 0.5009765625 0.0146484375 0.24169921875
v 0.46630859375 0.0068359375 0.33447265625
v 0.4921875 -0.00048828125 0.21142578125
v 0.265625 0.07080078125 0.51513671875
v 0.2373046875 0.07080078125 0.51953125
v 0.23828125 -0.0048828125 0.51708984375
v 0.2607421875 -0.00244140625 0.5126953125
v 0.173828125 -0.0068359375 0.35498046875
v 0.0673828125 0.0009765625 0.4033203125
v 0.17431640625 0.00732421875 0.34033203125
v 0.1005859375 0.07080078125 0.5546875
v 0.13037109375 0.078125 0.580078125
v 0.10107421875 0.1005859375 0.50634765625
v 0.259765625 0.07080078125 0.44970703125
v 0.17333984375 0.095703125 0.35498046875
v 0.23974609375 0.09765625 0.455078125
v -0.11572265625 0.05126953125 0.53515625
v -0.1083984375 0.05126953125 0.51123046875
v -0.10693359375 0.00146484375 0.51318359375
v -0.11328125 0.00390625 0.533203125
v -0.1201171875 0.00244140625 0.39599609375
v -0.11962890625 0.0537109375 0.396484375
v -0.07861328125 0.0087890625 0.38671875
v 0.06884765625 0.0 0.52490234375
v 0.0693359375 0.00634765625 0.42138671875
v 0.08203125 0.00927734375 0.5302734375
v -0.044921875 0.06689453125 0.548828125
v -0.0947265625 0.06982421875 0.51513671875
v -0.11572265625 0.05126953125 0.53515625
v -0.28271484375 0.01318359375 0.49462890625
v -0.3203125 0.00390625 0.43359375
v -0.2734375 -0.0048828125 0.48681640625
v -0.31494140625 -0.00048828125 0.40283203125
v -0.26025390625 0.01318359375 0.3525390625
v -0.21337890625 -0.0048828125 0.3486328125
v -0.2060546875 0.01318359375 0.33837890625
v -0.11474609375 0.0068359375 0.38623046875
v -0.21337890625 -0.0048828125 0.3486328125
v -0.26318359375 0.17236328125 0.47265625
v -0.2890625 0.154296875 0.4326171875
v -0.31787109375 0.0849609375 0.41748046875
v -0.29296875 0.130859375 0.40185546875
v -0.2509765625 0.1416015625 0.36962890625
v -0.31787109375 0.0849609375 0.41748046875
v -0.16650390625 0.15625 0.3896484375
v -0.1279296875 0.14208984375 0.40283203125
v -0.2509765625 0.1416015625 0.36962890625
v -0.2109375 0.1279296875 0.35791015625
v -0.13525390625 0.14599609375 0.484375
v -0.205078125 0.15380859375 0.5048828125
v -0.12158203125 0.01171875 0.51611328125
v -0.3203125 0.00390625 0.43359375
v -0.31494140625 -0.00048828125 0.40283203125
v -0.20947265625 0.01318359375 0.52587890625
v -0.12158203125 0.01171875 0.51611328125
v -0.33447265625 0.0 0.2294921875
v -0.42138671875 0.00537109375 0.27392578125
v -0.33056640625 0.01611328125 0.220703125
v -0.2607421875 0.01611328125 0.30517578125
v -0.25244140625 0.0517578125 0.330078125
v -0.25537109375 0.00146484375 0.33740234375
v -0.3505859375 0.0625 0.4169921875
v -0.32177734375 0.0654296875 0.419921875
v -0.357421875 0.07861328125 0.359375
v -0.41650390625 0.0751953125 0.275390625
v -0.33935546875 0.0771484375 0.24267578125
v -0.33837890625 0.0576171875 0.22412109375
v -0.3330078125 0.05126953125 0.23095703125
v -0.3583984375 0.05126953125 0.232421875
v -0.3564453125 0.00146484375 0.22998046875
v -0.3359375 0.00390625 0.22900390625
v -0.46240234375 0.00244140625 0.283203125
v -0.4619140625 0.0537109375 0.28271484375
v -0.4853515625 0.0087890625 0.24755859375
v -0.40673828125 0.0 0.060546875
v -0.50390625 0.00634765625 0.09619140625
v -0.40625 0.00927734375 0.04638671875
v -0.34521484375 0.06689453125 0.15966796875
v -0.359375 0.06982421875 0.21826171875
v -0.3330078125 0.05126953125 0.23095703125
v -0.4033203125 0.0146484375 0.07666015625
v -0.4990234375 0.0068359375 0.083984375
v -0.38037109375 -0.00048828125 0.05517578125
v -0.5 0.00830078125 -0.0927734375
v -0.39599609375 0.013671875 -0.07568359375
v -0.4033203125 -0.00048828125 -0.06591796875
v -0.3828125 0.0673828125 0.05126953125
v -0.4052734375 0.0517578125 0.07177734375
v -0.37353515625 0.052734375 0.05419921875
v -0.482421875 0.01611328125 -0.25634765625
v -0.41748046875 0.0068359375 -0.29052734375
v -0.47509765625 -0.001953125 -0.24609375
v -0.38671875 0.00146484375 -0.283203125
v -0.33837890625 0.01611328125 -0.22412109375
v -0.33740234375 -0.00244140625 -0.17529296875
v -0.3271484375 0.0166015625 -0.16748046875
v -0.38232421875 0.009765625 -0.0771484375
v -0.33740234375 -0.00244140625 -0.17529296875
v -0.4609375 0.1796875 -0.234375
v -0.41796875 0.1611328125 -0.25830078125
v -0.4013671875 0.08984375 -0.287109375
v -0.38671875 0.13671875 -0.26025390625
v -0.3564453125 0.14794921875 -0.21533203125
v -0.4013671875 0.08984375 -0.287109375
v -0.38232421875 0.1630859375 -0.13037109375
v -0.3984375 0.14892578125 -0.09130859375
v -0.3564453125 0.14794921875 -0.21533203125
v -0.3466796875 0.13427734375 -0.173828125
v -0.4814453125 0.15283203125 -0.10400390625
v -0.494140625 0.1552734375 -0.150390625
v -0.5146484375 0.01513671875 -0.09228515625
v -0.41748046875 0.0068359375 -0.29052734375
v -0.38671875 0.00146484375 -0.283203125
v -0.39794921875 0.0 -0.30224609375
v -0.32470703125 0.00537109375 -0.23828125
v -0.40771484375 0.01611328125 -0.30224609375
v -0.35498046875 0.01611328125 -0.39892578125
v -0.3349609375 0.0517578125 -0.416015625
v -0.3271484375 0.00146484375 -0.41552734375
v -0.2177734375 0.0625 -0.35693359375
v -0.2255859375 0.0654296875 -0.384765625
v -0.26904296875 0.07861328125 -0.3291015625
v -0.3251953125 0.0751953125 -0.24267578125
v -0.3837890625 0.0771484375 -0.302734375
v -0.4013671875 0.0576171875 -0.296875
v -0.26171875 0.0146484375 -0.46435546875
v -0.1728515625 0.0068359375 -0.50830078125
v -0.2763671875 -0.00048828125 -0.43701171875
v 0.0556640625 0.05126953125 -0.515625
v 0.05078125 0.05126953125 -0.49072265625
v 0.04931640625 0.00146484375 -0.49267578125
v 0.052734375 0.00390625 -0.51318359375
v 0.076171875 0.00244140625 -0.3779296875
v 0.07568359375 0.0537109375 -0.37841796875
v 0.0361328125 0.0087890625 -0.36376953125
v -0.126953125 0.0 -0.4833984375
v -0.11474609375 0.00634765625 -0.38037109375
v -0.140625 0.00927734375 -0.4873046875
v -0.01611328125 0.06689453125 -0.5205078125
v 0.037109375 0.06982421875 -0.4931640625
v 0.0556640625 0.05126953125 -0.515625
v 0.294921875 -0.0029296875 -0.2548828125
v 0.1962890625 -0.00341796875 -0.34326171875
v 0.2666015625 -0.0029296875 -0.4365234375
v 0.3515625 -0.0029296875 -0.3916015625
v 0.40380859375 -0.00341796875 -0.333984375
v 0.3515625 -0.0029296875 -0.24609375
v 0.35546875 0.18359375 -0.3505859375
v 0.30419921875 0.17529296875 -0.396484375
v 0.22998046875 0.17138671875 -0.39306640625
v 0.21337890625 0.16796875 -0.37548828125
v 0.2763671875 0.185546875 -0.283203125
v 0.3388671875 0.189453125 -0.275390625
v 0.36572265625 0.19091796875 -0.3076171875
v 0.3388671875 0.189453125 -0.275390625
v 0.2763671875 0.185546875 -0.283203125
v 0.2861328125 0.1552734375 -0.2607421875
v 0.2099609375 0.1533203125 -0.33740234375
v 0.3564453125 0.08154296875 -0.23291015625
v 0.2939453125 0.02392578125 -0.23681640625
v 0.36083984375 0.01953125 -0.22998046875
v 0.416015625 0.02587890625 -0.34619140625
v 0.41357421875 0.08740234375 -0.3095703125
v 0.40771484375 0.02734375 -0.2861328125
v 0.29638671875 0.09033203125 -0.43505859375
v 0.36279296875 0.0263671875 -0.4033203125
v 0.25634765625 0.01806640625 -0.453125
v 0.2099609375 0.1533203125 -0.33740234375
v 0.18310546875 0.02197265625 -0.33251953125
v 0.05517578125 0.0146484375 -0.41064453125
v 0.07958984375 0.0068359375 -0.50634765625
v 0.06689453125 -0.00048828125 -0.38134765625
v 0.34423828125 0.0146484375 -0.25341796875
v 0.42626953125 0.0068359375 -0.30078125
v 0.33349609375 -0.00048828125 -0.2216796875
v 0.51611328125 0.0087890625 -0.08251953125
v 0.40771484375 0.01513671875 -0.060546875
v 0.4091796875 -0.00048828125 -0.07666015625
v 0.326171875 0.052734375 -0.2138671875
v 0.3359375 0.0673828125 -0.21630859375
v 0.34716796875 0.0517578125 -0.25
v 0.07568359375 0.06298828125 -0.4765625
v 0.07763671875 0.099609375 -0.46142578125
v 0.10205078125 0.06689453125 -0.46875
v 0.1015625 0.1025390625 -0.4248046875
v 0.10791015625 0.06494140625 -0.4150390625
v 0.11328125 0.0625 -0.4423828125
v 0.4736328125 0.00341796875 -0.330078125
v 0.458984375 0.04638671875 -0.31591796875
v 0.48779296875 0.00830078125 -0.2919921875
v 0.466796875 0.015625 -0.2548828125
v 0.43408203125 0.0068359375 -0.24365234375
v 0.46337890625 -0.0009765625 -0.25927734375
v 0.43408203125 0.0068359375 -0.24365234375
v 0.3837890625 0.015625 -0.291015625
v 0.38330078125 -0.00146484375 -0.30810546875
v 0.39404296875 0.04541015625 -0.30126953125
v 0.37939453125 0.015625 -0.3173828125
v 0.43994140625 0.05078125 -0.2587890625
v 0.48779296875 0.00830078125 -0.2919921875
v 0.49267578125 0.00341796875 -0.08203125
v 0.5126953125 0.04638671875 -0.08642578125
v 0.5 0.00830078125 -0.12158203125
v 0.53759765625 0.015625 -0.14306640625
v 0.5712890625 0.0068359375 -0.1357421875
v 0.5380859375 -0.0009765625 -0.13720703125
v 0.5712890625 0.0068359375 -0.1357421875
v 0.58984375 0.015625 -0.0693359375
v 0.58154296875 -0.00146484375 -0.05419921875
v 0.57568359375 0.04541015625 -0.06591796875
v 0.580078125 0.015625 -0.04443359375
v 0.55859375 0.05078125 -0.12548828125
v 0.5 0.00830078125 -0.12158203125
v 0.03955078125 0.00341796875 0.57958984375
v 0.0478515625 0.04638671875 0.560546875
v 0.01220703125 0.00830078125 0.5498046875
v 0.017578125 0.015625 0.50732421875
v 0.04345703125 0.0068359375 0.484375
v 0.0224609375 -0.0009765625 0.51025390625
v 0.04345703125 0.0068359375 0.484375
v 0.10791015625 0.015625 0.50927734375
v 0.11474609375 -0.00146484375 0.52490234375
v 0.10205078125 0.04541015625 0.52294921875
v 0.1220703125 0.015625 0.5322265625
v 0.0439453125 0.05078125 0.5009765625
v 0.01220703125 0.00830078125 0.5498046875
v 0.07958984375 0.0947265625 0.46923828125
v 0.0986328125 0.1376953125 0.4619140625
v 0.08154296875 0.099609375 0.42919921875
v 0.11572265625 0.10693359375 0.4033203125
v 0.150390625 0.09765625 0.40576171875
v 0.1171875 0.08935546875 0.40869140625
v 0.150390625 0.09765625 0.40576171875
v 0.177734375 0.10693359375 0.46923828125
v 0.1708984375 0.08935546875 0.4853515625
v 0.1640625 0.13671875 0.474609375
v 0.1708984375 0.10693359375 0.4951171875
v 0.138671875 0.1416015625 0.41796875
v 0.08154296875 0.099609375 0.42919921875
v -0.47265625 0.015625 0.31103515625
v -0.45556640625 0.04638671875 0.29833984375
v -0.47705078125 0.00830078125 0.2685546875
v -0.44677734375 0.015625 0.23779296875
v -0.41259765625 0.0068359375 0.2353515625
v -0.44482421875 -0.0009765625 0.24267578125
v -0.4677734375 -0.0009765625 0.30859375
v -0.41259765625 0.0068359375 0.2353515625
v -0.37646484375 0.015625 0.2939453125
v -0.38037109375 -0.00146484375 0.310546875
v -0.38916015625 0.04541015625 0.30126953125
v -0.37939453125 0.015625 0.32080078125
v -0.421875 0.05078125 0.24853515625
v -0.47705078125 0.00830078125 0.2685546875
v -0.0302734375 0.10400390625 0.25927734375
v -0.16259765625 0.1025390625 -0.01220703125
v -0.08544921875 0.09130859375 0.26904296875
v -0.1064453125 0.05908203125 0.28515625
v -0.21826171875 0.04296875 0.0048828125
v -0.0859375 0.03125 0.36962890625
v 0.0234375 0.03125 0.23583984375
v -0.0830078125 0.04541015625 -0.04443359375
v 0.009765625 0.0732421875 0.2353515625
v -0.1181640625 0.0927734375 -0.05126953125
v 0.009765625 0.0732421875 0.2353515625
v -0.02587890625 0.11279296875 0.3466796875
v 0.03173828125 0.099609375 0.3251953125
v -0.07568359375 0.078125 0.365234375
v 0.03173828125 0.099609375 0.3251953125
v 0.0634765625 0.04833984375 0.31396484375
v -0.07568359375 0.078125 0.365234375
v -0.0830078125 0.00439453125 0.36767578125
v -0.0703125 0.0048828125 0.375
v -0.0859375 0.03125 0.36962890625
v -0.16259765625 0.1025390625 -0.01220703125
v -0.17919921875 0.1171875 -0.22900390625
v -0.2568359375 0.1103515625 -0.23828125
v -0.2568359375 0.1103515625 -0.23828125
v -0.29638671875 0.0654296875 -0.2275390625
v -0.28564453125 0.0986328125 -0.21484375
v -0.31103515625 0.0517578125 -0.20361328125
v -0.1943359375 0.08984375 0.1357421875
v -0.17431640625 0.05078125 0.115234375
v -0.1591796875 0.06494140625 0.12841796875
v -0.21533203125 0.08349609375 0.0986328125
v -0.18212890625 0.05517578125 0.0869140625
v -0.17431640625 0.05078125 0.115234375
v -0.18212890625 0.05517578125 0.0869140625
v -0.21533203125 0.08349609375 0.0986328125
v -0.171875 0.07470703125 0.076171875
v -0.18896484375 0.10693359375 0.09765625
v -0.15625 0.08837890625 0.0927734375
v -0.15625 0.08837890625 0.0927734375
v -0.18896484375 0.10693359375 0.09765625
v -0.15087890625 0.08203125 0.11865234375
v -0.15087890625 0.08203125 0.11865234375
v 0.22802734375 0.0048828125 -0.17626953125
v -0.0927734375 0.0751953125 -0.14697265625
v 0.2890625 0.00439453125 -0.2021484375
v -0.06005859375 0.18603515625 -0.060546875
v 0.236328125 0.11376953125 -0.076171875
v 0.23681640625 0.134765625 -0.11279296875
v -0.07177734375 0.14453125 -0.0224609375
v 0.232421875 0.07470703125 -0.05908203125
v 0.236328125 0.11376953125 -0.076171875
v 0.22998046875 0.13427734375 -0.15673828125
v 0.31201171875 0.11474609375 -0.1943359375
v 0.22314453125 0.1103515625 -0.18798828125
v 0.23193359375 0.0322265625 -0.06494140625
v 0.21484375 0.00439453125 -0.09375
v 0.30419921875 0.00439453125 -0.0751953125
v 0.32373046875 0.13232421875 -0.13623046875
v 0.22998046875 0.13427734375 -0.15673828125
v 0.32470703125 0.10595703125 -0.080078125
v 0.330078125 0.07373046875 -0.07763671875
v 0.33251953125 0.1171875 -0.12451171875
v 0.31494140625 0.04541015625 -0.05810546875
v 0.31787109375 0.00830078125 -0.0869140625
v -0.07177734375 0.14453125 -0.0224609375
v -0.255859375 0.22119140625 0.0029296875
v -0.2607421875 0.171875 0.0234375
v -0.10205078125 0.130859375 -0.1640625
v -0.30517578125 0.15380859375 -0.1484375
v -0.294921875 0.20654296875 -0.14111328125
v -0.06640625 0.08837890625 -0.029296875
v -0.30517578125 0.12109375 0.00537109375
v -0.07080078125 0.19140625 -0.11669921875
v -0.283203125 0.2421875 -0.10546875
v -0.27587890625 0.25439453125 -0.052734375
v -0.06005859375 0.18603515625 -0.060546875
v -0.255859375 0.22119140625 0.0029296875
v -0.07177734375 0.14453125 -0.0224609375
v -0.294921875 0.20654296875 -0.14111328125
v -0.31689453125 0.17724609375 -0.12744140625
v -0.30517578125 0.22412109375 -0.1025390625
v -0.30517578125 0.12109375 0.00537109375
v -0.31884765625 0.10302734375 -0.03076171875
v -0.30322265625 0.09033203125 -0.0146484375
v -0.310546875 0.076171875 -0.06640625
v 0.07861328125 0.04931640625 0.16845703125
v 0.15087890625 0.08056640625 -0.01416015625
v 0.07763671875 0.00634765625 0.22314453125
v 0.10498046875 0.00537109375 0.20361328125
v 0.20361328125 0.0810546875 -0.02099609375
v 0.14111328125 0.00537109375 0.22802734375
v 0.12646484375 0.00537109375 0.205078125
v 0.15966796875 0.02294921875 0.251953125
v 0.228515625 0.10595703125 -0.0029296875
v 0.17724609375 0.06298828125 0.1962890625
v 0.15869140625 0.06689453125 0.26708984375
v 0.21826171875 0.16064453125 0.0087890625
v 0.146484375 0.11181640625 0.2041015625
v 0.18505859375 0.18115234375 -0.0009765625
v 0.10546875 0.115234375 0.19677734375
v 0.146484375 0.11181640625 0.2041015625
v 0.14697265625 0.169921875 -0.01611328125
v 0.0771484375 0.087890625 0.18017578125
v 0.0771484375 0.087890625 0.18017578125
v 0.13330078125 0.13427734375 -0.03466796875
v 0.14404296875 0.00439453125 0.24169921875
v 0.05419921875 0.0322265625 0.2255859375
v 0.08251953125 0.0986328125 0.26025390625
v 0.13134765625 0.08740234375 0.2734375
v 0.12890625 0.1005859375 0.26806640625
v 0.0546875 0.076171875 0.23974609375
v 0.05712890625 0.0341796875 0.236328125
v 0.15869140625 0.06689453125 0.26708984375
v 0.154296875 0.044921875 0.2666015625
v 0.15966796875 0.02294921875 0.251953125
v 0.13330078125 0.13427734375 -0.03466796875
v 0.1591796875 0.20263671875 -0.16064453125
v 0.15673828125 0.166015625 -0.17138671875
v 0.21826171875 0.16064453125 0.0087890625
v 0.27978515625 0.18359375 -0.1484375
v 0.2646484375 0.21875 -0.1396484375
v 0.15087890625 0.08056640625 -0.01416015625
v 0.197265625 0.12841796875 -0.1953125
v 0.18505859375 0.18115234375 -0.0009765625
v 0.232421875 0.23681640625 -0.142578125
v 0.19482421875 0.23681640625 -0.154296875
v 0.14697265625 0.169921875 -0.01611328125
v 0.1591796875 0.20263671875 -0.16064453125
v 0.13330078125 0.13427734375 -0.03466796875
v 0.2646484375 0.21875 -0.1396484375
v 0.2685546875 0.1982421875 -0.15869140625
v 0.22265625 0.23291015625 -0.1611328125
v 0.197265625 0.12841796875 -0.1953125
v 0.22119140625 0.1318359375 -0.19287109375
v 0.24609375 0.11767578125 -0.1767578125
v 0.1630859375 0.00439453125 -0.1142578125
v -0.07958984375 0.048828125 -0.10009765625
v 0.1708984375 0.00439453125 -0.1435546875
v 0.09033203125 0.00439453125 0.2353515625
v 0.07763671875 0.00634765625 0.22314453125
v -0.056640625 0.00537109375 -0.35205078125
v -0.341796875 0.00537109375 -0.1416015625
v -0.25634765625 0.00537109375 0.25634765625
v 0.06982421875 0.00537109375 0.35205078125
v 0.34521484375 0.00537109375 0.1220703125
v 0.25634765625 0.00537109375 -0.25634765625
v -0.0 0.00244140625 -0.5
v 0.19091796875 0.00244140625 -0.4619140625
v 0.353515625 0.00244140625 -0.353515625
v 0.4619140625 0.00244140625 -0.19091796875
v 0.5 0.00244140625 0.0
v 0.4619140625 0.00244140625 0.19091796875
v 0.353515625 0.00244140625 0.353515625
v 0.19091796875 0.00244140625 0.4619140625
v -0.0 0.00244140625 0.5
v -0.19091796875 0.00244140625 0.4619140625
v -0.353515625 0.00244140625 0.353515625
v -0.4619140625 0.00244140625 0.19091796875
v -0.5 0.00244140625 0.0
v -0.4619140625 0.00244140625 -0.19091796875
v -0.353515625 0.00244140625 -0.353515625
v -0.19091796875 0.00244140625 -0.4619140625
v 0.5341796875 0.07373046875 -0.06396484375
v 0.54736328125 0.00537109375 -0.06982421875
v 0.51904296875 0.00537109375 -0.08642578125
v 0.50048828125 0.06982421875 -0.07666015625
v 0.55517578125 -0.00048828125 0.09423828125
v 0.52490234375 0.0 0.171875
v 0.50244140625 -0.00244140625 0.16259765625
v 0.48583984375 0.00146484375 0.1923828125
v 0.3642578125 -0.0009765625 0.171875
v 0.37451171875 -0.00146484375 0.0185546875
v 0.49951171875 0.05419921875 0.1640625
v 0.52685546875 0.05419921875 0.17529296875
v 0.50537109375 0.07568359375 0.14697265625
v 0.50244140625 -0.00244140625 0.16259765625
v 0.52490234375 0.0 0.171875
v 0.36083984375 0.05419921875 0.12451171875
v 0.35791015625 0.00537109375 0.1171875
v 0.3642578125 -0.0009765625 0.171875
v 0.37109375 0.05859375 0.17236328125
v 0.41455078125 0.00244140625 -0.0712890625
v 0.4140625 0.0419921875 -0.0673828125
v 0.52685546875 0.05419921875 0.17529296875
v 0.52490234375 0.0 0.171875
v 0.55517578125 -0.00048828125 0.09423828125
v 0.37109375 0.05859375 0.17236328125
v 0.3642578125 -0.0009765625 0.171875
v 0.48583984375 0.00146484375 0.1923828125
v 0.482421875 0.05712890625 0.1865234375
v 0.54736328125 0.00537109375 -0.06982421875
v 0.482421875 0.05712890625 0.1865234375
v 0.48583984375 0.00146484375 0.1923828125
v 0.50244140625 -0.00244140625 0.16259765625
v 0.49951171875 0.05419921875 0.1640625
v 0.4140625 0.0419921875 -0.0673828125
v 0.41455078125 0.00244140625 -0.0712890625
v 0.37451171875 -0.00146484375 0.0185546875
v 0.3779296875 0.05419921875 0.0224609375
v 0.35791015625 0.00537109375 0.1171875
v 0.54736328125 0.00537109375 -0.06982421875
v 0.50537109375 0.07568359375 0.14697265625
v 0.482421875 0.05712890625 0.1865234375
v 0.50537109375 0.07568359375 0.14697265625
v 0.537109375 0.07470703125 0.09033203125
v 0.5341796875 0.07373046875 -0.06396484375
v 0.50048828125 0.06982421875 -0.07666015625
v 0.44189453125 0.06591796875 -0.05810546875
v 0.44189453125 0.06591796875 -0.05810546875
v 0.4140625 0.0419921875 -0.0673828125
v 0.3779296875 0.05419921875 0.0224609375
v 0.388671875 0.07763671875 0.0693359375
v 0.50537109375 0.07568359375 0.14697265625
v 0.25048828125 0.07470703125 0.296875
v 0.296875 0.07470703125 0.26708984375
v 0.294921875 0.00341796875 0.2646484375
v 0.23388671875 0.0048828125 0.29345703125
v 0.30419921875 0.0 0.4736328125
v 0.2998046875 0.01611328125 0.484375
v 0.1884765625 0.0048828125 0.40234375
v 0.3896484375 0.0771484375 0.36865234375
v 0.29736328125 0.0732421875 0.45849609375
v 0.3359375 0.05078125 0.4658203125
v 0.40771484375 0.0576171875 0.3857421875
v 0.18701171875 0.0625 0.35888671875
v 0.21923828125 0.0673828125 0.3310546875
v 0.212890625 0.0048828125 0.32177734375
v 0.18212890625 0.00439453125 0.3603515625
v 0.40771484375 0.0576171875 0.3857421875
v 0.41015625 0.0087890625 0.3916015625
v 0.408203125 0.00390625 0.36083984375
v 0.30126953125 0.05078125 0.4794921875
v 0.24755859375 0.0625 0.32470703125
v 0.2353515625 0.00048828125 0.3173828125
v 0.30126953125 0.05078125 0.4794921875
v 0.1904296875 0.0654296875 0.39599609375
v 0.333984375 0.07568359375 0.27001953125
v 0.333984375 0.00439453125 0.2646484375
v 0.25048828125 0.07470703125 0.296875
v 0.23388671875 0.0048828125 0.29345703125
v 0.2353515625 0.00048828125 0.3173828125
v 0.24755859375 0.0625 0.32470703125
v 0.18701171875 0.0625 0.35888671875
v 0.18212890625 0.00439453125 0.3603515625
v 0.333984375 0.00439453125 0.2646484375
v 0.29736328125 0.0732421875 0.45849609375
v 0.333984375 0.07568359375 0.27001953125
v 0.296875 0.07470703125 0.26708984375
v 0.25048828125 0.07470703125 0.296875
v 0.29736328125 0.0732421875 0.45849609375
v 0.26611328125 0.07861328125 0.3603515625
v 0.38330078125 -0.00048828125 0.17333984375
v 0.4921875 -0.00048828125 0.21142578125
v 0.46630859375 0.0068359375 0.33447265625
v 0.4306640625 0.00390625 0.3408203125
v 0.32763671875 -0.0009765625 0.26318359375
v 0.49853515625 0.013671875 0.203125
v 0.494140625 0.052734375 0.203125
v 0.49169921875 0.06689453125 0.2138671875
v 0.375 0.01513671875 0.1630859375
v 0.38330078125 -0.00048828125 0.17333984375
v 0.32763671875 -0.0009765625 0.26318359375
v 0.3154296875 0.0146484375 0.25244140625
v 0.49853515625 0.013671875 0.203125
v 0.4921875 -0.00048828125 0.21142578125
v 0.38330078125 -0.00048828125 0.17333984375
v 0.375 0.01513671875 0.1630859375
v 0.494140625 0.052734375 0.203125
v 0.40283203125 0.064453125 0.17333984375
v 0.32568359375 0.0146484375 0.28271484375
v 0.4306640625 0.00390625 0.3408203125
v 0.32568359375 0.0146484375 0.28271484375
v 0.32763671875 -0.0009765625 0.26318359375
v 0.32666015625 0.0517578125 0.28076171875
v 0.32373046875 0.0654296875 0.2509765625
v 0.46630859375 0.0068359375 0.33447265625
v 0.46484375 0.05859375 0.33056640625
v 0.4169921875 0.0625 0.333984375
v 0.32666015625 0.0517578125 0.28076171875
v 0.46484375 0.05859375 0.33056640625
v 0.369140625 0.06298828125 0.1748046875
v 0.369140625 0.06298828125 0.1748046875
v 0.40283203125 0.064453125 0.17333984375
v 0.369140625 0.06298828125 0.1748046875
v 0.32373046875 0.0654296875 0.2509765625
v 0.4169921875 0.0625 0.333984375
v 0.46484375 0.05859375 0.33056640625
v 0.49169921875 0.06689453125 0.2138671875
v 0.49169921875 0.06689453125 0.2138671875
v 0.32373046875 0.0654296875 0.2509765625
v 0.23828125 -0.0048828125 0.51708984375
v 0.2353515625 -0.0029296875 0.54248046875
v 0.123046875 -0.00390625 0.58203125
v 0.06982421875 -0.00341796875 0.4794921875
v 0.255859375 -0.00390625 0.45068359375
v 0.2607421875 -0.00244140625 0.5126953125
v 0.23583984375 0.0986328125 0.50537109375
v 0.17431640625 0.00732421875 0.34033203125
v 0.14111328125 0.09716796875 0.3623046875
v 0.17333984375 0.095703125 0.35498046875
v 0.1005859375 0.07080078125 0.5546875
v 0.09521484375 0.00634765625 0.55126953125
v 0.123046875 -0.00390625 0.58203125
v 0.13037109375 0.078125 0.580078125
v 0.0673828125 0.0009765625 0.4033203125
v 0.0732421875 0.0673828125 0.40625
v 0.265625 0.07080078125 0.51513671875
v 0.2607421875 -0.00244140625 0.5126953125
v 0.255859375 -0.00390625 0.45068359375
v 0.13037109375 0.078125 0.580078125
v 0.123046875 -0.00390625 0.58203125
v 0.2353515625 -0.0029296875 0.54248046875
v 0.23046875 0.076171875 0.541015625
v 0.17431640625 0.00732421875 0.34033203125
v 0.23046875 0.076171875 0.541015625
v 0.2353515625 -0.0029296875 0.54248046875
v 0.23828125 -0.0048828125 0.51708984375
v 0.2373046875 0.07080078125 0.51953125
v 0.0732421875 0.0673828125 0.40625
v 0.0673828125 0.0009765625 0.4033203125
v 0.06982421875 -0.00341796875 0.4794921875
v 0.0732421875 0.07080078125 0.48046875
v 0.09521484375 0.00634765625 0.55126953125
v 0.23583984375 0.0986328125 0.50537109375
v 0.17333984375 0.095703125 0.35498046875
v 0.14111328125 0.09716796875 0.3623046875
v 0.0732421875 0.0673828125 0.40625
v 0.23046875 0.076171875 0.541015625
v 0.23583984375 0.0986328125 0.50537109375
v 0.23974609375 0.09765625 0.455078125
v 0.0732421875 0.07080078125 0.48046875
v 0.10107421875 0.1005859375 0.50634765625
v 0.23583984375 0.0986328125 0.50537109375
v -0.1201171875 0.00244140625 0.39599609375
v -0.001953125 0.00244140625 0.3935546875
v -0.05224609375 0.00244140625 0.5537109375
v -0.11328125 0.00390625 0.533203125
v -0.10693359375 0.00146484375 0.51318359375
v -0.13037109375 0.0048828125 0.50146484375
v -0.0947265625 0.06982421875 0.51513671875
v 0.08203125 0.00927734375 0.5302734375
v 0.07666015625 0.0654296875 0.49462890625
v 0.06884765625 0.06884765625 0.5244140625
v 0.0693359375 0.00634765625 0.42138671875
v 0.06640625 0.04052734375 0.4208984375
v -0.11328125 0.00390625 0.533203125
v -0.05224609375 0.00244140625 0.5537109375
v -0.11962890625 0.0537109375 0.396484375
v -0.1201171875 0.00244140625 0.39599609375
v -0.13037109375 0.0048828125 0.50146484375
v -0.12646484375 0.05419921875 0.498046875
v 0.08203125 0.00927734375 0.5302734375
v 0.06884765625 0.06884765625 0.5244140625
v -0.12646484375 0.05419921875 0.498046875
v -0.13037109375 0.0048828125 0.50146484375
v -0.10693359375 0.00146484375 0.51318359375
v -0.1083984375 0.05126953125 0.51123046875
v 0.06640625 0.04052734375 0.4208984375
v 0.0693359375 0.00634765625 0.42138671875
v -0.001953125 0.00244140625 0.3935546875
v -0.0048828125 0.05126953125 0.396484375
v -0.07861328125 0.0087890625 0.38671875
v 0.060546875 0.06103515625 0.44580078125
v 0.06640625 0.04052734375 0.4208984375
v -0.0048828125 0.05126953125 0.396484375
v -0.0400390625 0.07177734375 0.4091796875
v -0.11962890625 0.0537109375 0.396484375
v -0.12646484375 0.05419921875 0.498046875
v -0.0947265625 0.06982421875 0.51513671875
v -0.044921875 0.06689453125 0.548828125
v 0.06884765625 0.06884765625 0.5244140625
v 0.07666015625 0.0654296875 0.49462890625
v 0.060546875 0.06103515625 0.44580078125
v -0.11474609375 0.0068359375 0.38623046875
v -0.1328125 -0.0048828125 0.50732421875
v -0.20947265625 -0.0048828125 0.513671875
v -0.2734375 -0.0048828125 0.48681640625
v -0.3203125 0.00390625 0.43359375
v -0.0400390625 0.07177734375 0.4091796875
v -0.0947265625 0.06982421875 0.51513671875
v -0.20947265625 -0.0048828125 0.513671875
v -0.1328125 -0.0048828125 0.50732421875
v -0.26025390625 0.01318359375 0.3525390625
v -0.12158203125 0.01171875 0.51611328125
v -0.11474609375 0.0068359375 0.38623046875
v -0.1279296875 0.14208984375 0.40283203125
v -0.13525390625 0.14599609375 0.484375
v -0.2890625 0.154296875 0.4326171875
v -0.1328125 -0.0048828125 0.50732421875
v -0.26025390625 0.01318359375 0.3525390625
v -0.2509765625 0.1416015625 0.36962890625
v -0.2890625 0.154296875 0.4326171875
v -0.26318359375 0.17236328125 0.47265625
v -0.16650390625 0.15625 0.3896484375
v -0.1279296875 0.14208984375 0.40283203125
v -0.13525390625 0.14599609375 0.484375
v -0.205078125 0.15380859375 0.5048828125
v -0.2509765625 0.1416015625 0.36962890625
v -0.33447265625 0.0 0.2294921875
v -0.25537109375 0.00146484375 0.33740234375
v -0.31689453125 0.0029296875 0.42236328125
v -0.35009765625 0.00537109375 0.42138671875
v -0.37890625 0.001953125 0.38818359375
v -0.3818359375 0.00048828125 0.3681640625
v -0.400390625 0.00341796875 0.36572265625
v -0.42138671875 0.00146484375 0.30908203125
v -0.42138671875 0.00537109375 0.27392578125
v -0.33447265625 0.0 0.2294921875
v -0.33056640625 0.01611328125 0.220703125
v -0.39794921875 0.07373046875 0.3525390625
v -0.4189453125 0.07666015625 0.3076171875
v -0.42138671875 0.00146484375 0.30908203125
v -0.400390625 0.00341796875 0.36572265625
v -0.33935546875 0.0771484375 0.24267578125
v -0.27001953125 0.07275390625 0.3369140625
v -0.33837890625 0.0576171875 0.22412109375
v -0.3505859375 0.0625 0.4169921875
v -0.38037109375 0.06103515625 0.36328125
v -0.37890625 0.001953125 0.38818359375
v -0.35009765625 0.00537109375 0.42138671875
v -0.25244140625 0.0517578125 0.330078125
v -0.32177734375 0.0654296875 0.419921875
v -0.31689453125 0.0029296875 0.42236328125
v -0.25537109375 0.00146484375 0.33740234375
v -0.3818359375 0.00048828125 0.3681640625
v -0.41650390625 0.0751953125 0.275390625
v -0.42138671875 0.00537109375 0.27392578125
v -0.39794921875 0.07373046875 0.3525390625
v -0.400390625 0.00341796875 0.36572265625
v -0.3818359375 0.00048828125 0.3681640625
v -0.38037109375 0.06103515625 0.36328125
v -0.3505859375 0.0625 0.4169921875
v -0.35009765625 0.00537109375 0.42138671875
v -0.27001953125 0.07275390625 0.3369140625
v -0.33935546875 0.0771484375 0.24267578125
v -0.41650390625 0.0751953125 0.275390625
v -0.4189453125 0.07666015625 0.3076171875
v -0.39794921875 0.07373046875 0.3525390625
v -0.38037109375 0.06103515625 0.36328125
v -0.27001953125 0.07275390625 0.3369140625
v -0.357421875 0.07861328125 0.359375
v -0.46240234375 0.00244140625 0.283203125
v -0.50537109375 0.00244140625 0.1728515625
v -0.337890625 0.00244140625 0.1650390625
v -0.3359375 0.00390625 0.22900390625
v -0.3564453125 0.00146484375 0.22998046875
v -0.35986328125 0.0048828125 0.25634765625
v -0.359375 0.06982421875 0.21826171875
v -0.40625 0.00927734375 0.04638671875
v -0.43798828125 0.0654296875 0.06396484375
v -0.4072265625 0.06884765625 0.06103515625
v -0.50390625 0.00634765625 0.09619140625
v -0.50341796875 0.04052734375 0.09912109375
v -0.3359375 0.00390625 0.22900390625
v -0.337890625 0.00244140625 0.1650390625
v -0.4619140625 0.0537109375 0.28271484375
v -0.46240234375 0.00244140625 0.283203125
v -0.35986328125 0.0048828125 0.25634765625
v -0.3642578125 0.05419921875 0.25341796875
v -0.40625 0.00927734375 0.04638671875
v -0.4072265625 0.06884765625 0.06103515625
v -0.3642578125 0.05419921875 0.25341796875
v -0.35986328125 0.0048828125 0.25634765625
v -0.3564453125 0.00146484375 0.22998046875
v -0.3583984375 0.05126953125 0.232421875
v -0.50341796875 0.04052734375 0.09912109375
v -0.50390625 0.00634765625 0.09619140625
v -0.50537109375 0.00244140625 0.1728515625
v -0.50146484375 0.05126953125 0.1748046875
v -0.4853515625 0.0087890625 0.24755859375
v -0.47802734375 0.06103515625 0.09619140625
v -0.50341796875 0.04052734375 0.09912109375
v -0.50146484375 0.05126953125 0.1748046875
v -0.4775390625 0.07177734375 0.20361328125
v -0.4619140625 0.0537109375 0.28271484375
v -0.3642578125 0.05419921875 0.25341796875
v -0.359375 0.06982421875 0.21826171875
v -0.34521484375 0.06689453125 0.15966796875
v -0.4072265625 0.06884765625 0.06103515625
v -0.43798828125 0.0654296875 0.06396484375
v -0.47802734375 0.06103515625 0.09619140625
v -0.4775390625 0.07177734375 0.20361328125
v -0.359375 0.06982421875 0.21826171875
v -0.4033203125 -0.00048828125 -0.06591796875
v -0.38037109375 -0.00048828125 0.05517578125
v -0.4990234375 0.0068359375 0.083984375
v -0.5205078125 0.0029296875 0.05224609375
v -0.5185546875 0.00341796875 -0.06689453125
v -0.5 0.00830078125 -0.0927734375
v -0.37158203125 0.0146484375 0.05908203125
v -0.38037109375 -0.00048828125 0.05517578125
v -0.4033203125 -0.00048828125 -0.06591796875
v -0.39599609375 0.013671875 -0.07568359375
v -0.37158203125 0.0146484375 0.05908203125
v -0.37353515625 0.052734375 0.05419921875
v -0.39208984375 0.0654296875 -0.04541015625
v -0.49609375 0.05859375 0.080078125
v -0.5185546875 0.00341796875 -0.06689453125
v -0.52001953125 0.0517578125 -0.072265625
v -0.49658203125 0.064453125 -0.08837890625
v -0.5205078125 0.0029296875 0.05224609375
v -0.4990234375 0.0068359375 0.083984375
v -0.49609375 0.05859375 0.080078125
v -0.521484375 0.064453125 0.03515625
v -0.5185546875 0.00341796875 -0.06689453125
v -0.52001953125 0.0517578125 -0.072265625
v -0.40966796875 0.06298828125 -0.0771484375
v -0.40966796875 0.06298828125 -0.0771484375
v -0.38232421875 0.009765625 -0.0771484375
v -0.5048828125 -0.001953125 -0.10302734375
v -0.50634765625 -0.001953125 -0.1826171875
v -0.47509765625 -0.001953125 -0.24609375
v -0.41748046875 0.0068359375 -0.29052734375
v -0.3828125 0.0673828125 0.05126953125
v -0.39208984375 0.0654296875 -0.04541015625
v -0.40966796875 0.06298828125 -0.0771484375
v -0.49658203125 0.064453125 -0.08837890625
v -0.521484375 0.064453125 0.03515625
v -0.49609375 0.05859375 0.080078125
v -0.3828125 0.0673828125 0.05126953125
v -0.49658203125 0.064453125 -0.08837890625
v -0.51904296875 0.01611328125 -0.18310546875
v -0.50634765625 -0.001953125 -0.1826171875
v -0.5048828125 -0.001953125 -0.10302734375
v -0.5146484375 0.01513671875 -0.09228515625
v -0.33837890625 0.01611328125 -0.22412109375
v -0.5146484375 0.01513671875 -0.09228515625
v -0.38232421875 0.009765625 -0.0771484375
v -0.3984375 0.14892578125 -0.09130859375
v -0.4814453125 0.15283203125 -0.10400390625
v -0.41796875 0.1611328125 -0.25830078125
v -0.49609375 0.16259765625 -0.1826171875
v -0.5048828125 -0.001953125 -0.10302734375
v -0.33837890625 0.01611328125 -0.22412109375
v -0.494140625 0.1552734375 -0.150390625
v -0.3564453125 0.14794921875 -0.21533203125
v -0.41796875 0.1611328125 -0.25830078125
v -0.4609375 0.1796875 -0.234375
v -0.38232421875 0.1630859375 -0.13037109375
v -0.3984375 0.14892578125 -0.09130859375
v -0.4814453125 0.15283203125 -0.10400390625
v -0.49609375 0.16259765625 -0.1826171875
v -0.494140625 0.1552734375 -0.150390625
v -0.3564453125 0.14794921875 -0.21533203125
v -0.39794921875 0.0 -0.30224609375
v -0.3271484375 0.00146484375 -0.41552734375
v -0.2255859375 0.0029296875 -0.39013671875
v -0.2138671875 0.00537109375 -0.35888671875
v -0.234375 0.001953125 -0.31982421875
v -0.25146484375 0.00048828125 -0.3095703125
v -0.2470703125 0.00341796875 -0.29150390625
v -0.2919921875 0.00146484375 -0.2509765625
v -0.32470703125 0.00537109375 -0.23828125
v -0.39794921875 0.0 -0.30224609375
v -0.40771484375 0.01611328125 -0.30224609375
v -0.26025390625 0.07373046875 -0.2890625
v -0.2939453125 0.07666015625 -0.25244140625
v -0.2919921875 0.00146484375 -0.2509765625
v -0.2470703125 0.00341796875 -0.29150390625
v -0.3837890625 0.0771484375 -0.302734375
v -0.322265625 0.07275390625 -0.40185546875
v -0.4013671875 0.0576171875 -0.296875
v -0.2177734375 0.0625 -0.35693359375
v -0.2568359375 0.06103515625 -0.30908203125
v -0.234375 0.001953125 -0.31982421875
v -0.2138671875 0.00537109375 -0.35888671875
v -0.3349609375 0.0517578125 -0.416015625
v -0.2255859375 0.0654296875 -0.384765625
v -0.2255859375 0.0029296875 -0.39013671875
v -0.3271484375 0.00146484375 -0.41552734375
v -0.25146484375 0.00048828125 -0.3095703125
v -0.3251953125 0.0751953125 -0.24267578125
v -0.32470703125 0.00537109375 -0.23828125
v -0.26025390625 0.07373046875 -0.2890625
v -0.2470703125 0.00341796875 -0.29150390625
v -0.25146484375 0.00048828125 -0.3095703125
v -0.2568359375 0.06103515625 -0.30908203125
v -0.2177734375 0.0625 -0.35693359375
v -0.2138671875 0.00537109375 -0.35888671875
v -0.322265625 0.07275390625 -0.40185546875
v -0.3837890625 0.0771484375 -0.302734375
v -0.3251953125 0.0751953125 -0.24267578125
v -0.2939453125 0.07666015625 -0.25244140625
v -0.26025390625 0.07373046875 -0.2890625
v -0.2568359375 0.06103515625 -0.30908203125
v -0.322265625 0.07275390625 -0.40185546875
v -0.26904296875 0.07861328125 -0.3291015625
v -0.22314453125 -0.00048828125 -0.333984375
v -0.2763671875 -0.00048828125 -0.43701171875
v -0.1728515625 0.0068359375 -0.50830078125
v -0.142578125 0.00390625 -0.48779296875
v -0.12109375 -0.0009765625 -0.36083984375
v -0.28662109375 0.013671875 -0.43505859375
v -0.283203125 0.052734375 -0.43212890625
v -0.27392578125 0.06689453125 -0.43798828125
v -0.224609375 0.01513671875 -0.32080078125
v -0.22314453125 -0.00048828125 -0.333984375
v -0.12109375 -0.0009765625 -0.36083984375
v -0.1201171875 0.0146484375 -0.34423828125
v -0.28662109375 0.013671875 -0.43505859375
v -0.2763671875 -0.00048828125 -0.43701171875
v -0.22314453125 -0.00048828125 -0.333984375
v -0.224609375 0.01513671875 -0.32080078125
v -0.283203125 0.052734375 -0.43212890625
v -0.23779296875 0.064453125 -0.34716796875
v -0.1064453125 0.0146484375 -0.37353515625
v -0.142578125 0.00390625 -0.48779296875
v -0.1064453125 0.0146484375 -0.37353515625
v -0.12109375 -0.0009765625 -0.36083984375
v -0.1083984375 0.0517578125 -0.37255859375
v -0.126953125 0.0654296875 -0.34912109375
v -0.1728515625 0.0068359375 -0.50830078125
v -0.17431640625 0.05859375 -0.50390625
v -0.13720703125 0.0625 -0.4736328125
v -0.1083984375 0.0517578125 -0.37255859375
v -0.17431640625 0.05859375 -0.50390625
v -0.21240234375 0.06298828125 -0.32568359375
v -0.21240234375 0.06298828125 -0.32568359375
v -0.23779296875 0.064453125 -0.34716796875
v -0.21240234375 0.06298828125 -0.32568359375
v -0.126953125 0.0654296875 -0.34912109375
v -0.13720703125 0.0625 -0.4736328125
v -0.17431640625 0.05859375 -0.50390625
v -0.27392578125 0.06689453125 -0.43798828125
v -0.27392578125 0.06689453125 -0.43798828125
v -0.126953125 0.0654296875 -0.34912109375
v 0.076171875 0.00244140625 -0.3779296875
v -0.0400390625 0.00244140625 -0.361328125
v -0.00927734375 0.00244140625 -0.5263671875
v 0.052734375 0.00390625 -0.51318359375
v 0.04931640625 0.00146484375 -0.49267578125
v 0.07421875 0.0048828125 -0.48388671875
v 0.037109375 0.06982421875 -0.4931640625
v -0.140625 0.00927734375 -0.4873046875
v -0.130859375 0.0654296875 -0.4521484375
v -0.12646484375 0.06884765625 -0.48291015625
v -0.11474609375 0.00634765625 -0.38037109375
v -0.11181640625 0.04052734375 -0.38037109375
v 0.052734375 0.00390625 -0.51318359375
v -0.00927734375 0.00244140625 -0.5263671875
v 0.07568359375 0.0537109375 -0.37841796875
v 0.076171875 0.00244140625 -0.3779296875
v 0.07421875 0.0048828125 -0.48388671875
v 0.0703125 0.05419921875 -0.47998046875
v -0.140625 0.00927734375 -0.4873046875
v -0.12646484375 0.06884765625 -0.48291015625
v 0.0703125 0.05419921875 -0.47998046875
v 0.07421875 0.0048828125 -0.48388671875
v 0.04931640625 0.00146484375 -0.49267578125
v 0.05078125 0.05126953125 -0.49072265625
v -0.11181640625 0.04052734375 -0.38037109375
v -0.11474609375 0.00634765625 -0.38037109375
v -0.0400390625 0.00244140625 -0.361328125
v -0.03759765625 0.05126953125 -0.36474609375
v 0.0361328125 0.0087890625 -0.36376953125
v -0.10888671875 0.06103515625 -0.40576171875
v -0.11181640625 0.04052734375 -0.38037109375
v -0.03759765625 0.05126953125 -0.36474609375
v -0.00390625 0.07177734375 -0.38134765625
v 0.07568359375 0.0537109375 -0.37841796875
v 0.0703125 0.05419921875 -0.47998046875
v 0.037109375 0.06982421875 -0.4931640625
v -0.01611328125 0.06689453125 -0.5205078125
v -0.12646484375 0.06884765625 -0.48291015625
v -0.130859375 0.0654296875 -0.4521484375
v -0.10888671875 0.06103515625 -0.40576171875
v -0.00390625 0.07177734375 -0.38134765625
v 0.037109375 0.06982421875 -0.4931640625
v 0.36572265625 0.19091796875 -0.3076171875
v 0.3388671875 0.189453125 -0.275390625
v 0.3564453125 0.08154296875 -0.23291015625
v 0.40380859375 -0.00341796875 -0.333984375
v 0.3515625 -0.0029296875 -0.3916015625
v 0.416015625 0.02587890625 -0.34619140625
v 0.2666015625 -0.0029296875 -0.4365234375
v 0.18310546875 0.02197265625 -0.33251953125
v 0.17529296875 0.0185546875 -0.3701171875
v 0.1962890625 -0.00341796875 -0.34326171875
v 0.3515625 -0.0029296875 -0.24609375
v 0.40380859375 -0.00341796875 -0.333984375
v 0.36083984375 0.01953125 -0.22998046875
v 0.294921875 -0.0029296875 -0.2548828125
v 0.3515625 -0.0029296875 -0.24609375
v 0.17529296875 0.0185546875 -0.3701171875
v 0.25634765625 0.01806640625 -0.453125
v 0.24609375 0.07763671875 -0.435546875
v 0.22998046875 0.17138671875 -0.39306640625
v 0.30419921875 0.17529296875 -0.396484375
v 0.3759765625 0.16650390625 -0.345703125
v 0.18359375 0.0888671875 -0.36181640625
v 0.2099609375 0.1533203125 -0.33740234375
v 0.21337890625 0.16796875 -0.37548828125
v 0.3759765625 0.16650390625 -0.345703125
v 0.1962890625 -0.00341796875 -0.34326171875
v 0.24609375 0.07763671875 -0.435546875
v 0.25634765625 0.01806640625 -0.453125
v 0.35546875 0.18359375 -0.3505859375
v 0.35546875 0.18359375 -0.3505859375
v 0.22998046875 0.17138671875 -0.39306640625
v 0.17919921875 -0.00048828125 -0.35546875
v 0.06689453125 -0.00048828125 -0.38134765625
v 0.07958984375 0.0068359375 -0.50634765625
v 0.1142578125 0.00390625 -0.5166015625
v 0.22509765625 -0.0009765625 -0.4501953125
v 0.0615234375 0.013671875 -0.3720703125
v 0.06591796875 0.052734375 -0.373046875
v 0.0673828125 0.06689453125 -0.3837890625
v 0.1884765625 0.01513671875 -0.345703125
v 0.17919921875 -0.00048828125 -0.35546875
v 0.22509765625 -0.0009765625 -0.4501953125
v 0.23828125 0.0146484375 -0.4404296875
v 0.0615234375 0.013671875 -0.3720703125
v 0.06689453125 -0.00048828125 -0.38134765625
v 0.17919921875 -0.00048828125 -0.35546875
v 0.1884765625 0.01513671875 -0.345703125
v 0.06591796875 0.052734375 -0.373046875
v 0.15966796875 0.064453125 -0.3525390625
v 0.224609375 0.0146484375 -0.4697265625
v 0.1142578125 0.00390625 -0.5166015625
v 0.224609375 0.0146484375 -0.4697265625
v 0.22509765625 -0.0009765625 -0.4501953125
v 0.22412109375 0.0517578125 -0.4677734375
v 0.22998046875 0.0654296875 -0.4384765625
v 0.07958984375 0.0068359375 -0.50634765625
v 0.08154296875 0.05859375 -0.50244140625
v 0.12841796875 0.0625 -0.51123046875
v 0.22412109375 0.0517578125 -0.4677734375
v 0.08154296875 0.05859375 -0.50244140625
v 0.19287109375 0.06298828125 -0.35791015625
v 0.19287109375 0.06298828125 -0.35791015625
v 0.15966796875 0.064453125 -0.3525390625
v 0.19287109375 0.06298828125 -0.35791015625
v 0.22998046875 0.0654296875 -0.4384765625
v 0.12841796875 0.0625 -0.51123046875
v 0.08154296875 0.05859375 -0.50244140625
v 0.0673828125 0.06689453125 -0.3837890625
v 0.0673828125 0.06689453125 -0.3837890625
v 0.22998046875 0.0654296875 -0.4384765625
v 0.4091796875 -0.00048828125 -0.07666015625
v 0.33349609375 -0.00048828125 -0.2216796875
v 0.42626953125 0.0068359375 -0.30078125
v 0.46142578125 0.00244140625 -0.27294921875
v 0.52197265625 0.00390625 -0.119140625
v 0.51611328125 0.0087890625 -0.08251953125
v 0.322265625 0.01416015625 -0.2177734375
v 0.322265625 0.01416015625 -0.2177734375
v 0.33349609375 -0.00048828125 -0.2216796875
v 0.4091796875 -0.00048828125 -0.07666015625
v 0.40771484375 0.01513671875 -0.060546875
v 0.326171875 0.052734375 -0.2138671875
v 0.38671875 0.0654296875 -0.10302734375
v 0.42431640625 0.0595703125 -0.294921875
v 0.52197265625 0.00390625 -0.119140625
v 0.525390625 0.0517578125 -0.1142578125
v 0.5107421875 0.06396484375 -0.08544921875
v 0.46142578125 0.00244140625 -0.27294921875
v 0.42626953125 0.0068359375 -0.30078125
v 0.42431640625 0.0595703125 -0.294921875
v 0.47119140625 0.064453125 -0.25048828125
v 0.52197265625 0.00390625 -0.119140625
v 0.525390625 0.0517578125 -0.1142578125
v 0.42138671875 0.0625 -0.06591796875
v 0.42138671875 0.0625 -0.06591796875
v 0.3359375 0.0673828125 -0.21630859375
v 0.38671875 0.0654296875 -0.10302734375
v 0.42138671875 0.0625 -0.06591796875
v 0.5107421875 0.06396484375 -0.08544921875
v 0.47119140625 0.064453125 -0.25048828125
v 0.42431640625 0.0595703125 -0.294921875
v 0.3359375 0.0673828125 -0.21630859375
v 0.5107421875 0.06396484375 -0.08544921875
v 0.11328125 0.0625 -0.4423828125
v 0.10791015625 0.06494140625 -0.4150390625
v 0.052734375 0.05908203125 -0.41064453125
v 0.04541015625 0.05908203125 -0.455078125
v 0.07568359375 0.06298828125 -0.4765625
v 0.10205078125 0.06689453125 -0.46875
v 0.05126953125 0.07470703125 -0.40771484375
v 0.10791015625 0.06494140625 -0.4150390625
v 0.1015625 0.1025390625 -0.4248046875
v 0.0595703125 0.0986328125 -0.416015625
v 0.10205078125 0.06689453125 -0.46875
v 0.07763671875 0.099609375 -0.46142578125
v 0.03955078125 0.07568359375 -0.4541015625
v 0.04541015625 0.05908203125 -0.455078125
v 0.052734375 0.05908203125 -0.41064453125
v 0.05126953125 0.07470703125 -0.40771484375
v 0.04541015625 0.05908203125 -0.455078125
v 0.03955078125 0.07568359375 -0.4541015625
v 0.1015625 0.1025390625 -0.4248046875
v 0.07763671875 0.099609375 -0.46142578125
v 0.0458984375 0.09814453125 -0.4462890625
v 0.0595703125 0.0986328125 -0.416015625
v 0.0458984375 0.09814453125 -0.4462890625
v 0.052734375 0.05908203125 -0.41064453125
v 0.0458984375 0.09814453125 -0.4462890625
v 0.0595703125 0.0986328125 -0.416015625
v 0.46337890625 -0.0009765625 -0.25927734375
v 0.43408203125 0.0068359375 -0.24365234375
v 0.38330078125 -0.00146484375 -0.30810546875
v 0.42431640625 -0.00146484375 -0.3486328125
v 0.4736328125 0.00341796875 -0.330078125
v 0.48779296875 0.00830078125 -0.2919921875
v 0.43994140625 0.05078125 -0.2587890625
v 0.458984375 0.04638671875 -0.31591796875
v 0.41845703125 0.01806640625 -0.3544921875
v 0.42431640625 -0.00146484375 -0.3486328125
v 0.38330078125 -0.00146484375 -0.30810546875
v 0.37939453125 0.015625 -0.3173828125
v 0.42431640625 -0.00146484375 -0.3486328125
v 0.41845703125 0.01806640625 -0.3544921875
v 0.39404296875 0.04541015625 -0.30126953125
v 0.43994140625 0.05078125 -0.2587890625
v 0.458984375 0.04638671875 -0.31591796875
v 0.416015625 0.044921875 -0.3408203125
v 0.416015625 0.044921875 -0.3408203125
v 0.416015625 0.044921875 -0.3408203125
v 0.39404296875 0.04541015625 -0.30126953125
v 0.5380859375 -0.0009765625 -0.13720703125
v 0.5712890625 0.0068359375 -0.1357421875
v 0.58154296875 -0.00146484375 -0.05419921875
v 0.525390625 -0.00146484375 -0.04052734375
v 0.49267578125 0.00341796875 -0.08203125
v 0.5 0.00830078125 -0.12158203125
v 0.55859375 0.05078125 -0.12548828125
v 0.5126953125 0.04638671875 -0.08642578125
v 0.52783203125 0.01806640625 -0.0322265625
v 0.525390625 -0.00146484375 -0.04052734375
v 0.58154296875 -0.00146484375 -0.05419921875
v 0.580078125 0.015625 -0.04443359375
v 0.525390625 -0.00146484375 -0.04052734375
v 0.52783203125 0.01806640625 -0.0322265625
v 0.57568359375 0.04541015625 -0.06591796875
v 0.55859375 0.05078125 -0.12548828125
v 0.5126953125 0.04638671875 -0.08642578125
v 0.537109375 0.044921875 -0.04296875
v 0.537109375 0.044921875 -0.04296875
v 0.537109375 0.044921875 -0.04296875
v 0.57568359375 0.04541015625 -0.06591796875
v 0.0224609375 -0.0009765625 0.51025390625
v 0.04345703125 0.0068359375 0.484375
v 0.11474609375 -0.00146484375 0.52490234375
v 0.09228515625 -0.00146484375 0.578125
v 0.03955078125 0.00341796875 0.57958984375
v 0.01220703125 0.00830078125 0.5498046875
v 0.0439453125 0.05078125 0.5009765625
v 0.0478515625 0.04638671875 0.560546875
v 0.10009765625 0.01806640625 0.5810546875
v 0.09228515625 -0.00146484375 0.578125
v 0.11474609375 -0.00146484375 0.52490234375
v 0.1220703125 0.015625 0.5322265625
v 0.09228515625 -0.00146484375 0.578125
v 0.10009765625 0.01806640625 0.5810546875
v 0.10205078125 0.04541015625 0.52294921875
v 0.0439453125 0.05078125 0.5009765625
v 0.0478515625 0.04638671875 0.560546875
v 0.09765625 0.044921875 0.5673828125
v 0.09765625 0.044921875 0.5673828125
v 0.09765625 0.044921875 0.5673828125
v 0.10205078125 0.04541015625 0.52294921875
v 0.1171875 0.08935546875 0.40869140625
v 0.150390625 0.09765625 0.40576171875
v 0.1708984375 0.08935546875 0.4853515625
v 0.1171875 0.08935546875 0.50634765625
v 0.07958984375 0.0947265625 0.46923828125
v 0.08154296875 0.099609375 0.42919921875
v 0.138671875 0.1416015625 0.41796875
v 0.0986328125 0.1376953125 0.4619140625
v 0.12060546875 0.109375 0.51416015625
v 0.1171875 0.08935546875 0.50634765625
v 0.1708984375 0.08935546875 0.4853515625
v 0.1708984375 0.10693359375 0.4951171875
v 0.1171875 0.08935546875 0.50634765625
v 0.12060546875 0.109375 0.51416015625
v 0.1640625 0.13671875 0.474609375
v 0.138671875 0.1416015625 0.41796875
v 0.0986328125 0.1376953125 0.4619140625
v 0.12841796875 0.1357421875 0.50244140625
v 0.12841796875 0.1357421875 0.50244140625
v 0.12841796875 0.1357421875 0.50244140625
v 0.1640625 0.13671875 0.474609375
v -0.44482421875 -0.0009765625 0.24267578125
v -0.41259765625 0.0068359375 0.2353515625
v -0.38037109375 -0.00146484375 0.310546875
v -0.4306640625 -0.00146484375 0.33935546875
v -0.4677734375 -0.0009765625 0.30859375
v -0.47705078125 0.00830078125 0.2685546875
v -0.421875 0.05078125 0.24853515625
v -0.45556640625 0.04638671875 0.29833984375
v -0.4306640625 -0.00146484375 0.33935546875
v -0.42626953125 0.01806640625 0.3466796875
v -0.42626953125 0.01806640625 0.3466796875
v -0.4306640625 -0.00146484375 0.33935546875
v -0.38037109375 -0.00146484375 0.310546875
v -0.37939453125 0.015625 0.32080078125
v -0.38916015625 0.04541015625 0.30126953125
v -0.421875 0.05078125 0.24853515625
v -0.45556640625 0.04638671875 0.29833984375
v -0.42041015625 0.044921875 0.333984375
v -0.42041015625 0.044921875 0.333984375
v -0.42041015625 0.044921875 0.333984375
v -0.38916015625 0.04541015625 0.30126953125
v -0.08544921875 0.09130859375 0.26904296875
v -0.20166015625 0.08251953125 -0.01171875
v -0.20166015625 0.08251953125 -0.01171875
v -0.1064453125 0.00390625 0.28515625
v -0.21630859375 0.00390625 -0.00634765625
v 0.01806640625 0.00390625 0.23779296875
v -0.09130859375 0.00390625 -0.05322265625
v -0.28564453125 0.0986328125 -0.21484375
v -0.20166015625 0.08251953125 -0.01171875
v -0.1181640625 0.0927734375 -0.05126953125
v -0.06103515625 0.072265625 0.37158203125
v -0.01806640625 0.10009765625 0.35595703125
v -0.02587890625 0.11279296875 0.3466796875
v -0.07568359375 0.078125 0.365234375
v -0.0830078125 0.00439453125 0.36767578125
v 0.0302734375 0.087890625 0.337890625
v 0.05859375 0.0048828125 0.32080078125
v 0.05615234375 0.04248046875 0.328125
v 0.0634765625 0.04833984375 0.31396484375
v 0.03173828125 0.099609375 0.3251953125
v -0.14892578125 0.00439453125 -0.26416015625
v -0.1748046875 0.00439453125 -0.27294921875
v -0.166015625 0.04931640625 -0.2763671875
v -0.1416015625 0.0478515625 -0.26416015625
v -0.14892578125 0.00439453125 -0.26416015625
v -0.1416015625 0.0478515625 -0.26416015625
v -0.0830078125 0.04541015625 -0.04443359375
v -0.09130859375 0.00390625 -0.05322265625
v -0.31103515625 0.0517578125 -0.20361328125
v -0.21826171875 0.04296875 0.0048828125
v -0.20166015625 0.08251953125 -0.01171875
v -0.28564453125 0.0986328125 -0.21484375
v -0.17919921875 0.1171875 -0.22900390625
v -0.1181640625 0.0927734375 -0.05126953125
v -0.1181640625 0.0927734375 -0.05126953125
v -0.201171875 0.1025390625 -0.26318359375
v -0.166015625 0.04931640625 -0.2763671875
v -0.201171875 0.1025390625 -0.26318359375
v -0.2900390625 0.00439453125 -0.2294921875
v -0.08837890625 0.06103515625 -0.0556640625
v -0.06640625 0.08837890625 -0.029296875
v -0.201171875 0.1025390625 -0.26318359375
v -0.1943359375 0.08984375 0.1357421875
v -0.18896484375 0.10693359375 0.09765625
v -0.21533203125 0.08349609375 0.0986328125
v -0.1943359375 0.08984375 0.1357421875
v -0.18896484375 0.10693359375 0.09765625
v -0.10205078125 0.130859375 -0.1640625
v 0.20703125 0.0712890625 -0.20166015625
v 0.2890625 0.00439453125 -0.2021484375
v -0.0927734375 0.0751953125 -0.14697265625
v -0.08056640625 0.1669921875 -0.14990234375
v -0.07080078125 0.19140625 -0.11669921875
v -0.07080078125 0.19140625 -0.11669921875
v -0.30322265625 0.09033203125 -0.0146484375
v -0.08837890625 0.06103515625 -0.0556640625
v -0.07177734375 0.14453125 -0.0224609375
v 0.31494140625 0.04541015625 -0.05810546875
v 0.32470703125 0.10595703125 -0.080078125
v 0.32470703125 0.10595703125 -0.080078125
v 0.29736328125 0.0595703125 -0.22216796875
v 0.31201171875 0.11474609375 -0.1943359375
v 0.322265625 0.103515625 -0.18603515625
v 0.31201171875 0.11474609375 -0.1943359375
v 0.32373046875 0.13232421875 -0.13623046875
v 0.31494140625 0.00439453125 -0.091796875
v 0.302734375 0.00439453125 -0.189453125
v 0.31005859375 0.05810546875 -0.21044921875
v 0.2890625 0.00439453125 -0.2021484375
v 0.29736328125 0.0595703125 -0.22216796875
v 0.30419921875 0.00439453125 -0.0751953125
v -0.0927734375 0.0751953125 -0.14697265625
v -0.31201171875 0.10302734375 -0.125
v -0.31201171875 0.10302734375 -0.125
v -0.0927734375 0.0751953125 -0.14697265625
v -0.07958984375 0.048828125 -0.10009765625
v -0.310546875 0.076171875 -0.06640625
v -0.283203125 0.2421875 -0.10546875
v -0.07080078125 0.19140625 -0.11669921875
v -0.08056640625 0.1669921875 -0.14990234375
v -0.08837890625 0.06103515625 -0.0556640625
v -0.30322265625 0.09033203125 -0.0146484375
v -0.326171875 0.11181640625 -0.10107421875
v -0.29931640625 0.1767578125 0.01318359375
v -0.294921875 0.21240234375 -0.00244140625
v -0.29638671875 0.23876953125 -0.05322265625
v -0.294921875 0.21240234375 -0.00244140625
v -0.29638671875 0.23876953125 -0.05322265625
v -0.31201171875 0.10302734375 -0.125
v -0.30517578125 0.15380859375 -0.1484375
v -0.294921875 0.21240234375 -0.00244140625
v -0.29931640625 0.1767578125 0.01318359375
v -0.27587890625 0.25439453125 -0.052734375
v -0.283203125 0.2421875 -0.10546875
v 0.10498046875 0.00537109375 0.20361328125
v 0.15087890625 0.08056640625 -0.01416015625
v 0.17724609375 0.06298828125 0.1962890625
v 0.27978515625 0.18359375 -0.1484375
v 0.228515625 0.10595703125 -0.0029296875
v 0.0546875 0.076171875 0.23974609375
v 0.18505859375 0.18115234375 -0.0009765625
v 0.13330078125 0.13427734375 -0.03466796875
v 0.0546875 0.076171875 0.23974609375
v 0.08251953125 0.0986328125 0.26025390625
v 0.12890625 0.1005859375 0.26806640625
v 0.12890625 0.1005859375 0.26806640625
v 0.15966796875 0.02294921875 0.251953125
v 0.13232421875 0.00537109375 0.24853515625
v 0.27880859375 0.1455078125 -0.158203125
v 0.228515625 0.10595703125 -0.0029296875
v 0.20361328125 0.0810546875 -0.02099609375
v 0.24609375 0.11767578125 -0.1767578125
v 0.05419921875 0.0322265625 0.2255859375
v 0.228515625 0.10595703125 -0.0029296875
v 0.27880859375 0.1455078125 -0.158203125
v 0.27978515625 0.18359375 -0.1484375
v 0.232421875 0.23681640625 -0.142578125
v 0.18505859375 0.18115234375 -0.0009765625
v 0.15087890625 0.08056640625 -0.01416015625
v 0.197265625 0.12841796875 -0.1953125
v 0.17041015625 0.18505859375 -0.19140625
v 0.22265625 0.23291015625 -0.1611328125
v 0.2666015625 0.1494140625 -0.1748046875
v 0.17041015625 0.18505859375 -0.19140625
v 0.27880859375 0.1455078125 -0.158203125
v 0.27978515625 0.18359375 -0.1484375
v -0.08837890625 0.06103515625 -0.0556640625
v 0.21484375 0.00439453125 -0.09375
v 0.17041015625 0.18505859375 -0.19140625
v 0.232421875 0.23681640625 -0.142578125
v 0.19482421875 0.23681640625 -0.154296875
v 0.20654296875 0.00439453125 -0.16162109375
v -0.30615234375 0.00439453125 -0.20458984375
v 0.14404296875 0.00439453125 0.24169921875
v 0.05859375 0.0048828125 0.32080078125
v -0.30615234375 0.00439453125 -0.20458984375
v -0.21630859375 0.00390625 -0.00634765625
v -0.19091796875 0.01708984375 0.4619140625
v -0.0 0.01708984375 0.5
v -0.4619140625 0.01708984375 0.19091796875
v -0.5 0.01708984375 0.0
v -0.353515625 0.01708984375 0.353515625
v -0.19091796875 0.01708984375 -0.4619140625
v -0.353515625 0.01708984375 -0.353515625
v -0.4619140625 0.01708984375 -0.19091796875
v 0.19091796875 0.01708984375 -0.4619140625
v -0.0 0.01708984375 -0.5
v 0.4619140625 0.01708984375 -0.19091796875
v 0.5 0.01708984375 0.0
v 0.353515625 0.01708984375 -0.353515625
v 0.353515625 0.01708984375 0.353515625
v 0.19091796875 0.01708984375 0.4619140625
v 0.4619140625 0.01708984375 0.19091796875
vt 0.8923100829124451 0.2735273838043213
vt 0.9103344678878784 0.2213643193244934
vt 0.90468829870224 0.26957035064697266
vt 0.8793119192123413 0.12909972667694092
vt 0.8871172666549683 0.11362320184707642
vt 0.8970351219177246 0.14869993925094604
vt 0.5610743165016174 0.4105352759361267
vt 0.5519058704376221 0.4643898010253906
vt 0.547761857509613 0.4133493900299072
vt 0.753902018070221 0.47389984130859375
vt 0.7468976378440857 0.4648538827896118
vt 0.7594454884529114 0.4180036783218384
vt 0.8088886141777039 0.41642773151397705
vt 0.8189040422439575 0.42764735221862793
vt 0.817509651184082 0.4448124170303345
vt 0.8118245601654053 0.45062875747680664
vt 0.817470133304596 0.45725059509277344
vt 0.804680585861206 0.47904396057128906
vt 0.7941197156906128 0.4859740138053894
vt 0.3517207205295563 0.9045095443725586
vt 0.35505175590515137 0.944981038570404
vt 0.3463088274002075 0.9560185670852661
vt 0.3549840748310089 0.9595794677734375
vt 0.780349850654602 0.07394278049468994
vt 0.7744877934455872 0.06255233287811279
vt 0.7878314852714539 0.06469321250915527
vt 0.722107470035553 0.04082280397415161
vt 0.7180538773536682 0.03249436616897583
vt 0.7382455468177795 0.0351412296295166
vt 0.7146428823471069 0.015072524547576904
vt 0.7255039811134338 0.004958987236022949
vt 0.721428394317627 0.9459935426712036
vt 0.7180381417274475 0.910276472568512
vt 0.7298361659049988 0.9041898846626282
vt 0.9182787537574768 0.6226008534431458
vt 0.9218252301216125 0.5757361650466919
vt 0.9276375770568848 0.6351197957992554
vt 0.023388057947158813 0.1207321286201477
vt 0.009716672822833061 0.1218453049659729
vt 0.0073056407272815704 0.09390771389007568
vt 0.018630243837833405 0.09389126300811768
vt 0.8920688629150391 0.2738819122314453
vt 0.9091699123382568 0.22175872325897217
vt 0.8976414799690247 0.27971744537353516
vt 0.8793119192123413 0.12909972667694092
vt 0.8884031772613525 0.11412614583969116
vt 0.8970696926116943 0.1488182544708252
vt 0.5610743165016174 0.4105352759361267
vt 0.5509849786758423 0.4639014005661011
vt 0.547761857509613 0.4133493900299072
vt 0.023388057947158813 0.1207321286201477
vt 0.009716672822833061 0.1218453049659729
vt 0.007741615641862154 0.09462761878967285
vt 0.019442204385995865 0.09476739168167114
vt 0.007625161204487085 0.42887699604034424
vt 0.03140750899910927 0.4322391152381897
vt 0.006018276326358318 0.44915807247161865
vt 0.8921772241592407 0.27372264862060547
vt 0.9101852774620056 0.22141480445861816
vt 0.8979015350341797 0.2793429493904114
vt 0.5521482229232788 0.41242218017578125
vt 0.5420515537261963 0.39090925455093384
vt 0.5558772683143616 0.38302868604660034
vt 0.30524513125419617 0.7775745391845703
vt 0.30054160952568054 0.7406938076019287
vt 0.31724098324775696 0.7758181095123291
vt 0.19102489948272705 0.8102492094039917
vt 0.22443777322769165 0.835565984249115
vt 0.22200226783752441 0.8662214875221252
vt 0.9131317734718323 0.3045457601547241
vt 0.857309103012085 0.3037869334220886
vt 0.9151216149330139 0.2923431396484375
vt 0.22218476235866547 0.8027402758598328
vt 0.22619810700416565 0.769553005695343
vt 0.25332126021385193 0.7508796453475952
vt 0.3060634136199951 0.9540371894836426
vt 0.2795705199241638 0.9624620676040649
vt 0.32223737239837646 0.9298363924026489
vt 0.8908436298370361 0.3867480158805847
vt 0.8642736077308655 0.38032376766204834
vt 0.9420974850654602 0.37571704387664795
vt 0.9168990850448608 0.36829090118408203
vt 0.25340166687965393 0.878736674785614
vt 0.23972991108894348 0.836773693561554
vt 0.28142791986465454 0.8754972219467163
vt 0.3386358916759491 0.8915687203407288
vt 0.3197464942932129 0.8827071785926819
vt 0.3164772689342499 0.8185990452766418
vt 0.3309036195278168 0.8645760416984558
vt 0.7576632499694824 0.8993314504623413
vt 0.753282904624939 0.9477778673171997
vt 0.7495715618133545 0.8957475423812866
vt 0.35505175590515137 0.944981038570404
vt 0.37133434414863586 0.9553134441375732
vt 0.34808069467544556 0.9569488763809204
vt 0.7146428823471069 0.015072524547576904
vt 0.7256354093551636 0.005182147026062012
vt 0.7328833341598511 0.03246915340423584
vt 0.7213579416275024 0.9459612369537354
vt 0.7180381417274475 0.910276472568512
vt 0.7301547527313232 0.898826003074646
vt 0.023388057947158813 0.1207321286201477
vt 0.009716672822833061 0.1218453049659729
vt 0.007741594687104225 0.09462755918502808
vt 0.019442209973931313 0.09476739168167114
vt 0.007625161204487085 0.42887699604034424
vt 0.03140751272439957 0.4322390556335449
vt 0.006018276326358318 0.44915807247161865
vt 0.8921772241592407 0.2737225294113159
vt 0.9101853370666504 0.22141480445861816
vt 0.8979015350341797 0.27934300899505615
vt 0.5521482825279236 0.41242218017578125
vt 0.5420515537261963 0.39090925455093384
vt 0.5558772683143616 0.38302868604660034
vt 0.9182787537574768 0.6226008534431458
vt 0.9218592047691345 0.5757546424865723
vt 0.9276401996612549 0.6351951956748962
vt 0.23594930768013 0.9055725336074829
vt 0.23900499939918518 0.952759325504303
vt 0.22954057157039642 0.950217068195343
vt 0.891227126121521 0.6357409358024597
vt 0.900571346282959 0.6223177313804626
vt 0.9000813961029053 0.6387157440185547
vt 0.30524513125419617 0.7775745391845703
vt 0.30054157972335815 0.7406938076019287
vt 0.31724098324775696 0.7758181095123291
vt 0.19102489948272705 0.8102492094039917
vt 0.22443777322769165 0.835565984249115
vt 0.2220022827386856 0.8662214875221252
vt 0.9131316542625427 0.3045457601547241
vt 0.8573091626167297 0.30378687381744385
vt 0.9151215553283691 0.2923431396484375
vt 0.22218479216098785 0.8027402758598328
vt 0.22619810700416565 0.769553005695343
vt 0.25332126021385193 0.7508796453475952
vt 0.3060634136199951 0.9540371894836426
vt 0.2795705199241638 0.9624620676040649
vt 0.3222373425960541 0.9298363924026489
vt 0.8908436298370361 0.3867480754852295
vt 0.8642736077308655 0.38032376766204834
vt 0.9420974254608154 0.37571704387664795
vt 0.9168990850448608 0.36829090118408203
vt 0.25340166687965393 0.878736674785614
vt 0.24843552708625793 0.8528566956520081
vt 0.28142791986465454 0.8754972219467163
vt 0.3386358916759491 0.8915687203407288
vt 0.3197464942932129 0.8827071785926819
vt 0.7576632499694824 0.8993315696716309
vt 0.753282904624939 0.9477778673171997
vt 0.7495716214179993 0.8957476615905762
vt 0.35505175590515137 0.944981038570404
vt 0.37133434414863586 0.9553134441375732
vt 0.34808075428009033 0.9569488763809204
vt 0.7146428823471069 0.015072524547576904
vt 0.7256354093551636 0.005182087421417236
vt 0.7328833341598511 0.03246915340423584
vt 0.7213579416275024 0.9459612369537354
vt 0.7180381417274475 0.910276472568512
vt 0.7301547527313232 0.8988260626792908
vt 0.9182787537574768 0.6226008534431458
vt 0.9218252301216125 0.5757361650466919
vt 0.9276375770568848 0.6351197957992554
vt 0.023388057947158813 0.1207321286201477
vt 0.009716672822833061 0.1218453049659729
vt 0.007741603534668684 0.09462755918502808
vt 0.01944221556186676 0.09476739168167114
vt 0.007625161204487085 0.42887699604034424
vt 0.03140751272439957 0.4322390556335449
vt 0.006018276326358318 0.44915807247161865
vt 0.8921772241592407 0.27372264862060547
vt 0.9101852178573608 0.22141480445861816
vt 0.8979015350341797 0.2793429493904114
vt 0.5521482825279236 0.41242218017578125
vt 0.5420515537261963 0.39090925455093384
vt 0.5558772683143616 0.38302868604660034
vt 0.8251549005508423 0.08316236734390259
vt 0.8228803873062134 0.025766432285308838
vt 0.8874083757400513 0.02365708351135254
vt 0.9071913361549377 0.0630255937576294
vt 0.9025065898895264 0.0953790545463562
vt 0.8463419675827026 0.10409325361251831
vt 0.03617770969867706 0.005972623825073242
vt 0.0611957386136055 0.026992201805114746
vt 0.06480778753757477 0.06472921371459961
vt 0.052597180008888245 0.0809662938117981
vt 0.010066911578178406 0.0628325343132019
vt 0.003906291909515858 0.03017812967300415
vt 0.014043886214494705 0.013119041919708252
vt 0.7170063257217407 0.8917362093925476
vt 0.6827729344367981 0.8937463760375977
vt 0.6839869022369385 0.8744751811027527
vt 0.04016394168138504 0.09260129928588867
vt 0.7146925330162048 0.8284280300140381
vt 0.6754776239395142 0.8031024932861328
vt 0.7095655202865601 0.7926613688468933
vt 0.6009089350700378 0.8444553017616272
vt 0.5844331979751587 0.8799362778663635
vt 0.5709728002548218 0.8476205468177795
vt 0.7853490710258484 0.3504828214645386
vt 0.8195449113845825 0.38485270738601685
vt 0.7669515609741211 0.39123815298080444
vt 0.6381753087043762 0.8859178423881531
vt 0.6148619055747986 0.8127915859222412
vt 0.9182787537574768 0.6226008534431458
vt 0.9218251705169678 0.5757361650466919
vt 0.92763751745224 0.6351198554039001
vt 0.9182787537574768 0.6226008534431458
vt 0.9220394492149353 0.5758524537086487
vt 0.9276069402694702 0.6342347860336304
vt 0.23640255630016327 0.9054252505302429
vt 0.23900499939918518 0.952759325504303
vt 0.22954057157039642 0.950217068195343
vt 0.9000813961029053 0.6387157440185547
vt 0.8912515044212341 0.6351220607757568
vt 0.900571346282959 0.6223177313804626
vt 0.44766688346862793 0.02132505178451538
vt 0.43009310960769653 0.007439255714416504
vt 0.4543921947479248 0.00641554594039917
vt 0.7776875495910645 0.7201063632965088
vt 0.7574124336242676 0.7282252311706543
vt 0.754056453704834 0.7147513031959534
vt 0.4473628103733063 0.021114051342010498
vt 0.4301011562347412 0.0074228644371032715
vt 0.4540148377418518 0.006107151508331299
vt 0.7602899074554443 0.7141146063804626
vt 0.7581592798233032 0.7282262444496155
vt 0.7520149350166321 0.7149598598480225
vt 0.056394048035144806 0.47825944423675537
vt 0.0603490024805069 0.503517210483551
vt 0.05204761028289795 0.5099045634269714
vt 0.07523190230131149 0.5049455165863037
vt 0.06098530441522598 0.513734757900238
vt 0.7776835560798645 0.7200824618339539
vt 0.755398690700531 0.6979536414146423
vt 0.44736284017562866 0.021114051342010498
vt 0.4301011562347412 0.0074228644371032715
vt 0.45401477813720703 0.006107151508331299
vt 0.7602899074554443 0.7141146063804626
vt 0.7581591606140137 0.7282262444496155
vt 0.7520149350166321 0.7149598598480225
vt 0.056393980979919434 0.47825944423675537
vt 0.0603490024805069 0.503517210483551
vt 0.05204761028289795 0.5099045634269714
vt 0.0752318948507309 0.5049454569816589
vt 0.06098530441522598 0.513734757900238
vt 0.7776834964752197 0.7200824618339539
vt 0.7553987503051758 0.6979537010192871
vt 0.4473628103733063 0.021114051342010498
vt 0.4301011562347412 0.0074228644371032715
vt 0.45401477813720703 0.006107151508331299
vt 0.7602899074554443 0.7141146063804626
vt 0.7581592798233032 0.7282262444496155
vt 0.7520149350166321 0.7149598598480225
vt 0.056394025683403015 0.47825944423675537
vt 0.0603490024805069 0.503517210483551
vt 0.05204761028289795 0.5099045634269714
vt 0.07523190230131149 0.5049455165863037
vt 0.06098530441522598 0.513734757900238
vt 0.7776834964752197 0.7200824022293091
vt 0.7553987503051758 0.6979536414146423
vt 0.44736284017562866 0.021114051342010498
vt 0.4301011562347412 0.0074228644371032715
vt 0.4540148079395294 0.006107151508331299
vt 0.7602899074554443 0.7141146063804626
vt 0.7581592202186584 0.7282262444496155
vt 0.7520149350166321 0.7149598598480225
vt 0.05639399588108063 0.47825944423675537
vt 0.0603490024805069 0.503517210483551
vt 0.05204761400818825 0.5099045634269714
vt 0.07523190230131149 0.5049455761909485
vt 0.06098530441522598 0.513734757900238
vt 0.7776834964752197 0.7200824022293091
vt 0.7553987503051758 0.6979536414146423
vt 0.4428962469100952 0.018014490604400635
vt 0.4301011562347412 0.0074228644371032715
vt 0.45401477813720703 0.006107151508331299
vt 0.7602899074554443 0.7141146063804626
vt 0.7581592798233032 0.7282261848449707
vt 0.7520149350166321 0.7149598598480225
vt 0.4496798813343048 0.02272200584411621
vt 0.05639404058456421 0.47825944423675537
vt 0.0603490024805069 0.503517210483551
vt 0.05204761028289795 0.5099045634269714
vt 0.0752318948507309 0.5049455165863037
vt 0.06098530441522598 0.513734757900238
vt 0.7776834964752197 0.7200824022293091
vt 0.755398690700531 0.6979537010192871
vt 0.0787164717912674 0.6002758741378784
vt 0.05098482221364975 0.8648486137390137
vt 0.021093856543302536 0.6007509231567383
vt 0.38302454352378845 0.8212266564369202
vt 0.40054208040237427 0.5568205118179321
vt 0.41141068935394287 0.8950923085212708
vt 0.5421388149261475 0.742952823638916
vt 0.5563469529151917 0.4781961441040039
vt 0.586520791053772 0.7422630786895752
vt 0.10795294493436813 0.8648955821990967
vt 0.12263200432062149 0.6011574268341064
vt 0.05272906273603439 0.5265193581581116
vt 0.11604265868663788 0.5275424122810364
vt 0.3626829981803894 0.8933477401733398
vt 0.6052945852279663 0.8151065111160278
vt 0.5588186979293823 0.8174818158149719
vt 0.003906276077032089 0.5286949276924133
vt 0.8952187299728394 0.8642777800559998
vt 0.8804489374160767 0.8592364192008972
vt 0.9062084555625916 0.8377577066421509
vt 0.6985512971878052 0.7688084840774536
vt 0.6340910792350769 0.6033636331558228
vt 0.7030054926872253 0.5701680183410645
vt 0.13776227831840515 0.7018474340438843
vt 0.18960410356521606 0.7216079235076904
vt 0.15294285118579865 0.7351879477500916
vt 0.20831134915351868 0.7495373487472534
vt 0.7006274461746216 0.3300427198410034
vt 0.6857833862304688 0.28571105003356934
vt 0.704798698425293 0.28646576404571533
vt 0.14647993445396423 0.7478052377700806
vt 0.15546001493930817 0.7932931184768677
vt 0.1360481232404709 0.7954384088516235
vt 0.4563121795654297 0.9036263227462769
vt 0.45438024401664734 0.9484246969223022
vt 0.43225276470184326 0.9064981341362
vt 0.43047600984573364 0.9465393424034119
vt 0.4152960181236267 0.9091746807098389
vt 0.327314555644989 0.649915337562561
vt 0.326057106256485 0.6913896799087524
vt 0.31058138608932495 0.647869884967804
vt 0.7253033518791199 0.2900473475456238
vt 0.44093573093414307 0.8405439257621765
vt 0.4542975127696991 0.5568172335624695
vt 0.46354052424430847 0.8930448889732361
vt 0.5575920939445496 0.4781957268714905
vt 0.5848826766014099 0.7423093914985657
vt 0.5421388149261475 0.742952823638916
vt 0.10633154958486557 0.8648926019668579
vt 0.09408316761255264 0.6004101634025574
vt 0.12263200432062149 0.6011574268341064
vt 0.5624697804450989 0.07874345779418945
vt 0.5692875981330872 0.004889786243438721
vt 0.5909458994865417 0.07805222272872925
vt 0.0512542724609375 0.6002721786499023
vt 0.008449120447039604 0.6010434627532959
vt 0.0372999869287014 0.526773989200592
vt 0.5260787010192871 0.8173425197601318
vt 0.496537983417511 0.7421215176582336
vt 0.7631245255470276 0.7630752325057983
vt 0.7946493625640869 0.7595108151435852
vt 0.7585901021957397 0.808064341545105
vt 0.8236829042434692 0.7378436923027039
vt 0.8611354231834412 0.7636808156967163
vt 0.642915666103363 0.7712987065315247
vt 0.6082587242126465 0.6059784889221191
vt 0.6420961022377014 0.6025533676147461
vt 0.8109467029571533 0.6825695037841797
vt 0.7753984332084656 0.5010221004486084
vt 0.8299227952957153 0.4955102801322937
vt 0.6985508799552917 0.7688084244728088
vt 0.7039805054664612 0.5718157887458801
vt 0.6225182414054871 0.5502829551696777
vt 0.6082587242126465 0.36532747745513916
vt 0.6633278131484985 0.365145206451416
vt 0.6805762052536011 0.5517757534980774
vt 0.728114664554596 0.38498806953430176
vt 0.7220921516418457 0.5559311509132385
vt 0.2877664268016815 0.6184478402137756
vt 0.27097806334495544 0.6519758701324463
vt 0.24783939123153687 0.6045085191726685
vt 0.13632190227508545 0.7031264305114746
vt 0.1739412546157837 0.7196834087371826
vt 0.15294285118579865 0.7351879477500916
vt 0.20753207802772522 0.7494747638702393
vt 0.07705700397491455 0.600261390209198
vt 0.03967761620879173 0.86485356092453
vt 0.03577073663473129 0.5276278853416443
vt 0.005751399789005518 0.5580800771713257
vt 0.40054190158843994 0.5568205118179321
vt 0.41144752502441406 0.8802840113639832
vt 0.3812906742095947 0.8595160245895386
vt 0.4592021405696869 0.8941857218742371
vt 0.45597702264785767 0.5568165183067322
vt 0.46862170100212097 0.8207342624664307
vt 0.6329099535942078 0.0031810998916625977
vt 0.6068029403686523 0.34255218505859375
vt 0.5782774090766907 0.07835972309112549
vt 0.49698197841644287 0.47813355922698975
vt 0.5278303623199463 0.7427915334701538
vt 0.4849666655063629 0.7417749762535095
vt 0.5564979314804077 0.4781961441040039
vt 0.5876683592796326 0.7422306537628174
vt 0.12263200432062149 0.6011574268341064
vt 0.10633093118667603 0.8648925423622131
vt 0.4203815162181854 0.8944975137710571
vt 0.0843721553683281 0.5264226198196411
vt 0.7467024922370911 0.8163882493972778
vt 0.7834850549697876 0.8739632964134216
vt 0.7630983591079712 0.8792441487312317
vt 0.7631244659423828 0.7630751729011536
vt 0.8189730644226074 0.7586190700531006
vt 0.8216651082038879 0.9045003652572632
vt 0.8463767766952515 0.884784460067749
vt 0.8818064332008362 0.8800911903381348
vt 0.642916202545166 0.7712986469268799
vt 0.6082587242126465 0.6059784889221191
vt 0.6420959830284119 0.6025533676147461
vt 0.8375848531723022 0.6799623966217041
vt 0.7751280069351196 0.4987032413482666
vt 0.8299224376678467 0.4955103397369385
vt 0.7098723649978638 0.7688800096511841
vt 0.7191921472549438 0.5748035907745361
vt 0.6197527647018433 0.5503303408622742
vt 0.6082587242126465 0.36532747745513916
vt 0.6633280515670776 0.365145206451416
vt 0.6794750094413757 0.5517013072967529
vt 0.7281146049499512 0.38498806953430176
vt 0.7220921516418457 0.5559311509132385
vt 0.2877665162086487 0.61844801902771
vt 0.27097803354263306 0.6519752740859985
vt 0.22548964619636536 0.5958137512207031
vt 0.14420682191848755 0.7160012722015381
vt 0.17394202947616577 0.7196836471557617
vt 0.20753201842308044 0.749474823474884
vt 0.38306817412376404 0.7802549600601196
vt 0.3995005488395691 0.5568196773529053
vt 0.4116091728210449 0.7901939153671265
vt 0.8732024431228638 0.7756596803665161
vt 0.8700879216194153 0.7505304217338562
vt 0.4098968803882599 0.13674187660217285
vt 0.4608762264251709 0.3137763738632202
vt 0.3156130909919739 0.46171802282333374
vt 0.1418883204460144 0.41504377126693726
vt 0.09758765995502472 0.23277664184570312
vt 0.24130643904209137 0.09520149230957031
vt 0.48930633068084717 0.4257861375808716
vt 0.4190680980682373 0.496024489402771
vt 0.3272972106933594 0.5340372323989868
vt 0.22796517610549927 0.534037172794342
vt 0.13619428873062134 0.49602454900741577
vt 0.06595593690872192 0.42578619718551636
vt 0.027943313121795654 0.3340153694152832
vt 0.027943313121795654 0.2346833348274231
vt 0.06595611572265625 0.14291250705718994
vt 0.13619422912597656 0.07267415523529053
vt 0.2279651165008545 0.03466141223907471
vt 0.3272972106933594 0.03466147184371948
vt 0.41906803846359253 0.07267415523529053
vt 0.48930633068084717 0.1429123878479004
vt 0.5273191332817078 0.23468327522277832
vt 0.527319073677063 0.3340153098106384
vt 0.6102682948112488 0.9031467437744141
vt 0.6428664922714233 0.8974199295043945
vt 0.6438416242599487 0.9123782515525818
vt 0.6126912832260132 0.9199563264846802
vt 0.8387702107429504 0.2800518274307251
vt 0.8151848912239075 0.2653313875198364
vt 0.8228894472122192 0.2527469992637634
vt 0.815841019153595 0.24523717164993286
vt 0.8322442770004272 0.1904609203338623
vt 0.8813868165016174 0.1991492509841919
vt 0.009716672822833061 0.1218453049659729
vt 0.023388057947158813 0.1207321286201477
vt 0.010916633531451225 0.13346785306930542
vt 0.007858319208025932 0.09482026100158691
vt 0.01957157999277115 0.09490698575973511
vt 0.03005942702293396 0.4483288526535034
vt 0.006018276326358318 0.44915807247161865
vt 0.007625161204487085 0.42887699604034424
vt 0.031501807272434235 0.431113600730896
vt 0.6438416242599487 0.9610121250152588
vt 0.6258695125579834 0.9609750509262085
vt 0.5558772683143616 0.38302868604660034
vt 0.5797213315963745 0.3796460032463074
vt 0.5845041275024414 0.40857815742492676
vt 0.8376840353012085 0.12269288301467896
vt 0.8660011887550354 0.12059032917022705
vt 0.8650251626968384 0.17710119485855103
vt 0.8381865620613098 0.174879789352417
vt 0.5845041275024414 0.4671595096588135
vt 0.7026081085205078 0.036285459995269775
vt 0.7020397782325745 0.06332480907440186
vt 0.6905101537704468 0.06493878364562988
vt 0.6925431489944458 0.03755807876586914
vt 0.02168096788227558 0.5156940221786499
vt 0.003906283527612686 0.5172902941703796
vt 0.003906283527612686 0.4808948040008545
vt 0.028038665652275085 0.4826759696006775
vt 0.8517633080482483 0.1875799298286438
vt 0.8953781723976135 0.28297650814056396
vt 0.5420515537261963 0.39090925455093384
vt 0.9358894228935242 0.10632932186126709
vt 0.9494950771331787 0.1142956018447876
vt 0.9646818041801453 0.1317533254623413
vt 0.9646818041801453 0.18103933334350586
vt 0.9501847624778748 0.18870902061462402
vt 0.921258807182312 0.18931889533996582
vt 0.6132417917251587 0.9481518864631653
vt 0.9055939316749573 0.19807648658752441
vt 0.8889581561088562 0.16885560750961304
vt 0.042877521365880966 0.46861952543258667
vt 0.6900791525840759 0.02427774667739868
vt 0.10628986358642578 0.009843409061431885
vt 0.1052195131778717 0.030144929885864258
vt 0.07365566492080688 0.03053128719329834
vt 0.07429443299770355 0.004435420036315918
vt 0.5181896686553955 0.9497340321540833
vt 0.5099533796310425 0.9530594348907471
vt 0.5150066614151001 0.9009393453598022
vt 0.3845501244068146 0.9080745577812195
vt 0.38470903038978577 0.9542270302772522
vt 0.37047067284584045 0.9439778923988342
vt 0.37436220049858093 0.9038175940513611
vt 0.4458531439304352 0.5180171132087708
vt 0.4644699692726135 0.515602171421051
vt 0.46634238958358765 0.5416644215583801
vt 0.4484465420246124 0.5441731810569763
vt 0.7305702567100525 0.8918305039405823
vt 0.7532377243041992 0.8917864561080933
vt 0.7533860206604004 0.9042537212371826
vt 0.3715343773365021 0.9579386115074158
vt 0.47344478964805603 0.5137579441070557
vt 0.47520947456359863 0.5425338745117188
vt 0.4941060543060303 0.9523049592971802
vt 0.48807451128959656 0.9000898599624634
vt 0.1029900312423706 0.04581409692764282
vt 0.07356736809015274 0.04374295473098755
vt 0.5369901657104492 0.10140585899353027
vt 0.5391976237297058 0.13350200653076172
vt 0.5298881530761719 0.13521736860275269
vt 0.5274927616119385 0.1070294976234436
vt 0.48989447951316833 0.883838951587677
vt 0.5171477794647217 0.8855665326118469
vt 0.7537566423416138 0.9477008581161499
vt 0.771472692489624 0.015398561954498291
vt 0.734675407409668 0.07799011468887329
vt 0.7231611609458923 0.06984466314315796
vt 0.7212264537811279 0.0501558780670166
vt 0.48275020718574524 0.9460201859474182
vt 0.5131920576095581 0.09784120321273804
vt 0.9384857416152954 0.8895549178123474
vt 0.9501014351844788 0.941916286945343
vt 0.8972030282020569 0.959267258644104
vt 0.8861023187637329 0.946381151676178
vt 0.8912298679351807 0.8902094960212708
vt 0.9186041951179504 0.6391611099243164
vt 0.9000813961029053 0.6387157440185547
vt 0.8922408819198608 0.6343020796775818
vt 0.23900499939918518 0.952759325504303
vt 0.22954057157039642 0.950217068195343
vt 0.22779881954193115 0.9024909138679504
vt 0.23876474797725677 0.9046573638916016
vt 0.9201494455337524 0.49967336654663086
vt 0.9291374087333679 0.5023149847984314
vt 0.9289645552635193 0.5572308301925659
vt 0.9201667308807373 0.5617598295211792
vt 0.9020072817802429 0.5015997886657715
vt 0.8957387804985046 0.547402024269104
vt 0.23460301756858826 0.8906481266021729
vt 0.3271690011024475 0.6177488565444946
vt 0.32216113805770874 0.5624731779098511
vt 0.33152082562446594 0.5665150284767151
vt 0.25314784049987793 0.8878000974655151
vt 0.2628830671310425 0.9068019390106201
vt 0.3298098146915436 0.6359139084815979
vt 0.3073180913925171 0.6386991739273071
vt 0.3005692958831787 0.6128109693527222
vt 0.3043404519557953 0.562423050403595
vt 0.8981454372406006 0.5779014825820923
vt 0.895799994468689 0.5643424987792969
vt 0.26160603761672974 0.9477066993713379
vt 0.4787304699420929 0.023301541805267334
vt 0.48993465304374695 0.010795056819915771
vt 0.5287045240402222 0.009464621543884277
vt 0.5406595468521118 0.06733453273773193
vt 0.5279375314712524 0.08685886859893799
vt 0.473160058259964 0.06582880020141602
vt 0.8935964703559875 0.5039145946502686
vt 0.29306739568710327 0.5706818699836731
vt 0.8228894472122192 0.2527469992637634
vt 0.815841019153595 0.24523717164993286
vt 0.8331503868103027 0.19207048416137695
vt 0.8807705044746399 0.20010626316070557
vt 0.8392356634140015 0.27865028381347656
vt 0.8162270784378052 0.2644026279449463
vt 0.01124410331249237 0.13344120979309082
vt 0.6431035399436951 0.9010562896728516
vt 0.6099719405174255 0.9195986986160278
vt 0.6092243194580078 0.9031351804733276
vt 0.03005942702293396 0.4483288526535034
vt 0.006018276326358318 0.44915807247161865
vt 0.007625161204487085 0.42887699604034424
vt 0.031501807272434235 0.431113600730896
vt 0.6438416242599487 0.9610121250152588
vt 0.6218632459640503 0.956906795501709
vt 0.5558772683143616 0.38302868604660034
vt 0.5797213315963745 0.3796460032463074
vt 0.5845041275024414 0.40857815742492676
vt 0.836786150932312 0.12374180555343628
vt 0.8674202561378479 0.12149679660797119
vt 0.8672668933868408 0.17646825313568115
vt 0.8373005390167236 0.17432725429534912
vt 0.5845041275024414 0.4671595096588135
vt 0.7025098204612732 0.03524589538574219
vt 0.7010600566864014 0.0654381513595581
vt 0.6902142763137817 0.06596380472183228
vt 0.6925431489944458 0.03755807876586914
vt 0.02168096788227558 0.5156940221786499
vt 0.003906283527612686 0.5172902941703796
vt 0.003906283527612686 0.4808948040008545
vt 0.028038665652275085 0.4826759696006775
vt 0.8517633080482483 0.1875799298286438
vt 0.5420515537261963 0.39090925455093384
vt 0.9646818041801453 0.18103933334350586
vt 0.9501847624778748 0.18870902061462402
vt 0.9105637073516846 0.19529807567596436
vt 0.9358894228935242 0.10632932186126709
vt 0.9497945308685303 0.11416035890579224
vt 0.9646818041801453 0.1317533254623413
vt 0.8889581561088562 0.16885560750961304
vt 0.042870283126831055 0.46874260902404785
vt 0.6900791525840759 0.02427774667739868
vt 0.8324389457702637 0.19077610969543457
vt 0.8814014196395874 0.19912660121917725
vt 0.8389004468917847 0.2796595096588135
vt 0.8153281211853027 0.2652037739753723
vt 0.8228894472122192 0.2527469992637634
vt 0.815841019153595 0.24523717164993286
vt 0.01100887916982174 0.13346034288406372
vt 0.6431307792663574 0.9014741778373718
vt 0.6122567057609558 0.9198991656303406
vt 0.6097768545150757 0.9031413197517395
vt 0.6438416242599487 0.9610121250152588
vt 0.6258695125579834 0.9609750509262085
vt 0.5797213315963745 0.3796460032463074
vt 0.5845041275024414 0.40857815742492676
vt 0.8375738263130188 0.12282168865203857
vt 0.866278886795044 0.12076771259307861
vt 0.8652870655059814 0.17702722549438477
vt 0.8380723595619202 0.17480862140655518
vt 0.5845041275024414 0.4671595096588135
vt 0.5514723658561707 0.46415990591049194
vt 0.7025954723358154 0.0361514687538147
vt 0.7019252777099609 0.06357169151306152
vt 0.6904476881027222 0.06515520811080933
vt 0.6925431489944458 0.03755807876586914
vt 0.02168096788227558 0.5156940221786499
vt 0.003906283527612686 0.5172902941703796
vt 0.003906283527612686 0.4808948040008545
vt 0.028038665652275085 0.4826759696006775
vt 0.8517633080482483 0.1875799298286438
vt 0.921258807182312 0.18931889533996582
vt 0.9055939316749573 0.19807648658752441
vt 0.8889581561088562 0.16885560750961304
vt 0.897024929523468 0.1486649513244629
vt 0.8867545127868652 0.11469268798828125
vt 0.9358894228935242 0.10632932186126709
vt 0.9495794773101807 0.11425751447677612
vt 0.9646818041801453 0.1317533254623413
vt 0.9646818041801453 0.18103933334350586
vt 0.9501847624778748 0.18870902061462402
vt 0.6132417917251587 0.9481518864631653
vt 0.20208944380283356 0.9151540398597717
vt 0.1375490427017212 0.9151540994644165
vt 0.1317935585975647 0.8724249005317688
vt 0.14495784044265747 0.8358878493309021
vt 0.1718515306711197 0.8067241311073303
vt 0.04287966340780258 0.4685831069946289
vt 0.6900791525840759 0.02427774667739868
vt 0.32764458656311035 0.8138574957847595
vt 0.340791255235672 0.8548111319541931
vt 0.9431684613227844 0.30164170265197754
vt 0.8874704837799072 0.6960452795028687
vt 0.9596707224845886 0.6928524971008301
vt 0.9509614109992981 0.7683755159378052
vt 0.9048758745193481 0.7698904871940613
vt 0.31657254695892334 0.9696772694587708
vt 0.892524778842926 0.6835198998451233
vt 0.2766571044921875 0.8865571618080139
vt 0.07956041395664215 0.9461339712142944
vt 0.04619190841913223 0.9656308889389038
vt 0.018584130331873894 0.9476841688156128
vt 0.07105069607496262 0.8994949460029602
vt 0.0652916431427002 0.8742190599441528
vt 0.019746335223317146 0.8747022151947021
vt 0.005014538764953613 0.9151639938354492
vt 0.9297329187393188 0.38109564781188965
vt 0.7502763271331787 0.4692174196243286
vt 0.7595828175544739 0.417797327041626
vt 0.8088886141777039 0.41642773151397705
vt 0.8189040422439575 0.42764735221862793
vt 0.817509651184082 0.4448124170303345
vt 0.8118245601654053 0.45062875747680664
vt 0.817470133304596 0.45725059509277344
vt 0.804680585861206 0.47904396057128906
vt 0.7941197156906128 0.4859740138053894
vt 0.3462594747543335 0.9060132503509521
vt 0.3548624515533447 0.9036444425582886
vt 0.10605446249246597 0.009738922119140625
vt 0.10580231249332428 0.029434561729431152
vt 0.07251574099063873 0.03031790256500244
vt 0.07353568077087402 0.004513859748840332
vt 0.3845501244068146 0.9080745577812195
vt 0.38470813632011414 0.9542116522789001
vt 0.37436220049858093 0.9038175940513611
vt 0.4458531439304352 0.5180171132087708
vt 0.4717825949192047 0.5140994787216187
vt 0.46682560443878174 0.5430836081504822
vt 0.44825100898742676 0.5437839031219482
vt 0.4941060543060303 0.9523049592971802
vt 0.487856388092041 0.9002265930175781
vt 0.5159498453140259 0.9010391235351562
vt 0.5165025591850281 0.9504151940345764
vt 0.4752764403820038 0.5427836775779724
vt 0.1029900312423706 0.04581409692764282
vt 0.07402341067790985 0.04388606548309326
vt 0.5370662212371826 0.10165107250213623
vt 0.5389857888221741 0.1342257261276245
vt 0.5298445224761963 0.13546788692474365
vt 0.5274927616119385 0.1070294976234436
vt 0.48989447951316833 0.883838951587677
vt 0.5167233943939209 0.8854908347129822
vt 0.7714781165122986 0.01541227102279663
vt 0.7740146517753601 0.06293195486068726
vt 0.7347068786621094 0.07791948318481445
vt 0.7231959104537964 0.06892812252044678
vt 0.7212264537811279 0.0501558780670166
vt 0.7209951877593994 0.03957188129425049
vt 0.48275020718574524 0.9460201859474182
vt 0.5131920576095581 0.09784120321273804
vt 0.8324389457702637 0.19077610969543457
vt 0.8814014196395874 0.19912660121917725
vt 0.8389004468917847 0.27965956926345825
vt 0.8153281211853027 0.2652037739753723
vt 0.8228894472122192 0.2527469992637634
vt 0.815841019153595 0.24523717164993286
vt 0.011008864268660545 0.13346034288406372
vt 0.6431307792663574 0.901474118232727
vt 0.6122567057609558 0.9198992252349854
vt 0.6097769141197205 0.9031413197517395
vt 0.6438416242599487 0.9610121250152588
vt 0.6258695125579834 0.9609750509262085
vt 0.5797213315963745 0.3796460032463074
vt 0.5845041275024414 0.40857815742492676
vt 0.8375738263130188 0.12282168865203857
vt 0.8662789463996887 0.12076771259307861
vt 0.8652870655059814 0.17702722549438477
vt 0.8380722999572754 0.1748085618019104
vt 0.5845041275024414 0.4671595096588135
vt 0.5514724254608154 0.46415990591049194
vt 0.7025954723358154 0.03615140914916992
vt 0.7019252777099609 0.06357169151306152
vt 0.6904476881027222 0.0651552677154541
vt 0.6925431489944458 0.03755807876586914
vt 0.02168096788227558 0.5156940221786499
vt 0.003906283527612686 0.5172902941703796
vt 0.003906283527612686 0.4808948040008545
vt 0.028038665652275085 0.4826759696006775
vt 0.8517633080482483 0.1875799298286438
vt 0.921258807182312 0.18931889533996582
vt 0.9055939316749573 0.19807648658752441
vt 0.8889581561088562 0.16885560750961304
vt 0.8970249891281128 0.14866501092910767
vt 0.88675457239151 0.11469268798828125
vt 0.9358894228935242 0.10632932186126709
vt 0.9495794177055359 0.11425751447677612
vt 0.9646818041801453 0.1317533254623413
vt 0.9646818041801453 0.18103933334350586
vt 0.9501847624778748 0.18870902061462402
vt 0.6132417917251587 0.9481518864631653
vt 0.042879655957221985 0.46858322620391846
vt 0.6900791525840759 0.02427774667739868
vt 0.9379909634590149 0.8886983394622803
vt 0.9501698613166809 0.9416256546974182
vt 0.8972030282020569 0.959267258644104
vt 0.8861023187637329 0.946381151676178
vt 0.8861023187637329 0.8964255452156067
vt 0.8946176171302795 0.8861024379730225
vt 0.9186041951179504 0.6391611099243164
vt 0.9291274547576904 0.5025894045829773
vt 0.9290055632591248 0.5582276582717896
vt 0.920156717300415 0.5613922476768494
vt 0.9201565384864807 0.49910467863082886
vt 0.9020025134086609 0.5013716816902161
vt 0.8952313661575317 0.5473743677139282
vt 0.8980281949043274 0.5780770778656006
vt 0.22900037467479706 0.8930372595787048
vt 0.25314784049987793 0.8878000974655151
vt 0.2622454762458801 0.9064757823944092
vt 0.32773202657699585 0.617578387260437
vt 0.3298448920249939 0.6358972191810608
vt 0.3073180913925171 0.6386991739273071
vt 0.2999270558357239 0.6118593215942383
vt 0.3277158737182617 0.5648719072341919
vt 0.3043404519557953 0.562423050403595
vt 0.8956584930419922 0.5643389821052551
vt 0.2617166340351105 0.947620153427124
vt 0.20208944380283356 0.9151540398597717
vt 0.13754907250404358 0.9151540994644165
vt 0.1317935585975647 0.8724249005317688
vt 0.14495784044265747 0.8358878493309021
vt 0.1718515157699585 0.8067241311073303
vt 0.4731777608394623 0.065909743309021
vt 0.4787304699420929 0.023301541805267334
vt 0.48993465304374695 0.010795056819915771
vt 0.529175341129303 0.00885242223739624
vt 0.5402553081512451 0.0662723183631897
vt 0.5277533531188965 0.08675897121429443
vt 0.8935955762863159 0.5038393139839172
vt 0.29306739568710327 0.5706818699836731
vt 0.3164772689342499 0.8185990452766418
vt 0.32764458656311035 0.8138574957847595
vt 0.340791255235672 0.8548111319541931
vt 0.3309036195278168 0.8645760416984558
vt 0.9431684613227844 0.30164170265197754
vt 0.887470543384552 0.6960452795028687
vt 0.9596706628799438 0.6928524971008301
vt 0.9509614109992981 0.7683755159378052
vt 0.9048758745193481 0.7698904871940613
vt 0.31657248735427856 0.9696773290634155
vt 0.23801888525485992 0.8336127400398254
vt 0.892524778842926 0.6835198998451233
vt 0.2766571044921875 0.8865571618080139
vt 0.24843552708625793 0.8528566956520081
vt 0.07956043630838394 0.9461339712142944
vt 0.04619193822145462 0.965630829334259
vt 0.018584124743938446 0.9476841688156128
vt 0.07105063647031784 0.8994948267936707
vt 0.0652916431427002 0.8742190599441528
vt 0.019746340811252594 0.8747021555900574
vt 0.004292411729693413 0.9179340600967407
vt 0.008688759058713913 0.9010699987411499
vt 0.9297329187393188 0.38109564781188965
vt 0.7502764463424683 0.4692174792289734
vt 0.7595828175544739 0.417797327041626
vt 0.8088886141777039 0.41642773151397705
vt 0.8189040422439575 0.42764735221862793
vt 0.817509651184082 0.4448124170303345
vt 0.8118245601654053 0.45062875747680664
vt 0.817470133304596 0.45725059509277344
vt 0.804680585861206 0.47904396057128906
vt 0.7941197156906128 0.4859740138053894
vt 0.3462594747543335 0.9060132503509521
vt 0.3548624515533447 0.9036444425582886
vt 0.10605448484420776 0.009738922119140625
vt 0.10580230504274368 0.029434561729431152
vt 0.07251572608947754 0.03031790256500244
vt 0.07353565096855164 0.004513859748840332
vt 0.3845501244068146 0.9080745577812195
vt 0.38470813632011414 0.9542117118835449
vt 0.37436220049858093 0.9038175940513611
vt 0.4458531439304352 0.5180171132087708
vt 0.4717826247215271 0.5140995383262634
vt 0.46682560443878174 0.543083667755127
vt 0.44825103878974915 0.5437840223312378
vt 0.4941060543060303 0.9523049592971802
vt 0.4878564178943634 0.9002265930175781
vt 0.5159497857093811 0.9010391235351562
vt 0.5165024995803833 0.9504151344299316
vt 0.4752764403820038 0.5427837371826172
vt 0.1029900312423706 0.04581409692764282
vt 0.07402344793081284 0.04388606548309326
vt 0.5370662212371826 0.10165107250213623
vt 0.5389857888221741 0.1342257261276245
vt 0.5298444628715515 0.13546788692474365
vt 0.5274927616119385 0.1070294976234436
vt 0.48989447951316833 0.883838951587677
vt 0.5167233943939209 0.885490894317627
vt 0.7714781165122986 0.015412211418151855
vt 0.7740146517753601 0.06293195486068726
vt 0.7347068786621094 0.07791942358016968
vt 0.7231959104537964 0.06892812252044678
vt 0.7212264537811279 0.0501558780670166
vt 0.7209952473640442 0.03957188129425049
vt 0.48275020718574524 0.9460201859474182
vt 0.5131920576095581 0.09784120321273804
vt 0.9384857416152954 0.8895549774169922
vt 0.950101375579834 0.941916286945343
vt 0.8972030282020569 0.959267258644104
vt 0.8861023187637329 0.946381151676178
vt 0.8912297487258911 0.890209436416626
vt 0.9186041951179504 0.6391611099243164
vt 0.9000813961029053 0.6387157440185547
vt 0.8922408223152161 0.6343020796775818
vt 0.23900499939918518 0.952759325504303
vt 0.22954057157039642 0.950217068195343
vt 0.22779878973960876 0.9024909138679504
vt 0.23876474797725677 0.9046573638916016
vt 0.9201495051383972 0.4996733069419861
vt 0.9291374087333679 0.5023150444030762
vt 0.9289646148681641 0.5572307705879211
vt 0.9201667308807373 0.561759889125824
vt 0.9020074009895325 0.5015998482704163
vt 0.8957388401031494 0.547402024269104
vt 0.23460301756858826 0.8906481266021729
vt 0.3271689713001251 0.6177488565444946
vt 0.32216113805770874 0.5624731779098511
vt 0.33152082562446594 0.5665150284767151
vt 0.25314784049987793 0.8878000974655151
vt 0.2628830671310425 0.9068018198013306
vt 0.32980984449386597 0.6359139084815979
vt 0.3073180913925171 0.6386991739273071
vt 0.3005692958831787 0.6128109693527222
vt 0.3043404519557953 0.562423050403595
vt 0.8981454372406006 0.5779014825820923
vt 0.895799994468689 0.5643424987792969
vt 0.26160603761672974 0.9477066993713379
vt 0.4787304699420929 0.023301541805267334
vt 0.48993465304374695 0.010795056819915771
vt 0.5287045240402222 0.009464621543884277
vt 0.5406595468521118 0.06733459234237671
vt 0.5279375910758972 0.08685886859893799
vt 0.473160058259964 0.06582885980606079
vt 0.8935964703559875 0.5039145350456238
vt 0.29306739568710327 0.5706818699836731
vt 0.8324389457702637 0.19077616930007935
vt 0.8814014196395874 0.19912660121917725
vt 0.8389005064964294 0.27965956926345825
vt 0.8153281211853027 0.2652037739753723
vt 0.8228894472122192 0.2527469992637634
vt 0.815841019153595 0.24523717164993286
vt 0.011008866131305695 0.13346034288406372
vt 0.6431307792663574 0.9014741778373718
vt 0.6122567057609558 0.9198992252349854
vt 0.6097769141197205 0.9031413197517395
vt 0.6438416242599487 0.9610121250152588
vt 0.6258695125579834 0.9609750509262085
vt 0.5797213315963745 0.3796460032463074
vt 0.5845041275024414 0.40857815742492676
vt 0.8375738263130188 0.12282168865203857
vt 0.8662789463996887 0.12076777219772339
vt 0.8652870655059814 0.17702722549438477
vt 0.8380724191665649 0.17480862140655518
vt 0.5845041275024414 0.4671595096588135
vt 0.5514723658561707 0.46415984630584717
vt 0.7025954723358154 0.0361514687538147
vt 0.7019253373146057 0.06357169151306152
vt 0.6904476881027222 0.0651552677154541
vt 0.6925431489944458 0.03755807876586914
vt 0.02168096788227558 0.5156940221786499
vt 0.003906283527612686 0.5172902941703796
vt 0.003906283527612686 0.4808948040008545
vt 0.028038665652275085 0.4826759696006775
vt 0.8517633080482483 0.1875799298286438
vt 0.921258807182312 0.18931889533996582
vt 0.9055939316749573 0.19807648658752441
vt 0.8889581561088562 0.16885560750961304
vt 0.8970249891281128 0.14866507053375244
vt 0.8867546319961548 0.11469268798828125
vt 0.9358894228935242 0.10632932186126709
vt 0.9495794177055359 0.11425751447677612
vt 0.9646818041801453 0.1317533254623413
vt 0.9646818041801453 0.18103933334350586
vt 0.9501847624778748 0.18870902061462402
vt 0.6132417917251587 0.9481518864631653
vt 0.042879655957221985 0.46858322620391846
vt 0.6900791525840759 0.02427774667739868
vt 0.570431113243103 0.9404460191726685
vt 0.5479434728622437 0.9426138401031494
vt 0.5306370258331299 0.8808331489562988
vt 0.848512589931488 0.40336132049560547
vt 0.8180835247039795 0.40358299016952515
vt 0.8540295362472534 0.38417625427246094
vt 0.7720426321029663 0.40491634607315063
vt 0.9494147896766663 0.4109342694282532
vt 0.9302218556404114 0.40612006187438965
vt 0.9447285532951355 0.3918061852455139
vt 0.5321849584579468 0.8297537565231323
vt 0.5900540351867676 0.8264439105987549
vt 0.5290364623069763 0.8448576331138611
vt 0.672469973564148 0.7861084938049316
vt 0.7030138969421387 0.7787919044494629
vt 0.8222888708114624 0.003906309604644775
vt 0.8824407458305359 0.003906309604644775
vt 0.7573261260986328 0.35694563388824463
vt 0.7501502633094788 0.2984966039657593
vt 0.7890677452087402 0.30058979988098145
vt 0.5932599902153015 0.9228802919387817
vt 0.9295517206192017 0.4454691410064697
vt 0.9340155720710754 0.4842848777770996
vt 0.9184057712554932 0.48155224323272705
vt 0.8331893682479858 0.3072439432144165
vt 0.6192026138305664 0.7945556044578552
vt 0.8717885613441467 0.4392431378364563
vt 0.8696920871734619 0.40612006187438965
vt 0.5930790305137634 0.9442326426506042
vt 0.8213093280792236 0.2905294895172119
vt 0.8946899175643921 0.4906504154205322
vt 0.9384857416152954 0.8895549178123474
vt 0.9501014351844788 0.941916286945343
vt 0.8972030282020569 0.959267258644104
vt 0.8861023187637329 0.946381151676178
vt 0.8912298679351807 0.890209436416626
vt 0.9186041951179504 0.6391611099243164
vt 0.9000813961029053 0.6387157440185547
vt 0.8922408819198608 0.634302020072937
vt 0.23900499939918518 0.952759325504303
vt 0.22954057157039642 0.950217068195343
vt 0.22779881954193115 0.9024909734725952
vt 0.23876474797725677 0.9046573638916016
vt 0.9201495051383972 0.49967336654663086
vt 0.9291374087333679 0.5023150444030762
vt 0.9289645552635193 0.5572308301925659
vt 0.9201667308807373 0.5617598295211792
vt 0.9020072817802429 0.5015998482704163
vt 0.8957388401031494 0.547402024269104
vt 0.23460301756858826 0.8906481266021729
vt 0.32716894149780273 0.6177488565444946
vt 0.32216113805770874 0.5624731779098511
vt 0.33152082562446594 0.5665150284767151
vt 0.25314784049987793 0.8878000974655151
vt 0.26288309693336487 0.9068019390106201
vt 0.3298097848892212 0.6359139680862427
vt 0.3073180913925171 0.6386991739273071
vt 0.30056923627853394 0.6128109097480774
vt 0.3043404519557953 0.562423050403595
vt 0.8981453776359558 0.5779015421867371
vt 0.8957998752593994 0.5643424987792969
vt 0.2616060972213745 0.9477066397666931
vt 0.4787304699420929 0.023301541805267334
vt 0.48993465304374695 0.010795056819915771
vt 0.5287045240402222 0.009464621543884277
vt 0.5406595468521118 0.06733453273773193
vt 0.5279375314712524 0.08685886859893799
vt 0.4731600880622864 0.06582880020141602
vt 0.8935965299606323 0.5039145946502686
vt 0.29306739568710327 0.5706818699836731
vt 0.9377147555351257 0.8882201910018921
vt 0.9493491649627686 0.942798376083374
vt 0.8972030282020569 0.959267258644104
vt 0.8861023187637329 0.946381151676178
vt 0.8861023187637329 0.8964255452156067
vt 0.8946176171302795 0.8861024379730225
vt 0.9186041951179504 0.6391611099243164
vt 0.920161783695221 0.4986766576766968
vt 0.929153323173523 0.5018737316131592
vt 0.9290283918380737 0.5587841272354126
vt 0.9201951622962952 0.5628036260604858
vt 0.9019951224327087 0.5010199546813965
vt 0.8953129053115845 0.5473788380622864
vt 0.8977100849151611 0.578553318977356
vt 0.22955140471458435 0.8928022384643555
vt 0.25314784049987793 0.8878000974655151
vt 0.26172393560409546 0.9062091708183289
vt 0.3275277614593506 0.6176402568817139
vt 0.3300308883190155 0.6358088254928589
vt 0.3073180913925171 0.6386991739273071
vt 0.30034303665161133 0.6124756336212158
vt 0.3271695673465729 0.5646359920501709
vt 0.3043404519557953 0.562423050403595
vt 0.8956576585769653 0.5643389225006104
vt 0.2617172598838806 0.947619616985321
vt 0.47369667887687683 0.06633901596069336
vt 0.4787304699420929 0.023301541805267334
vt 0.48993465304374695 0.010795056819915771
vt 0.5295168161392212 0.008250415325164795
vt 0.5405170917510986 0.06696033477783203
vt 0.5272537469863892 0.08648788928985596
vt 0.8935940861701965 0.5037174820899963
vt 0.29306739568710327 0.5706818699836731
vt 0.16027303040027618 0.5403539538383484
vt 0.1719050258398056 0.5461263656616211
vt 0.16836215555667877 0.5739415884017944
vt 0.14528661966323853 0.5734560489654541
vt 0.13801822066307068 0.5566838979721069
vt 0.14497773349285126 0.5433288216590881
vt 0.060692571103572845 0.5090341567993164
vt 0.05567687004804611 0.4783855676651001
vt 0.07624805718660355 0.4829843044281006
vt 0.07520885020494461 0.5047625303268433
vt 0.7549455165863037 0.698073148727417
vt 0.7778643369674683 0.6971007585525513
vt 0.8005824089050293 0.009760439395904541
vt 0.8092467784881592 0.008551716804504395
vt 0.8090274333953857 0.03061652183532715
vt 0.8004255890846252 0.03185504674911499
vt 0.4402449429035187 0.03494209051132202
vt 0.43260878324508667 0.03070056438446045
vt 0.18569877743721008 0.7842792272567749
vt 0.1646604686975479 0.7750109434127808
vt 0.17014293372631073 0.7570093870162964
vt 0.18729126453399658 0.7621361017227173
vt 0.42095476388931274 0.02014070749282837
vt 0.05203980579972267 0.5085904002189636
vt 0.786734402179718 0.013083994388580322
vt 0.785377025604248 0.0277940034866333
vt 0.16027303040027618 0.5403539538383484
vt 0.1719050258398056 0.5461263656616211
vt 0.1675560474395752 0.5749034881591797
vt 0.14546599984169006 0.5735986828804016
vt 0.13801822066307068 0.5566838979721069
vt 0.14497773349285126 0.5433288216590881
vt 0.07624805718660355 0.4829843044281006
vt 0.7778643369674683 0.6971007585525513
vt 0.8005831241607666 0.01007091999053955
vt 0.8092367649078369 0.00878894329071045
vt 0.8090274333953857 0.03061652183532715
vt 0.8004255890846252 0.03185504674911499
vt 0.4402449429035187 0.03494209051132202
vt 0.43260878324508667 0.03070056438446045
vt 0.18716184794902802 0.762007474899292
vt 0.18567681312561035 0.7842888832092285
vt 0.16466772556304932 0.7750272750854492
vt 0.17021574079990387 0.7569301128387451
vt 0.42095476388931274 0.02014070749282837
vt 0.7867506146430969 0.013191163539886475
vt 0.785377025604248 0.0277940034866333
vt 0.16027303040027618 0.5403539538383484
vt 0.1719050258398056 0.5461263656616211
vt 0.167556032538414 0.5749034285545349
vt 0.14546601474285126 0.5735986828804016
vt 0.13801822066307068 0.5566838979721069
vt 0.14497773349285126 0.5433288216590881
vt 0.07624805718660355 0.4829843044281006
vt 0.7778643369674683 0.6971007585525513
vt 0.8005831837654114 0.01007091999053955
vt 0.8092367649078369 0.00878894329071045
vt 0.8090274333953857 0.03061652183532715
vt 0.8004255890846252 0.03185504674911499
vt 0.4402449429035187 0.03494209051132202
vt 0.43260878324508667 0.03070056438446045
vt 0.1871618926525116 0.7620075345039368
vt 0.18567684292793274 0.7842889428138733
vt 0.1646677404642105 0.7750272154808044
vt 0.17021574079990387 0.7569301128387451
vt 0.42095476388931274 0.02014070749282837
vt 0.7867505550384521 0.013191163539886475
vt 0.785377025604248 0.0277940034866333
vt 0.16027303040027618 0.5403539538383484
vt 0.1719050258398056 0.5461263656616211
vt 0.1675560474395752 0.5749034285545349
vt 0.14546599984169006 0.5735986828804016
vt 0.13801822066307068 0.5566838979721069
vt 0.14497773349285126 0.5433288216590881
vt 0.07624805718660355 0.4829843044281006
vt 0.7778643369674683 0.6971007585525513
vt 0.8005832433700562 0.010070860385894775
vt 0.8092367649078369 0.00878894329071045
vt 0.8090274333953857 0.03061652183532715
vt 0.8004255890846252 0.03185504674911499
vt 0.4402449429035187 0.03494209051132202
vt 0.43260878324508667 0.03070056438446045
vt 0.18716183304786682 0.762007474899292
vt 0.18567684292793274 0.7842888832092285
vt 0.1646677404642105 0.7750272750854492
vt 0.17021572589874268 0.7569301128387451
vt 0.42095476388931274 0.02014070749282837
vt 0.7867506146430969 0.013191163539886475
vt 0.785377025604248 0.0277940034866333
vt 0.16027303040027618 0.5403539538383484
vt 0.1719050258398056 0.5461263656616211
vt 0.1675560623407364 0.5749034285545349
vt 0.14546597003936768 0.5735986232757568
vt 0.13801822066307068 0.5566838979721069
vt 0.14497773349285126 0.5433288216590881
vt 0.07624805718660355 0.4829843044281006
vt 0.7778643369674683 0.6971007585525513
vt 0.8005832433700562 0.010070860385894775
vt 0.8092367649078369 0.00878894329071045
vt 0.8090274333953857 0.03061652183532715
vt 0.8004255890846252 0.03185504674911499
vt 0.4402449429035187 0.03494209051132202
vt 0.43260878324508667 0.03070056438446045
vt 0.18716181814670563 0.762007474899292
vt 0.18567681312561035 0.7842888832092285
vt 0.16466772556304932 0.7750272154808044
vt 0.1702156960964203 0.7569301724433899
vt 0.42095476388931274 0.02014070749282837
vt 0.7867506146430969 0.0131911039352417
vt 0.785377025604248 0.0277940034866333
vt 0.16027303040027618 0.5403539538383484
vt 0.1719050258398056 0.5461263656616211
vt 0.1675560623407364 0.5749034881591797
vt 0.14546604454517365 0.5735986828804016
vt 0.13801822066307068 0.5566838979721069
vt 0.14497773349285126 0.5433288216590881
vt 0.07624805718660355 0.4829843044281006
vt 0.7778643369674683 0.6971007585525513
vt 0.4402449429035187 0.03494209051132202
vt 0.43260878324508667 0.03070056438446045
vt 0.8005831837654114 0.01007091999053955
vt 0.8092367649078369 0.008789002895355225
vt 0.8090274333953857 0.03061652183532715
vt 0.8004255890846252 0.03185504674911499
vt 0.1871618628501892 0.7620075345039368
vt 0.18567681312561035 0.7842888832092285
vt 0.16466772556304932 0.7750272154808044
vt 0.17021574079990387 0.7569301128387451
vt 0.42095476388931274 0.02014070749282837
vt 0.7867506146430969 0.013191163539886475
vt 0.785377025604248 0.0277940034866333
vt 0.35449132323265076 0.820643961429596
vt 0.3548754155635834 0.5567642450332642
vt 0.008449120447039604 0.8648681044578552
vt 0.4401457905769348 0.8212777972221375
vt 0.4401511251926422 0.556823194026947
vt 0.5135222673416138 0.7426301836967468
vt 0.5139257311820984 0.4781714677810669
vt 0.7411343455314636 0.5810874700546265
vt 0.7411343455314636 0.7691836953163147
vt 0.5991999506950378 0.47817182540893555
vt 0.8845436573028564 0.792945146560669
vt 0.8465191125869751 0.7576088905334473
vt 0.8536760210990906 0.7437329292297363
vt 0.8994094133377075 0.7881759405136108
vt 0.438882052898407 0.8943361043930054
vt 0.7946486473083496 0.7595111131668091
vt 0.7443963289260864 0.8336899876594543
vt 0.759313702583313 0.7975242137908936
vt 0.7463563084602356 0.7881501317024231
vt 0.7899118661880493 0.7446317672729492
vt 0.2186659723520279 0.5630855560302734
vt 0.22099097073078156 0.588952898979187
vt 0.17613515257835388 0.591016411781311
vt 0.18480810523033142 0.5618571639060974
vt 0.6459556221961975 0.36474692821502686
vt 0.6890941858291626 0.3698004484176636
vt 0.6793230772018433 0.5516910552978516
vt 0.6367323398590088 0.5500394701957703
vt 0.7407491207122803 0.09244507551193237
vt 0.7314231395721436 0.27782291173934937
vt 0.6857833862304688 0.27490079402923584
vt 0.6857833862304688 0.08765554428100586
vt 0.7471233010292053 0.3906477689743042
vt 0.7220921516418457 0.5559311509132385
vt 0.6412757635116577 0.7714526653289795
vt 0.7453296780586243 0.35141706466674805
vt 0.7016723155975342 0.34578752517700195
vt 0.13394545018672943 0.6382118463516235
vt 0.24688945710659027 0.7090861797332764
vt 0.008449120447039604 0.8648681044578552
vt 0.05098525434732437 0.8648486137390137
vt 0.6366134881973267 0.5680197477340698
vt 0.13179361820220947 0.7494471073150635
vt 0.7241801619529724 0.3296700716018677
vt 0.3287120461463928 0.7161837816238403
vt 0.30219364166259766 0.7060865163803101
vt 0.326057106256485 0.6913896799087524
vt 0.6335155963897705 0.34256231784820557
vt 0.635412335395813 0.07802963256835938
vt 0.6813147068023682 0.007259547710418701
vt 0.6761872172355652 0.3426293730735779
vt 0.5909410715103149 0.34255605936050415
vt 0.5624697804450989 0.34257185459136963
vt 0.4997416138648987 0.4781397581100464
vt 0.7411343455314636 0.5810874700546265
vt 0.7411343455314636 0.7691836953163147
vt 0.5991999506950378 0.47817182540893555
vt 0.08248576521873474 0.5263985991477966
vt 0.13076812028884888 0.5283514261245728
vt 0.5882450342178345 0.8162477016448975
vt 0.6327024698257446 0.0043392181396484375
vt 0.4786737561225891 0.8145892024040222
vt 0.7730951309204102 0.8672293424606323
vt 0.763098418712616 0.8792442083358765
vt 0.7395432591438293 0.8211568593978882
vt 0.8659416437149048 0.7683832049369812
vt 0.8731319904327393 0.8667633533477783
vt 0.8202419877052307 0.888935923576355
vt 0.8785410523414612 0.883354902267456
vt 0.8216651678085327 0.9045003652572632
vt 0.8685221672058105 0.7504754066467285
vt 0.7685403823852539 0.6879597902297974
vt 0.7401072382926941 0.5058027505874634
vt 0.8047536611557007 0.10056161880493164
vt 0.7848796844482422 0.28394562005996704
vt 0.7303832173347473 0.277737021446228
vt 0.7400111556053162 0.09233856201171875
vt 0.8818495869636536 0.49225473403930664
vt 0.8818495869636536 0.6771295070648193
vt 0.8534200191497803 0.678637683391571
vt 0.6857833862304688 0.27490079402923584
vt 0.6857833862304688 0.08765554428100586
vt 0.24040785431861877 0.710334062576294
vt 0.13180837035179138 0.643929660320282
vt 0.14971286058425903 0.6091434955596924
vt 0.2011246532201767 0.5863348245620728
vt 0.7341428995132446 0.35067200660705566
vt 0.6896443963050842 0.3428642749786377
vt 0.26776161789894104 0.7246036529541016
vt 0.29649752378463745 0.6739952564239502
vt 0.6139046549797058 0.5670941472053528
vt 0.6427454352378845 0.5682697296142578
vt 0.20111125707626343 0.5623034238815308
vt 0.25441762804985046 0.5769792795181274
vt 0.3506110608577728 0.8634381294250488
vt 0.3548754155635834 0.5567642450332642
vt 0.6639678478240967 0.07854199409484863
vt 0.6477635502815247 0.3425755500793457
vt 0.6761872172355652 0.3426293730735779
vt 0.13076812028884888 0.5283514261245728
vt 0.5624697804450989 0.34257185459136963
vt 0.5991999506950378 0.47817182540893555
vt 0.5882449746131897 0.8162477016448975
vt 0.5260792970657349 0.8173425793647766
vt 0.4786737561225891 0.8145892024040222
vt 0.5692875385284424 0.004889786243438721
vt 0.681343674659729 0.006814837455749512
vt 0.8907386660575867 0.8344757556915283
vt 0.8047540187835693 0.10056161880493164
vt 0.7865426540374756 0.28418058156967163
vt 0.731423020362854 0.27782291173934937
vt 0.7400110960006714 0.09233856201171875
vt 0.8217062950134277 0.7378437519073486
vt 0.7685403823852539 0.6879597902297974
vt 0.7401072382926941 0.5058027505874634
vt 0.7751280069351196 0.4987032413482666
vt 0.8818495869636536 0.49225473403930664
vt 0.8818495869636536 0.6771295070648193
vt 0.6857833862304688 0.27490079402923584
vt 0.6857833862304688 0.08765554428100586
vt 0.734121561050415 0.35067063570022583
vt 0.6896443963050842 0.3428642749786377
vt 0.2404046654701233 0.7103360891342163
vt 0.138043612241745 0.6318179368972778
vt 0.26776182651519775 0.7246034145355225
vt 0.29649752378463745 0.6739952564239502
vt 0.3548754155635834 0.5567642450332642
vt 0.35449132323265076 0.820643961429596
vt 0.6327075958251953 0.5678606629371643
vt 0.25441762804985046 0.5769792795181274
vt 0.20111098885536194 0.5623034238815308
vt 0.42688336968421936 0.8213527202606201
vt 0.25528907775878906 0.7361799478530884
vt 0.9026200771331787 0.8464170694351196
vt 0.5145323872566223 0.8170327544212341
vt 0.7883472442626953 0.09830015897750854
vt 0.770872950553894 0.28196656703948975
vt 0.22384782135486603 0.5530132055282593
vt 0.12293780595064163 0.5112150311470032
vt 0.43398192524909973 0.5112149119377136
vt 0.511215090751648 0.4339817762374878
vt 0.33307191729545593 0.5530132055282593
vt 0.5112149119377136 0.12293761968612671
vt 0.553013265132904 0.2238476276397705
vt 0.553013265132904 0.33307182788848877
vt 0.3330717384815216 0.00390625
vt 0.4339817464351654 0.045704424381256104
vt 0.12293761968612671 0.04570460319519043
vt 0.04570448398590088 0.12293773889541626
vt 0.2238476276397705 0.00390625
vt 0.0039062779396772385 0.3330719470977783
vt 0.045704614371061325 0.43398189544677734
vt 0.003906270023435354 0.22384774684906006
vn 0.28193578124046326 -0.9263134002685547 -0.24991129338741302
vn -0.4910707175731659 -0.5417702198028564 -0.6821544170379639
vn 0.1611134260892868 -0.40441715717315674 -0.9002718925476074
vn -0.8967840075492859 0.44205442070961 0.01914048008620739
vn -0.5403760671615601 0.5756031274795532 0.6137383580207825
vn -0.401323139667511 0.9148526787757874 -0.044547189027071
vn 0.9170829653739929 0.36152979731559753 0.16809269785881042
vn 0.5288183689117432 0.7250136137008667 -0.441255658864975
vn 0.39314526319503784 0.9122563004493713 0.1150016263127327
vn 0.7284937500953674 -0.6468726396560669 -0.22550533711910248
vn 0.8033972978591919 -0.49478867650032043 0.33126601576805115
vn 0.010582754388451576 -0.8364670276641846 0.5479152202606201
vn -0.6976014971733093 -0.573311448097229 0.4297280013561249
vn -0.7836130857467651 -0.5869514346122742 -0.20356464385986328
vn -0.4616822302341461 -0.46145114302635193 -0.7575701475143433
vn -0.4124559462070465 -0.8416973352432251 -0.3484620451927185
vn -0.7822543978691101 -0.4325946569442749 -0.44826334714889526
vn -0.18191230297088623 -0.6303494572639465 -0.7546970844268799
vn 0.3492654263973236 -0.5942196846008301 -0.7245113253593445
vn 0.8033972978591919 -0.49478867650032043 0.33126601576805115
vn 0.5474106669425964 -0.31710293889045715 0.7744594812393188
vn 0.010582754388451576 -0.8364670276641846 0.5479152202606201
vn -0.14005668461322784 -0.20071692764759064 0.9695859551429749
vn 0.8757017254829407 0.34686267375946045 -0.33590593934059143
vn 0.42593371868133545 0.9039105176925659 0.03906865045428276
vn 0.8428760766983032 0.4325537383556366 0.32008934020996094
vn -0.6961861252784729 0.6146731376647949 -0.37081247568130493
vn -0.34491246938705444 0.6766189336776733 -0.6505553126335144
vn -0.08499052375555038 0.9918302893638611 0.09512780606746674
vn -0.7705674171447754 0.5717491507530212 -0.28165403008461
vn -0.6906468272209167 0.6256200671195984 0.3627762794494629
vn 0.34809738397598267 0.6601094007492065 -0.6656454205513
vn 0.42593371868133545 0.9039105176925659 0.03906865045428276
vn 0.8757017254829407 0.34686267375946045 -0.33590593934059143
vn 0.9555026888847351 -0.23830397427082062 0.17385640740394592
vn 0.5377777814865112 -0.544818103313446 0.6434036493301392
vn 0.49298346042633057 -0.8297396302223206 -0.261724054813385
vn 0.7658753395080566 0.32147645950317383 0.5568554997444153
vn 0.704301118850708 0.17591647803783417 0.6877596378326416
vn 0.36832109093666077 -0.8625696301460266 0.34686195850372314
vn 0.6631337404251099 -0.5616812109947205 0.4947402775287628
vn 0.1294708102941513 -0.8657968044281006 -0.48335638642311096
vn -0.7374258041381836 -0.5506806373596191 -0.39109355211257935
vn 0.17740629613399506 -0.2752980589866638 -0.9448481202125549
vn -0.774565577507019 0.35005009174346924 0.5267950892448425
vn -0.15036897361278534 0.5909211039543152 0.7925915718078613
vn 0.14454373717308044 0.9879087805747986 -0.05606568232178688
vn 0.900310218334198 0.2915678024291992 -0.3231561481952667
vn 0.19402866065502167 0.719913899898529 -0.6663908958435059
vn 0.4931268095970154 0.8581496477127075 -0.1428465098142624
vn -0.8152977824211121 0.36099785566329956 0.4527364671230316
vn -0.8764026165008545 0.25834301114082336 0.40642020106315613
vn -0.445933997631073 -0.8770025968551636 0.178911492228508
vn -0.7294186353683472 -0.5606198310852051 0.3919872045516968
vn -0.5937878489494324 -0.5982417464256287 -0.5380732417106628
vn -0.5847926139831543 0.5657873749732971 -0.5812937021255493
vn -0.03371024131774902 -0.34399300813674927 -0.9383669495582581
vn 0.2785261869430542 -0.9148352742195129 0.2924034595489502
vn 0.6472996473312378 -0.572780966758728 -0.5029167532920837
vn 0.7606477737426758 -0.32224223017692566 0.5635378360748291
vn -0.0182249303907156 0.664042055606842 0.7474731206893921
vn -0.3120992183685303 0.9382362365722656 0.14935478568077087
vn -0.8152977824211121 0.36099785566329956 0.4527364671230316
vn -0.6355072259902954 -0.18076030910015106 0.7506372332572937
vn -0.8596152067184448 -0.4655206799507141 0.21060015261173248
vn -0.314100980758667 -0.8619713187217712 0.39792734384536743
vn -0.6783510446548462 -0.6253194808959961 -0.385765939950943
vn -0.46208587288856506 -0.27191123366355896 -0.844121515750885
vn 0.01321430504322052 -0.8637971878051758 -0.5036665201187134
vn 0.13656537234783173 -0.15893258154392242 -0.9777987599372864
vn 0.7383479475975037 -0.5046761631965637 -0.44737499952316284
vn 0.01321430504322052 -0.8637971878051758 -0.5036665201187134
vn -0.4178840219974518 0.8093872666358948 0.4126320481300354
vn -0.7110545039176941 0.7023847103118896 -0.03251482918858528
vn -0.970632791519165 0.20147264003753662 -0.13145653903484344
vn -0.7360167503356934 0.3954598307609558 -0.5494459867477417
vn -0.34087151288986206 0.6035467386245728 -0.7207897901535034
vn -0.970632791519165 0.20147264003753662 -0.13145653903484344
vn 0.31136831641197205 0.7806857228279114 -0.5418299436569214
vn 0.7466601729393005 0.5231064558029175 -0.4109237492084503
vn -0.34087151288986206 0.6035467386245728 -0.7207897901535034
vn 0.12003687024116516 0.37778234481811523 -0.9180803894996643
vn 0.6368400454521179 0.6282334923744202 0.4469422996044159
vn 0.007090589497238398 0.6583791375160217 0.752653181552887
vn 0.7063654661178589 -0.21360205113887787 0.6748496890068054
vn -0.8596152067184448 -0.4655206799507141 0.21060015261173248
vn -0.6783510446548462 -0.6253194808959961 -0.385765939950943
vn -0.1405496597290039 -0.19560940563678741 0.9705580472946167
vn 0.7063654661178589 -0.21360205113887787 0.6748496890068054
vn 0.08348644524812698 -0.7808620929718018 -0.6190997362136841
vn -0.7357775568962097 -0.5229683518409729 -0.43027380108833313
vn 0.22865049540996552 -0.16409887373447418 -0.9595783352851868
vn 0.8295660018920898 -0.2461170256137848 -0.5012453198432922
vn 0.9429228901863098 0.3329637348651886 -0.005615231115370989
vn 0.7499332427978516 -0.6435233950614929 0.15322457253932953
vn -0.4552081823348999 0.5330018997192383 0.7132282853126526
vn 0.29520726203918457 0.5908311009407043 0.7508470416069031
vn -0.1652163714170456 0.9858335852622986 0.028911983594298363
vn -0.6489130854606628 0.6482793092727661 -0.398303747177124
vn 0.1680583357810974 0.8629804253578186 -0.4764673709869385
vn 0.13024720549583435 0.3641194999217987 -0.9221999645233154
vn 0.7069603204727173 0.3609982430934906 0.608183741569519
vn 0.6846597194671631 0.2583416700363159 0.6815428733825684
vn 0.32220977544784546 -0.8770031332969666 0.3564356863498688
vn 0.6202407479286194 -0.560619056224823 0.5486418008804321
vn -0.29927101731300354 -0.5982415676116943 0.7433330416679382
vn -0.3429340422153473 0.5657877922058105 0.7498536109924316
vn -0.8686884045600891 -0.3439936637878418 0.3564392626285553
vn 0.1779145449399948 -0.9148349165916443 -0.3625238239765167
vn -0.6958878040313721 -0.5727803707122803 -0.4332006871700287
vn 0.26540547609329224 -0.32224148511886597 -0.9086915850639343
vn 0.7075731754302979 0.6640422344207764 -0.24163657426834106
vn 0.24815386533737183 0.9382361769676208 0.24110689759254456
vn 0.7069603204727173 0.3609982430934906 0.608183741569519
vn 0.2608168423175812 -0.28993329405784607 0.9208221435546875
vn -0.3549295961856842 -0.5420066714286804 0.7617439031600952
vn 0.4984249472618103 -0.8205352425575256 0.2798117995262146
vn -0.2887240946292877 -0.5088188648223877 -0.811012864112854
vn 0.6768825054168701 -0.26297563314437866 -0.6875128149986267
vn 0.38585731387138367 -0.8535457253456116 -0.35010552406311035
vn 0.47844982147216797 0.8187286853790283 0.3174418807029724
vn 0.2508646547794342 0.4084773659706116 0.8776178956031799
vn 0.8684288263320923 0.3008340001106262 0.39411962032318115
vn -0.7086798548698425 -0.18206502497196198 -0.681634247303009
vn -0.15663538873195648 -0.4655219614505768 -0.8710653185844421
vn -0.3775855302810669 -0.8619707226753235 -0.33828362822532654
vn 0.4272800087928772 -0.6253193020820618 -0.6529989242553711
vn 0.8712710738182068 -0.2719106674194336 -0.4085969924926758
vn 0.501865565776825 -0.8637967705726624 0.044567592442035675
vn 0.9673906564712524 -0.15893258154392242 0.1972203105688095
vn 0.40050461888313293 -0.5046764016151428 0.7647861242294312
vn 0.501865565776825 -0.8637967705726624 0.044567592442035675
vn -0.37859857082366943 0.8100966215133667 -0.44766801595687866
vn 0.07675471156835556 0.7023851275444031 -0.7076466679573059
vn 0.1916733980178833 0.20147250592708588 -0.960557222366333
vn 0.5942356586456299 0.3954594135284424 -0.7003541588783264
vn 0.7406269907951355 0.603546679019928 -0.2953018248081207
vn 0.1916733980178833 0.20147250592708588 -0.960557222366333
vn 0.5199978947639465 0.7813694477081299 0.3450567424297333
vn 0.3636075556278229 0.5231055021286011 0.7708113789558411
vn 0.7406269907951355 0.603546679019928 -0.2953018248081207
vn 0.9088185429573059 0.3777824342250824 0.17700117826461792
vn -0.4764159321784973 0.6410302519798279 0.6017541885375977
vn -0.6981522440910339 0.6875007152557373 0.1998157501220703
vn -0.7201462388038635 -0.21099959313869476 0.6609604358673096
vn -0.15663538873195648 -0.4655219614505768 -0.8710653185844421
vn 0.4272800087928772 -0.6253193020820618 -0.6529989242553711
vn -0.6059454083442688 -0.7808636426925659 0.1519285887479782
vn -0.12691257894039154 -0.5229666233062744 0.8428518176078796
vn -0.9759795665740967 -0.16409951448440552 0.14330166578292847
vn -0.7730196714401245 -0.24611841142177582 -0.5846933126449585
vn -0.3547079563140869 0.3329629898071289 -0.8736806511878967
vn -0.13565048575401306 -0.6435242891311646 -0.7533097863197327
vn 0.8311492800712585 0.5330016613006592 0.1584305763244629
vn 0.587951123714447 0.5908312797546387 -0.5524779558181763
vn 0.08809021860361099 0.985833466053009 0.14273297786712646
vn -0.1294146180152893 0.6482797265052795 0.7503235340118408
vn -0.5048227310180664 0.8629791736602783 0.020517051219940186
vn -0.904790997505188 0.36411938071250916 0.22084029018878937
vn -0.5724356770515442 -0.23830413818359375 -0.7845562696456909
vn 0.05385200306773186 -0.5448181629180908 -0.8368232846260071
vn -0.5375685095787048 -0.829739511013031 -0.15017467737197876
vn 0.7553544044494629 0.360998272895813 -0.5469185709953308
vn 0.8215544819831848 0.2583419680595398 -0.5082398653030396
vn 0.42135781049728394 -0.8770028948783875 -0.23091889917850494
vn 0.6773497462272644 -0.5606192946434021 -0.4763438403606415
vn 0.653832197189331 -0.5982428193092346 0.46325916051864624
vn 0.6500666737556458 0.565787136554718 0.5072457194328308
vn 0.14560329914093018 -0.34399449825286865 0.9276139140129089
vn -0.31147241592407227 -0.9148348569869995 -0.25702568888664246
vn -0.5825629234313965 -0.5727806091308594 0.5766653418540955
vn -0.8225396275520325 -0.3222416937351227 -0.46860313415527344
vn -0.07122758775949478 0.6640418767929077 -0.7442950010299683
vn 0.29201453924179077 0.9382363557815552 -0.18558040261268616
vn 0.7553544044494629 0.360998272895813 -0.5469185709953308
vn -0.2513272166252136 -0.8331858515739441 0.49258098006248474
vn -0.49417513608932495 -0.8533389568328857 0.16614362597465515
vn -0.010730758309364319 -0.8288297653198242 -0.5593978762626648
vn 0.33592861890792847 -0.8322948813438416 -0.44095033407211304
vn 0.602767825126648 -0.7929469347000122 -0.0889163687825203
vn 0.1984022855758667 -0.8412872552871704 0.5028640627861023
vn 0.3495776057243347 0.8406297564506531 -0.41368719935417175
vn 0.19866088032722473 0.7291127443313599 -0.6549263000488281
vn -0.3919525444507599 0.7393766045570374 -0.5474445819854736
vn -0.6910920143127441 0.6814802289009094 -0.24078340828418732
vn -0.40391647815704346 0.7919099926948547 0.45796313881874084
vn 0.23053908348083496 0.8014498353004456 0.5518422722816467
vn 0.5064806938171387 0.8490312099456787 0.1504107415676117
vn 0.23053908348083496 0.8014498353004456 0.5518422722816467
vn -0.40391647815704346 0.7919099926948547 0.45796313881874084
vn -0.3914406895637512 0.324013352394104 0.8612720370292664
vn -0.7934734225273132 0.4546106159687042 0.404634565114975
vn 0.351518839597702 0.2166069895029068 0.9107776880264282
vn -0.3887472152709961 -0.20029279589653015 0.8993099927902222
vn 0.3787761926651001 -0.2907605469226837 0.8786278963088989
vn 0.9208927750587463 -0.16184695065021515 -0.3546295464038849
vn 0.957381010055542 0.24730238318443298 0.14920870959758759
vn 0.8661448359489441 -0.2531968653202057 0.4309113323688507
vn 0.28104111552238464 0.27271488308906555 -0.9201318621635437
vn 0.6141535043716431 -0.1425396353006363 -0.776207447052002
vn -0.2040761113166809 -0.2633016109466553 -0.9428813457489014
vn -0.7934734225273132 0.4546106159687042 0.404634565114975
vn -0.8388818502426147 -0.19485540688037872 0.5082407593727112
vn -0.9685046076774597 -0.23830386996269226 -0.07218146324157715
vn -0.6025950908660889 -0.5448169112205505 -0.5831412672996521
vn -0.46265342831611633 -0.8297391533851624 0.31222543120384216
vn -0.6483758091926575 -0.31049156188964844 -0.6951286196708679
vn 0.06295248866081238 -0.5296318531036377 -0.8458883166313171
vn -0.5238609313964844 -0.8444832563400269 -0.11143532395362854
vn 0.5887574553489685 -0.508364737033844 0.6284345984458923
vn -0.3980153799057007 -0.257307231426239 0.8805549144744873
vn -0.2907729744911194 -0.855331540107727 0.42878812551498413
vn -0.9527493715286255 0.3037537634372711 0.0015263892710208893
vn -0.5552632808685303 0.8259087204933167 -0.09776320308446884
vn -0.6202300190925598 0.43695810437202454 -0.6514464020729065
vn -0.05770400911569595 -0.45596036314964294 -0.8881275653839111
vn 0.07059092074632645 0.7768173217773438 -0.6257569193840027
vn 0.6521658301353455 -0.24086211621761322 -0.7187943458557129
vn 0.5634334683418274 0.7597185373306274 0.3246082365512848
vn 0.6238744258880615 -0.4088720679283142 0.6660363078117371
vn 0.8469018936157227 -0.5172514319419861 -0.12332228571176529
vn 0.6967908143997192 -0.41824615001678467 -0.5827115178108215
vn 0.5131694674491882 0.8009825348854065 -0.3083573877811432
vn 0.9783345460891724 -0.19861844182014465 0.05841580405831337
vn 0.6736488342285156 0.1700614094734192 0.7192193269729614
vn -0.23018218576908112 -0.3607584834098816 0.9038083553314209
vn 0.4038701355457306 -0.7765148878097534 0.48364630341529846
vn -0.23018218576908112 -0.3607584834098816 0.9038083553314209
vn -0.8595905900001526 0.0010001674527302384 0.5109825730323792
vn -0.6754810214042664 -0.7368794083595276 -0.027094705030322075
vn -0.608874499797821 0.7855708003044128 0.11022882908582687
vn -0.9304869771003723 0.033825237303972244 -0.3647599518299103
vn 0.045345235615968704 0.8048703074455261 0.591715931892395
vn 0.9783345460891724 -0.19861844182014465 0.05841580405831337
vn -0.8969000577926636 -0.4182451367378235 0.14367136359214783
vn -0.5986835360527039 0.8009830713272095 0.0020563150756061077
vn -0.8103958964347839 -0.19861802458763123 -0.5511891841888428
vn -0.21029268205165863 0.17005950212478638 -0.962734043598175
vn 0.6605547070503235 -0.36076197028160095 -0.6584210991859436
vn -0.099213607609272 -0.7765159606933594 -0.6222377419471741
vn 0.6605547070503235 -0.36076197028160095 -0.6584210991859436
vn 0.9999986290931702 0.0010006267111748457 0.0013085706159472466
vn 0.5663108825683594 -0.7368776202201843 0.36919301748275757
vn 0.579426646232605 0.7855698466300964 0.2171289175748825
vn 0.6124185919761658 0.03382677584886551 0.7898096442222595
vn 0.2640760540962219 0.8048692941665649 -0.531459629535675
vn -0.8103958964347839 -0.19861802458763123 -0.5511891841888428
vn -0.4214121103286743 -0.4182456135749817 0.8046629428863525
vn -0.3564954400062561 0.8009830713272095 0.48097535967826843
vn -0.9264790415763855 -0.19861829280853271 0.3196678161621094
vn -0.897272527217865 0.1700601726770401 -0.4074082672595978
vn -0.1324608027935028 -0.3607591688632965 -0.9232047200202942
vn -0.557971715927124 -0.7765159606933594 -0.29272934794425964
vn -0.1324608027935028 -0.3607591688632965 -0.9232047200202942
vn 0.5992670655250549 0.0010011342819780111 -0.8005486726760864
vn 0.6346220374107361 -0.7368789911270142 -0.23294682800769806
vn 0.5206177830696106 0.7855702042579651 -0.334419846534729
vn 0.9992608428001404 0.03382425010204315 -0.018271369859576225
vn -0.26790130138397217 0.8048703074455261 -0.5295402407646179
vn -0.9264790415763855 -0.19861829280853271 0.3196678161621094
vn -0.8708439469337463 -0.41824567317962646 0.2582664489746094
vn -0.5934075117111206 0.8009828925132751 0.07933522760868073
vn -0.8747772574424744 -0.19861751794815063 -0.44194549322128296
vn -0.332830548286438 0.17006075382232666 -0.9275253415107727
vn 0.5700184106826782 -0.36076077818870544 -0.7381942272186279
vn -0.17872023582458496 -0.7765142321586609 -0.6042224168777466
vn 0.5700184106826782 -0.36076077818870544 -0.7381942272186279
vn 0.9917981028556824 0.0010007733944803476 -0.1278110146522522
vn 0.6092353463172913 -0.7368807792663574 0.2929829955101013
vn 0.6026087403297424 0.7855699062347412 0.14050829410552979
vn 0.7092638611793518 0.033820733428001404 0.7041313648223877
vn 0.19324873387813568 0.8048695921897888 -0.5611060857772827
vn -0.8747772574424744 -0.19861751794815063 -0.44194549322128296
vn -0.8694520592689514 0.1540367752313614 0.4693887233734131
vn -0.5389456748962402 0.8314040303230286 0.13529571890830994
vn -0.9227681159973145 -0.1783425658941269 -0.3416037857532501
vn -0.46447283029556274 0.1700602024793625 -0.8691056966781616
vn 0.4563315808773041 -0.3607594072818756 -0.813396692276001
vn -0.2592500150203705 -0.7723578810691833 -0.5798731446266174
vn -0.5879696607589722 -0.7495750784873962 0.3040211498737335
vn 0.4563315808773041 -0.3607594072818756 -0.813396692276001
vn 0.9625759124755859 0.0009990920079872012 -0.2710103988647461
vn 0.6454343199729919 -0.7368795871734619 0.20105503499507904
vn 0.6166529655456543 0.785570502281189 0.051168784499168396
vn 0.8043251633644104 0.03382603079080582 0.59322589635849
vn 0.10939839482307434 0.8048700094223022 -0.583280622959137
vn -0.9227681159973145 -0.1783425658941269 -0.3416037857532501
vn 0.13735519349575043 0.9813430309295654 -0.13453398644924164
vn -0.1467268466949463 0.9853968024253845 0.08639749139547348
vn -0.5261308550834656 0.8377353549003601 0.14623881876468658
vn -0.8381932973861694 0.46902233362197876 0.27829843759536743
vn -0.9124463796615601 0.16991029679775238 0.37225303053855896
vn -0.6823938488960266 0.07206758856773376 0.7274234890937805
vn 0.9113739132881165 0.028755130246281624 -0.4105739891529083
vn 0.923258900642395 0.22490234673023224 -0.3114675283432007
vn 0.730288028717041 0.5910636782646179 -0.34252476692199707
vn 0.547808051109314 0.8258620500564575 -0.13363489508628845
vn 0.730288028717041 0.5910636782646179 -0.34252476692199707
vn -0.03871997445821762 0.9198257327079773 0.3904118537902832
vn 0.616172730922699 0.7754583954811096 0.13782428205013275
vn -0.5918216109275818 0.5222678780555725 0.6139898300170898
vn 0.616172730922699 0.7754583954811096 0.13782428205013275
vn 0.9763428568840027 0.2160445749759674 -0.008912569843232632
vn -0.5918216109275818 0.5222678780555725 0.6139898300170898
vn -0.7812460660934448 -0.13851255178451538 0.6086615920066833
vn -0.04879637435078621 -0.028964262455701828 0.9983887076377869
vn -0.6823938488960266 0.07206758856773376 0.7274234890937805
vn -0.1467268466949463 0.9853968024253845 0.08639749139547348
vn 0.37655991315841675 0.892169177532196 -0.249472975730896
vn -0.38862258195877075 0.7331401705741882 -0.5581022500991821
vn -0.38862258195877075 0.7331401705741882 -0.5581022500991821
vn -0.6803136467933655 0.17556717991828918 -0.7115824818611145
vn -0.6883923411369324 0.7196788191795349 -0.09043429791927338
vn -0.9874324202537537 0.15641042590141296 -0.022653186693787575
vn -0.387820303440094 0.2927643060684204 0.8740048408508301
vn -0.5238685607910156 -0.6851351261138916 0.5061141848564148
vn 0.11314848065376282 -0.13213321566581726 0.984752893447876
vn -0.97617506980896 0.025707576423883438 -0.21545632183551788
vn -0.6669579744338989 -0.5972838997840881 -0.4454425573348999
vn -0.5238685607910156 -0.6851351261138916 0.5061141848564148
vn -0.6669579744338989 -0.5972838997840881 -0.4454425573348999
vn -0.97617506980896 0.025707576423883438 -0.21545632183551788
vn -0.22052444517612457 0.27775102853775024 -0.9349991083145142
vn -0.1374417096376419 0.9558625817298889 -0.2596853971481323
vn 0.43380504846572876 0.8491460084915161 -0.3012714684009552
vn 0.43380504846572876 0.8491460084915161 -0.3012714684009552
vn -0.1374417096376419 0.9558625817298889 -0.2596853971481323
vn 0.44228804111480713 0.6945250630378723 0.5674647688865662
vn 0.44228804111480713 0.6945250630378723 0.5674647688865662
vn -0.22795620560646057 -0.8366991877555847 -0.4979664981365204
vn -0.1875676065683365 -0.643212616443634 -0.742358386516571
vn 0.2140958458185196 -0.4044438600540161 -0.8891503214836121
vn 0.2707759141921997 0.8614486455917358 0.42963552474975586
vn 0.16528162360191345 0.6428362727165222 0.7479596138000488
vn 0.14200431108474731 0.9585772752761841 0.24690990149974823
vn 0.2422531247138977 0.268499493598938 0.9323205351829529
vn 0.0966203510761261 0.13725142180919647 0.9858126640319824
vn 0.16528162360191345 0.6428362727165222 0.7479596138000488
vn 0.06193488463759422 0.9378881454467773 -0.34136489033699036
vn 0.3906257152557373 0.6398720741271973 -0.6617971062660217
vn -0.05505993589758873 0.5976459383964539 -0.7998673319816589
vn -0.044485077261924744 -0.4358568489551544 0.8989160060882568
vn -0.09134015440940857 -0.740800142288208 0.6654864549636841
vn 0.27697139978408813 -0.4870939254760742 0.8282670974731445
vn 0.5296730399131775 0.8479254841804504 -0.02165452390909195
vn 0.06193488463759422 0.9378881454467773 -0.34136489033699036
vn 0.556286096572876 0.539862334728241 0.6317393183708191
vn 0.9311151504516602 0.0040250481106340885 0.3647032678127289
vn 0.9577401280403137 0.2841143310070038 0.0448654368519783
vn 0.47464197874069214 -0.11768815666437149 0.8722755312919617
vn 0.9285842776298523 -0.35290196537971497 0.11485417187213898
vn 0.2422531247138977 0.268499493598938 0.9323205351829529
vn 0.05826476961374283 0.667959988117218 0.741912841796875
vn 0.012165180407464504 0.05544111877679825 0.99838787317276
vn -0.07692986726760864 0.03196454048156738 -0.9965239763259888
vn -0.5090098977088928 -0.06851231306791306 -0.8580297231674194
vn -0.3761935234069824 0.49496087431907654 -0.7832574844360352
vn 0.06983878463506699 -0.4247656464576721 0.9026055335998535
vn -0.602148711681366 -0.2462940812110901 0.7594446539878845
vn 0.17943896353244781 0.9326296448707581 -0.31305527687072754
vn -0.2319595068693161 0.8789132237434387 -0.41678088903427124
vn -0.16554874181747437 0.9755039811134338 0.14486408233642578
vn 0.2707759141921997 0.8614486455917358 0.42963552474975586
vn 0.05826476961374283 0.667959988117218 0.741912841796875
vn 0.2422531247138977 0.268499493598938 0.9323205351829529
vn -0.3761935234069824 0.49496087431907654 -0.7832574844360352
vn -0.9294643998146057 0.20063289999961853 -0.30958423018455505
vn -0.8500701189041138 0.5040852427482605 -0.15257397294044495
vn -0.602148711681366 -0.2462940812110901 0.7594446539878845
vn -0.945730984210968 -0.1942720264196396 0.2604832351207733
vn -0.3929847776889801 -0.7209576964378357 0.5707741379737854
vn -0.5461656451225281 -0.8375298380851746 -0.015711432322859764
vn -0.8958293199539185 -0.23891516029834747 -0.37471261620521545
vn -0.4942261278629303 -0.7870728969573975 -0.36912983655929565
vn -0.6689494252204895 -0.7433012127876282 -0.00317145767621696
vn -0.1705189049243927 -0.9200904369354248 -0.35264286398887634
vn 0.3732345402240753 -0.9164174795150757 -0.14448219537734985
vn 0.6517377495765686 -0.74942946434021 -0.11659125983715057
vn 0.1825072169303894 -0.9482235312461853 -0.25992968678474426
vn 0.7153156399726868 -0.5041958689689636 0.48384934663772583
vn 0.858436107635498 -0.5029982924461365 0.10040059685707092
vn 0.9655891060829163 -0.09298205375671387 0.24288277328014374
vn 0.6943731307983398 0.17351418733596802 0.6983830332756042
vn 0.5934638977050781 0.7010208964347839 0.39543700218200684
vn 0.3468169569969177 0.8759540915489197 0.3352946639060974
vn 0.022835660725831985 0.9381723999977112 0.3454146087169647
vn -0.35845258831977844 0.9240272641181946 0.1329868733882904
vn 0.3468169569969177 0.8759540915489197 0.3352946639060974
vn -0.6945863366127014 0.7139371037483215 0.08856426179409027
vn -0.8881434202194214 0.421475887298584 -0.18319201469421387
vn -0.8881434202194214 0.421475887298584 -0.18319201469421387
vn -0.9804445505142212 -0.001807658700272441 -0.19678764045238495
vn 0.6726914048194885 -0.7035152316093445 0.2292437106370926
vn -0.9308091402053833 -0.3533113896846771 -0.0936235785484314
vn -0.48467496037483215 0.5425052642822266 0.6861328482627869
vn 0.040579210966825485 0.09424853324890137 0.9947213530540466
vn 0.22260287404060364 0.7378920316696167 0.6371526122093201
vn -0.906648576259613 0.2923400104045868 0.3041802644729614
vn -0.6979228854179382 -0.3493136465549469 0.6252068877220154
vn 0.6943731307983398 0.17351418733596802 0.6983830332756042
vn 0.32681307196617126 -0.2741757333278656 0.9044451117515564
vn 0.7153156399726868 -0.5041958689689636 0.48384934663772583
vn -0.9804445505142212 -0.001807658700272441 -0.19678764045238495
vn -0.8210533857345581 0.50937420129776 -0.25770020484924316
vn -0.885667085647583 -0.19247454404830933 -0.4225488305091858
vn 0.5934638977050781 0.7010208964347839 0.39543700218200684
vn 0.9782099723815918 0.18304118514060974 -0.09798593819141388
vn 0.7291532158851624 0.6842469573020935 0.011905823834240437
vn -0.4942261278629303 -0.7870728969573975 -0.36912983655929565
vn -0.23010993003845215 -0.4992298185825348 -0.8353556990623474
vn 0.022835660725831985 0.9381723999977112 0.3454146087169647
vn 0.2791692614555359 0.9592778086662292 0.04301809147000313
vn -0.32029375433921814 0.9152163863182068 -0.24452169239521027
vn -0.6945863366127014 0.7139371037483215 0.08856426179409027
vn -0.8210533857345581 0.50937420129776 -0.25770020484924316
vn -0.9804445505142212 -0.001807658700272441 -0.19678764045238495
vn 0.7291532158851624 0.6842469573020935 0.011905823834240437
vn 0.6200552582740784 0.4017235040664673 -0.6739063858985901
vn 0.2110128551721573 0.7201396822929382 -0.6609632968902588
vn -0.23010993003845215 -0.4992298185825348 -0.8353556990623474
vn 0.13856858015060425 0.12045498937368393 -0.9830002784729004
vn 0.4079730808734894 -0.7537834048271179 -0.5151393413543701
vn -0.15697641670703888 -0.9723947644233704 0.17264701426029205
vn -0.17415253818035126 -0.9791092276573181 -0.104957215487957
vn -0.21685342490673065 -0.9168016314506531 -0.3353349566459656
vn -0.3651200830936432 -0.41786476969718933 0.8319113850593567
vn -0.6689494252204895 -0.7433012127876282 -0.00317145767621696
vn 0.008065502159297466 0.9989273548126221 0.04559943079948425
vn 0.04662298411130905 0.9987320899963379 0.018986990675330162
vn 0.03434097766876221 0.9988560676574707 -0.03327678516507149
vn -0.009268690831959248 0.9988971948623657 -0.046028681099414825
vn -0.046417780220508575 0.9987956881523132 -0.015895888209342957
vn -0.03433089330792427 0.9988530278205872 0.033379729837179184
vn -1.8562399617394476e-08 -1.0 -1.268366531803622e-07
vn -1.8562399617394476e-08 -1.0 -1.268366531803622e-07
vn -1.8562399617394476e-08 -1.0 -1.268366531803622e-07
vn -4.623669447312295e-09 -1.0 -1.604877297722851e-07
vn -7.143734492842668e-09 -1.0 -1.5671616893087048e-07
vn -4.773296424787077e-09 -1.0 -1.5908661055163975e-07
vn 2.047312319675143e-09 -1.0 -1.636439890262409e-07
vn -4.280237497766848e-09 -1.0 -1.6102303845855204e-07
vn 1.1151665368913655e-08 -1.0 -1.6409263992045453e-07
vn -1.1151711554191479e-08 -1.0 -1.6409263992045453e-07
vn 4.280217069663195e-09 -1.0 -1.6102303845855204e-07
vn -2.04739558640199e-09 -1.0 -1.6364401744795032e-07
vn 4.7732351404761175e-09 -1.0 -1.5908662476249447e-07
vn 7.143676761245388e-09 -1.0 -1.5671616893087048e-07
vn 4.6236570128144194e-09 -1.0 -1.6048765871801152e-07
vn 1.856235876118717e-08 -1.0 -1.268366673912169e-07
vn 0.5288183689117432 0.7250136137008667 -0.441255658864975
vn 0.8039883971214294 -0.31216439604759216 -0.5061185956001282
vn 0.1611134260892868 -0.40441715717315674 -0.9002718925476074
vn 2.8006423235638067e-05 0.7000170946121216 -0.7141260504722595
vn 0.7305123805999756 -0.6711558699607849 0.12610092759132385
vn 0.33929821848869324 -0.5710034370422363 0.7475505471229553
vn 0.1648591011762619 -0.8785200715065002 0.448356956243515
vn 0.37581491470336914 -0.49848127365112305 0.7812039256095886
vn -0.6049919724464417 -0.5709389448165894 0.5549896359443665
vn -0.7272144556045532 -0.6510053873062134 -0.21760335564613342
vn 0.36730244755744934 0.28478318452835083 0.8854307532310486
vn 0.37950730323791504 0.3843483328819275 0.8415762186050415
vn -0.45718497037887573 0.889108419418335 -0.02163715288043022
vn 0.1648591011762619 -0.8785200715065002 0.448356956243515
vn 0.33929821848869324 -0.5710034370422363 0.7475505471229553
vn -0.8967840075492859 0.44205442070961 0.01914048008620739
vn -0.9212241172790527 -0.3869950473308563 -0.03976138308644295
vn -0.6049919724464417 -0.5709389448165894 0.5549896359443665
vn -0.5403760671615601 0.5756031274795532 0.6137383580207825
vn -0.4910707175731659 -0.5417702198028564 -0.6821544170379639
vn -0.5999958515167236 0.3656104505062103 -0.7115715742111206
vn 0.37950730323791504 0.3843483328819275 0.8415762186050415
vn 0.33929821848869324 -0.5710034370422363 0.7475505471229553
vn 0.7305123805999756 -0.6711558699607849 0.12610092759132385
vn -0.5403760671615601 0.5756031274795532 0.6137383580207825
vn -0.6049919724464417 -0.5709389448165894 0.5549896359443665
vn 0.37581491470336914 -0.49848127365112305 0.7812039256095886
vn 0.3085542321205139 0.5760684609413147 0.7569276094436646
vn 0.8039883971214294 -0.31216439604759216 -0.5061185956001282
vn 0.3085542321205139 0.5760684609413147 0.7569276094436646
vn 0.37581491470336914 -0.49848127365112305 0.7812039256095886
vn 0.1648591011762619 -0.8785200715065002 0.448356956243515
vn 0.36730244755744934 0.28478318452835083 0.8854307532310486
vn -0.5999958515167236 0.3656104505062103 -0.7115715742111206
vn -0.4910707175731659 -0.5417702198028564 -0.6821544170379639
vn -0.7272144556045532 -0.6510053873062134 -0.21760335564613342
vn -0.8355756402015686 0.4667222201824188 -0.2897997498512268
vn -0.9212241172790527 -0.3869950473308563 -0.03976138308644295
vn 0.8039883971214294 -0.31216439604759216 -0.5061185956001282
vn -0.45718497037887573 0.889108419418335 -0.02163715288043022
vn 0.3085542321205139 0.5760684609413147 0.7569276094436646
vn -0.45718497037887573 0.889108419418335 -0.02163715288043022
vn 0.39314526319503784 0.9122563004493713 0.1150016263127327
vn 0.5288183689117432 0.7250136137008667 -0.441255658864975
vn 2.8006423235638067e-05 0.7000170946121216 -0.7141260504722595
vn -0.3048831522464752 0.8442178964614868 -0.4408429265022278
vn -0.3048831522464752 0.8442178964614868 -0.4408429265022278
vn -0.5999958515167236 0.3656104505062103 -0.7115715742111206
vn -0.8355756402015686 0.4667222201824188 -0.2897997498512268
vn -0.401323139667511 0.9148526787757874 -0.044547189027071
vn -0.45718497037887573 0.889108419418335 -0.02163715288043022
vn -0.6416476368904114 0.6637215614318848 -0.3843982517719269
vn -0.1901787370443344 0.6485375761985779 -0.7370420694351196
vn -0.18191230297088623 -0.6303494572639465 -0.7546970844268799
vn -0.7822543978691101 -0.4325946569442749 -0.44826334714889526
vn 0.010582754388451576 -0.8364670276641846 0.5479152202606201
vn -0.14005668461322784 -0.20071692764759064 0.9695859551429749
vn -0.6976014971733093 -0.573311448097229 0.4297280013561249
vn 0.42593371868133545 0.9039105176925659 0.03906865045428276
vn -0.06026251241564751 0.8771236538887024 0.476468950510025
vn 0.5127581357955933 0.45182257890701294 0.7300242781639099
vn 0.8428760766983032 0.4325537383556366 0.32008934020996094
vn -0.7705674171447754 0.5717491507530212 -0.28165403008461
vn -0.34491246938705444 0.6766189336776733 -0.6505553126335144
vn -0.4616822302341461 -0.46145114302635193 -0.7575701475143433
vn -0.7836130857467651 -0.5869514346122742 -0.20356464385986328
vn 0.8428760766983032 0.4325537383556366 0.32008934020996094
vn 0.8033972978591919 -0.49478867650032043 0.33126601576805115
vn 0.7284937500953674 -0.6468726396560669 -0.22550533711910248
vn -0.09499199688434601 0.3897061347961426 0.9160270690917969
vn -0.6961861252784729 0.6146731376647949 -0.37081247568130493
vn -0.4124559462070465 -0.8416973352432251 -0.3484620451927185
vn -0.09499199688434601 0.3897061347961426 0.9160270690917969
vn -0.6906468272209167 0.6256200671195984 0.3627762794494629
vn 0.34809738397598267 0.6601094007492065 -0.6656454205513
vn 0.3492654263973236 -0.5942196846008301 -0.7245113253593445
vn -0.6416476368904114 0.6637215614318848 -0.3843982517719269
vn -0.7822543978691101 -0.4325946569442749 -0.44826334714889526
vn -0.4124559462070465 -0.8416973352432251 -0.3484620451927185
vn -0.6961861252784729 0.6146731376647949 -0.37081247568130493
vn -0.7705674171447754 0.5717491507530212 -0.28165403008461
vn -0.7836130857467651 -0.5869514346122742 -0.20356464385986328
vn 0.3492654263973236 -0.5942196846008301 -0.7245113253593445
vn -0.06026251241564751 0.8771236538887024 0.476468950510025
vn 0.34809738397598267 0.6601094007492065 -0.6656454205513
vn -0.1901787370443344 0.6485375761985779 -0.7370420694351196
vn -0.6416476368904114 0.6637215614318848 -0.3843982517719269
vn -0.06026251241564751 0.8771236538887024 0.476468950510025
vn -0.08499052375555038 0.9918302893638611 0.09512780606746674
vn -0.1313258856534958 -0.8290777802467346 -0.5434920787811279
vn 0.49298346042633057 -0.8297396302223206 -0.261724054813385
vn 0.5377777814865112 -0.544818103313446 0.6434036493301392
vn -0.07594291865825653 -0.6244044899940491 0.7774007320404053
vn -0.5073831677436829 -0.8546778559684753 0.10994650423526764
vn 0.7689288854598999 -0.2296677678823471 -0.5966583490371704
vn 0.7427582740783691 0.28761929273605347 -0.604636549949646
vn 0.60904461145401 0.7742069959640503 -0.17224480211734772
vn -0.34042301774024963 -0.25813233852386475 -0.9041459560394287
vn -0.1313258856534958 -0.8290777802467346 -0.5434920787811279
vn -0.5073831677436829 -0.8546778559684753 0.10994650423526764
vn -0.9460090398788452 -0.2806376814842224 -0.16220159828662872
vn 0.7689288854598999 -0.2296677678823471 -0.5966583490371704
vn 0.49298346042633057 -0.8297396302223206 -0.261724054813385
vn -0.1313258856534958 -0.8290777802467346 -0.5434920787811279
vn -0.34042301774024963 -0.25813233852386475 -0.9041459560394287
vn 0.7427582740783691 0.28761929273605347 -0.604636549949646
vn 0.13601171970367432 0.7041702270507812 -0.6968824863433838
vn -0.7161128520965576 -0.3074265718460083 0.626634955406189
vn -0.07594291865825653 -0.6244044899940491 0.7774007320404053
vn -0.7161128520965576 -0.3074265718460083 0.626634955406189
vn -0.5073831677436829 -0.8546778559684753 0.10994650423526764
vn -0.717058002948761 0.42164385318756104 0.5550174117088318
vn -0.6936318278312683 0.7161263227462769 -0.07770510017871857
vn 0.5377777814865112 -0.544818103313446 0.6434036493301392
vn 0.5049993991851807 0.6153339743614197 0.6052600741386414
vn -0.16665540635585785 0.6743960976600647 0.719316303730011
vn -0.717058002948761 0.42164385318756104 0.5550174117088318
vn 0.5049993991851807 0.6153339743614197 0.6052600741386414
vn -0.431747168302536 0.641718327999115 -0.6338706016540527
vn -0.431747168302536 0.641718327999115 -0.6338706016540527
vn 0.13601171970367432 0.7041702270507812 -0.6968824863433838
vn -0.431747168302536 0.641718327999115 -0.6338706016540527
vn -0.6936318278312683 0.7161263227462769 -0.07770510017871857
vn -0.16665540635585785 0.6743960976600647 0.719316303730011
vn 0.5049993991851807 0.6153339743614197 0.6052600741386414
vn 0.60904461145401 0.7742069959640503 -0.17224480211734772
vn 0.60904461145401 0.7742069959640503 -0.17224480211734772
vn -0.6936318278312683 0.7161263227462769 -0.07770510017871857
vn 0.36832109093666077 -0.8625696301460266 0.34686195850372314
vn 0.6498910784721375 -0.5538767576217651 0.5204442143440247
vn -0.22180011868476868 -0.5962815284729004 0.7715264558792114
vn -0.7386323809623718 -0.6654443144798279 0.10773172229528427
vn 0.7078185081481934 -0.6553875207901001 -0.26355302333831787
vn 0.6631337404251099 -0.5616812109947205 0.4947402775287628
vn 0.3452753722667694 0.9052279591560364 0.24768374860286713
vn 0.17740629613399506 -0.2752980589866638 -0.9448481202125549
vn -0.28459441661834717 0.9204772710800171 -0.26782023906707764
vn 0.19402866065502167 0.719913899898529 -0.6663908958435059
vn -0.774565577507019 0.35005009174346924 0.5267950892448425
vn -0.8282629251480103 -0.30297982692718506 0.47136369347572327
vn -0.22180011868476868 -0.5962815284729004 0.7715264558792114
vn -0.15036897361278534 0.5909211039543152 0.7925915718078613
vn -0.7374258041381836 -0.5506806373596191 -0.39109355211257935
vn -0.7501401305198669 0.5591853260993958 -0.3529895544052124
vn 0.7658753395080566 0.32147645950317383 0.5568554997444153
vn 0.6631337404251099 -0.5616812109947205 0.4947402775287628
vn 0.7078185081481934 -0.6553875207901001 -0.26355302333831787
vn -0.15036897361278534 0.5909211039543152 0.7925915718078613
vn -0.22180011868476868 -0.5962815284729004 0.7715264558792114
vn 0.6498910784721375 -0.5538767576217651 0.5204442143440247
vn 0.6491854190826416 0.38922396302223206 0.6535006165504456
vn 0.17740629613399506 -0.2752980589866638 -0.9448481202125549
vn 0.6491854190826416 0.38922396302223206 0.6535006165504456
vn 0.6498910784721375 -0.5538767576217651 0.5204442143440247
vn 0.36832109093666077 -0.8625696301460266 0.34686195850372314
vn 0.704301118850708 0.17591647803783417 0.6877596378326416
vn -0.7501401305198669 0.5591853260993958 -0.3529895544052124
vn -0.7374258041381836 -0.5506806373596191 -0.39109355211257935
vn -0.7386323809623718 -0.6654443144798279 0.10773172229528427
vn -0.9244394898414612 0.36003735661506653 0.12563759088516235
vn -0.8282629251480103 -0.30297982692718506 0.47136369347572327
vn 0.3452753722667694 0.9052279591560364 0.24768374860286713
vn 0.19402866065502167 0.719913899898529 -0.6663908958435059
vn -0.28459441661834717 0.9204772710800171 -0.26782023906707764
vn -0.7501401305198669 0.5591853260993958 -0.3529895544052124
vn 0.6491854190826416 0.38922396302223206 0.6535006165504456
vn 0.3452753722667694 0.9052279591560364 0.24768374860286713
vn 0.4931268095970154 0.8581496477127075 -0.1428465098142624
vn -0.9244394898414612 0.36003735661506653 0.12563759088516235
vn 0.14454373717308044 0.9879087805747986 -0.05606568232178688
vn 0.3452753722667694 0.9052279591560364 0.24768374860286713
vn -0.5937878489494324 -0.5982417464256287 -0.5380732417106628
vn 0.17780135571956635 -0.6948962807655334 -0.6967825889587402
vn -0.04091348499059677 -0.6396946310997009 0.7675394415855408
vn -0.7294186353683472 -0.5606198310852051 0.3919872045516968
vn -0.445933997631073 -0.8770025968551636 0.178911492228508
vn -0.7610616087913513 -0.4994205832481384 0.4139617383480072
vn -0.3120992183685303 0.9382362365722656 0.14935478568077087
vn 0.7606477737426758 -0.32224223017692566 0.5635378360748291
vn 0.7204516530036926 0.6901772618293762 -0.06785830110311508
vn 0.4814916253089905 0.7146371603012085 0.5074048042297363
vn 0.6472996473312378 -0.572780966758728 -0.5029167532920837
vn 0.6919227242469788 0.3526090383529663 -0.6300078630447388
vn -0.7294186353683472 -0.5606198310852051 0.3919872045516968
vn -0.04091348499059677 -0.6396946310997009 0.7675394415855408
vn -0.5847926139831543 0.5657873749732971 -0.5812937021255493
vn -0.5937878489494324 -0.5982417464256287 -0.5380732417106628
vn -0.7610616087913513 -0.4994205832481384 0.4139617383480072
vn -0.8116571307182312 0.4734802544116974 0.34209534525871277
vn 0.7606477737426758 -0.32224223017692566 0.5635378360748291
vn 0.4814916253089905 0.7146371603012085 0.5074048042297363
vn -0.8116571307182312 0.4734802544116974 0.34209534525871277
vn -0.7610616087913513 -0.4994205832481384 0.4139617383480072
vn -0.445933997631073 -0.8770025968551636 0.178911492228508
vn -0.8764026165008545 0.25834301114082336 0.40642020106315613
vn 0.6919227242469788 0.3526090383529663 -0.6300078630447388
vn 0.6472996473312378 -0.572780966758728 -0.5029167532920837
vn 0.17780135571956635 -0.6948962807655334 -0.6967825889587402
vn 0.22785724699497223 0.46358582377433777 -0.8562529683113098
vn -0.03371024131774902 -0.34399300813674927 -0.9383669495582581
vn 0.3977222442626953 0.8669545650482178 -0.3003445267677307
vn 0.6919227242469788 0.3526090383529663 -0.6300078630447388
vn 0.22785724699497223 0.46358582377433777 -0.8562529683113098
vn -0.13602396845817566 0.9906979203224182 -0.003896295325830579
vn -0.5847926139831543 0.5657873749732971 -0.5812937021255493
vn -0.8116571307182312 0.4734802544116974 0.34209534525871277
vn -0.3120992183685303 0.9382362365722656 0.14935478568077087
vn -0.0182249303907156 0.664042055606842 0.7474731206893921
vn 0.4814916253089905 0.7146371603012085 0.5074048042297363
vn 0.7204516530036926 0.6901772618293762 -0.06785830110311508
vn 0.3977222442626953 0.8669545650482178 -0.3003445267677307
vn 0.7383479475975037 -0.5046761631965637 -0.44737499952316284
vn 0.3718230724334717 -0.843951404094696 0.3866443634033203
vn -0.09303159266710281 -0.8550154566764832 0.5101900100708008
vn -0.314100980758667 -0.8619713187217712 0.39792734384536743
vn -0.8596152067184448 -0.4655206799507141 0.21060015261173248
vn -0.13602396845817566 0.9906979203224182 -0.003896295325830579
vn -0.3120992183685303 0.9382362365722656 0.14935478568077087
vn -0.09303159266710281 -0.8550154566764832 0.5101900100708008
vn 0.3718230724334717 -0.843951404094696 0.3866443634033203
vn -0.46208587288856506 -0.27191123366355896 -0.844121515750885
vn 0.7063654661178589 -0.21360205113887787 0.6748496890068054
vn 0.7383479475975037 -0.5046761631965637 -0.44737499952316284
vn 0.7466601729393005 0.5231064558029175 -0.4109237492084503
vn 0.6368400454521179 0.6282334923744202 0.4469422996044159
vn -0.7110545039176941 0.7023847103118896 -0.03251482918858528
vn 0.3718230724334717 -0.843951404094696 0.3866443634033203
vn -0.46208587288856506 -0.27191123366355896 -0.844121515750885
vn -0.34087151288986206 0.6035467386245728 -0.7207897901535034
vn -0.7110545039176941 0.7023847103118896 -0.03251482918858528
vn -0.4178840219974518 0.8093872666358948 0.4126320481300354
vn 0.31136831641197205 0.7806857228279114 -0.5418299436569214
vn 0.7466601729393005 0.5231064558029175 -0.4109237492084503
vn 0.6368400454521179 0.6282334923744202 0.4469422996044159
vn 0.007090589497238398 0.6583791375160217 0.752653181552887
vn -0.34087151288986206 0.6035467386245728 -0.7207897901535034
vn 0.08348644524812698 -0.7808620929718018 -0.6190997362136841
vn 0.7499332427978516 -0.6435233950614929 0.15322457253932953
vn 0.35726234316825867 -0.5884473323822021 0.725322961807251
vn -0.36304971575737 -0.5228689312934875 0.7712348699569702
vn -0.7129145264625549 -0.5996372699737549 0.3635767102241516
vn -0.3566696345806122 -0.8764455914497375 0.32346558570861816
vn -0.5498135089874268 -0.45725730061531067 0.6990142464637756
vn -0.7460277676582336 -0.6528849601745605 0.13108699023723602
vn -0.7357775568962097 -0.5229683518409729 -0.43027380108833313
vn 0.08348644524812698 -0.7808620929718018 -0.6190997362136841
vn 0.22865049540996552 -0.16409887373447418 -0.9595783352851868
vn -0.5208641886711121 0.6731603145599365 0.5249339938163757
vn -0.657387375831604 0.7411814332008362 0.13598540425300598
vn -0.7460277676582336 -0.6528849601745605 0.13108699023723602
vn -0.5498135089874268 -0.45725730061531067 0.6990142464637756
vn 0.1680583357810974 0.8629804253578186 -0.4764673709869385
vn 0.5499909520149231 0.832044780254364 0.07219082117080688
vn 0.13024720549583435 0.3641194999217987 -0.9221999645233154
vn -0.4552081823348999 0.5330018997192383 0.7132282853126526
vn -0.5742864012718201 0.3731284439563751 0.7286771535873413
vn -0.7129145264625549 -0.5996372699737549 0.3635767102241516
vn -0.36304971575737 -0.5228689312934875 0.7712348699569702
vn 0.9429228901863098 0.3329637348651886 -0.005615231115370989
vn 0.29520726203918457 0.5908311009407043 0.7508470416069031
vn 0.35726234316825867 -0.5884473323822021 0.725322961807251
vn 0.7499332427978516 -0.6435233950614929 0.15322457253932953
vn -0.3566696345806122 -0.8764455914497375 0.32346558570861816
vn -0.6489130854606628 0.6482793092727661 -0.398303747177124
vn -0.7357775568962097 -0.5229683518409729 -0.43027380108833313
vn -0.5208641886711121 0.6731603145599365 0.5249339938163757
vn -0.5498135089874268 -0.45725730061531067 0.6990142464637756
vn -0.3566696345806122 -0.8764455914497375 0.32346558570861816
vn -0.5742864012718201 0.3731284439563751 0.7286771535873413
vn -0.4552081823348999 0.5330018997192383 0.7132282853126526
vn -0.36304971575737 -0.5228689312934875 0.7712348699569702
vn 0.5499909520149231 0.832044780254364 0.07219082117080688
vn 0.1680583357810974 0.8629804253578186 -0.4764673709869385
vn -0.6489130854606628 0.6482793092727661 -0.398303747177124
vn -0.657387375831604 0.7411814332008362 0.13598540425300598
vn -0.5208641886711121 0.6731603145599365 0.5249339938163757
vn -0.5742864012718201 0.3731284439563751 0.7286771535873413
vn 0.5499909520149231 0.832044780254364 0.07219082117080688
vn -0.1652163714170456 0.9858335852622986 0.028911983594298363
vn -0.29927101731300354 -0.5982415676116943 0.7433330416679382
vn -0.7152552008628845 -0.6948941946029663 0.07437850534915924
vn 0.7342530488967896 -0.639694094657898 -0.22729702293872833
vn 0.6202407479286194 -0.560619056224823 0.5486418008804321
vn 0.32220977544784546 -0.8770031332969666 0.3564356863498688
vn 0.6518083214759827 -0.49942126870155334 0.5707226991653442
vn 0.24815386533737183 0.9382361769676208 0.24110689759254456
vn 0.26540547609329224 -0.32224148511886597 -0.9086915850639343
vn -0.31304487586021423 0.6901772618293762 -0.6524249911308289
vn 0.30937105417251587 0.7146371006965637 -0.6273621916770935
vn -0.6958878040313721 -0.5727803707122803 -0.4332006871700287
vn -0.8305673599243164 0.35260987281799316 -0.43107348680496216
vn 0.6202407479286194 -0.560619056224823 0.5486418008804321
vn 0.7342530488967896 -0.639694094657898 -0.22729702293872833
vn -0.3429340422153473 0.5657877922058105 0.7498536109924316
vn -0.29927101731300354 -0.5982415676116943 0.7433330416679382
vn 0.6518083214759827 -0.49942126870155334 0.5707226991653442
vn 0.6019017100334167 0.47347909212112427 0.643064558506012
vn 0.26540547609329224 -0.32224148511886597 -0.9086915850639343
vn 0.30937105417251587 0.7146371006965637 -0.6273621916770935
vn 0.6019017100334167 0.47347909212112427 0.643064558506012
vn 0.6518083214759827 -0.49942126870155334 0.5707226991653442
vn 0.32220977544784546 -0.8770031332969666 0.3564356863498688
vn 0.6846597194671631 0.2583416700363159 0.6815428733825684
vn -0.8305673599243164 0.35260987281799316 -0.43107348680496216
vn -0.6958878040313721 -0.5727803707122803 -0.4332006871700287
vn -0.7152552008628845 -0.6948941946029663 0.07437850534915924
vn -0.8821922540664673 0.4635852575302124 0.08261696249246597
vn -0.8686884045600891 -0.3439936637878418 0.3564392626285553
vn -0.4194488227367401 0.8669535517692566 -0.2691735625267029
vn -0.8305673599243164 0.35260987281799316 -0.43107348680496216
vn -0.8821922540664673 0.4635852575302124 0.08261696249246597
vn 0.04342101886868477 0.9906980991363525 0.12896448373794556
vn -0.3429340422153473 0.5657877922058105 0.7498536109924316
vn 0.6019017100334167 0.47347909212112427 0.643064558506012
vn 0.24815386533737183 0.9382361769676208 0.24110689759254456
vn 0.7075731754302979 0.6640422344207764 -0.24163657426834106
vn 0.30937105417251587 0.7146371006965637 -0.6273621916770935
vn -0.31304487586021423 0.6901772618293762 -0.6524249911308289
vn -0.4194488227367401 0.8669535517692566 -0.2691735625267029
vn 0.04342101886868477 0.9906980991363525 0.12896448373794556
vn 0.24815386533737183 0.9382361769676208 0.24110689759254456
vn 0.38585731387138367 -0.8535457253456116 -0.35010552406311035
vn 0.4984249472618103 -0.8205352425575256 0.2798117995262146
vn -0.3549295961856842 -0.5420066714286804 0.7617439031600952
vn -0.7172307968139648 -0.6379016041755676 0.28046682476997375
vn -0.7037791013717651 -0.6651188135147095 -0.24962374567985535
vn -0.2887240946292877 -0.5088188648223877 -0.811012864112854
vn 0.8786180019378662 -0.20210713148117065 0.43264666199684143
vn 0.4984249472618103 -0.8205352425575256 0.2798117995262146
vn 0.38585731387138367 -0.8535457253456116 -0.35010552406311035
vn 0.6768825054168701 -0.26297563314437866 -0.6875128149986267
vn 0.8786180019378662 -0.20210713148117065 0.43264666199684143
vn 0.8684288263320923 0.3008340001106262 0.39411962032318115
vn 0.6372417211532593 0.7407751083374023 -0.21254472434520721
vn -0.35261040925979614 0.5844497680664062 0.730810821056366
vn -0.7037791013717651 -0.6651188135147095 -0.24962374567985535
vn -0.8522854447364807 0.372296541929245 -0.367430180311203
vn -0.2455795705318451 0.6792584657669067 -0.6915914416313171
vn -0.7172307968139648 -0.6379016041755676 0.28046682476997375
vn -0.3549295961856842 -0.5420066714286804 0.7617439031600952
vn -0.35261040925979614 0.5844497680664062 0.730810821056366
vn -0.722954511642456 0.6698611378669739 0.16918312013149261
vn -0.7037791013717651 -0.6651188135147095 -0.24962374567985535
vn -0.8522854447364807 0.372296541929245 -0.367430180311203
vn 0.3841409981250763 0.648311197757721 -0.6573647856712341
vn 0.3841409981250763 0.648311197757721 -0.6573647856712341
vn 0.40050461888313293 -0.5046764016151428 0.7647861242294312
vn -0.40905603766441345 -0.8439523577690125 0.3470125198364258
vn -0.5034071207046509 -0.8550125956535339 -0.1246383786201477
vn -0.3775855302810669 -0.8619707226753235 -0.33828362822532654
vn -0.15663538873195648 -0.4655219614505768 -0.8710653185844421
vn 0.47844982147216797 0.8187286853790283 0.3174418807029724
vn 0.6372417211532593 0.7407751083374023 -0.21254472434520721
vn 0.3841409981250763 0.648311197757721 -0.6573647856712341
vn -0.2455795705318451 0.6792584657669067 -0.6915914416313171
vn -0.722954511642456 0.6698611378669739 0.16918312013149261
vn -0.35261040925979614 0.5844497680664062 0.730810821056366
vn 0.47844982147216797 0.8187286853790283 0.3174418807029724
vn -0.2455795705318451 0.6792584657669067 -0.6915914416313171
vn -0.9617504477500916 -0.19151440262794495 -0.195853129029274
vn -0.5034071207046509 -0.8550125956535339 -0.1246383786201477
vn -0.40905603766441345 -0.8439523577690125 0.3470125198364258
vn -0.7201462388038635 -0.21099959313869476 0.6609604358673096
vn 0.8712710738182068 -0.2719106674194336 -0.4085969924926758
vn -0.7201462388038635 -0.21099959313869476 0.6609604358673096
vn 0.40050461888313293 -0.5046764016151428 0.7647861242294312
vn 0.3636075556278229 0.5231055021286011 0.7708113789558411
vn -0.4764159321784973 0.6410302519798279 0.6017541885375977
vn 0.07675471156835556 0.7023851275444031 -0.7076466679573059
vn -0.740446925163269 0.6704484820365906 -0.04730038717389107
vn -0.40905603766441345 -0.8439523577690125 0.3470125198364258
vn 0.8712710738182068 -0.2719106674194336 -0.4085969924926758
vn -0.6981522440910339 0.6875007152557373 0.1998157501220703
vn 0.7406269907951355 0.603546679019928 -0.2953018248081207
vn 0.07675471156835556 0.7023851275444031 -0.7076466679573059
vn -0.37859857082366943 0.8100966215133667 -0.44766801595687866
vn 0.5199978947639465 0.7813694477081299 0.3450567424297333
vn 0.3636075556278229 0.5231055021286011 0.7708113789558411
vn -0.4764159321784973 0.6410302519798279 0.6017541885375977
vn -0.740446925163269 0.6704484820365906 -0.04730038717389107
vn -0.6981522440910339 0.6875007152557373 0.1998157501220703
vn 0.7406269907951355 0.603546679019928 -0.2953018248081207
vn -0.6059454083442688 -0.7808636426925659 0.1519285887479782
vn -0.13565048575401306 -0.6435242891311646 -0.7533097863197327
vn 0.5412434935569763 -0.5884459614753723 -0.6006553769111633
vn 0.8508650064468384 -0.5228703022003174 0.05133676156401634
vn 0.6019201874732971 -0.5996387600898743 0.5273759961128235
vn 0.4326283931732178 -0.8764441013336182 0.21137262880802155
vn 0.8530132174491882 -0.457257479429245 0.25156304240226746
vn 0.39826351404190063 -0.6528851985931396 0.644303560256958
vn -0.12691257894039154 -0.5229666233062744 0.8428518176078796
vn -0.6059454083442688 -0.7808636426925659 0.1519285887479782
vn -0.9759795665740967 -0.16409951448440552 0.14330166578292847
vn 0.6806017756462097 0.6731602549552917 0.2891998887062073
vn 0.3699590563774109 0.7411813139915466 0.5601612329483032
vn 0.39826351404190063 -0.6528851985931396 0.644303560256958
vn 0.8530132174491882 -0.457257479429245 0.25156304240226746
vn -0.5048227310180664 0.8629791736602783 0.020517051219940186
vn -0.13680218160152435 0.8320433497428894 -0.5375771522521973
vn -0.904790997505188 0.36411938071250916 0.22084029018878937
vn 0.8311492800712585 0.5330016613006592 0.1584305763244629
vn 0.8896343111991882 0.37312817573547363 0.263298898935318
vn 0.6019201874732971 -0.5996387600898743 0.5273759961128235
vn 0.8508650064468384 -0.5228703022003174 0.05133676156401634
vn -0.3547079563140869 0.3329629898071289 -0.8736806511878967
vn 0.587951123714447 0.5908312797546387 -0.5524779558181763
vn 0.5412434935569763 -0.5884459614753723 -0.6006553769111633
vn -0.13565048575401306 -0.6435242891311646 -0.7533097863197327
vn 0.4326283931732178 -0.8764441013336182 0.21137262880802155
vn -0.1294146180152893 0.6482797265052795 0.7503235340118408
vn -0.12691257894039154 -0.5229666233062744 0.8428518176078796
vn 0.6806017756462097 0.6731602549552917 0.2891998887062073
vn 0.8530132174491882 -0.457257479429245 0.25156304240226746
vn 0.4326283931732178 -0.8764441013336182 0.21137262880802155
vn 0.8896343111991882 0.37312817573547363 0.263298898935318
vn 0.8311492800712585 0.5330016613006592 0.1584305763244629
vn 0.8508650064468384 -0.5228703022003174 0.05133676156401634
vn -0.13680218160152435 0.8320433497428894 -0.5375771522521973
vn -0.5048227310180664 0.8629791736602783 0.020517051219940186
vn -0.1294146180152893 0.6482797265052795 0.7503235340118408
vn 0.3699590563774109 0.7411813139915466 0.5601612329483032
vn 0.6806017756462097 0.6731602549552917 0.2891998887062073
vn 0.8896343111991882 0.37312817573547363 0.263298898935318
vn -0.13680218160152435 0.8320433497428894 -0.5375771522521973
vn 0.08809021860361099 0.985833466053009 0.14273297786712646
vn -0.2794676125049591 -0.8290766477584839 0.48428279161453247
vn -0.5375685095787048 -0.829739511013031 -0.15017467737197876
vn 0.05385200306773186 -0.5448181629180908 -0.8368232846260071
vn 0.5908576846122742 -0.6244037747383118 -0.5108887553215027
vn 0.4433850646018982 -0.8546779751777649 0.2700655460357666
vn -0.9683517813682556 -0.22966721653938293 -0.09771399945020676
vn -0.9548897743225098 0.28762051463127136 -0.07389287650585175
vn -0.5599786043167114 0.7742080092430115 -0.29500171542167664
vn -0.37655720114707947 -0.2581323981285095 0.889703631401062
vn -0.2794676125049591 -0.8290766477584839 0.48428279161453247
vn 0.4433850646018982 -0.8546779751777649 0.2700655460357666
vn 0.5735912919044495 -0.2806374132633209 0.7695685029029846
vn -0.9683517813682556 -0.22966721653938293 -0.09771399945020676
vn -0.5375685095787048 -0.829739511013031 -0.15017467737197876
vn -0.2794676125049591 -0.8290766477584839 0.48428279161453247
vn -0.37655720114707947 -0.2581323981285095 0.889703631401062
vn -0.9548897743225098 0.28762051463127136 -0.07389287650585175
vn -0.578880250453949 0.7041687965393066 0.4111497402191162
vn 0.9507479071617126 -0.3074268102645874 0.039590176194906235
vn 0.5908576846122742 -0.6244037747383118 -0.5108887553215027
vn 0.9507479071617126 -0.3074268102645874 0.039590176194906235
vn 0.4433850646018982 -0.8546779751777649 0.2700655460357666
vn 0.9020690321922302 0.42164403200149536 0.0921301320195198
vn 0.4489821791648865 0.7161266207695007 0.5343946814537048
vn 0.05385200306773186 -0.5448181629180908 -0.8368232846260071
vn 0.05130920931696892 0.6153345704078674 -0.7865943908691406
vn 0.616543173789978 0.6743967533111572 -0.40628018975257874
vn 0.9020690321922302 0.42164403200149536 0.0921301320195198
vn 0.05130920931696892 0.6153345704078674 -0.7865943908691406
vn -0.12410084903240204 0.6417190432548523 0.7568327188491821
vn -0.12410084903240204 0.6417190432548523 0.7568327188491821
vn -0.578880250453949 0.7041687965393066 0.4111497402191162
vn -0.12410084903240204 0.6417190432548523 0.7568327188491821
vn 0.4489821791648865 0.7161266207695007 0.5343946814537048
vn 0.616543173789978 0.6743967533111572 -0.40628018975257874
vn 0.05130920931696892 0.6153345704078674 -0.7865943908691406
vn -0.5599786043167114 0.7742080092430115 -0.29500171542167664
vn -0.5599786043167114 0.7742080092430115 -0.29500171542167664
vn 0.4489821791648865 0.7161266207695007 0.5343946814537048
vn 0.653832197189331 -0.5982428193092346 0.46325916051864624
vn -0.09326349198818207 -0.6948949694633484 0.7130378484725952
vn -0.05109940469264984 -0.6396941542625427 -0.7669291496276855
vn 0.6773497462272644 -0.5606192946434021 -0.4763438403606415
vn 0.42135781049728394 -0.8770028948783875 -0.23091889917850494
vn 0.7061406373977661 -0.4994215667247772 -0.5019397735595703
vn 0.29201453924179077 0.9382363557815552 -0.18558040261268616
vn -0.8225396275520325 -0.3222416937351227 -0.46860313415527344
vn -0.7071800231933594 0.690177321434021 0.1534656584262848
vn -0.5386755466461182 0.7146376371383667 -0.4462307095527649
vn -0.5825629234313965 -0.5727806091308594 0.5766653418540955
vn -0.6116798520088196 0.3526096045970917 0.7081767320632935
vn 0.6773497462272644 -0.5606192946434021 -0.4763438403606415
vn -0.05109940469264984 -0.6396941542625427 -0.7669291496276855
vn 0.6500666737556458 0.565787136554718 0.5072457194328308
vn 0.653832197189331 -0.5982428193092346 0.46325916051864624
vn 0.7061406373977661 -0.4994215667247772 -0.5019397735595703
vn 0.7649601101875305 0.47347891330718994 -0.4366394281387329
vn -0.8225396275520325 -0.3222416937351227 -0.46860313415527344
vn -0.5386755466461182 0.7146376371383667 -0.4462307095527649
vn 0.7649601101875305 0.47347891330718994 -0.4366394281387329
vn 0.7061406373977661 -0.4994215667247772 -0.5019397735595703
vn 0.42135781049728394 -0.8770028948783875 -0.23091889917850494
vn 0.8215544819831848 0.2583419680595398 -0.5082398653030396
vn -0.6116798520088196 0.3526096045970917 0.7081767320632935
vn -0.5825629234313965 -0.5727806091308594 0.5766653418540955
vn -0.09326349198818207 -0.6948949694633484 0.7130378484725952
vn -0.12390407919883728 0.4635847210884094 0.8773466348648071
vn 0.14560329914093018 -0.34399449825286865 0.9276139140129089
vn -0.35898128151893616 0.8669544458389282 0.3457200825214386
vn -0.6116798520088196 0.3526096045970917 0.7081767320632935
vn -0.12390407919883728 0.4635847210884094 0.8773466348648071
vn 0.13551361858844757 0.9906982183456421 -0.012379064224660397
vn 0.6500666737556458 0.565787136554718 0.5072457194328308
vn 0.7649601101875305 0.47347891330718994 -0.4366394281387329
vn 0.29201453924179077 0.9382363557815552 -0.18558040261268616
vn -0.07122758775949478 0.6640418767929077 -0.7442950010299683
vn -0.5386755466461182 0.7146376371383667 -0.4462307095527649
vn -0.7071800231933594 0.690177321434021 0.1534656584262848
vn -0.35898128151893616 0.8669544458389282 0.3457200825214386
vn 0.13551361858844757 0.9906982183456421 -0.012379064224660397
vn 0.29201453924179077 0.9382363557815552 -0.18558040261268616
vn 0.5064806938171387 0.8490312099456787 0.1504107415676117
vn 0.23053908348083496 0.8014498353004456 0.5518422722816467
vn 0.351518839597702 0.2166069895029068 0.9107776880264282
vn 0.602767825126648 -0.7929469347000122 -0.0889163687825203
vn 0.33592861890792847 -0.8322948813438416 -0.44095033407211304
vn 0.9208927750587463 -0.16184695065021515 -0.3546295464038849
vn -0.010730758309364319 -0.8288297653198242 -0.5593978762626648
vn -0.8388818502426147 -0.19485540688037872 0.5082407593727112
vn -0.899086058139801 -0.32903721928596497 -0.28875407576560974
vn -0.49417513608932495 -0.8533389568328857 0.16614362597465515
vn 0.1984022855758667 -0.8412872552871704 0.5028640627861023
vn 0.602767825126648 -0.7929469347000122 -0.0889163687825203
vn 0.3787761926651001 -0.2907605469226837 0.8786278963088989
vn -0.2513272166252136 -0.8331858515739441 0.49258098006248474
vn 0.1984022855758667 -0.8412872552871704 0.5028640627861023
vn -0.899086058139801 -0.32903721928596497 -0.28875407576560974
vn -0.2040761113166809 -0.2633016109466553 -0.9428813457489014
vn -0.4259374737739563 0.25237807631492615 -0.8688398003578186
vn -0.3919525444507599 0.7393766045570374 -0.5474445819854736
vn 0.19866088032722473 0.7291127443313599 -0.6549263000488281
vn 0.7813292145729065 0.4475114643573761 -0.43503817915916443
vn -0.9678260087966919 0.21836267411708832 -0.12502287328243256
vn -0.7934734225273132 0.4546106159687042 0.404634565114975
vn -0.6910920143127441 0.6814802289009094 -0.24078340828418732
vn 0.7813292145729065 0.4475114643573761 -0.43503817915916443
vn -0.49417513608932495 -0.8533389568328857 0.16614362597465515
vn -0.4259374737739563 0.25237807631492615 -0.8688398003578186
vn -0.2040761113166809 -0.2633016109466553 -0.9428813457489014
vn 0.3495776057243347 0.8406297564506531 -0.41368719935417175
vn 0.3495776057243347 0.8406297564506531 -0.41368719935417175
vn -0.3919525444507599 0.7393766045570374 -0.5474445819854736
vn 0.18787400424480438 -0.8290770053863525 0.5266257524490356
vn -0.46265342831611633 -0.8297391533851624 0.31222543120384216
vn -0.6025950908660889 -0.5448169112205505 -0.5831412672996521
vn -0.0064153969287872314 -0.6244025230407715 -0.7810764908790588
vn 0.49296948313713074 -0.8546779751777649 -0.16280916333198547
vn -0.7017610669136047 -0.22966788709163666 0.6743767857551575
vn -0.6748930215835571 0.28761982917785645 0.6795545220375061
vn -0.5874989032745361 0.7742074131965637 0.23547406494617462
vn 0.433820515871048 -0.2581322491168976 0.8632309436798096
vn 0.18787400424480438 -0.8290770053863525 0.5266257524490356
vn 0.49296948313713074 -0.8546779751777649 -0.16280916333198547
vn 0.9578357338905334 -0.2806369364261627 0.0615924596786499
vn -0.7017610669136047 -0.22966788709163666 0.6743767857551575
vn -0.46265342831611633 -0.8297391533851624 0.31222543120384216
vn 0.18787400424480438 -0.8290770053863525 0.5266257524490356
vn 0.433820515871048 -0.2581322491168976 0.8632309436798096
vn -0.6748930215835571 0.28761982917785645 0.6795545220375061
vn -0.06180457025766373 0.7041686773300171 0.7073377966880798
vn 0.6460795998573303 -0.3074268400669098 -0.698620080947876
vn -0.0064153969287872314 -0.6244025230407715 -0.7810764908790588
vn 0.6460795998573303 -0.3074268400669098 -0.698620080947876
vn 0.49296948313713074 -0.8546779751777649 -0.16280916333198547
vn 0.6545678973197937 0.4216439127922058 -0.6275008320808411
vn 0.6979584097862244 0.7161262631416321 0.004166658502072096
vn -0.6025950908660889 -0.5448169112205505 -0.5831412672996521
vn -0.5659787058830261 0.6153354644775391 -0.5486624240875244
vn 0.08991417288780212 0.674397349357605 -0.7328735589981079
vn 0.6545678973197937 0.4216439127922058 -0.6275008320808411
vn -0.5659787058830261 0.6153354644775391 -0.5486624240875244
vn 0.4961507320404053 0.6417204737663269 0.5848327875137329
vn 0.4961507320404053 0.6417204737663269 0.5848327875137329
vn -0.06180457025766373 0.7041686773300171 0.7073377966880798
vn 0.4961507320404053 0.6417204737663269 0.5848327875137329
vn 0.6979584097862244 0.7161262631416321 0.004166658502072096
vn 0.08991417288780212 0.674397349357605 -0.7328735589981079
vn -0.5659787058830261 0.6153354644775391 -0.5486624240875244
vn -0.5874989032745361 0.7742074131965637 0.23547406494617462
vn -0.5874989032745361 0.7742074131965637 0.23547406494617462
vn 0.6979584097862244 0.7161262631416321 0.004166658502072096
vn -0.2907729744911194 -0.855331540107727 0.42878812551498413
vn -0.5238609313964844 -0.8444832563400269 -0.11143532395362854
vn 0.06295248866081238 -0.5296318531036377 -0.8458883166313171
vn 0.5795798897743225 -0.6403896808624268 -0.5039724111557007
vn 0.743342936038971 -0.665786862373352 -0.06456878781318665
vn 0.5887574553489685 -0.508364737033844 0.6284345984458923
vn -0.9706501960754395 -0.2398431897163391 -0.01770971715450287
vn -0.9706501960754395 -0.2398431897163391 -0.01770971715450287
vn -0.5238609313964844 -0.8444832563400269 -0.11143532395362854
vn -0.2907729744911194 -0.855331540107727 0.42878812551498413
vn -0.3980153799057007 -0.257307231426239 0.8805549144744873
vn -0.9527493715286255 0.3037537634372711 0.0015263892710208893
vn -0.5534982681274414 0.7453130483627319 0.37168294191360474
vn 0.06528341770172119 0.6023324728012085 -0.7955713868141174
vn 0.743342936038971 -0.665786862373352 -0.06456878781318665
vn 0.9149377942085266 0.40219801664352417 -0.03354974091053009
vn 0.4964025020599365 0.6715930700302124 0.5500430464744568
vn 0.5795798897743225 -0.6403896808624268 -0.5039724111557007
vn 0.06295248866081238 -0.5296318531036377 -0.8458883166313171
vn 0.06528341770172119 0.6023324728012085 -0.7955713868141174
vn 0.6203351020812988 0.6800559759140015 -0.3907790184020996
vn 0.743342936038971 -0.665786862373352 -0.06456878781318665
vn 0.9149377942085266 0.40219801664352417 -0.03354974091053009
vn -0.16651752591133118 0.6586262583732605 0.7338142991065979
vn -0.16651752591133118 0.6586262583732605 0.7338142991065979
vn -0.5552632808685303 0.8259087204933167 -0.09776320308446884
vn -0.5534982681274414 0.7453130483627319 0.37168294191360474
vn -0.16651752591133118 0.6586262583732605 0.7338142991065979
vn 0.4964025020599365 0.6715930700302124 0.5500430464744568
vn 0.6203351020812988 0.6800559759140015 -0.3907790184020996
vn 0.06528341770172119 0.6023324728012085 -0.7955713868141174
vn -0.5552632808685303 0.8259087204933167 -0.09776320308446884
vn 0.4964025020599365 0.6715930700302124 0.5500430464744568
vn 0.8469018936157227 -0.5172514319419861 -0.12332228571176529
vn 0.6238744258880615 -0.4088720679283142 0.6660363078117371
vn -0.42160385847091675 -0.6817599534988403 0.5978741645812988
vn -0.6092459559440613 -0.721233606338501 -0.3296080529689789
vn -0.05770400911569595 -0.45596036314964294 -0.8881275653839111
vn 0.6521658301353455 -0.24086211621761322 -0.7187943458557129
vn -0.5535473227500916 0.09458360821008682 0.8274293541908264
vn 0.6238744258880615 -0.4088720679283142 0.6660363078117371
vn 0.5634334683418274 0.7597185373306274 0.3246082365512848
vn -0.289419949054718 0.7244130969047546 0.6256691217422485
vn 0.6521658301353455 -0.24086211621761322 -0.7187943458557129
vn 0.07059092074632645 0.7768173217773438 -0.6257569193840027
vn -0.9104412794113159 0.08019955456256866 -0.4057890772819519
vn -0.6092459559440613 -0.721233606338501 -0.3296080529689789
vn -0.42160385847091675 -0.6817599534988403 0.5978741645812988
vn -0.5535473227500916 0.09458360821008682 0.8274293541908264
vn -0.6092459559440613 -0.721233606338501 -0.3296080529689789
vn -0.9104412794113159 0.08019955456256866 -0.4057890772819519
vn 0.5634334683418274 0.7597185373306274 0.3246082365512848
vn 0.07059092074632645 0.7768173217773438 -0.6257569193840027
vn -0.6732954382896423 0.7073968648910522 -0.21508830785751343
vn -0.289419949054718 0.7244130969047546 0.6256691217422485
vn -0.6732954382896423 0.7073968648910522 -0.21508830785751343
vn -0.42160385847091675 -0.6817599534988403 0.5978741645812988
vn -0.6732954382896423 0.7073968648910522 -0.21508830785751343
vn -0.289419949054718 0.7244130969047546 0.6256691217422485
vn 0.4038701355457306 -0.7765148878097534 0.48364630341529846
vn -0.23018218576908112 -0.3607584834098816 0.9038083553314209
vn -0.6754810214042664 -0.7368794083595276 -0.027094705030322075
vn -0.05940486863255501 -0.7243519425392151 -0.686866283416748
vn 0.6967908143997192 -0.41824615001678467 -0.5827115178108215
vn 0.9783345460891724 -0.19861844182014465 0.05841580405831337
vn 0.045345235615968704 0.8048703074455261 0.591715931892395
vn 0.5131694674491882 0.8009825348854065 -0.3083573877811432
vn -0.17104287445545197 0.0695691779255867 -0.9828044176101685
vn -0.05940486863255501 -0.7243519425392151 -0.686866283416748
vn -0.6754810214042664 -0.7368794083595276 -0.027094705030322075
vn -0.9304869771003723 0.033825237303972244 -0.3647599518299103
vn -0.05940486863255501 -0.7243519425392151 -0.686866283416748
vn -0.17104287445545197 0.0695691779255867 -0.9828044176101685
vn -0.608874499797821 0.7855708003044128 0.11022882908582687
vn 0.045345235615968704 0.8048703074455261 0.591715931892395
vn 0.5131694674491882 0.8009825348854065 -0.3083573877811432
vn -0.1717950701713562 0.7541888356208801 -0.6337867379188538
vn -0.1717950701713562 0.7541888356208801 -0.6337867379188538
vn -0.1717950701713562 0.7541888356208801 -0.6337867379188538
vn -0.608874499797821 0.7855708003044128 0.11022882908582687
vn -0.099213607609272 -0.7765159606933594 -0.6222377419471741
vn 0.6605547070503235 -0.36076197028160095 -0.6584210991859436
vn 0.5663108825683594 -0.7368776202201843 0.36919301748275757
vn -0.30072423815727234 -0.7243502736091614 0.620388388633728
vn -0.8969000577926636 -0.4182451367378235 0.14367136359214783
vn -0.8103958964347839 -0.19861802458763123 -0.5511891841888428
vn 0.2640760540962219 0.8048692941665649 -0.531459629535675
vn -0.5986835360527039 0.8009830713272095 0.0020563150756061077
vn -0.3563910722732544 0.0695720687508583 0.9317430853843689
vn -0.30072423815727234 -0.7243502736091614 0.620388388633728
vn 0.5663108825683594 -0.7368776202201843 0.36919301748275757
vn 0.6124185919761658 0.03382677584886551 0.7898096442222595
vn -0.30072423815727234 -0.7243502736091614 0.620388388633728
vn -0.3563910722732544 0.0695720687508583 0.9317430853843689
vn 0.579426646232605 0.7855698466300964 0.2171289175748825
vn 0.2640760540962219 0.8048692941665649 -0.531459629535675
vn -0.5986835360527039 0.8009830713272095 0.0020563150756061077
vn -0.17701059579849243 0.7541881799697876 0.632350742816925
vn -0.17701059579849243 0.7541881799697876 0.632350742816925
vn -0.17701059579849243 0.7541881799697876 0.632350742816925
vn 0.579426646232605 0.7855698466300964 0.2171289175748825
vn -0.557971715927124 -0.7765159606933594 -0.29272934794425964
vn -0.1324608027935028 -0.3607591688632965 -0.9232047200202942
vn 0.6346220374107361 -0.7368789911270142 -0.23294682800769806
vn 0.3172382414340973 -0.7243542075157166 0.6121036410331726
vn -0.4214121103286743 -0.4182456135749817 0.8046629428863525
vn -0.9264790415763855 -0.19861829280853271 0.3196678161621094
vn -0.26790130138397217 0.8048703074455261 -0.5295402407646179
vn -0.3564954400062561 0.8009830713272095 0.48097535967826843
vn 0.5334376692771912 0.06956849247217178 0.8429736495018005
vn 0.3172382414340973 -0.7243542075157166 0.6121036410331726
vn 0.6346220374107361 -0.7368789911270142 -0.23294682800769806
vn 0.9992608428001404 0.03382425010204315 -0.018271369859576225
vn 0.3172382414340973 -0.7243542075157166 0.6121036410331726
vn 0.5334376692771912 0.06956849247217178 0.8429736495018005
vn 0.5206177830696106 0.7855702042579651 -0.334419846534729
vn -0.26790130138397217 0.8048703074455261 -0.5295402407646179
vn -0.3564954400062561 0.8009830713272095 0.48097535967826843
vn 0.4008335769176483 0.7541893720626831 0.5201259851455688
vn 0.4008335769176483 0.7541893720626831 0.5201259851455688
vn 0.4008335769176483 0.7541893720626831 0.5201259851455688
vn 0.5206177830696106 0.7855702042579651 -0.334419846534729
vn -0.17872023582458496 -0.7765142321586609 -0.6042224168777466
vn 0.5700184106826782 -0.36076077818870544 -0.7381942272186279
vn 0.6092353463172913 -0.7368807792663574 0.2929829955101013
vn -0.21810929477214813 -0.7243530750274658 0.6540191769599915
vn -0.8708439469337463 -0.41824567317962646 0.2582664489746094
vn -0.8747772574424744 -0.19861751794815063 -0.44194549322128296
vn 0.19324873387813568 0.8048695921897888 -0.5611060857772827
vn -0.5934075117111206 0.8009828925132751 0.07933522760868073
vn -0.2331109344959259 0.0695682242512703 0.9699586033821106
vn -0.21810929477214813 -0.7243530750274658 0.6540191769599915
vn 0.6092353463172913 -0.7368807792663574 0.2929829955101013
vn 0.7092638611793518 0.033820733428001404 0.7041313648223877
vn -0.21810929477214813 -0.7243530750274658 0.6540191769599915
vn -0.2331109344959259 0.0695682242512703 0.9699586033821106
vn 0.6026087403297424 0.7855699062347412 0.14050829410552979
vn 0.19324873387813568 0.8048695921897888 -0.5611060857772827
vn -0.5934075117111206 0.8009828925132751 0.07933522760868073
vn -0.0938885286450386 0.7541888356208801 0.6499108672142029
vn -0.0938885286450386 0.7541888356208801 0.6499108672142029
vn -0.0938885286450386 0.7541888356208801 0.6499108672142029
vn 0.6026087403297424 0.7855699062347412 0.14050829410552979
vn -0.2592500150203705 -0.7723578810691833 -0.5798731446266174
vn 0.4563315808773041 -0.3607594072818756 -0.813396692276001
vn 0.6454343199729919 -0.7368795871734619 0.20105503499507904
vn -0.11201544106006622 -0.7184526920318604 0.686497151851654
vn -0.5879696607589722 -0.7495750784873962 0.3040211498737335
vn -0.9227681159973145 -0.1783425658941269 -0.3416037857532501
vn 0.10939839482307434 0.8048700094223022 -0.583280622959137
vn -0.5389456748962402 0.8314040303230286 0.13529571890830994
vn -0.11201544106006622 -0.7184526920318604 0.686497151851654
vn -0.0736500471830368 0.06688211113214493 0.9950389266014099
vn -0.0736500471830368 0.06688211113214493 0.9950389266014099
vn -0.11201544106006622 -0.7184526920318604 0.686497151851654
vn 0.6454343199729919 -0.7368795871734619 0.20105503499507904
vn 0.8043251633644104 0.03382603079080582 0.59322589635849
vn 0.6166529655456543 0.785570502281189 0.051168784499168396
vn 0.10939839482307434 0.8048700094223022 -0.583280622959137
vn -0.5389456748962402 0.8314040303230286 0.13529571890830994
vn 0.0018485926557332277 0.7541890144348145 0.656654953956604
vn 0.0018485926557332277 0.7541890144348145 0.656654953956604
vn 0.0018485926557332277 0.7541890144348145 0.656654953956604
vn 0.6166529655456543 0.785570502281189 0.051168784499168396
vn -0.5261308550834656 0.8377353549003601 0.14623881876468658
vn -0.6493514776229858 0.7032487988471985 0.28945428133010864
vn -0.6493514776229858 0.7032487988471985 0.28945428133010864
vn -0.906104326248169 -0.28425970673561096 0.31332311034202576
vn -0.9114279747009277 -0.15331383049488068 0.3818296492099762
vn 0.9012209177017212 -0.19490472972393036 -0.3870569169521332
vn 0.9447723627090454 -0.12896843254566193 -0.3012845516204834
vn -0.6883923411369324 0.7196788191795349 -0.09043429791927338
vn -0.6493514776229858 0.7032487988471985 0.28945428133010864
vn 0.547808051109314 0.8258620500564575 -0.13363489508628845
vn -0.015784578397870064 0.23957329988479614 0.9707499742507935
vn 0.26062145829200745 0.41532400250434875 0.8715402483940125
vn -0.03871997445821762 0.9198257327079773 0.3904118537902832
vn -0.5918216109275818 0.5222678780555725 0.6139898300170898
vn -0.7812460660934448 -0.13851255178451538 0.6086615920066833
vn 0.5526983141899109 0.31813421845436096 0.7702695727348328
vn 0.9109415411949158 -0.16159363090991974 0.3795698285102844
vn 0.5639309287071228 -0.004571917466819286 0.8258094191551208
vn 0.9763428568840027 0.2160445749759674 -0.008912569843232632
vn 0.616172730922699 0.7754583954811096 0.13782428205013275
vn 0.7185283303260803 -0.14441733062267303 -0.6803386211395264
vn -0.06500646471977234 -0.05014858394861221 -0.9966239333152771
vn 0.11868127435445786 0.1492733359336853 -0.9816477298736572
vn 0.7769922614097595 0.21230226755142212 -0.5926304459571838
vn 0.7185283303260803 -0.14441733062267303 -0.6803386211395264
vn 0.7769922614097595 0.21230226755142212 -0.5926304459571838
vn 0.923258900642395 0.22490234673023224 -0.3114675283432007
vn 0.9447723627090454 -0.12896843254566193 -0.3012845516204834
vn -0.9874324202537537 0.15641042590141296 -0.022653186693787575
vn -0.9124463796615601 0.16991029679775238 0.37225303053855896
vn -0.6493514776229858 0.7032487988471985 0.28945428133010864
vn -0.6883923411369324 0.7196788191795349 -0.09043429791927338
vn 0.37655991315841675 0.892169177532196 -0.249472975730896
vn 0.547808051109314 0.8258620500564575 -0.13363489508628845
vn 0.547808051109314 0.8258620500564575 -0.13363489508628845
vn -0.024990975856781006 0.5390100479125977 -0.8419286608695984
vn 0.11868127435445786 0.1492733359336853 -0.9816477298736572
vn -0.024990975856781006 0.5390100479125977 -0.8419286608695984
vn -0.6030303239822388 -0.020855316892266273 -0.7974457144737244
vn -0.0540347658097744 -0.8643664121627808 0.4999510645866394
vn 0.06983878463506699 -0.4247656464576721 0.9026055335998535
vn -0.024990975856781006 0.5390100479125977 -0.8419286608695984
vn -0.387820303440094 0.2927643060684204 0.8740048408508301
vn -0.1374417096376419 0.9558625817298889 -0.2596853971481323
vn -0.97617506980896 0.025707576423883438 -0.21545632183551788
vn -0.387820303440094 0.2927643060684204 0.8740048408508301
vn -0.1374417096376419 0.9558625817298889 -0.2596853971481323
vn -0.07692986726760864 0.03196454048156738 -0.9965239763259888
vn -0.1395016461610794 0.08072108030319214 -0.9869263172149658
vn 0.2140958458185196 -0.4044438600540161 -0.8891503214836121
vn -0.1875676065683365 -0.643212616443634 -0.742358386516571
vn 0.04273888096213341 0.6032789349555969 -0.796384334564209
vn 0.17943896353244781 0.9326296448707581 -0.31305527687072754
vn 0.17943896353244781 0.9326296448707581 -0.31305527687072754
vn -0.3929847776889801 -0.7209576964378357 0.5707741379737854
vn -0.0540347658097744 -0.8643664121627808 0.4999510645866394
vn 0.2422531247138977 0.268499493598938 0.9323205351829529
vn 0.47464197874069214 -0.11768815666437149 0.8722755312919617
vn 0.556286096572876 0.539862334728241 0.6317393183708191
vn 0.556286096572876 0.539862334728241 0.6317393183708191
vn 0.2327558994293213 -0.0019514653831720352 -0.9725332856178284
vn 0.3906257152557373 0.6398720741271973 -0.6617971062660217
vn 0.9147694706916809 0.15463191270828247 -0.37321043014526367
vn 0.3906257152557373 0.6398720741271973 -0.6617971062660217
vn 0.5296730399131775 0.8479254841804504 -0.02165452390909195
vn 0.92217618227005 -0.3002482056617737 -0.2438075989484787
vn 0.881502091884613 -0.27305811643600464 -0.38521867990493774
vn 0.8361691832542419 -0.13155904412269592 -0.5324597358703613
vn 0.2140958458185196 -0.4044438600540161 -0.8891503214836121
vn 0.2327558994293213 -0.0019514653831720352 -0.9725332856178284
vn 0.27697139978408813 -0.4870939254760742 0.8282670974731445
vn -0.1875676065683365 -0.643212616443634 -0.742358386516571
vn -0.543578565120697 -0.5574488043785095 -0.6275135278701782
vn -0.543578565120697 -0.5574488043785095 -0.6275135278701782
vn -0.1875676065683365 -0.643212616443634 -0.742358386516571
vn -0.17415253818035126 -0.9791092276573181 -0.104957215487957
vn -0.5461656451225281 -0.8375298380851746 -0.015711432322859764
vn -0.2319595068693161 0.8789132237434387 -0.41678088903427124
vn 0.17943896353244781 0.9326296448707581 -0.31305527687072754
vn 0.04273888096213341 0.6032789349555969 -0.796384334564209
vn -0.0540347658097744 -0.8643664121627808 0.4999510645866394
vn -0.3929847776889801 -0.7209576964378357 0.5707741379737854
vn -0.9701356291770935 -0.18842096626758575 -0.15275608003139496
vn -0.6998488306999207 0.18135741353034973 0.6908843517303467
vn -0.6698540449142456 0.4925413429737091 0.555606484413147
vn -0.8016693592071533 0.5818273425102234 0.13712480664253235
vn -0.6698540449142456 0.4925413429737091 0.555606484413147
vn -0.8016693592071533 0.5818273425102234 0.13712480664253235
vn -0.543578565120697 -0.5574488043785095 -0.6275135278701782
vn -0.5090098977088928 -0.06851231306791306 -0.8580297231674194
vn -0.6698540449142456 0.4925413429737091 0.555606484413147
vn -0.6998488306999207 0.18135741353034973 0.6908843517303467
vn -0.16554874181747437 0.9755039811134338 0.14486408233642578
vn -0.2319595068693161 0.8789132237434387 -0.41678088903427124
vn -0.1705189049243927 -0.9200904369354248 -0.35264286398887634
vn -0.4942261278629303 -0.7870728969573975 -0.36912983655929565
vn 0.9655891060829163 -0.09298205375671387 0.24288277328014374
vn 0.9782099723815918 0.18304118514060974 -0.09798593819141388
vn 0.858436107635498 -0.5029982924461365 0.10040059685707092
vn -0.906648576259613 0.2923400104045868 0.3041802644729614
vn 0.022835660725831985 0.9381723999977112 0.3454146087169647
vn -0.9804445505142212 -0.001807658700272441 -0.19678764045238495
vn -0.906648576259613 0.2923400104045868 0.3041802644729614
vn -0.48467496037483215 0.5425052642822266 0.6861328482627869
vn 0.22260287404060364 0.7378920316696167 0.6371526122093201
vn 0.22260287404060364 0.7378920316696167 0.6371526122093201
vn 0.7153156399726868 -0.5041958689689636 0.48384934663772583
vn -0.05938386544585228 -0.420974999666214 0.9051263332366943
vn 0.9260369539260864 -0.3142937123775482 -0.20898588001728058
vn 0.858436107635498 -0.5029982924461365 0.10040059685707092
vn 0.3732345402240753 -0.9164174795150757 -0.14448219537734985
vn 0.4079730808734894 -0.7537834048271179 -0.5151393413543701
vn -0.9308091402053833 -0.3533113896846771 -0.0936235785484314
vn 0.858436107635498 -0.5029982924461365 0.10040059685707092
vn 0.9260369539260864 -0.3142937123775482 -0.20898588001728058
vn 0.9782099723815918 0.18304118514060974 -0.09798593819141388
vn 0.2791692614555359 0.9592778086662292 0.04301809147000313
vn 0.022835660725831985 0.9381723999977112 0.3454146087169647
vn -0.4942261278629303 -0.7870728969573975 -0.36912983655929565
vn -0.23010993003845215 -0.4992298185825348 -0.8353556990623474
vn -0.41394224762916565 0.24553169310092926 -0.8765648603439331
vn 0.2110128551721573 0.7201396822929382 -0.6609632968902588
vn 0.5860525369644165 -0.01564987562596798 -0.8101218938827515
vn -0.41394224762916565 0.24553169310092926 -0.8765648603439331
vn 0.9260369539260864 -0.3142937123775482 -0.20898588001728058
vn 0.9782099723815918 0.18304118514060974 -0.09798593819141388
vn -0.0540347658097744 -0.8643664121627808 0.4999510645866394
vn -0.09134015440940857 -0.740800142288208 0.6654864549636841
vn -0.41394224762916565 0.24553169310092926 -0.8765648603439331
vn 0.2791692614555359 0.9592778086662292 0.04301809147000313
vn -0.32029375433921814 0.9152163863182068 -0.24452169239521027
vn -0.22949577867984772 -0.89679354429245 -0.37827667593955994
vn -0.9901793599128723 -0.10700303316116333 -0.08997330069541931
vn 0.6726914048194885 -0.7035152316093445 0.2292437106370926
vn 0.9109415411949158 -0.16159363090991974 0.3795698285102844
vn -0.9901793599128723 -0.10700303316116333 -0.08997330069541931
vn -0.9114279747009277 -0.15331383049488068 0.3818296492099762
vn 0.025087809190154076 0.9973827600479126 -0.06781041622161865
vn 0.0036419620737433434 0.9969403147697449 -0.07808161526918411
vn 0.06493484228849411 0.9976478219032288 -0.021963026374578476
vn 0.07029207050800323 0.997511625289917 -0.005445544607937336
vn 0.06080401688814163 0.9962960481643677 -0.0608038567006588
vn 0.032597627490758896 0.9973134398460388 0.06560079753398895
vn 0.04585333913564682 0.997511625289917 0.053554851561784744
vn 0.08434955030679703 0.9958235025405884 0.034938860684633255
vn -0.02552790939807892 0.9973418116569519 0.06824762374162674
vn -0.0030311369337141514 0.9969099164009094 0.07849472016096115
vn -0.06560776382684708 0.9975871443748474 0.022708799690008163
vn -0.07241864502429962 0.9973611235618591 0.005131687968969345
vn -0.06080404669046402 0.9962960481643677 0.06080421060323715
vn -0.04851651191711426 0.9974626302719116 -0.052101779729127884
vn -0.033245377242565155 0.9969403743743896 -0.07074429839849472
vn -0.08072463423013687 0.9961274862289429 -0.03483711928129196
f 2/2/2 3/3/3 1/1/1
f 5/5/5 6/6/6 4/4/4
f 8/8/8 9/9/9 7/7/7
f 11/11/11 12/12/12 10/10/10
f 13/13/13 14/14/14 12/12/12
f 15/15/15 16/16/16 14/14/14
f 14/14/14 16/16/16 12/12/12
f 17/17/17 18/18/18 16/16/16
f 16/16/16 18/18/18 12/12/12
f 12/12/12 18/18/18 10/10/10
f 18/18/18 19/19/19 10/10/10
f 21/21/21 22/22/22 20/20/20
f 21/21/21 23/23/23 22/22/22
f 25/25/25 26/26/26 24/24/24
f 28/28/28 29/29/29 27/27/27
f 31/31/31 28/28/28 30/30/30
f 33/33/33 34/34/34 32/32/32
f 36/36/36 37/37/37 35/35/35
f 39/39/39 40/40/40 38/38/38
f 41/41/41 38/38/38 40/40/40
f 43/43/43 44/44/44 42/42/42
f 46/46/46 47/47/47 45/45/45
f 49/49/49 50/50/50 48/48/48
f 52/52/52 53/53/53 51/51/51
f 54/54/54 51/51/51 53/53/53
f 56/56/56 57/57/57 55/55/55
f 59/59/59 60/60/60 58/58/58
f 62/62/62 63/63/63 61/61/61
f 65/65/65 66/66/66 64/64/64
f 68/68/68 69/69/69 67/67/67
f 71/71/71 72/72/72 70/70/70
f 74/74/74 75/75/75 73/73/73
f 77/77/77 78/78/78 76/76/76
f 80/80/80 71/71/71 79/79/79
f 82/82/82 70/70/70 81/81/81
f 84/84/84 85/85/85 83/83/83
f 78/78/78 87/87/87 86/86/86
f 88/88/88 89/89/89 84/84/84
f 79/79/79 70/70/70 82/82/82
f 91/91/91 92/92/92 90/90/90
f 94/94/94 95/95/95 93/93/93
f 97/97/97 98/98/98 96/96/96
f 100/100/100 101/101/101 99/99/99
f 103/103/103 104/104/104 102/102/102
f 105/105/105 102/102/102 104/104/104
f 107/107/107 108/108/108 106/106/106
f 110/110/110 111/111/111 109/109/109
f 113/113/113 114/114/114 112/112/112
f 116/116/116 117/117/117 115/115/115
f 119/119/119 120/120/120 118/118/118
f 122/122/122 123/123/123 121/121/121
f 125/125/125 126/126/126 124/124/124
f 128/128/128 129/129/129 127/127/127
f 131/131/131 132/132/132 130/130/130
f 134/134/134 135/135/135 133/133/133
f 137/137/137 138/138/138 136/136/136
f 140/140/140 131/131/131 139/139/139
f 142/142/142 130/130/130 141/141/141
f 144/144/144 145/145/145 143/143/143
f 138/138/138 147/147/147 146/146/146
f 139/139/139 130/130/130 142/142/142
f 149/149/149 150/150/150 148/148/148
f 152/152/152 153/153/153 151/151/151
f 155/155/155 156/156/156 154/154/154
f 158/158/158 159/159/159 157/157/157
f 161/161/161 162/162/162 160/160/160
f 164/164/164 165/165/165 163/163/163
f 166/166/166 163/163/163 165/165/165
f 168/168/168 169/169/169 167/167/167
f 171/171/171 172/172/172 170/170/170
f 174/174/174 175/175/175 173/173/173
f 177/177/177 178/178/178 176/176/176
f 178/178/178 179/179/179 176/176/176
f 179/179/179 180/180/180 176/176/176
f 180/180/180 181/181/181 176/176/176
f 183/183/183 184/184/184 182/182/182
f 184/184/184 185/185/185 182/182/182
f 185/185/185 186/186/186 182/182/182
f 186/186/186 187/187/187 182/182/182
f 187/187/187 188/188/188 182/182/182
f 190/190/190 191/191/191 189/189/189
f 185/185/185 192/192/192 186/186/186
f 194/194/194 195/195/195 193/193/193
f 197/197/197 198/198/198 196/196/196
f 200/200/200 201/201/201 199/199/199
f 203/203/203 190/190/190 202/202/202
f 205/205/205 206/206/206 204/204/204
f 208/208/208 209/209/209 207/207/207
f 211/211/211 212/212/212 210/210/210
f 214/214/214 215/215/215 213/213/213
f 217/217/217 218/218/218 216/216/216
f 220/220/220 221/221/221 219/219/219
f 223/223/223 224/224/224 222/222/222
f 226/226/226 227/227/227 225/225/225
f 229/229/229 230/230/230 228/228/228
f 231/231/231 232/232/232 229/229/229
f 226/226/226 225/225/225 233/233/233
f 225/225/225 227/227/227 234/234/234
f 236/236/236 237/237/237 235/235/235
f 239/239/239 240/240/240 238/238/238
f 242/242/242 243/243/243 241/241/241
f 244/244/244 245/245/245 242/242/242
f 239/239/239 238/238/238 246/246/246
f 238/238/238 240/240/240 247/247/247
f 249/249/249 250/250/250 248/248/248
f 252/252/252 253/253/253 251/251/251
f 255/255/255 256/256/256 254/254/254
f 257/257/257 258/258/258 255/255/255
f 252/252/252 251/251/251 259/259/259
f 251/251/251 253/253/253 260/260/260
f 262/262/262 263/263/263 261/261/261
f 265/265/265 266/266/266 264/264/264
f 268/268/268 269/269/269 267/267/267
f 270/270/270 271/271/271 268/268/268
f 265/265/265 264/264/264 272/272/272
f 264/264/264 266/266/266 273/273/273
f 275/275/275 276/276/276 274/274/274
f 278/278/278 279/279/279 277/277/277
f 276/276/276 280/280/280 274/274/274
f 282/282/282 283/283/283 281/281/281
f 284/284/284 285/285/285 282/282/282
f 278/278/278 277/277/277 286/286/286
f 277/277/277 279/279/279 287/287/287
f 289/289/289 290/290/290 288/288/288
f 292/292/292 293/293/293 291/291/291
f 295/295/295 296/296/296 294/294/294
f 288/288/288 298/298/298 297/297/297
f 299/299/299 300/300/300 288/288/288
f 293/293/293 301/301/301 291/291/291
f 302/302/302 303/303/303 296/296/296
f 304/304/304 299/299/299 290/290/290
f 306/306/306 307/307/307 305/305/305
f 309/309/309 310/310/310 308/308/308
f 312/312/312 313/313/313 311/311/311
f 312/312/312 314/314/314 313/313/313
f 316/316/316 317/317/317 315/315/315
f 319/319/319 320/320/320 318/318/318
f 322/322/322 323/323/323 321/321/321
f 324/324/324 325/325/325 323/323/323
f 327/327/327 328/328/328 326/326/326
f 317/317/317 329/329/329 315/315/315
f 331/331/331 332/332/332 330/330/330
f 334/334/334 335/335/335 333/333/333
f 337/337/337 338/338/338 336/336/336
f 340/340/340 341/341/341 339/339/339
f 343/343/343 344/344/344 342/342/342
f 345/345/345 346/346/346 335/335/335
f 348/348/348 349/349/349 347/347/347
f 351/351/351 348/348/348 350/350/350
f 353/353/353 354/354/354 352/352/352
f 356/356/356 357/357/357 355/355/355
f 354/354/354 359/359/359 358/358/358
f 361/361/361 362/362/362 360/360/360
f 364/364/364 365/365/365 363/363/363
f 367/367/367 368/368/368 366/366/366
f 370/370/370 371/371/371 369/369/369
f 370/370/370 372/372/372 371/371/371
f 374/374/374 375/375/375 373/373/373
f 376/376/376 375/375/375 374/374/374
f 378/378/378 379/379/379 377/377/377
f 381/381/381 382/382/382 380/380/380
f 384/384/384 385/385/385 383/383/383
f 387/387/387 388/388/388 386/386/386
f 389/389/389 390/390/390 387/387/387
f 392/392/392 373/373/373 391/391/391
f 393/393/393 378/378/378 380/380/380
f 375/375/375 394/394/394 373/373/373
f 396/396/396 397/397/397 395/395/395
f 399/399/399 395/395/395 398/398/398
f 401/401/401 402/402/402 400/400/400
f 396/396/396 400/400/400 397/397/397
f 404/404/404 405/405/405 403/403/403
f 407/407/407 408/408/408 406/406/406
f 405/405/405 410/410/410 409/409/409
f 412/412/412 413/413/413 411/411/411
f 415/415/415 416/416/416 414/414/414
f 418/418/418 419/419/419 417/417/417
f 421/421/421 422/422/422 420/420/420
f 424/424/424 425/425/425 423/423/423
f 399/399/399 427/427/427 426/426/426
f 429/429/429 430/430/430 428/428/428
f 430/430/430 431/431/431 428/428/428
f 431/431/431 432/432/432 428/428/428
f 432/432/432 433/433/433 428/428/428
f 435/435/435 436/436/436 434/434/434
f 436/436/436 437/437/437 434/434/434
f 437/437/437 438/438/438 434/434/434
f 438/438/438 439/439/439 434/434/434
f 439/439/439 440/440/440 434/434/434
f 440/440/440 441/441/441 434/434/434
f 441/441/441 442/442/442 434/434/434
f 442/442/442 443/443/443 434/434/434
f 443/443/443 444/444/444 434/434/434
f 444/444/444 445/445/445 434/434/434
f 445/445/445 446/446/446 434/434/434
f 446/446/446 447/447/447 434/434/434
f 447/447/447 448/448/448 434/434/434
f 448/448/448 449/449/449 434/434/434
f 451/451/451 452/452/452 450/450/450
f 453/453/453 450/450/450 452/452/452
f 454/454/454 455/455/455 1/1/1
f 455/455/455 456/456/456 1/1/1
f 457/457/457 458/458/458 456/456/456
f 456/456/456 458/458/458 1/1/1
f 458/458/458 459/459/459 1/1/1
f 459/459/459 2/2/2 1/1/1
f 461/461/461 462/462/462 460/460/460
f 460/460/460 463/463/463 461/461/461
f 464/464/464 461/461/461 463/463/463
f 466/466/466 467/467/467 465/465/465
f 468/468/468 465/465/465 467/467/467
f 452/452/452 469/469/469 453/453/453
f 470/470/470 453/453/453 469/469/469
f 472/472/472 473/473/473 471/471/471
f 7/7/7 471/471/471 473/473/473
f 475/475/475 476/476/476 474/474/474
f 477/477/477 474/474/474 476/476/476
f 473/473/473 478/478/478 7/7/7
f 8/8/8 7/7/7 478/478/478
f 480/480/480 481/481/481 479/479/479
f 482/482/482 479/479/479 481/481/481
f 484/484/484 485/485/485 483/483/483
f 486/486/486 483/483/483 485/485/485
f 485/485/485 466/466/466 486/486/486
f 465/465/465 486/486/486 466/466/466
f 487/487/487 459/459/459 458/458/458
f 488/488/488 454/454/454 1/1/1
f 3/3/3 488/488/488 1/1/1
f 471/471/471 7/7/7 489/489/489
f 9/9/9 489/489/489 7/7/7
f 5/5/5 490/490/490 6/6/6
f 491/491/491 492/492/492 490/490/490
f 490/490/490 492/492/492 6/6/6
f 493/493/493 494/494/494 492/492/492
f 492/492/492 494/494/494 6/6/6
f 6/6/6 494/494/494 495/495/495
f 470/470/470 496/496/496 453/453/453
f 497/497/497 498/498/498 495/495/495
f 6/6/6 495/495/495 498/498/498
f 465/465/465 499/499/499 486/486/486
f 500/500/500 479/479/479 482/482/482
f 502/502/502 503/503/503 501/501/501
f 504/504/504 501/501/501 503/503/503
f 506/506/506 507/507/507 505/505/505
f 509/509/509 510/510/510 508/508/508
f 511/511/511 508/508/508 510/510/510
f 513/513/513 514/514/514 512/512/512
f 515/515/515 512/512/512 514/514/514
f 517/517/517 518/518/518 516/516/516
f 34/34/34 516/516/516 518/518/518
f 23/23/23 21/21/21 519/519/519
f 510/510/510 519/519/519 21/21/21
f 520/520/520 521/521/521 513/513/513
f 514/514/514 513/513/513 521/521/521
f 523/523/523 507/507/507 522/522/522
f 506/506/506 522/522/522 507/507/507
f 524/524/524 525/525/525 502/502/502
f 503/503/503 502/502/502 525/525/525
f 527/527/527 528/528/528 526/526/526
f 529/529/529 526/526/526 528/528/528
f 530/530/530 531/531/531 523/523/523
f 507/507/507 523/523/523 531/531/531
f 518/518/518 532/532/532 34/34/34
f 32/32/32 34/34/34 532/532/532
f 21/21/21 20/20/20 510/510/510
f 511/511/511 510/510/510 20/20/20
f 533/533/533 25/25/25 31/31/31
f 534/534/534 535/535/535 25/25/25
f 536/536/536 29/29/29 535/535/535
f 535/535/535 29/29/29 25/25/25
f 25/25/25 29/29/29 31/31/31
f 29/29/29 28/28/28 31/31/31
f 510/510/510 509/509/509 519/519/519
f 522/522/522 537/537/537 523/523/523
f 538/538/538 526/526/526 529/529/529
f 540/540/540 541/541/541 539/539/539
f 541/541/541 542/542/542 539/539/539
f 542/542/542 543/543/543 539/539/539
f 544/544/544 545/545/545 35/35/35
f 546/546/546 35/35/35 545/545/545
f 548/548/548 549/549/549 547/547/547
f 550/550/550 547/547/547 549/549/549
f 552/552/552 553/553/553 551/551/551
f 554/554/554 551/551/551 553/553/553
f 544/544/544 35/35/35 37/37/37
f 551/551/551 554/554/554 555/555/555
f 556/556/556 555/555/555 554/554/554
f 550/550/550 549/549/549 557/557/557
f 559/559/559 560/560/560 558/558/558
f 557/557/557 561/561/561 550/550/550
f 562/562/562 550/550/550 561/561/561
f 563/563/563 564/564/564 558/558/558
f 565/565/565 558/558/558 564/564/564
f 558/558/558 565/565/565 559/559/559
f 566/566/566 559/559/559 565/565/565
f 36/36/36 35/35/35 567/567/567
f 546/546/546 567/567/567 35/35/35
f 568/568/568 556/556/556 554/554/554
f 547/547/547 550/550/550 569/569/569
f 562/562/562 569/569/569 550/550/550
f 571/571/571 572/572/572 570/570/570
f 572/572/572 573/573/573 570/570/570
f 573/573/573 574/574/574 570/570/570
f 574/574/574 575/575/575 570/570/570
f 576/576/576 555/555/555 556/556/556
f 577/577/577 566/566/566 565/565/565
f 579/579/579 580/580/580 578/578/578
f 580/580/580 581/581/581 578/578/578
f 581/581/581 43/43/43 578/578/578
f 43/43/43 42/42/42 578/578/578
f 42/42/42 582/582/582 578/578/578
f 582/582/582 583/583/583 578/578/578
f 38/38/38 584/584/584 39/39/39
f 586/586/586 587/587/587 585/585/585
f 589/589/589 590/590/590 588/588/588
f 591/591/591 588/588/588 590/590/590
f 585/585/585 592/592/592 586/586/586
f 593/593/593 586/586/586 592/592/592
f 595/595/595 596/596/596 594/594/594
f 48/48/48 594/594/594 596/596/596
f 598/598/598 599/599/599 597/597/597
f 600/600/600 597/597/597 599/599/599
f 596/596/596 601/601/601 48/48/48
f 49/49/49 48/48/48 601/601/601
f 603/603/603 604/604/604 602/602/602
f 605/605/605 602/602/602 604/604/604
f 607/607/607 608/608/608 606/606/606
f 609/609/609 606/606/606 608/608/608
f 608/608/608 589/589/589 609/609/609
f 588/588/588 609/609/609 589/589/589
f 610/610/610 581/581/581 580/580/580
f 44/44/44 582/582/582 42/42/42
f 594/594/594 48/48/48 611/611/611
f 50/50/50 611/611/611 48/48/48
f 613/613/613 614/614/614 612/612/612
f 47/47/47 46/46/46 614/614/614
f 615/615/615 616/616/616 46/46/46
f 46/46/46 616/616/616 614/614/614
f 614/614/614 616/616/616 612/612/612
f 612/612/612 616/616/616 617/617/617
f 47/47/47 614/614/614 618/618/618
f 588/588/588 619/619/619 609/609/609
f 620/620/620 602/602/602 605/605/605
f 622/622/622 59/59/59 621/621/621
f 58/58/58 623/623/623 59/59/59
f 624/624/624 625/625/625 623/623/623
f 623/623/623 625/625/625 59/59/59
f 59/59/59 625/625/625 621/621/621
f 625/625/625 626/626/626 621/621/621
f 51/51/51 627/627/627 52/52/52
f 629/629/629 630/630/630 628/628/628
f 628/628/628 631/631/631 629/629/629
f 632/632/632 629/629/629 631/631/631
f 633/633/633 634/634/634 63/63/63
f 61/61/61 63/63/63 634/634/634
f 636/636/636 637/637/637 635/635/635
f 638/638/638 635/635/635 637/637/637
f 634/634/634 639/639/639 61/61/61
f 640/640/640 61/61/61 639/639/639
f 642/642/642 643/643/643 641/641/641
f 644/644/644 641/641/641 643/643/643
f 646/646/646 647/647/647 645/645/645
f 648/648/648 645/645/645 647/647/647
f 647/647/647 57/57/57 648/648/648
f 56/56/56 648/648/648 57/57/57
f 649/649/649 622/622/622 621/621/621
f 60/60/60 623/623/623 58/58/58
f 651/651/651 652/652/652 650/650/650
f 653/653/653 650/650/650 652/652/652
f 653/653/653 654/654/654 650/650/650
f 655/655/655 656/656/656 654/654/654
f 657/657/657 658/658/658 656/656/656
f 656/656/656 658/658/658 654/654/654
f 654/654/654 658/658/658 650/650/650
f 658/658/658 659/659/659 650/650/650
f 632/632/632 660/660/660 629/629/629
f 69/69/69 661/661/661 67/67/67
f 661/661/661 662/662/662 67/67/67
f 662/662/662 663/663/663 67/67/67
f 663/663/663 664/664/664 67/67/67
f 664/664/664 665/665/665 67/67/67
f 56/56/56 666/666/666 648/648/648
f 667/667/667 641/641/641 644/644/644
f 668/668/668 669/669/669 88/88/88
f 89/89/89 88/88/88 669/669/669
f 70/70/70 72/72/72 670/670/670
f 668/668/668 88/88/88 66/66/66
f 64/64/64 66/66/66 88/88/88
f 672/672/672 673/673/673 671/671/671
f 674/674/674 671/671/671 673/673/673
f 675/675/675 76/76/76 78/78/78
f 88/88/88 84/84/84 64/64/64
f 73/73/73 64/64/64 84/84/84
f 671/671/671 676/676/676 672/672/672
f 81/81/81 70/70/70 670/670/670
f 87/87/87 78/78/78 677/677/677
f 77/77/77 677/677/677 78/78/78
f 79/79/79 71/71/71 70/70/70
f 65/65/65 64/64/64 75/75/75
f 73/73/73 75/75/75 64/64/64
f 679/679/679 680/680/680 678/678/678
f 681/681/681 678/678/678 680/680/680
f 681/681/681 683/683/683 682/682/682
f 683/683/683 681/681/681 684/684/684
f 680/680/680 684/684/684 681/681/681
f 685/685/685 79/79/79 82/82/82
f 675/675/675 77/77/77 76/76/76
f 687/687/687 688/688/688 686/686/686
f 689/689/689 690/690/690 688/688/688
f 690/690/690 691/691/691 688/688/688
f 692/692/692 693/693/693 691/691/691
f 691/691/691 693/693/693 688/688/688
f 688/688/688 693/693/693 686/686/686
f 693/693/693 694/694/694 686/686/686
f 95/95/95 695/695/695 93/93/93
f 696/696/696 93/93/93 695/695/695
f 698/698/698 699/699/699 697/697/697
f 700/700/700 697/697/697 699/699/699
f 702/702/702 94/94/94 701/701/701
f 703/703/703 701/701/701 94/94/94
f 705/705/705 706/706/706 704/704/704
f 707/707/707 704/704/704 706/706/706
f 709/709/709 710/710/710 708/708/708
f 711/711/711 708/708/708 710/710/710
f 706/706/706 705/705/705 712/712/712
f 713/713/713 714/714/714 698/698/698
f 699/699/699 698/698/698 714/714/714
f 716/716/716 717/717/717 715/715/715
f 718/718/718 715/715/715 717/717/717
f 719/719/719 720/720/720 709/709/709
f 710/710/710 709/709/709 720/720/720
f 92/92/92 91/91/91 101/101/101
f 99/99/99 101/101/101 91/91/91
f 93/93/93 696/696/696 94/94/94
f 703/703/703 94/94/94 696/696/696
f 722/722/722 723/723/723 721/721/721
f 724/724/724 725/725/725 723/723/723
f 723/723/723 725/725/725 721/721/721
f 725/725/725 98/98/98 721/721/721
f 721/721/721 98/98/98 97/97/97
f 96/96/96 98/98/98 726/726/726
f 708/708/708 727/727/727 709/709/709
f 728/728/728 715/715/715 718/718/718
f 730/730/730 110/110/110 729/729/729
f 109/109/109 731/731/731 110/110/110
f 732/732/732 733/733/733 731/731/731
f 731/731/731 733/733/733 110/110/110
f 110/110/110 733/733/733 729/729/729
f 733/733/733 734/734/734 729/729/729
f 102/102/102 735/735/735 103/103/103
f 737/737/737 738/738/738 736/736/736
f 736/736/736 739/739/739 737/737/737
f 740/740/740 737/737/737 739/739/739
f 741/741/741 742/742/742 114/114/114
f 112/112/112 114/114/114 742/742/742
f 744/744/744 745/745/745 743/743/743
f 746/746/746 743/743/743 745/745/745
f 742/742/742 747/747/747 112/112/112
f 748/748/748 112/112/112 747/747/747
f 750/750/750 751/751/751 749/749/749
f 752/752/752 749/749/749 751/751/751
f 754/754/754 755/755/755 753/753/753
f 756/756/756 753/753/753 755/755/755
f 755/755/755 108/108/108 756/756/756
f 107/107/107 756/756/756 108/108/108
f 757/757/757 730/730/730 729/729/729
f 111/111/111 731/731/731 109/109/109
f 759/759/759 760/760/760 758/758/758
f 761/761/761 758/758/758 760/760/760
f 761/761/761 762/762/762 758/758/758
f 763/763/763 764/764/764 762/762/762
f 765/765/765 766/766/766 764/764/764
f 764/764/764 766/766/766 762/762/762
f 762/762/762 766/766/766 758/758/758
f 766/766/766 767/767/767 758/758/758
f 740/740/740 768/768/768 737/737/737
f 107/107/107 769/769/769 756/756/756
f 770/770/770 749/749/749 752/752/752
f 772/772/772 773/773/773 771/771/771
f 773/773/773 774/774/774 771/771/771
f 774/774/774 775/775/775 771/771/771
f 775/775/775 776/776/776 771/771/771
f 777/777/777 123/123/123 115/115/115
f 122/122/122 115/115/115 123/123/123
f 779/779/779 780/780/780 778/778/778
f 781/781/781 778/778/778 780/780/780
f 777/777/777 115/115/115 117/117/117
f 781/781/781 780/780/780 782/782/782
f 783/783/783 782/782/782 780/780/780
f 121/121/121 784/784/784 122/122/122
f 785/785/785 786/786/786 118/118/118
f 787/787/787 118/118/118 786/786/786
f 789/789/789 790/790/790 788/788/788
f 791/791/791 788/788/788 790/790/790
f 788/788/788 791/791/791 792/792/792
f 793/793/793 792/792/792 791/791/791
f 116/116/116 115/115/115 784/784/784
f 122/122/122 784/784/784 115/115/115
f 794/794/794 783/783/783 780/780/780
f 119/119/119 118/118/118 795/795/795
f 787/787/787 795/795/795 118/118/118
f 129/129/129 796/796/796 127/127/127
f 796/796/796 797/797/797 127/127/127
f 797/797/797 798/798/798 127/127/127
f 798/798/798 799/799/799 127/127/127
f 799/799/799 800/800/800 127/127/127
f 802/802/802 803/803/803 801/801/801
f 803/803/803 804/804/804 801/801/801
f 804/804/804 805/805/805 801/801/801
f 805/805/805 806/806/806 801/801/801
f 807/807/807 782/782/782 783/783/783
f 808/808/808 793/793/793 791/791/791
f 810/810/810 811/811/811 809/809/809
f 812/812/812 809/809/809 811/811/811
f 130/130/130 132/132/132 813/813/813
f 810/810/810 809/809/809 126/126/126
f 124/124/124 126/126/126 809/809/809
f 815/815/815 816/816/816 814/814/814
f 817/817/817 814/814/814 816/816/816
f 818/818/818 136/136/136 138/138/138
f 809/809/809 819/819/819 124/124/124
f 133/133/133 124/124/124 819/819/819
f 814/814/814 820/820/820 815/815/815
f 141/141/141 130/130/130 813/813/813
f 147/147/147 138/138/138 821/821/821
f 137/137/137 821/821/821 138/138/138
f 139/139/139 131/131/131 130/130/130
f 125/125/125 124/124/124 135/135/135
f 133/133/133 135/135/135 124/124/124
f 812/812/812 822/822/822 809/809/809
f 819/819/819 809/809/809 822/822/822
f 824/824/824 825/825/825 823/823/823
f 826/826/826 823/823/823 825/825/825
f 826/826/826 828/828/828 827/827/827
f 825/825/825 829/829/829 826/826/826
f 829/829/829 830/830/830 826/826/826
f 830/830/830 828/828/828 826/826/826
f 831/831/831 139/139/139 142/142/142
f 818/818/818 137/137/137 136/136/136
f 833/833/833 834/834/834 832/832/832
f 835/835/835 836/836/836 834/834/834
f 836/836/836 837/837/837 834/834/834
f 838/838/838 839/839/839 837/837/837
f 837/837/837 839/839/839 834/834/834
f 834/834/834 839/839/839 832/832/832
f 839/839/839 840/840/840 832/832/832
f 153/153/153 841/841/841 151/151/151
f 842/842/842 151/151/151 841/841/841
f 844/844/844 845/845/845 843/843/843
f 846/846/846 843/843/843 845/845/845
f 848/848/848 152/152/152 847/847/847
f 849/849/849 847/847/847 152/152/152
f 851/851/851 852/852/852 850/850/850
f 853/853/853 850/850/850 852/852/852
f 855/855/855 856/856/856 854/854/854
f 857/857/857 854/854/854 856/856/856
f 852/852/852 851/851/851 858/858/858
f 859/859/859 860/860/860 844/844/844
f 845/845/845 844/844/844 860/860/860
f 862/862/862 863/863/863 861/861/861
f 864/864/864 861/861/861 863/863/863
f 865/865/865 866/866/866 855/855/855
f 856/856/856 855/855/855 866/866/866
f 150/150/150 149/149/149 159/159/159
f 157/157/157 159/159/159 149/149/149
f 151/151/151 842/842/842 152/152/152
f 849/849/849 152/152/152 842/842/842
f 868/868/868 869/869/869 867/867/867
f 870/870/870 871/871/871 869/869/869
f 869/869/869 871/871/871 867/867/867
f 871/871/871 156/156/156 867/867/867
f 867/867/867 156/156/156 155/155/155
f 154/154/154 156/156/156 872/872/872
f 854/854/854 873/873/873 855/855/855
f 874/874/874 861/861/861 864/864/864
f 876/876/876 877/877/877 875/875/875
f 877/877/877 878/878/878 875/875/875
f 878/878/878 879/879/879 875/875/875
f 880/880/880 881/881/881 160/160/160
f 882/882/882 160/160/160 881/881/881
f 884/884/884 885/885/885 883/883/883
f 886/886/886 883/883/883 885/885/885
f 888/888/888 889/889/889 887/887/887
f 890/890/890 887/887/887 889/889/889
f 880/880/880 160/160/160 162/162/162
f 887/887/887 890/890/890 891/891/891
f 892/892/892 891/891/891 890/890/890
f 886/886/886 885/885/885 893/893/893
f 895/895/895 896/896/896 894/894/894
f 893/893/893 897/897/897 886/886/886
f 898/898/898 886/886/886 897/897/897
f 899/899/899 900/900/900 894/894/894
f 901/901/901 894/894/894 900/900/900
f 894/894/894 901/901/901 895/895/895
f 902/902/902 895/895/895 901/901/901
f 161/161/161 160/160/160 903/903/903
f 882/882/882 903/903/903 160/160/160
f 904/904/904 892/892/892 890/890/890
f 883/883/883 886/886/886 905/905/905
f 898/898/898 905/905/905 886/886/886
f 907/907/907 908/908/908 906/906/906
f 908/908/908 909/909/909 906/906/906
f 909/909/909 910/910/910 906/906/906
f 910/910/910 911/911/911 906/906/906
f 912/912/912 891/891/891 892/892/892
f 913/913/913 902/902/902 901/901/901
f 915/915/915 171/171/171 914/914/914
f 170/170/170 916/916/916 171/171/171
f 917/917/917 918/918/918 916/916/916
f 916/916/916 918/918/918 171/171/171
f 171/171/171 918/918/918 914/914/914
f 918/918/918 919/919/919 914/914/914
f 163/163/163 920/920/920 164/164/164
f 922/922/922 923/923/923 921/921/921
f 921/921/921 924/924/924 922/922/922
f 925/925/925 922/922/922 924/924/924
f 926/926/926 927/927/927 175/175/175
f 173/173/173 175/175/175 927/927/927
f 929/929/929 930/930/930 928/928/928
f 931/931/931 928/928/928 930/930/930
f 927/927/927 932/932/932 173/173/173
f 933/933/933 173/173/173 932/932/932
f 935/935/935 936/936/936 934/934/934
f 937/937/937 934/934/934 936/936/936
f 939/939/939 940/940/940 938/938/938
f 941/941/941 938/938/938 940/940/940
f 940/940/940 169/169/169 941/941/941
f 168/168/168 941/941/941 169/169/169
f 942/942/942 915/915/915 914/914/914
f 172/172/172 916/916/916 170/170/170
f 944/944/944 945/945/945 943/943/943
f 946/946/946 943/943/943 945/945/945
f 946/946/946 947/947/947 943/943/943
f 948/948/948 949/949/949 947/947/947
f 950/950/950 951/951/951 949/949/949
f 949/949/949 951/951/951 947/947/947
f 947/947/947 951/951/951 943/943/943
f 951/951/951 952/952/952 943/943/943
f 925/925/925 953/953/953 922/922/922
f 168/168/168 954/954/954 941/941/941
f 955/955/955 934/934/934 937/937/937
f 957/957/957 958/958/958 956/956/956
f 197/197/197 956/956/956 958/958/958
f 960/960/960 200/200/200 959/959/959
f 961/961/961 959/959/959 200/200/200
f 960/960/960 962/962/962 200/200/200
f 201/201/201 200/200/200 962/962/962
f 964/964/964 965/965/965 963/963/963
f 967/967/967 198/198/198 966/966/966
f 968/968/968 966/966/966 198/198/198
f 969/969/969 970/970/970 194/194/194
f 195/195/195 194/194/194 970/970/970
f 198/198/198 967/967/967 196/196/196
f 177/177/177 971/971/971 178/178/178
f 972/972/972 178/178/178 971/971/971
f 194/194/194 191/191/191 203/203/203
f 190/190/190 203/203/203 191/191/191
f 974/974/974 975/975/975 973/973/973
f 199/199/199 973/973/973 975/975/975
f 956/956/956 197/197/197 976/976/976
f 196/196/196 976/976/976 197/197/197
f 963/963/963 978/978/978 977/977/977
f 979/979/979 977/977/977 978/978/978
f 961/961/961 200/200/200 980/980/980
f 980/980/980 200/200/200 975/975/975
f 199/199/199 975/975/975 200/200/200
f 189/189/189 191/191/191 193/193/193
f 194/194/194 193/193/193 191/191/191
f 968/968/968 198/198/198 958/958/958
f 197/197/197 958/958/958 198/198/198
f 981/981/981 969/969/969 203/203/203
f 194/194/194 203/203/203 969/969/969
f 983/983/983 964/964/964 982/982/982
f 977/977/977 982/982/982 964/964/964
f 984/984/984 956/956/956 976/976/976
f 985/985/985 980/980/980 975/975/975
f 986/986/986 982/982/982 979/979/979
f 977/977/977 979/979/979 982/982/982
f 199/199/199 201/201/201 973/973/973
f 977/977/977 964/964/964 963/963/963
f 988/988/988 989/989/989 987/987/987
f 989/989/989 990/990/990 987/987/987
f 990/990/990 991/991/991 987/987/987
f 992/992/992 993/993/993 204/204/204
f 994/994/994 204/204/204 993/993/993
f 996/996/996 997/997/997 995/995/995
f 998/998/998 995/995/995 997/997/997
f 1000/1000/1000 1001/1001/1001 999/999/999
f 1002/1002/1002 999/999/999 1001/1001/1001
f 992/992/992 204/204/204 206/206/206
f 999/999/999 1002/1002/1002 1003/1003/1003
f 1004/1004/1004 1003/1003/1003 1002/1002/1002
f 998/998/998 997/997/997 1005/1005/1005
f 1007/1007/1007 1008/1008/1008 1006/1006/1006
f 1005/1005/1005 1009/1009/1009 998/998/998
f 1010/1010/1010 998/998/998 1009/1009/1009
f 1011/1011/1011 1012/1012/1012 1006/1006/1006
f 1013/1013/1013 1006/1006/1006 1012/1012/1012
f 1006/1006/1006 1013/1013/1013 1007/1007/1007
f 1014/1014/1014 1007/1007/1007 1013/1013/1013
f 205/205/205 204/204/204 1015/1015/1015
f 994/994/994 1015/1015/1015 204/204/204
f 1016/1016/1016 1004/1004/1004 1002/1002/1002
f 995/995/995 998/998/998 1017/1017/1017
f 1010/1010/1010 1017/1017/1017 998/998/998
f 1019/1019/1019 1020/1020/1020 1018/1018/1018
f 1020/1020/1020 1021/1021/1021 1018/1018/1018
f 1021/1021/1021 1022/1022/1022 1018/1018/1018
f 1022/1022/1022 1023/1023/1023 1018/1018/1018
f 1024/1024/1024 1003/1003/1003 1004/1004/1004
f 1025/1025/1025 1014/1014/1014 1013/1013/1013
f 1027/1027/1027 1028/1028/1028 1026/1026/1026
f 1028/1028/1028 1029/1029/1029 1026/1026/1026
f 1029/1029/1029 1030/1030/1030 1026/1026/1026
f 1030/1030/1030 1031/1031/1031 1026/1026/1026
f 207/207/207 1032/1032/1032 215/215/215
f 213/213/213 215/215/215 1032/1032/1032
f 1034/1034/1034 1035/1035/1035 1033/1033/1033
f 1036/1036/1036 1033/1033/1033 1035/1035/1035
f 1032/1032/1032 207/207/207 209/209/209
f 1033/1033/1033 1036/1036/1036 1037/1037/1037
f 1038/1038/1038 1037/1037/1037 1036/1036/1036
f 214/214/214 1039/1039/1039 215/215/215
f 1040/1040/1040 1041/1041/1041 210/210/210
f 1042/1042/1042 210/210/210 1041/1041/1041
f 1044/1044/1044 1045/1045/1045 1043/1043/1043
f 1046/1046/1046 1043/1043/1043 1045/1045/1045
f 1043/1043/1043 1046/1046/1046 1047/1047/1047
f 1048/1048/1048 1047/1047/1047 1046/1046/1046
f 208/208/208 207/207/207 1039/1039/1039
f 215/215/215 1039/1039/1039 207/207/207
f 1049/1049/1049 1038/1038/1038 1036/1036/1036
f 211/211/211 210/210/210 1050/1050/1050
f 1042/1042/1042 1050/1050/1050 210/210/210
f 1052/1052/1052 1053/1053/1053 1051/1051/1051
f 1053/1053/1053 1054/1054/1054 1051/1051/1051
f 1054/1054/1054 1055/1055/1055 1051/1051/1051
f 1055/1055/1055 1056/1056/1056 1051/1051/1051
f 1057/1057/1057 1037/1037/1037 1038/1038/1038
f 1058/1058/1058 1048/1048/1048 1046/1046/1046
f 1060/1060/1060 1061/1061/1061 1059/1059/1059
f 1061/1061/1061 1062/1062/1062 1059/1059/1059
f 1062/1062/1062 1063/1063/1063 1059/1059/1059
f 1063/1063/1063 1064/1064/1064 1059/1059/1059
f 1066/1066/1066 1067/1067/1067 1065/1065/1065
f 1068/1068/1068 1065/1065/1065 1067/1067/1067
f 221/221/221 1069/1069/1069 219/219/219
f 1070/1070/1070 219/219/219 1069/1069/1069
f 1072/1072/1072 1073/1073/1073 1071/1071/1071
f 1074/1074/1074 1071/1071/1071 1073/1073/1073
f 1076/1076/1076 216/216/216 1075/1075/1075
f 1078/1078/1078 1079/1079/1079 1077/1077/1077
f 1080/1080/1080 1077/1077/1077 1079/1079/1079
f 216/216/216 1076/1076/1076 217/217/217
f 1081/1081/1081 217/217/217 1076/1076/1076
f 1065/1065/1065 1082/1082/1082 1066/1066/1066
f 1071/1071/1071 1074/1074/1074 1083/1083/1083
f 1084/1084/1084 1083/1083/1083 1074/1074/1074
f 1086/1086/1086 1087/1087/1087 1085/1085/1085
f 1087/1087/1087 1088/1088/1088 1085/1085/1085
f 1088/1088/1088 1089/1089/1089 1085/1085/1085
f 1089/1089/1089 1090/1090/1090 1085/1085/1085
f 228/228/228 1091/1091/1091 229/229/229
f 231/231/231 229/229/229 1091/1091/1091
f 225/225/225 234/234/234 233/233/233
f 1092/1092/1092 233/233/233 234/234/234
f 1094/1094/1094 1095/1095/1095 1093/1093/1093
f 1096/1096/1096 1093/1093/1093 1095/1095/1095
f 1098/1098/1098 222/222/222 1097/1097/1097
f 1100/1100/1100 1101/1101/1101 1099/1099/1099
f 1102/1102/1102 1099/1099/1099 1101/1101/1101
f 232/232/232 230/230/230 229/229/229
f 222/222/222 1098/1098/1098 223/223/223
f 1103/1103/1103 223/223/223 1098/1098/1098
f 1093/1093/1093 1096/1096/1096 1104/1104/1104
f 1105/1105/1105 1104/1104/1104 1096/1096/1096
f 1107/1107/1107 1108/1108/1108 1106/1106/1106
f 1108/1108/1108 1109/1109/1109 1106/1106/1106
f 1109/1109/1109 1110/1110/1110 1106/1106/1106
f 1110/1110/1110 1111/1111/1111 1106/1106/1106
f 241/241/241 1112/1112/1112 242/242/242
f 244/244/244 242/242/242 1112/1112/1112
f 238/238/238 247/247/247 246/246/246
f 1113/1113/1113 246/246/246 247/247/247
f 1115/1115/1115 1116/1116/1116 1114/1114/1114
f 1117/1117/1117 1114/1114/1114 1116/1116/1116
f 1119/1119/1119 235/235/235 1118/1118/1118
f 1121/1121/1121 1122/1122/1122 1120/1120/1120
f 1123/1123/1123 1120/1120/1120 1122/1122/1122
f 245/245/245 243/243/243 242/242/242
f 235/235/235 1119/1119/1119 236/236/236
f 1124/1124/1124 236/236/236 1119/1119/1119
f 1114/1114/1114 1117/1117/1117 1125/1125/1125
f 1126/1126/1126 1125/1125/1125 1117/1117/1117
f 1128/1128/1128 1129/1129/1129 1127/1127/1127
f 1129/1129/1129 1130/1130/1130 1127/1127/1127
f 1130/1130/1130 1131/1131/1131 1127/1127/1127
f 1131/1131/1131 1132/1132/1132 1127/1127/1127
f 254/254/254 1133/1133/1133 255/255/255
f 257/257/257 255/255/255 1133/1133/1133
f 251/251/251 260/260/260 259/259/259
f 1134/1134/1134 259/259/259 260/260/260
f 1136/1136/1136 1137/1137/1137 1135/1135/1135
f 1138/1138/1138 1135/1135/1135 1137/1137/1137
f 1140/1140/1140 248/248/248 1139/1139/1139
f 1142/1142/1142 1143/1143/1143 1141/1141/1141
f 1144/1144/1144 1141/1141/1141 1143/1143/1143
f 258/258/258 256/256/256 255/255/255
f 248/248/248 1140/1140/1140 249/249/249
f 1145/1145/1145 249/249/249 1140/1140/1140
f 1135/1135/1135 1138/1138/1138 1146/1146/1146
f 1147/1147/1147 1146/1146/1146 1138/1138/1138
f 1149/1149/1149 1150/1150/1150 1148/1148/1148
f 1150/1150/1150 1151/1151/1151 1148/1148/1148
f 1151/1151/1151 1152/1152/1152 1148/1148/1148
f 1152/1152/1152 1153/1153/1153 1148/1148/1148
f 267/267/267 1154/1154/1154 268/268/268
f 270/270/270 268/268/268 1154/1154/1154
f 264/264/264 273/273/273 272/272/272
f 1155/1155/1155 272/272/272 273/273/273
f 1157/1157/1157 1158/1158/1158 1156/1156/1156
f 1159/1159/1159 1156/1156/1156 1158/1158/1158
f 1161/1161/1161 261/261/261 1160/1160/1160
f 1163/1163/1163 1164/1164/1164 1162/1162/1162
f 1165/1165/1165 1162/1162/1162 1164/1164/1164
f 271/271/271 269/269/269 268/268/268
f 261/261/261 1161/1161/1161 262/262/262
f 1166/1166/1166 262/262/262 1161/1161/1161
f 1156/1156/1156 1159/1159/1159 1167/1167/1167
f 1168/1168/1168 1167/1167/1167 1159/1159/1159
f 1170/1170/1170 1171/1171/1171 1169/1169/1169
f 1171/1171/1171 1172/1172/1172 1169/1169/1169
f 1172/1172/1172 1173/1173/1173 1169/1169/1169
f 1173/1173/1173 1174/1174/1174 1169/1169/1169
f 281/281/281 1175/1175/1175 282/282/282
f 284/284/284 282/282/282 1175/1175/1175
f 277/277/277 287/287/287 286/286/286
f 1176/1176/1176 286/286/286 287/287/287
f 280/280/280 1177/1177/1177 274/274/274
f 1178/1178/1178 274/274/274 1177/1177/1177
f 1180/1180/1180 1181/1181/1181 1179/1179/1179
f 1182/1182/1182 1179/1179/1179 1181/1181/1181
f 1184/1184/1184 1185/1185/1185 1183/1183/1183
f 1186/1186/1186 1183/1183/1183 1185/1185/1185
f 285/285/285 283/283/283 282/282/282
f 274/274/274 1178/1178/1178 275/275/275
f 1187/1187/1187 275/275/275 1178/1178/1178
f 1179/1179/1179 1182/1182/1182 1188/1188/1188
f 1189/1189/1189 1188/1188/1188 1182/1182/1182
f 1190/1190/1190 1191/1191/1191 291/291/291
f 292/292/292 291/291/291 1191/1191/1191
f 289/289/289 1192/1192/1192 290/290/290
f 293/293/293 292/292/292 1193/1193/1193
f 1194/1194/1194 1193/1193/1193 292/292/292
f 1195/1195/1195 1196/1196/1196 294/294/294
f 295/295/295 294/294/294 1196/1196/1196
f 1198/1198/1198 308/308/308 1197/1197/1197
f 310/310/310 1197/1197/1197 308/308/308
f 295/295/295 1199/1199/1199 296/296/296
f 1201/1201/1201 1202/1202/1202 1200/1200/1200
f 1203/1203/1203 1200/1200/1200 1202/1202/1202
f 289/289/289 288/288/288 297/297/297
f 1193/1193/1193 1204/1204/1204 293/293/293
f 288/288/288 300/300/300 298/298/298
f 291/291/291 301/301/301 1190/1190/1190
f 290/290/290 299/299/299 288/288/288
f 296/296/296 303/303/303 294/294/294
f 1201/1201/1201 1200/1200/1200 1205/1205/1205
f 1200/1200/1200 306/306/306 1205/1205/1205
f 306/306/306 1206/1206/1206 1205/1205/1205
f 1206/1206/1206 1207/1207/1207 1205/1205/1205
f 1200/1200/1200 1203/1203/1203 306/306/306
f 307/307/307 306/306/306 1203/1203/1203
f 1207/1207/1207 1208/1208/1208 1205/1205/1205
f 1209/1209/1209 1205/1205/1205 1208/1208/1208
f 1205/1205/1205 1209/1209/1209 1201/1201/1201
f 1202/1202/1202 1201/1201/1201 1209/1209/1209
f 1211/1211/1211 1212/1212/1212 1210/1210/1210
f 1213/1213/1213 1210/1210/1210 1212/1212/1212
f 1215/1215/1215 1216/1216/1216 1214/1214/1214
f 1217/1217/1217 1214/1214/1214 1216/1216/1216
f 1219/1219/1219 1220/1220/1220 1218/1218/1218
f 1221/1221/1221 1218/1218/1218 1220/1220/1220
f 1223/1223/1223 1216/1216/1216 1222/1222/1222
f 1215/1215/1215 1222/1222/1222 1216/1216/1216
f 1224/1224/1224 309/309/309 308/308/308
f 1222/1222/1222 1215/1215/1215 1225/1225/1225
f 1226/1226/1226 1225/1225/1225 1215/1215/1215
f 1227/1227/1227 1212/1212/1212 311/311/311
f 1212/1212/1212 1211/1211/1211 311/311/311
f 1211/1211/1211 1228/1228/1228 311/311/311
f 1228/1228/1228 312/312/312 311/311/311
f 343/343/343 342/342/342 1229/1229/1229
f 1230/1230/1230 1229/1229/1229 342/342/342
f 309/309/309 1231/1231/1231 310/310/310
f 318/318/318 320/320/320 1232/1232/1232
f 322/322/322 324/324/324 323/323/323
f 1233/1233/1233 315/315/315 329/329/329
f 1235/1235/1235 1236/1236/1236 1234/1234/1234
f 1238/1238/1238 1239/1239/1239 1237/1237/1237
f 1240/1240/1240 1237/1237/1237 1239/1239/1239
f 1238/1238/1238 1237/1237/1237 341/341/341
f 1241/1241/1241 341/341/341 1237/1237/1237
f 341/341/341 1241/1241/1241 339/339/339
f 1242/1242/1242 339/339/339 1241/1241/1241
f 346/346/346 1243/1243/1243 335/335/335
f 333/333/333 335/335/335 1243/1243/1243
f 1245/1245/1245 358/358/358 1244/1244/1244
f 359/359/359 1244/1244/1244 358/358/358
f 1246/1246/1246 334/334/334 333/333/333
f 337/337/337 336/336/336 342/342/342
f 1230/1230/1230 342/342/342 336/336/336
f 1248/1248/1248 338/338/338 1247/1247/1247
f 337/337/337 1247/1247/1247 338/338/338
f 345/345/345 335/335/335 1249/1249/1249
f 334/334/334 1249/1249/1249 335/335/335
f 342/342/342 344/344/344 1247/1247/1247
f 1238/1238/1238 341/341/341 1250/1250/1250
f 340/340/340 1250/1250/1250 341/341/341
f 345/345/345 1251/1251/1251 346/346/346
f 342/342/342 1247/1247/1247 337/337/337
f 1250/1250/1250 1239/1239/1239 1238/1238/1238
f 1253/1253/1253 1254/1254/1254 1252/1252/1252
f 349/349/349 1252/1252/1252 1254/1254/1254
f 349/349/349 348/348/348 1252/1252/1252
f 348/348/348 351/351/351 1252/1252/1252
f 351/351/351 1255/1255/1255 1252/1252/1252
f 1255/1255/1255 1256/1256/1256 1252/1252/1252
f 1256/1256/1256 1257/1257/1257 1252/1252/1252
f 1258/1258/1258 1259/1259/1259 1256/1256/1256
f 1257/1257/1257 1256/1256/1256 1259/1259/1259
f 347/347/347 349/349/349 1254/1254/1254
f 1259/1259/1259 1253/1253/1253 1257/1257/1257
f 1252/1252/1252 1257/1257/1257 1253/1253/1253
f 350/350/350 348/348/348 347/347/347
f 350/350/350 1260/1260/1260 351/351/351
f 355/355/355 1261/1261/1261 356/356/356
f 1262/1262/1262 356/356/356 1261/1261/1261
f 1264/1264/1264 1265/1265/1265 1263/1263/1263
f 1266/1266/1266 1263/1263/1263 1265/1265/1265
f 360/360/360 362/362/362 363/363/363
f 1267/1267/1267 1268/1268/1268 357/357/357
f 1269/1269/1269 357/357/357 1268/1268/1268
f 1265/1265/1265 1270/1270/1270 1266/1266/1266
f 1271/1271/1271 1266/1266/1266 1270/1270/1270
f 362/362/362 364/364/364 363/363/363
f 352/352/352 354/354/354 358/358/358
f 355/355/355 357/357/357 1269/1269/1269
f 367/367/367 1272/1272/1272 368/368/368
f 1272/1272/1272 370/370/370 368/368/368
f 370/370/370 369/369/369 368/368/368
f 369/369/369 1273/1273/1273 368/368/368
f 1273/1273/1273 1274/1274/1274 368/368/368
f 1274/1274/1274 1275/1275/1275 368/368/368
f 364/364/364 362/362/362 1276/1276/1276
f 1277/1277/1277 1276/1276/1276 362/362/362
f 372/372/372 1272/1272/1272 1278/1278/1278
f 367/367/367 1279/1279/1279 1272/1272/1272
f 1278/1278/1278 1272/1272/1272 1279/1279/1279
f 1281/1281/1281 354/354/354 1280/1280/1280
f 353/353/353 1280/1280/1280 354/354/354
f 1275/1275/1275 1282/1282/1282 368/368/368
f 1283/1283/1283 368/368/368 1282/1282/1282
f 1279/1279/1279 367/367/367 366/366/366
f 354/354/354 1281/1281/1281 359/359/359
f 366/366/366 368/368/368 1283/1283/1283
f 1284/1284/1284 1285/1285/1285 379/379/379
f 377/377/377 379/379/379 1285/1285/1285
f 370/370/370 1272/1272/1272 372/372/372
f 378/378/378 377/377/377 380/380/380
f 381/381/381 380/380/380 377/377/377
f 1286/1286/1286 1287/1287/1287 383/383/383
f 384/384/384 383/383/383 1287/1287/1287
f 1288/1288/1288 1287/1287/1287 1286/1286/1286
f 1289/1289/1289 391/391/391 394/394/394
f 373/373/373 394/394/394 391/391/391
f 384/384/384 1290/1290/1290 385/385/385
f 386/386/386 389/389/389 387/387/387
f 1291/1291/1291 390/390/390 389/389/389
f 374/374/374 373/373/373 392/392/392
f 1293/1293/1293 387/387/387 1292/1292/1292
f 390/390/390 1292/1292/1292 387/387/387
f 388/388/388 387/387/387 1294/1294/1294
f 1293/1293/1293 1294/1294/1294 387/387/387
f 1295/1295/1295 383/383/383 385/385/385
f 383/383/383 1296/1296/1296 1286/1286/1286
f 396/396/396 395/395/395 401/401/401
f 395/395/395 399/399/399 401/401/401
f 399/399/399 426/426/426 401/401/401
f 426/426/426 1297/1297/1297 401/401/401
f 1299/1299/1299 1300/1300/1300 1298/1298/1298
f 1301/1301/1301 1298/1298/1298 1300/1300/1300
f 401/401/401 1297/1297/1297 402/402/402
f 1302/1302/1302 399/399/399 398/398/398
f 396/396/396 401/401/401 400/400/400
f 427/427/427 399/399/399 1302/1302/1302
f 1304/1304/1304 1305/1305/1305 1303/1303/1303
f 411/411/411 413/413/413 414/414/414
f 1306/1306/1306 1307/1307/1307 408/408/408
f 406/406/406 408/408/408 1307/1307/1307
f 1300/1300/1300 1308/1308/1308 1301/1301/1301
f 1309/1309/1309 1301/1301/1301 1308/1308/1308
f 415/415/415 413/413/413 1310/1310/1310
f 1311/1311/1311 1310/1310/1310 413/413/413
f 413/413/413 415/415/415 414/414/414
f 403/403/403 405/405/405 409/409/409
f 421/421/421 420/420/420 1312/1312/1312
f 420/420/420 1313/1313/1313 1312/1312/1312
f 1313/1313/1313 419/419/419 1312/1312/1312
f 419/419/419 418/418/418 1312/1312/1312
f 422/422/422 1312/1312/1312 1314/1314/1314
f 418/418/418 1315/1315/1315 1312/1312/1312
f 1314/1314/1314 1312/1312/1312 1315/1315/1315
f 424/424/424 423/423/423 1316/1316/1316
f 1317/1317/1317 1316/1316/1316 423/423/423
f 404/404/404 1318/1318/1318 405/405/405
f 1315/1315/1315 418/418/418 417/417/417
f 405/405/405 1318/1318/1318 410/410/410
f 417/417/417 419/419/419 1319/1319/1319
f 1319/1319/1319 419/419/419 1320/1320/1320
f 421/421/421 1312/1312/1312 422/422/422
f 1208/1208/1208 1207/1207/1207 1206/1206/1206
f 330/330/330 1321/1321/1321 331/331/331
f 1321/1321/1321 425/425/425 331/331/331
f 425/425/425 424/424/424 331/331/331
f 314/314/314 312/312/312 1322/1322/1322
f 1228/1228/1228 1322/1322/1322 312/312/312
f 402/402/402 1297/1297/1297 1323/1323/1323
f 303/303/303 1324/1324/1324 294/294/294
f 1195/1195/1195 294/294/294 1324/1324/1324
f 1218/1218/1218 1325/1325/1325 1219/1219/1219
f 1326/1326/1326 1219/1219/1219 1325/1325/1325
f 430/430/430 1327/1327/1327 431/431/431
f 1328/1328/1328 431/431/431 1327/1327/1327
f 430/430/430 429/429/429 1329/1329/1329
f 1330/1330/1330 1329/1329/1329 429/429/429
f 1327/1327/1327 430/430/430 1331/1331/1331
f 1331/1331/1331 430/430/430 1329/1329/1329
f 428/428/428 1332/1332/1332 429/429/429
f 1333/1333/1333 429/429/429 1332/1332/1332
f 1330/1330/1330 429/429/429 1334/1334/1334
f 1334/1334/1334 429/429/429 1333/1333/1333
f 433/433/433 1335/1335/1335 428/428/428
f 1336/1336/1336 428/428/428 1335/1335/1335
f 1332/1332/1332 428/428/428 1336/1336/1336
f 433/433/433 432/432/432 1337/1337/1337
f 1338/1338/1338 1337/1337/1337 432/432/432
f 1335/1335/1335 433/433/433 1339/1339/1339
f 1339/1339/1339 433/433/433 1337/1337/1337
f 432/432/432 431/431/431 1340/1340/1340
f 1341/1341/1341 1340/1340/1340 431/431/431
f 1338/1338/1338 432/432/432 1342/1342/1342
f 1340/1340/1340 1342/1342/1342 432/432/432
f 1328/1328/1328 1341/1341/1341 431/431/431
