o 020300
v -20.123802185058594 2.6681723594665527 -33.8155403137207
v -19.610239028930664 3.4718339443206787 -33.76998519897461
v -20.9451847076416 3.4718339443206787 -33.926578521728516
v -21.559839248657227 2.6681723594665527 -33.977516174316406
v -20.123802185058594 2.6681723594665527 -33.8155403137207
v -15.530653953552246 2.6681723594665527 -38.925872802734375
v -15.517085075378418 3.4718339443206787 -38.282012939453125
v -19.610239028930664 3.4718339443206787 -33.76998519897461
v -17.193025588989258 10.660733222961426 -32.24374771118164
v -17.37570571899414 10.286327362060547 -32.352020263671875
v -16.762428283691406 10.286327362060547 -32.22077941894531
v -16.601287841796875 10.660726547241211 -32.11298751831055
v -16.762428283691406 10.286327362060547 -32.22077941894531
v -14.562969207763672 10.286327362060547 -34.60133361816406
v -14.48734188079834 10.660736083984375 -34.3967399597168
v -16.601287841796875 10.660726547241211 -32.11298751831055
v -19.69529914855957 3.4718339443206787 -34.18259811401367
v -15.939441680908203 3.4718339443206787 -38.324974060058594
v -15.866840362548828 3.8312795162200928 -38.128562927246094
v -19.540597915649414 3.8312790393829346 -34.07912063598633
v -19.69529914855957 3.4718339443206787 -34.18259811401367
v -19.540597915649414 3.8312790393829346 -34.07912063598633
v -20.525222778320312 3.8312795162200928 -34.21875762939453
v -20.700578689575195 3.4718339443206787 -34.322715759277344
v -2.070035696029663 16.327180862426758 -41.73112869262695
v -2.008227586746216 16.09341812133789 -41.69754409790039
v 0.3393360674381256 16.09341812133789 -43.347991943359375
v 0.2546956241130829 16.326961517333984 -43.36375045776367
v -0.4772948920726776 16.09341812133789 -44.48077392578125
v -2.824857234954834 16.09341812133789 -42.8303337097168
v -2.812941312789917 16.327186584472656 -42.761619567871094
v -0.4899308383464813 16.32697296142578 -44.396522521972656
v 7.928074836730957 2.523151397705078 -48.18887710571289
v 7.104065418243408 3.5946805477142334 -47.61699676513672
v 1.5011422634124756 3.5946805477142334 -43.69209671020508
v 1.8168262243270874 2.523151397705078 -43.89573669433594
v 0.5475711822509766 3.5946805477142334 -45.238590240478516
v 0.4295363426208496 4.0321364402771 -45.154296875
v 5.736687183380127 4.032134532928467 -48.88548278808594
v 5.96206521987915 3.5946786403656006 -49.04523468017578
v 1.3998719453811646 3.5946786403656006 -44.056304931640625
v 6.814365386962891 3.5946786403656006 -47.86296463012695
v 6.58773946762085 4.032134532928467 -47.70493698120117
v 1.2805883884429932 4.032134532928467 -43.973751068115234
v 0.4295363426208496 4.0321364402771 -45.154296875
v -2.824857234954834 16.09341812133789 -42.8303337097168
v -0.4772948920726776 16.09341812133789 -44.48077392578125
v 5.736687183380127 4.032134532928467 -48.88548278808594
v 0.3393360674381256 16.09341812133789 -43.347991943359375
v -2.008227586746216 16.09341812133789 -41.69754409790039
v 1.2805883884429932 4.032134532928467 -43.973751068115234
v 6.58773946762085 4.032134532928467 -47.70493698120117
v -17.37570571899414 10.286327362060547 -32.352020263671875
v -20.525222778320312 3.8312795162200928 -34.21875762939453
v -19.540597915649414 3.8312790393829346 -34.07912063598633
v -16.762428283691406 10.286327362060547 -32.22077941894531
v -19.540597915649414 3.8312790393829346 -34.07912063598633
v -15.866840362548828 3.8312795162200928 -38.128562927246094
v -14.562969207763672 10.286327362060547 -34.60133361816406
v -16.762428283691406 10.286327362060547 -32.22077941894531
v -16.58155632019043 10.520454406738281 -31.775569915771484
v -14.26682186126709 10.519464492797852 -34.30729675292969
v -13.954475402832031 12.357278823852539 -33.29380798339844
v -15.850446701049805 12.357276916503906 -31.226964950561523
v -14.974739074707031 12.357277870178223 -34.51976013183594
v -15.431838989257812 10.51768970489502 -35.711570739746094
v -17.940494537353516 10.518570899963379 -32.95394515991211
v -17.030715942382812 12.357276916503906 -32.25593566894531
v -17.030715942382812 12.357276916503906 -32.25593566894531
v -17.940494537353516 10.518570899963379 -32.95394515991211
v -17.812549591064453 10.51904296875 -32.22208786010742
v -16.892040252685547 12.357276916503906 -31.63597869873047
v -17.209009170532227 12.519134521484375 -32.238285064697266
v -14.946263313293457 13.224711418151855 -34.334842681884766
v -14.97961139678955 12.352570533752441 -34.554161071777344
v -17.10554313659668 12.352570533752441 -32.273014068603516
v -3.237086772918701 17.01446533203125 -42.81360626220703
v -3.350233793258667 17.75543785095215 -42.79148864746094
v -0.6249144673347473 18.353246688842773 -44.7148551940918
v -0.4939199984073639 17.01449203491211 -44.74943161010742
v 0.599313497543335 17.01449203491211 -43.236534118652344
v 0.5215908288955688 18.353246688842773 -43.12446594238281
v -2.2037274837493896 17.75543785095215 -41.20109558105469
v -2.1464521884918213 17.01446533203125 -41.298885345458984
v -3.0310285091400146 16.315204620361328 -42.82880401611328
v -3.1200599670410156 16.96748924255371 -42.80289840698242
v -0.5778233408927917 17.48516273498535 -44.59021759033203
v -0.4660002291202545 16.31521987915039 -44.63215255737305
v 0.4927191138267517 16.31521987915039 -43.304344177246094
v 0.41499415040016174 17.48516273498535 -43.213016510009766
v -2.127241611480713 16.96748924255371 -41.42570495605469
v -2.073651075363159 16.315204620361328 -41.50007247924805
v 21.388586044311523 24.3013973236084 -16.389150619506836
v 22.307876586914062 22.382875442504883 -16.812633514404297
v 16.292884826660156 22.386442184448242 -16.8373966217041
v 16.274564743041992 24.300029754638672 -16.389421463012695
v 21.431774139404297 24.100736618041992 -14.506326675415039
v 20.73455047607422 26.327821731567383 -14.162979125976562
v 16.126426696777344 24.947370529174805 -14.480770111083984
v 16.16250228881836 24.102392196655273 -14.666173934936523
v 16.16250228881836 24.102392196655273 -14.666173934936523
v 16.126426696777344 24.947370529174805 -14.480770111083984
v 15.6139497756958 24.634180068969727 -15.3046293258667
v 15.657231330871582 24.1016902923584 -15.459662437438965
v 24.054935455322266 14.571318626403809 -18.68033218383789
v 24.777036666870117 13.05577564239502 -17.163864135742188
v 24.20768165588379 14.198593139648438 -16.92079734802246
v 24.624292373657227 13.42850112915039 -18.923398971557617
v 25.057483673095703 13.195144653320312 -17.159629821777344
v 24.33538246154785 14.710687637329102 -18.67609977722168
v 24.488126754760742 14.33796215057373 -16.916561126708984
v 24.904739379882812 13.56787109375 -18.91916847229004
v 24.33538246154785 14.710687637329102 -18.67609977722168
v 24.624292373657227 13.42850112915039 -18.923398971557617
v 24.054935455322266 14.571318626403809 -18.68033218383789
v 24.904739379882812 13.56787109375 -18.91916847229004
v 24.777036666870117 13.05577564239502 -17.163864135742188
v 24.488126754760742 14.33796215057373 -16.916561126708984
v 24.20768165588379 14.198593139648438 -16.92079734802246
v 25.057483673095703 13.195144653320312 -17.159629821777344
v 24.904739379882812 13.56787109375 -18.91916847229004
v 24.624292373657227 13.42850112915039 -18.923398971557617
v 24.777036666870117 13.05577564239502 -17.163864135742188
v 24.777036666870117 13.05577564239502 -17.163864135742188
v 25.057483673095703 13.195144653320312 -17.159629821777344
v 24.904739379882812 13.56787109375 -18.91916847229004
v 24.33538246154785 14.710687637329102 -18.67609977722168
v 24.488126754760742 14.33796215057373 -16.916561126708984
v 24.20768165588379 14.198593139648438 -16.92079734802246
v 24.20768165588379 14.198593139648438 -16.92079734802246
v 24.054935455322266 14.571318626403809 -18.68033218383789
v 24.33538246154785 14.710687637329102 -18.67609977722168
v 15.547689437866211 8.111282348632812 -45.46465301513672
v 15.549484252929688 8.091829299926758 -47.59896469116211
v 16.59342384338379 7.319331645965576 -47.59896469116211
v 16.59342384338379 7.319331645965576 -45.46085739135742
v 16.7794132232666 7.571671485900879 -45.46085739135742
v 16.7794132232666 7.571671485900879 -47.59896469116211
v 15.722774505615234 8.348830223083496 -45.47539138793945
v 15.73547077178955 8.344168663024902 -47.59896469116211
v 16.7794132232666 7.571671485900879 -47.59896469116211
v 15.549484252929688 8.091829299926758 -47.59896469116211
v 15.73547077178955 8.344168663024902 -47.59896469116211
v 16.59342384338379 7.319331645965576 -47.59896469116211
v 16.7794132232666 7.571671485900879 -45.46085739135742
v 15.547689437866211 8.111282348632812 -45.46465301513672
v 16.59342384338379 7.319331645965576 -45.46085739135742
v 15.722774505615234 8.348830223083496 -45.47539138793945
v 16.59342384338379 7.319331645965576 -47.59896469116211
v 16.7794132232666 7.571671485900879 -47.59896469116211
v 16.7794132232666 7.571671485900879 -45.46085739135742
v 16.7794132232666 7.571671485900879 -45.46085739135742
v 16.59342384338379 7.319331645965576 -45.46085739135742
v 16.59342384338379 7.319331645965576 -47.59896469116211
v 15.73547077178955 8.344168663024902 -47.59896469116211
v 15.549484252929688 8.091829299926758 -47.59896469116211
v 15.722774505615234 8.348830223083496 -45.47539138793945
v 15.722774505615234 8.348830223083496 -45.47539138793945
v 15.547689437866211 8.111282348632812 -45.46465301513672
v 15.549484252929688 8.091829299926758 -47.59896469116211
v 1.7904831171035767 8.933514595031738 -46.308509826660156
v 3.511082887649536 8.049275398254395 -45.272342681884766
v 3.0175297260284424 9.02574634552002 -44.89918899536133
v 2.279883861541748 7.953476905822754 -46.67780685424805
v 3.6779532432556152 8.19260025024414 -45.427371978759766
v 1.9573535919189453 9.076839447021484 -46.463539123535156
v 3.1885528564453125 9.172637939453125 -45.058074951171875
v 2.450906991958618 8.10036849975586 -46.836692810058594
v 1.7904831171035767 8.933514595031738 -46.308509826660156
v 2.450906991958618 8.10036849975586 -46.836692810058594
v 2.279883861541748 7.953476905822754 -46.67780685424805
v 1.9573535919189453 9.076839447021484 -46.463539123535156
v 3.0175297260284424 9.02574634552002 -44.89918899536133
v 3.511082887649536 8.049275398254395 -45.272342681884766
v 3.6779532432556152 8.19260025024414 -45.427371978759766
v 3.1885528564453125 9.172637939453125 -45.058074951171875
v 2.450906991958618 8.10036849975586 -46.836692810058594
v 2.279883861541748 7.953476905822754 -46.67780685424805
v 3.6779532432556152 8.19260025024414 -45.427371978759766
v 3.6779532432556152 8.19260025024414 -45.427371978759766
v 3.511082887649536 8.049275398254395 -45.272342681884766
v 2.279883861541748 7.953476905822754 -46.67780685424805
v 1.9573535919189453 9.076839447021484 -46.463539123535156
v 1.7904831171035767 8.933514595031738 -46.308509826660156
v 3.1885528564453125 9.172637939453125 -45.058074951171875
v 3.1885528564453125 9.172637939453125 -45.058074951171875
v 3.0175297260284424 9.02574634552002 -44.89918899536133
v 1.7904831171035767 8.933514595031738 -46.308509826660156
v -16.100948333740234 7.5741705894470215 -34.64655303955078
v -16.609539031982422 7.576687335968018 -34.075645446777344
v -17.053913116455078 7.785082817077637 -34.471824645996094
v -16.545324325561523 7.782566070556641 -35.042724609375
v -16.99612045288086 7.988423824310303 -34.421302795410156
v -16.05179214477539 7.747099876403809 -34.60359191894531
v -16.487525939941406 7.985910415649414 -34.992210388183594
v -16.560386657714844 7.749617576599121 -34.032684326171875
v -16.05179214477539 7.747099876403809 -34.60359191894531
v -16.560386657714844 7.749617576599121 -34.032684326171875
v -16.609539031982422 7.576687335968018 -34.075645446777344
v -16.100948333740234 7.5741705894470215 -34.64655303955078
v -16.100948333740234 7.5741705894470215 -34.64655303955078
v -16.545324325561523 7.782566070556641 -35.042724609375
v -16.05179214477539 7.747099876403809 -34.60359191894531
v -16.487525939941406 7.985910415649414 -34.992210388183594
v -16.560386657714844 7.749617576599121 -34.032684326171875
v -17.053913116455078 7.785082817077637 -34.471824645996094
v -16.609539031982422 7.576687335968018 -34.075645446777344
v -16.99612045288086 7.988423824310303 -34.421302795410156
v -17.78023910522461 7.46278715133667 -36.10383605957031
v -17.88425636291504 7.1293721199035645 -35.176395416259766
v -18.294740676879883 7.44310998916626 -35.538578033447266
v -17.3697509765625 7.149048328399658 -35.74164962768555
v -17.81146240234375 7.320738315582275 -35.10361099243164
v -17.718332290649414 7.625534534454346 -36.04194259643555
v -18.232831954956055 7.605855941772461 -35.4766845703125
v -17.296958923339844 7.340419292449951 -35.66886901855469
v -17.718332290649414 7.625534534454346 -36.04194259643555
v -18.294740676879883 7.44310998916626 -35.538578033447266
v -18.232831954956055 7.605855941772461 -35.4766845703125
v -17.78023910522461 7.46278715133667 -36.10383605957031
v -17.78023910522461 7.46278715133667 -36.10383605957031
v -17.296958923339844 7.340419292449951 -35.66886901855469
v -17.3697509765625 7.149048328399658 -35.74164962768555
v -17.718332290649414 7.625534534454346 -36.04194259643555
v -18.294740676879883 7.44310998916626 -35.538578033447266
v -17.88425636291504 7.1293721199035645 -35.176395416259766
v -17.81146240234375 7.320738315582275 -35.10361099243164
v -18.232831954956055 7.605855941772461 -35.4766845703125
v -20.123802185058594 2.6681723594665527 33.8155403137207
v -21.559839248657227 2.6681723594665527 33.977516174316406
v -20.9451847076416 3.4718339443206787 33.926578521728516
v -19.610239028930664 3.4718339443206787 33.76998519897461
v -20.123802185058594 2.6681723594665527 33.8155403137207
v -19.610239028930664 3.4718339443206787 33.76998519897461
v -15.517085075378418 3.4718339443206787 38.282012939453125
v -15.530653953552246 2.6681723594665527 38.925872802734375
v -17.193025588989258 10.660733222961426 32.24374771118164
v -16.601287841796875 10.660726547241211 32.11298751831055
v -16.762428283691406 10.286327362060547 32.22077941894531
v -17.37570571899414 10.286327362060547 32.352020263671875
v -16.762428283691406 10.286327362060547 32.22077941894531
v -16.601287841796875 10.660726547241211 32.11298751831055
v -14.48734188079834 10.660736083984375 34.3967399597168
v -14.562969207763672 10.286327362060547 34.60133361816406
v -19.69529914855957 3.4718339443206787 34.18259811401367
v -19.540597915649414 3.8312790393829346 34.07912063598633
v -15.866840362548828 3.8312795162200928 38.128562927246094
v -15.939441680908203 3.4718339443206787 38.324974060058594
v -19.69529914855957 3.4718339443206787 34.18259811401367
v -20.700578689575195 3.4718339443206787 34.322715759277344
v -20.525222778320312 3.8312795162200928 34.21875762939453
v -19.540597915649414 3.8312790393829346 34.07912063598633
v -2.070035696029663 16.327180862426758 41.73112869262695
v 0.2546956241130829 16.326961517333984 43.36375045776367
v 0.3393360674381256 16.09341812133789 43.347991943359375
v -2.008227586746216 16.09341812133789 41.69754409790039
v -0.4772948920726776 16.09341812133789 44.48077392578125
v -0.4899308383464813 16.32697296142578 44.396522521972656
v -2.812941312789917 16.327186584472656 42.761619567871094
v -2.824857234954834 16.09341812133789 42.8303337097168
v 7.928074836730957 2.523151397705078 48.18887710571289
v 1.8168262243270874 2.523151397705078 43.89573669433594
v 1.5011422634124756 3.5946805477142334 43.69209671020508
v 7.104065418243408 3.5946805477142334 47.61699676513672
v 0.5475711822509766 3.5946805477142334 45.238590240478516
v 5.96206521987915 3.5946786403656006 49.04523468017578
v 5.736687183380127 4.032134532928467 48.88548278808594
v 0.4295363426208496 4.0321364402771 45.154296875
v 1.3998719453811646 3.5946786403656006 44.056304931640625
v 1.2805883884429932 4.032134532928467 43.973751068115234
v 6.58773946762085 4.032134532928467 47.70493698120117
v 6.814365386962891 3.5946786403656006 47.86296463012695
v 0.4295363426208496 4.0321364402771 45.154296875
v 5.736687183380127 4.032134532928467 48.88548278808594
v -0.4772948920726776 16.09341812133789 44.48077392578125
v -2.824857234954834 16.09341812133789 42.8303337097168
v 0.3393360674381256 16.09341812133789 43.347991943359375
v 6.58773946762085 4.032134532928467 47.70493698120117
v 1.2805883884429932 4.032134532928467 43.973751068115234
v -2.008227586746216 16.09341812133789 41.69754409790039
v -17.37570571899414 10.286327362060547 32.352020263671875
v -16.762428283691406 10.286327362060547 32.22077941894531
v -19.540597915649414 3.8312790393829346 34.07912063598633
v -20.525222778320312 3.8312795162200928 34.21875762939453
v -19.540597915649414 3.8312790393829346 34.07912063598633
v -16.762428283691406 10.286327362060547 32.22077941894531
v -14.562969207763672 10.286327362060547 34.60133361816406
v -15.866840362548828 3.8312795162200928 38.128562927246094
v -16.58155632019043 10.520454406738281 31.775569915771484
v -15.850446701049805 12.357276916503906 31.226964950561523
v -13.954475402832031 12.357278823852539 33.29380798339844
v -14.26682186126709 10.519464492797852 34.30729675292969
v -14.974739074707031 12.357277870178223 34.51976013183594
v -17.030715942382812 12.357276916503906 32.25593566894531
v -17.940494537353516 10.518570899963379 32.95394515991211
v -15.431838989257812 10.51768970489502 35.711570739746094
v -17.030715942382812 12.357276916503906 32.25593566894531
v -16.892040252685547 12.357276916503906 31.63597869873047
v -17.812549591064453 10.51904296875 32.22208786010742
v -17.940494537353516 10.518570899963379 32.95394515991211
v -17.209009170532227 12.519134521484375 32.238285064697266
v -17.10554313659668 12.352570533752441 32.273014068603516
v -14.97961139678955 12.352570533752441 34.554161071777344
v -14.946263313293457 13.224711418151855 34.334842681884766
v -3.237086772918701 17.01446533203125 42.81360626220703
v -0.4939199984073639 17.01449203491211 44.74943161010742
v -0.6249144673347473 18.353246688842773 44.7148551940918
v -3.350233793258667 17.75543785095215 42.79148864746094
v 0.599313497543335 17.01449203491211 43.236534118652344
v -2.1464521884918213 17.01446533203125 41.298885345458984
v -2.2037274837493896 17.75543785095215 41.20109558105469
v 0.5215908288955688 18.353246688842773 43.12446594238281
v -3.0310285091400146 16.315204620361328 42.82880401611328
v -0.4660002291202545 16.31521987915039 44.63215255737305
v -0.5778233408927917 17.48516273498535 44.59021759033203
v -3.1200599670410156 16.96748924255371 42.80289840698242
v 0.4927191138267517 16.31521987915039 43.304344177246094
v -2.073651075363159 16.315204620361328 41.50007247924805
v -2.127241611480713 16.96748924255371 41.42570495605469
v 0.41499415040016174 17.48516273498535 43.213016510009766
v 21.388586044311523 24.3013973236084 16.389150619506836
v 16.274564743041992 24.300029754638672 16.389421463012695
v 16.292884826660156 22.386442184448242 16.8373966217041
v 22.307876586914062 22.382875442504883 16.812633514404297
v 21.431774139404297 24.100736618041992 14.506326675415039
v 16.16250228881836 24.102392196655273 14.666173934936523
v 16.126426696777344 24.947370529174805 14.480770111083984
v 20.73455047607422 26.327821731567383 14.162979125976562
v 16.16250228881836 24.102392196655273 14.666173934936523
v 15.657231330871582 24.1016902923584 15.459662437438965
v 15.6139497756958 24.634180068969727 15.3046293258667
v 16.126426696777344 24.947370529174805 14.480770111083984
v 24.054935455322266 14.571318626403809 18.68033218383789
v 24.20768165588379 14.198593139648438 16.92079734802246
v 24.777036666870117 13.05577564239502 17.163864135742188
v 24.624292373657227 13.42850112915039 18.923398971557617
v 25.057483673095703 13.195144653320312 17.159629821777344
v 24.488126754760742 14.33796215057373 16.916561126708984
v 24.33538246154785 14.710687637329102 18.67609977722168
v 24.904739379882812 13.56787109375 18.91916847229004
v 24.33538246154785 14.710687637329102 18.67609977722168
v 24.054935455322266 14.571318626403809 18.68033218383789
v 24.624292373657227 13.42850112915039 18.923398971557617
v 24.904739379882812 13.56787109375 18.91916847229004
v 24.777036666870117 13.05577564239502 17.163864135742188
v 24.20768165588379 14.198593139648438 16.92079734802246
v 24.488126754760742 14.33796215057373 16.916561126708984
v 25.057483673095703 13.195144653320312 17.159629821777344
v 24.904739379882812 13.56787109375 18.91916847229004
v 24.624292373657227 13.42850112915039 18.923398971557617
v 24.777036666870117 13.05577564239502 17.163864135742188
v 24.777036666870117 13.05577564239502 17.163864135742188
v 25.057483673095703 13.195144653320312 17.159629821777344
v 24.904739379882812 13.56787109375 18.91916847229004
v 24.33538246154785 14.710687637329102 18.67609977722168
v 24.488126754760742 14.33796215057373 16.916561126708984
v 24.20768165588379 14.198593139648438 16.92079734802246
v 24.20768165588379 14.198593139648438 16.92079734802246
v 24.054935455322266 14.571318626403809 18.68033218383789
v 24.33538246154785 14.710687637329102 18.67609977722168
v 15.547689437866211 8.111282348632812 45.46465301513672
v 16.59342384338379 7.319331645965576 47.59896469116211
v 15.549484252929688 8.091829299926758 47.59896469116211
v 16.59342384338379 7.319331645965576 45.46085739135742
v 16.7794132232666 7.571671485900879 45.46085739135742
v 15.722774505615234 8.348830223083496 45.47539138793945
v 16.7794132232666 7.571671485900879 47.59896469116211
v 15.73547077178955 8.344168663024902 47.59896469116211
v 16.7794132232666 7.571671485900879 47.59896469116211
v 15.73547077178955 8.344168663024902 47.59896469116211
v 15.549484252929688 8.091829299926758 47.59896469116211
v 16.59342384338379 7.319331645965576 47.59896469116211
v 16.7794132232666 7.571671485900879 45.46085739135742
v 16.59342384338379 7.319331645965576 45.46085739135742
v 15.547689437866211 8.111282348632812 45.46465301513672
v 15.722774505615234 8.348830223083496 45.47539138793945
v 16.7794132232666 7.571671485900879 47.59896469116211
v 16.59342384338379 7.319331645965576 47.59896469116211
v 16.7794132232666 7.571671485900879 45.46085739135742
v 16.7794132232666 7.571671485900879 45.46085739135742
v 16.59342384338379 7.319331645965576 45.46085739135742
v 16.59342384338379 7.319331645965576 47.59896469116211
v 15.549484252929688 8.091829299926758 47.59896469116211
v 15.73547077178955 8.344168663024902 47.59896469116211
v 15.722774505615234 8.348830223083496 45.47539138793945
v 15.722774505615234 8.348830223083496 45.47539138793945
v 15.547689437866211 8.111282348632812 45.46465301513672
v 15.549484252929688 8.091829299926758 47.59896469116211
v 1.7904831171035767 8.933514595031738 46.308509826660156
v 3.0175297260284424 9.02574634552002 44.89918899536133
v 3.511082887649536 8.049275398254395 45.272342681884766
v 2.279883861541748 7.953476905822754 46.67780685424805
v 3.6779532432556152 8.19260025024414 45.427371978759766
v 3.1885528564453125 9.172637939453125 45.058074951171875
v 1.9573535919189453 9.076839447021484 46.463539123535156
v 2.450906991958618 8.10036849975586 46.836692810058594
v 1.7904831171035767 8.933514595031738 46.308509826660156
v 2.279883861541748 7.953476905822754 46.67780685424805
v 2.450906991958618 8.10036849975586 46.836692810058594
v 1.9573535919189453 9.076839447021484 46.463539123535156
v 3.0175297260284424 9.02574634552002 44.89918899536133
v 3.6779532432556152 8.19260025024414 45.427371978759766
v 3.511082887649536 8.049275398254395 45.272342681884766
v 3.1885528564453125 9.172637939453125 45.058074951171875
v 2.450906991958618 8.10036849975586 46.836692810058594
v 2.279883861541748 7.953476905822754 46.67780685424805
v 3.6779532432556152 8.19260025024414 45.427371978759766
v 3.6779532432556152 8.19260025024414 45.427371978759766
v 3.511082887649536 8.049275398254395 45.272342681884766
v 2.279883861541748 7.953476905822754 46.67780685424805
v 1.7904831171035767 8.933514595031738 46.308509826660156
v 1.9573535919189453 9.076839447021484 46.463539123535156
v 3.1885528564453125 9.172637939453125 45.058074951171875
v 3.1885528564453125 9.172637939453125 45.058074951171875
v 3.0175297260284424 9.02574634552002 44.89918899536133
v 1.7904831171035767 8.933514595031738 46.308509826660156
v -16.100948333740234 7.5741705894470215 34.64655303955078
v -17.053913116455078 7.785082817077637 34.471824645996094
v -16.609539031982422 7.576687335968018 34.075645446777344
v -16.545324325561523 7.782566070556641 35.042724609375
v -16.99612045288086 7.988423824310303 34.421302795410156
v -16.487525939941406 7.985910415649414 34.992210388183594
v -16.05179214477539 7.747099876403809 34.60359191894531
v -16.560386657714844 7.749617576599121 34.032684326171875
v -16.05179214477539 7.747099876403809 34.60359191894531
v -16.609539031982422 7.576687335968018 34.075645446777344
v -16.560386657714844 7.749617576599121 34.032684326171875
v -16.100948333740234 7.5741705894470215 34.64655303955078
v -16.100948333740234 7.5741705894470215 34.64655303955078
v -16.05179214477539 7.747099876403809 34.60359191894531
v -16.545324325561523 7.782566070556641 35.042724609375
v -16.487525939941406 7.985910415649414 34.992210388183594
v -16.560386657714844 7.749617576599121 34.032684326171875
v -16.609539031982422 7.576687335968018 34.075645446777344
v -17.053913116455078 7.785082817077637 34.471824645996094
v -16.99612045288086 7.988423824310303 34.421302795410156
v -17.78023910522461 7.46278715133667 36.10383605957031
v -18.294740676879883 7.44310998916626 35.538578033447266
v -17.88425636291504 7.1293721199035645 35.176395416259766
v -17.3697509765625 7.149048328399658 35.74164962768555
v -17.81146240234375 7.320738315582275 35.10361099243164
v -18.232831954956055 7.605855941772461 35.4766845703125
v -17.718332290649414 7.625534534454346 36.04194259643555
v -17.296958923339844 7.340419292449951 35.66886901855469
v -17.718332290649414 7.625534534454346 36.04194259643555
v -18.232831954956055 7.605855941772461 35.4766845703125
v -18.294740676879883 7.44310998916626 35.538578033447266
v -17.78023910522461 7.46278715133667 36.10383605957031
v -17.78023910522461 7.46278715133667 36.10383605957031
v -17.3697509765625 7.149048328399658 35.74164962768555
v -17.296958923339844 7.340419292449951 35.66886901855469
v -17.718332290649414 7.625534534454346 36.04194259643555
v -18.294740676879883 7.44310998916626 35.538578033447266
v -17.81146240234375 7.320738315582275 35.10361099243164
v -17.88425636291504 7.1293721199035645 35.176395416259766
v -18.232831954956055 7.605855941772461 35.4766845703125
v -17.37570571899414 10.286327362060547 -32.352020263671875
v -17.193025588989258 10.660733222961426 -32.24374771118164
v -17.52185821533203 10.66073989868164 -32.75474548339844
v -17.71480941772461 10.286328315734863 -32.880611419677734
v -17.49220848083496 10.660743713378906 -33.24479675292969
v -17.681800842285156 10.286328315734863 -33.388431549072266
v -15.577621459960938 10.660750389099121 -35.340885162353516
v -15.685914993286133 10.28632926940918 -35.57402420043945
v -15.200762748718262 10.28632926940918 -35.512760162353516
v -15.108231544494629 10.660747528076172 -35.27912902832031
v -14.751086235046387 10.286328315734863 -35.156681060791016
v -14.672425270080566 10.660743713378906 -34.93313980102539
v -14.562969207763672 10.286327362060547 -34.60133361816406
v -14.48734188079834 10.660736083984375 -34.3967399597168
v -20.700578689575195 3.4718339443206787 -34.322715759277344
v -20.525222778320312 3.8312795162200928 -34.21875762939453
v -21.0413818359375 3.8312795162200928 -35.05063247680664
v -21.226606369018555 3.4718339443206787 -35.17147445678711
v -20.950424194335938 3.8312795162200928 -35.8647575378418
v -21.132434844970703 3.4718339443206787 -36.00265121459961
v -17.55290985107422 3.8312785625457764 -39.5933837890625
v -17.65687370300293 3.471832036972046 -39.81719970703125
v -16.884862899780273 3.4718334674835205 -39.76496124267578
v -16.7960262298584 3.8312795162200928 -39.54067611694336
v -16.182735443115234 3.4718339443206787 -39.2251091003418
v -16.107219696044922 3.8312795162200928 -39.01051712036133
v -15.939441680908203 3.4718339443206787 -38.324974060058594
v -15.866840362548828 3.8312795162200928 -38.128562927246094
v -2.812941312789917 16.327186584472656 -42.761619567871094
v -2.824857234954834 16.09341812133789 -42.8303337097168
v -2.78035306930542 16.093191146850586 -42.47158432006836
v -2.772878408432007 16.327350616455078 -42.43499755859375
v -2.60863995552063 16.093067169189453 -42.13629913330078
v -2.6168932914733887 16.327428817749023 -42.12981414794922
v -2.380814552307129 16.327350616455078 -41.8764762878418
v -2.349564790725708 16.093225479125977 -41.85752487182617
v -2.008227586746216 16.09341812133789 -41.69754409790039
v -2.070035696029663 16.327180862426758 -41.73112869262695
v 0.2546956241130829 16.326961517333984 -43.36375045776367
v 0.3393360674381256 16.09341812133789 -43.347991943359375
v 0.29814037680625916 16.09322166442871 -43.72031784057617
v 0.21616004407405853 16.326953887939453 -43.702632904052734
v 0.11803151667118073 16.09307861328125 -44.06517028808594
v 0.05149281769990921 16.326934814453125 -44.01661682128906
v -0.1983008235692978 16.326946258544922 -44.26612091064453
v -0.1565067023038864 16.093202590942383 -44.33852767944336
v -0.4772948920726776 16.09341812133789 -44.48077392578125
v -0.4899308383464813 16.32697296142578 -44.396522521972656
v 0.4295363426208496 4.0321364402771 -45.154296875
v 0.5475711822509766 3.5946805477142334 -45.238590240478516
v 0.45670613646507263 3.594679117202759 -44.78679275512695
v 0.34345269203186035 4.032127857208252 -44.705726623535156
v 0.5906234979629517 3.5946786403656006 -44.38727951049805
v 0.4785027503967285 4.03212308883667 -44.30836486816406
v 0.8149946331977844 4.032127857208252 -44.04603576660156
v 0.9298641085624695 3.5946786403656006 -44.12544250488281
v 1.2805883884429932 4.032134532928467 -43.973751068115234
v 1.3998719453811646 3.5946786403656006 -44.056304931640625
v 5.96206521987915 3.5946786403656006 -49.04523468017578
v 5.736687183380127 4.032134532928467 -48.88548278808594
v 6.171640872955322 4.032127380371094 -48.83101272583008
v 6.4010844230651855 3.5946786403656006 -48.993988037109375
v 6.523346900939941 4.03212308883667 -48.57450866699219
v 6.755441188812256 3.5946786403656006 -48.73790740966797
v 6.902106285095215 3.5946786403656006 -48.32706069946289
v 6.671022415161133 4.032127857208252 -48.16590118408203
v 6.814365386962891 3.5946786403656006 -47.86296463012695
v 6.58773946762085 4.032134532928467 -47.70493698120117
v -2.824857234954834 16.09341812133789 -42.8303337097168
v 0.4295363426208496 4.0321364402771 -45.154296875
v 0.34345269203186035 4.032127857208252 -44.705726623535156
v -2.78035306930542 16.093191146850586 -42.47158432006836
v 0.4785027503967285 4.03212308883667 -44.30836486816406
v -2.60863995552063 16.093067169189453 -42.13629913330078
v 0.8149946331977844 4.032127857208252 -44.04603576660156
v -2.349564790725708 16.093225479125977 -41.85752487182617
v -2.008227586746216 16.09341812133789 -41.69754409790039
v 1.2805883884429932 4.032134532928467 -43.973751068115234
v -20.525222778320312 3.8312795162200928 -34.21875762939453
v -17.37570571899414 10.286327362060547 -32.352020263671875
v -17.71480941772461 10.286328315734863 -32.880611419677734
v -21.0413818359375 3.8312795162200928 -35.05063247680664
v -17.681800842285156 10.286328315734863 -33.388431549072266
v -20.950424194335938 3.8312795162200928 -35.8647575378418
v -15.685914993286133 10.28632926940918 -35.57402420043945
v -17.55290985107422 3.8312785625457764 -39.5933837890625
v -16.7960262298584 3.8312795162200928 -39.54067611694336
v -15.200762748718262 10.28632926940918 -35.512760162353516
v -16.107219696044922 3.8312795162200928 -39.01051712036133
v -14.751086235046387 10.286328315734863 -35.156681060791016
v -15.866840362548828 3.8312795162200928 -38.128562927246094
v -14.562969207763672 10.286327362060547 -34.60133361816406
v 16.330642700195312 5.481533050537109 -19.215627670288086
v 16.33062744140625 6.51672887802124 -18.98829460144043
v 16.03541374206543 6.517260551452637 -19.480623245239258
v 16.035316467285156 5.494251728057861 -19.705535888671875
v 16.13910484313965 6.517026424407959 -20.001054763793945
v 16.138916015625 5.488494396209717 -20.2270450592041
v 16.457948684692383 6.516526699066162 -20.289264678955078
v 16.45802116394043 5.476256370544434 -20.51751708984375
v 30.46802520751953 5.474275588989258 -20.435977935791016
v 29.95313835144043 6.523335933685303 -20.197572708129883
v 22.157407760620117 22.59269142150879 -16.55370330810547
v 22.416278839111328 22.056541442871094 -16.674705505371094
v 16.45684814453125 22.0449275970459 -16.8824405670166
v 16.45682144165039 22.429338455200195 -16.797719955444336
v 16.13439178466797 22.045774459838867 -16.595191955566406
v 16.1342716217041 22.44125747680664 -16.508119583129883
v 16.034576416015625 22.045154571533203 -16.074609756469727
v 16.034555435180664 22.431915283203125 -15.989402770996094
v 16.33111572265625 22.044889450073242 -15.58137035369873
v 16.331127166748047 22.42857551574707 -15.49680233001709
v 16.33062744140625 6.51672887802124 -18.98829460144043
v 16.33111572265625 22.044889450073242 -15.58137035369873
v 16.034576416015625 22.045154571533203 -16.074609756469727
v 16.03541374206543 6.517260551452637 -19.480623245239258
v 16.13439178466797 22.045774459838867 -16.595191955566406
v 16.13910484313965 6.517026424407959 -20.001054763793945
v 16.45684814453125 22.0449275970459 -16.8824405670166
v 16.457948684692383 6.516526699066162 -20.289264678955078
v 29.95313835144043 6.523335933685303 -20.197572708129883
v 22.416278839111328 22.056541442871094 -16.674705505371094
v 15.752845764160156 5.646350860595703 -20.799667358398438
v 15.748117446899414 5.616297245025635 -18.789997100830078
v 15.997258186340332 5.696338653564453 -18.740028381347656
v 15.998579978942871 5.729564666748047 -20.819814682006836
v 30.66922378540039 5.7528557777404785 -18.697328567504883
v 30.677608489990234 5.8101019859313965 -20.8800048828125
v 30.9998779296875 5.750921249389648 -20.853254318237305
v 30.981525421142578 5.6934814453125 -18.748952865600586
v 15.748117446899414 5.616297245025635 -18.789997100830078
v 15.752845764160156 5.646350860595703 -20.799667358398438
v 15.675052642822266 5.3462910652160645 -20.897703170776367
v 15.66576099395752 5.306454658508301 -18.81087875366211
v 15.740126609802246 2.4897608757019043 -21.476362228393555
v 15.746910095214844 2.483790159225464 -19.41930389404297
v -17.940494537353516 10.518570899963379 -32.95394515991211
v -15.431838989257812 10.51768970489502 -35.711570739746094
v -14.735170364379883 10.518141746520996 -35.417057037353516
v -17.812549591064453 10.51904296875 -32.22208786010742
v -14.32647705078125 10.518972396850586 -34.847389221191406
v -17.17745018005371 10.52007007598877 -31.74576759338379
v -16.58155632019043 10.520454406738281 -31.775569915771484
v -14.26682186126709 10.519464492797852 -34.30729675292969
v -0.4939199984073639 17.01449203491211 -44.74943161010742
v -0.6249144673347473 18.353246688842773 -44.7148551940918
v -0.14497454464435577 18.40072250366211 -44.53135681152344
v -0.038939476013183594 17.01441764831543 -44.58601760864258
v 0.2573074996471405 18.416410446166992 -44.14498519897461
v 0.3481694757938385 17.014455795288086 -44.20779037475586
v 0.5200295448303223 18.40308380126953 -43.635009765625
v 0.6082733869552612 17.014469146728516 -43.716739654541016
v 0.599313497543335 17.01449203491211 -43.236534118652344
v 0.5215908288955688 18.353246688842773 -43.12446594238281
v -0.4660002291202545 16.31521987915039 -44.63215255737305
v -0.5778233408927917 17.48516273498535 -44.59021759033203
v -0.1478191614151001 17.526517868041992 -44.42320251464844
v -0.049582839012145996 16.31519889831543 -44.47982406616211
v 0.20007295906543732 17.539323806762695 -44.07482147216797
v 0.2884049117565155 16.315210342407227 -44.136741638183594
v 0.40944093465805054 17.52585220336914 -43.6430778503418
v 0.4964987337589264 16.315196990966797 -43.71677017211914
v 0.4927191138267517 16.31521987915039 -43.304344177246094
v 0.41499415040016174 17.48516273498535 -43.213016510009766
v 5.007502555847168 15.987256050109863 -45.47073745727539
v 4.546227931976318 16.15034294128418 -45.94235610961914
v 10.44948959350586 14.0724458694458 -45.46310043334961
v 10.44948959350586 14.0724458694458 -45.46310043334961
v 10.941920280456543 13.900643348693848 -45.91997528076172
v 4.468397617340088 16.178749084472656 -46.56140899658203
v 11.056923866271973 13.859267234802246 -46.56468200683594
v 10.904247283935547 13.914971351623535 -47.189510345458984
v 4.608506202697754 16.13222312927246 -47.18657684326172
v 10.44864273071289 14.072726249694824 -47.62911605834961
v 5.008135795593262 15.987018585205078 -47.621482849121094
v 4.546227931976318 16.15034294128418 -45.94235610961914
v 15.657231330871582 24.1016902923584 -15.459662437438965
v 15.6139497756958 24.634180068969727 -15.3046293258667
v 15.817413330078125 24.556640625 -16.29876708984375
v 15.873230934143066 24.102378845214844 -16.384868621826172
v 16.31818389892578 24.618858337402344 -16.732587814331055
v 16.335128784179688 24.102628707885742 -16.7794189453125
v 21.61235809326172 24.100290298461914 -16.68288230895996
v 21.02427864074707 25.97130584716797 -16.41878318786621
v 0.4927191138267517 16.31521987915039 -43.304344177246094
v -2.073651075363159 16.315204620361328 -41.50007247924805
v -2.4689157009124756 16.315250396728516 -41.631744384765625
v 0.4964987337589264 16.315196990966797 -43.71677017211914
v -2.801579236984253 16.31522560119629 -41.9660530090332
v 0.2884049117565155 16.315210342407227 -44.136741638183594
v -0.049582839012145996 16.31519889831543 -44.47982406616211
v -3.0199646949768066 16.315244674682617 -42.39064407348633
v -0.4660002291202545 16.31521987915039 -44.63215255737305
v -3.0310285091400146 16.315204620361328 -42.82880401611328
v 0.599313497543335 17.01449203491211 -43.236534118652344
v -2.1464521884918213 17.01446533203125 -41.298885345458984
v -2.607733726501465 17.01456069946289 -41.447296142578125
v 0.6082733869552612 17.014469146728516 -43.716739654541016
v -2.9912190437316895 17.01447296142578 -41.852474212646484
v 0.3481694757938385 17.014455795288086 -44.20779037475586
v 0.3481694757938385 17.014455795288086 -44.20779037475586
v -0.038939476013183594 17.01441764831543 -44.58601760864258
v -3.2264084815979004 17.014493942260742 -42.3389778137207
v -0.4939199984073639 17.01449203491211 -44.74943161010742
v -3.237086772918701 17.01446533203125 -42.81360626220703
v -2.9912190437316895 17.01447296142578 -41.852474212646484
v 10.390295028686523 13.435458183288574 -45.643070220947266
v 5.362021446228027 13.435482025146484 -45.65138244628906
v 4.972712516784668 13.435657501220703 -46.01660919189453
v 10.839722633361816 13.435606002807617 -46.00651931762695
v 4.84156608581543 13.435539245605469 -46.53104782104492
v 10.993565559387207 13.435491561889648 -46.52669143676758
v 4.943395137786865 13.43559455871582 -47.0622444152832
v 4.84156608581543 13.435539245605469 -46.53104782104492
v 10.993565559387207 13.435491561889648 -46.52669143676758
v 10.993565559387207 13.435491561889648 -46.52669143676758
v 10.877801895141602 13.435548782348633 -47.066776275634766
v 4.943395137786865 13.43559455871582 -47.0622444152832
v 4.943395137786865 13.43559455871582 -47.0622444152832
v 10.877801895141602 13.435548782348633 -47.066776275634766
v 10.390839576721191 13.43545913696289 -47.44913864135742
v 10.390839576721191 13.43545913696289 -47.44913864135742
v 5.361419677734375 13.435482025146484 -47.44086456298828
v 4.943395137786865 13.43559455871582 -47.0622444152832
v -15.530653953552246 2.6681723594665527 38.925872802734375
v -15.517085075378418 3.4718339443206787 38.282012939453125
v -15.828033447265625 3.4718339443206787 39.51853942871094
v -15.886649131774902 2.6681723594665527 40.21512222290039
v -16.84552574157715 3.4718339443206787 40.235023498535156
v -16.94961929321289 2.6681723594665527 40.9618034362793
v -17.93352508544922 2.6681723594665527 40.952423095703125
v -17.79784393310547 3.4718339443206787 40.22742462158203
v -21.505680084228516 3.4718339443206787 36.142120361328125
v -22.116365432739258 2.6681723594665527 36.35913848876953
v -21.638349533081055 3.4718339443206787 35.041770935058594
v -22.29128646850586 2.6681723594665527 35.1731071472168
v -21.559839248657227 2.6681723594665527 33.977516174316406
v -20.9451847076416 3.4718339443206787 33.926578521728516
v -15.939441680908203 3.4718339443206787 38.324974060058594
v -15.866840362548828 3.8312795162200928 38.128562927246094
v -16.107219696044922 3.8312795162200928 39.01051712036133
v -16.182735443115234 3.4718339443206787 39.2251091003418
v -16.7960262298584 3.8312795162200928 39.54067611694336
v -16.884862899780273 3.4718334674835205 39.76496124267578
v -17.55290985107422 3.8312785625457764 39.5933837890625
v -17.65687370300293 3.471832036972046 39.81719970703125
v -21.132434844970703 3.4718339443206787 36.00265121459961
v -20.950424194335938 3.8312795162200928 35.8647575378418
v -21.226606369018555 3.4718339443206787 35.17147445678711
v -21.0413818359375 3.8312795162200928 35.05063247680664
v -20.700578689575195 3.4718339443206787 34.322715759277344
v -20.525222778320312 3.8312795162200928 34.21875762939453
v -15.866840362548828 3.8312795162200928 38.128562927246094
v -14.562969207763672 10.286327362060547 34.60133361816406
v -14.751086235046387 10.286328315734863 35.156681060791016
v -16.107219696044922 3.8312795162200928 39.01051712036133
v -15.200762748718262 10.28632926940918 35.512760162353516
v -16.7960262298584 3.8312795162200928 39.54067611694336
v -15.685914993286133 10.28632926940918 35.57402420043945
v -17.55290985107422 3.8312785625457764 39.5933837890625
v -20.950424194335938 3.8312795162200928 35.8647575378418
v -17.681800842285156 10.286328315734863 33.388431549072266
v -21.0413818359375 3.8312795162200928 35.05063247680664
v -17.71480941772461 10.286328315734863 32.880611419677734
v -20.525222778320312 3.8312795162200928 34.21875762939453
v -17.37570571899414 10.286327362060547 32.352020263671875
v 6.814365386962891 3.5946786403656006 47.86296463012695
v 6.58773946762085 4.032134532928467 47.70493698120117
v 6.671022415161133 4.032127857208252 48.16590118408203
v 6.902106285095215 3.5946786403656006 48.32706069946289
v 6.523346900939941 4.03212308883667 48.57450866699219
v 6.755441188812256 3.5946786403656006 48.73790740966797
v 6.4010844230651855 3.5946786403656006 48.993988037109375
v 6.171640872955322 4.032127380371094 48.83101272583008
v 5.96206521987915 3.5946786403656006 49.04523468017578
v 5.736687183380127 4.032134532928467 48.88548278808594
v 1.2805883884429932 4.032134532928467 43.973751068115234
v 1.3998719453811646 3.5946786403656006 44.056304931640625
v 0.9298641085624695 3.5946786403656006 44.12544250488281
v 0.8149946331977844 4.032127857208252 44.04603576660156
v 0.5906234979629517 3.5946786403656006 44.38727951049805
v 0.4785027503967285 4.03212308883667 44.30836486816406
v 0.34345269203186035 4.032127857208252 44.705726623535156
v 0.45670613646507263 3.594679117202759 44.78679275512695
v 0.4295363426208496 4.0321364402771 45.154296875
v 0.5475711822509766 3.5946805477142334 45.238590240478516
v 6.58773946762085 4.032134532928467 47.70493698120117
v 0.3393360674381256 16.09341812133789 43.347991943359375
v 0.29814037680625916 16.09322166442871 43.72031784057617
v 6.671022415161133 4.032127857208252 48.16590118408203
v 0.11803151667118073 16.09307861328125 44.06517028808594
v 6.523346900939941 4.03212308883667 48.57450866699219
v -0.1565067023038864 16.093202590942383 44.33852767944336
v 6.171640872955322 4.032127380371094 48.83101272583008
v 5.736687183380127 4.032134532928467 48.88548278808594
v -0.4772948920726776 16.09341812133789 44.48077392578125
v 12.111865043640137 4.35270881652832 45.601654052734375
v 6.26957368850708 13.134163856506348 45.60752487182617
v 10.27209758758545 13.134163856506348 45.64784240722656
v 22.482582092285156 4.35270881652832 45.63064193725586
v 10.827993392944336 13.134163856506348 46.001220703125
v 23.156055450439453 4.352708339691162 45.97821044921875
v 23.42919158935547 4.35270881652832 46.50071334838867
v 11.041633605957031 13.134163856506348 46.50691223144531
v 10.894450187683105 13.134163856506348 47.04283142089844
v 23.214977264404297 4.35270881652832 47.05683898925781
v 22.48258399963379 4.352709770202637 47.441749572753906
v 10.27209758758545 13.134163856506348 47.42503356933594
v 12.112394332885742 4.35270881652832 47.472389221191406
v 6.2699103355407715 13.134163856506348 47.46706771850586
v 11.59259033203125 4.35270881652832 47.293975830078125
v 5.818933963775635 13.134163856506348 47.2788200378418
v 5.56230354309082 13.134163856506348 46.95304489135742
v 11.28359603881836 4.35270881652832 46.96803665161133
v 11.166450500488281 4.35270881652832 46.558589935302734
v 5.471151351928711 13.134164810180664 46.562164306640625
v 5.487436771392822 13.134163856506348 46.16249465942383
v 11.238204002380371 4.35270881652832 46.148658752441406
v 5.797975063323975 13.134163856506348 45.800384521484375
v 11.600350379943848 4.35270881652832 45.7861328125
v 12.111865043640137 4.35270881652832 45.601654052734375
v 6.26957368850708 13.134163856506348 45.60752487182617
v 6.195742607116699 13.433472633361816 45.60841751098633
v 6.26957368850708 13.134163856506348 45.60752487182617
v 5.797975063323975 13.134163856506348 45.800384521484375
v 5.728518486022949 13.433441162109375 45.80125045776367
v 5.487436771392822 13.134163856506348 46.16249465942383
v 5.42153787612915 13.433394432067871 46.16240310668945
v 5.471151351928711 13.134164810180664 46.562164306640625
v 5.406147003173828 13.433389663696289 46.561729431152344
v 5.496039390563965 13.433405876159668 46.952171325683594
v 5.56230354309082 13.134163856506348 46.95304489135742
v 5.749835014343262 13.433441162109375 47.27783966064453
v 5.818933963775635 13.134163856506348 47.2788200378418
v 6.196070194244385 13.433472633361816 47.46617889404297
v 6.2699103355407715 13.134163856506348 47.46706771850586
v 10.27209758758545 13.134163856506348 47.42503356933594
v 9.94888687133789 13.433175086975098 47.4200439453125
v 10.894450187683105 13.134163856506348 47.04283142089844
v 10.5662841796875 13.433197975158691 47.041664123535156
v 10.710897445678711 13.433216094970703 46.5079460144043
v 11.041633605957031 13.134163856506348 46.50691223144531
v 10.827993392944336 13.134163856506348 46.001220703125
v 10.499553680419922 13.433196067810059 46.00383758544922
v 10.27209758758545 13.134163856506348 45.64784240722656
v 9.948885917663574 13.433175086975098 45.652950286865234
v 6.195742607116699 13.433472633361816 45.60841751098633
v 6.26957368850708 13.134163856506348 45.60752487182617
v 12.451891899108887 3.8416190147399902 45.60131072998047
v 12.111865043640137 4.35270881652832 45.601654052734375
v 22.482582092285156 4.35270881652832 45.63064193725586
v 23.193246841430664 3.8416190147399902 45.629642486572266
v 23.156055450439453 4.352708339691162 45.97821044921875
v 23.87352180480957 3.841618537902832 45.97688293457031
v 23.42919158935547 4.35270881652832 46.50071334838867
v 24.149982452392578 3.8416190147399902 46.50040817260742
v 23.93196678161621 3.8416190147399902 47.057655334472656
v 23.214977264404297 4.35270881652832 47.05683898925781
v 23.193248748779297 3.8416190147399902 47.44272232055664
v 22.48258399963379 4.352709770202637 47.441749572753906
v 12.452433586120605 3.8416190147399902 47.47269821166992
v 12.112394332885742 4.35270881652832 47.472389221191406
v 11.929227828979492 3.8416190147399902 47.294769287109375
v 11.59259033203125 4.35270881652832 47.293975830078125
v 11.614872932434082 3.8416190147399902 46.968753814697266
v 11.28359603881836 4.35270881652832 46.96803665161133
v 11.49711799621582 3.8416190147399902 46.55845642089844
v 11.166450500488281 4.35270881652832 46.558589935302734
v 11.238204002380371 4.35270881652832 46.148658752441406
v 11.572528839111328 3.8416190147399902 46.147804260253906
v 11.600350379943848 4.35270881652832 45.7861328125
v 11.937935829162598 3.8416190147399902 45.7852897644043
v 12.111865043640137 4.35270881652832 45.601654052734375
v 12.451891899108887 3.8416190147399902 45.60131072998047
v -14.562969207763672 10.286327362060547 34.60133361816406
v -14.48734188079834 10.660736083984375 34.3967399597168
v -14.672425270080566 10.660743713378906 34.93313980102539
v -14.751086235046387 10.286328315734863 35.156681060791016
v -15.108231544494629 10.660747528076172 35.27912902832031
v -15.200762748718262 10.28632926940918 35.512760162353516
v -15.577621459960938 10.660750389099121 35.340885162353516
v -15.685914993286133 10.28632926940918 35.57402420043945
v -17.681800842285156 10.286328315734863 33.388431549072266
v -17.49220848083496 10.660743713378906 33.24479675292969
v -17.71480941772461 10.286328315734863 32.880611419677734
v -17.52185821533203 10.66073989868164 32.75474548339844
v -17.37570571899414 10.286327362060547 32.352020263671875
v -17.193025588989258 10.660733222961426 32.24374771118164
v 29.95313835144043 6.523335933685303 20.197572708129883
v 30.46802520751953 5.474275588989258 20.435977935791016
v 30.80152130126953 5.448314189910889 19.94731903076172
v 30.279138565063477 6.521966934204102 19.713218688964844
v 30.6832218170166 5.456343173980713 19.420940399169922
v 30.1630916595459 6.522313594818115 19.187822341918945
v 30.32338523864746 5.473304271697998 19.13385581970215
v 29.812713623046875 6.522982597351074 18.903217315673828
v 16.330642700195312 5.481533050537109 19.215627670288086
v 16.33062744140625 6.51672887802124 18.98829460144043
v 16.33111572265625 22.044889450073242 15.58137035369873
v 16.331127166748047 22.42857551574707 15.49680233001709
v 21.99503517150879 22.59209442138672 15.372471809387207
v 22.254392623901367 22.056474685668945 15.489607810974121
v 22.333595275878906 22.59326934814453 15.658184051513672
v 22.593860626220703 22.05651092529297 15.775516510009766
v 22.454980850219727 22.59214973449707 16.19692039489746
v 22.714609146118164 22.05640983581543 16.313600540161133
v 22.416278839111328 22.056541442871094 16.674705505371094
v 22.157407760620117 22.59269142150879 16.55370330810547
v 16.33062744140625 6.51672887802124 18.98829460144043
v 16.33111572265625 22.044889450073242 15.58137035369873
v 22.254392623901367 22.056474685668945 15.489607810974121
v 29.812713623046875 6.522982597351074 18.903217315673828
v 22.593860626220703 22.05651092529297 15.775516510009766
v 30.1630916595459 6.522313594818115 19.187822341918945
v 22.714609146118164 22.05640983581543 16.313600540161133
v 30.279138565063477 6.521966934204102 19.713218688964844
v 29.95313835144043 6.523335933685303 20.197572708129883
v 22.416278839111328 22.056541442871094 16.674705505371094
v 5.138582706451416 15.969670295715332 45.700965881347656
v 5.362021446228027 13.435482025146484 45.65138244628906
v 4.972712516784668 13.435657501220703 46.01660919189453
v 4.779792308807373 16.059925079345703 46.04795837402344
v 4.84156608581543 13.435539245605469 46.53104782104492
v 4.651838779449463 16.086946487426758 46.53192138671875
v 4.749401092529297 16.06346893310547 47.034263610839844
v 4.943395137786865 13.43559455871582 47.0622444152832
v 5.138586044311523 15.969670295715332 47.39128875732422
v 5.361419677734375 13.435482025146484 47.44086456298828
v 10.390839576721191 13.43545913696289 47.44913864135742
v 10.146570205688477 14.173836708068848 47.45792770385742
v 10.877801895141602 13.435548782348633 47.066776275634766
v 10.648833274841309 14.007073402404785 47.0751953125
v 10.778595924377441 13.963266372680664 46.52272033691406
v 10.993565559387207 13.435491561889648 46.52669143676758
v 10.839722633361816 13.435606002807617 46.00651931762695
v 10.611929893493652 14.010355949401855 45.99576950073242
v 10.146317481994629 14.171187400817871 45.63322448730469
v 10.390295028686523 13.435458183288574 45.643070220947266
v 5.362021446228027 13.435482025146484 45.65138244628906
v 5.138582706451416 15.969670295715332 45.700965881347656
v -14.26682186126709 10.519464492797852 34.30729675292969
v -13.954475402832031 12.357278823852539 33.29380798339844
v -14.025768280029297 12.357278823852539 33.776466369628906
v -14.32647705078125 10.518972396850586 34.847389221191406
v -14.37509822845459 12.357277870178223 34.24799728393555
v -14.735170364379883 10.518141746520996 35.417057037353516
v -14.974739074707031 12.357277870178223 34.51976013183594
v -15.431838989257812 10.51768970489502 35.711570739746094
v -16.014989852905273 12.352570533752441 31.16939353942871
v -16.084243774414062 13.066950798034668 31.039228439331055
v -14.244505882263184 13.77877426147461 32.964454650878906
v -13.934012413024902 12.352570533752441 33.274478912353516
v -14.19820499420166 13.756795883178711 33.49969482421875
v -13.959691047668457 12.352570533752441 33.793582916259766
v -14.474008560180664 13.559706687927246 34.0568733215332
v -14.345827102661133 12.352570533752441 34.34048843383789
v -14.946263313293457 13.224711418151855 34.334842681884766
v -14.97961139678955 12.352570533752441 34.554161071777344
v -0.4939199984073639 17.01449203491211 44.74943161010742
v -3.237086772918701 17.01446533203125 42.81360626220703
v -3.2264084815979004 17.014493942260742 42.3389778137207
v -0.038939476013183594 17.01441764831543 44.58601760864258
v -2.9912190437316895 17.01447296142578 41.852474212646484
v 0.3481694757938385 17.014455795288086 44.20779037475586
v 0.3481694757938385 17.014455795288086 44.20779037475586
v 0.6082733869552612 17.014469146728516 43.716739654541016
v -2.607733726501465 17.01456069946289 41.447296142578125
v 0.599313497543335 17.01449203491211 43.236534118652344
v -2.1464521884918213 17.01446533203125 41.298885345458984
v -2.9912190437316895 17.01447296142578 41.852474212646484
v -0.4660002291202545 16.31521987915039 44.63215255737305
v -3.0310285091400146 16.315204620361328 42.82880401611328
v -3.0199646949768066 16.315244674682617 42.39064407348633
v -0.049582839012145996 16.31519889831543 44.47982406616211
v -2.801579236984253 16.31522560119629 41.9660530090332
v 0.2884049117565155 16.315210342407227 44.136741638183594
v 0.4964987337589264 16.315196990966797 43.71677017211914
v -2.4689157009124756 16.315250396728516 41.631744384765625
v 0.4927191138267517 16.31521987915039 43.304344177246094
v -2.073651075363159 16.315204620361328 41.50007247924805
v 5.278753757476807 17.859434127807617 45.469329833984375
v 5.007502555847168 15.987256050109863 45.47073745727539
v 4.546227931976318 16.15034294128418 45.94235610961914
v 4.802953243255615 18.041072845458984 45.94782638549805
v 4.468397617340088 16.178749084472656 46.56140899658203
v 4.72674560546875 18.07298469543457 46.56352615356445
v 4.875204086303711 18.01554298400879 47.18145751953125
v 4.608506202697754 16.13222312927246 47.18657684326172
v 5.008135795593262 15.987018585205078 47.621482849121094
v 5.278753757476807 17.859434127807617 47.62289810180664
v 10.715673446655273 15.742191314697266 47.63041687011719
v 10.44864273071289 14.072726249694824 47.62911605834961
v 10.904247283935547 13.914971351623535 47.189510345458984
v 11.17460823059082 15.560580253601074 47.18701934814453
v 11.336119651794434 15.496816635131836 46.567779541015625
v 11.056923866271973 13.859267234802246 46.56468200683594
v 10.941920280456543 13.900643348693848 45.91997528076172
v 11.214481353759766 15.543421745300293 45.922569274902344
v 10.44948959350586 14.0724458694458 45.46310043334961
v 10.71567153930664 15.742191314697266 45.46180725097656
v 5.007502555847168 15.987256050109863 45.47073745727539
v 5.278753757476807 17.859434127807617 45.469329833984375
v 22.154111862182617 22.383228302001953 15.22372817993164
v 21.241697311401367 24.301082611083984 14.79322624206543
v 21.639251708984375 24.30142593383789 15.149419784545898
v 22.563583374023438 22.38286590576172 15.577070236206055
v 21.763957977294922 24.301612854003906 15.786149978637695
v 22.698209762573242 22.382715225219727 16.20516586303711
v 21.388586044311523 24.3013973236084 16.389150619506836
v 22.307876586914062 22.382875442504883 16.812633514404297
v 16.292884826660156 22.386442184448242 16.8373966217041
v 16.274564743041992 24.300029754638672 16.389421463012695
v 15.901419639587402 24.299760818481445 15.833358764648438
v 15.915812492370605 22.386659622192383 16.266977310180664
v 16.019187927246094 24.29960823059082 15.135245323181152
v 16.051006317138672 22.386781692504883 15.551776885986328
v 16.393239974975586 24.299718856811523 14.785995483398438
v 16.419700622558594 22.386802673339844 15.225137710571289
v 22.154111862182617 22.383228302001953 15.22372817993164
v 21.241697311401367 24.301082611083984 14.79322624206543
v 21.431774139404297 24.100736618041992 14.506326675415039
v 20.73455047607422 26.327821731567383 14.162979125976562
v 21.305818557739258 26.34337043762207 14.69433879852295
v 21.953369140625 24.10066795349121 15.03588581085205
v 21.49391746520996 26.22222137451172 15.61482048034668
v 22.11530303955078 24.100536346435547 15.915314674377441
v 21.02427864074707 25.97130584716797 16.41878318786621
v 21.61235809326172 24.100290298461914 16.68288230895996
v 10.44864273071289 14.072726249694824 47.62911605834961
v 5.008135795593262 15.987018585205078 47.621482849121094
v 4.608506202697754 16.13222312927246 47.18657684326172
v 10.904247283935547 13.914971351623535 47.189510345458984
v 4.468397617340088 16.178749084472656 46.56140899658203
v 11.056923866271973 13.859267234802246 46.56468200683594
v 10.941920280456543 13.900643348693848 45.91997528076172
v 4.546227931976318 16.15034294128418 45.94235610961914
v 10.44948959350586 14.0724458694458 45.46310043334961
v 5.007502555847168 15.987256050109863 45.47073745727539
v -15.828033447265625 3.4718339443206787 -39.51853942871094
v -15.517085075378418 3.4718339443206787 -38.282012939453125
v -15.530653953552246 2.6681723594665527 -38.925872802734375
v -15.886649131774902 2.6681723594665527 -40.21512222290039
v -16.84552574157715 3.4718339443206787 -40.235023498535156
v -16.94961929321289 2.6681723594665527 -40.9618034362793
v -17.93352508544922 2.6681723594665527 -40.952423095703125
v -17.79784393310547 3.4718339443206787 -40.22742462158203
v -21.505680084228516 3.4718339443206787 -36.142120361328125
v -22.116365432739258 2.6681723594665527 -36.35913848876953
v -21.638349533081055 3.4718339443206787 -35.041770935058594
v -22.29128646850586 2.6681723594665527 -35.1731071472168
v -21.559839248657227 2.6681723594665527 -33.977516174316406
v -20.9451847076416 3.4718339443206787 -33.926578521728516
v 0.29814037680625916 16.09322166442871 -43.72031784057617
v 0.3393360674381256 16.09341812133789 -43.347991943359375
v 6.58773946762085 4.032134532928467 -47.70493698120117
v 6.671022415161133 4.032127857208252 -48.16590118408203
v 0.11803151667118073 16.09307861328125 -44.06517028808594
v 6.523346900939941 4.03212308883667 -48.57450866699219
v -0.1565067023038864 16.093202590942383 -44.33852767944336
v 6.171640872955322 4.032127380371094 -48.83101272583008
v 5.736687183380127 4.032134532928467 -48.88548278808594
v -0.4772948920726776 16.09341812133789 -44.48077392578125
v 10.27209758758545 13.134163856506348 -45.64784240722656
v 6.26957368850708 13.134163856506348 -45.60752487182617
v 12.111865043640137 4.35270881652832 -45.601654052734375
v 22.482582092285156 4.35270881652832 -45.63064193725586
v 10.827993392944336 13.134163856506348 -46.001220703125
v 23.156055450439453 4.352708339691162 -45.97821044921875
v 23.42919158935547 4.35270881652832 -46.50071334838867
v 11.041633605957031 13.134163856506348 -46.50691223144531
v 10.894450187683105 13.134163856506348 -47.04283142089844
v 23.214977264404297 4.35270881652832 -47.05683898925781
v 22.48258399963379 4.352709770202637 -47.441749572753906
v 10.27209758758545 13.134163856506348 -47.42503356933594
v 12.112394332885742 4.35270881652832 -47.472389221191406
v 6.2699103355407715 13.134163856506348 -47.46706771850586
v 11.59259033203125 4.35270881652832 -47.293975830078125
v 5.818933963775635 13.134163856506348 -47.2788200378418
v 5.56230354309082 13.134163856506348 -46.95304489135742
v 11.28359603881836 4.35270881652832 -46.96803665161133
v 11.166450500488281 4.35270881652832 -46.558589935302734
v 5.471151351928711 13.134164810180664 -46.562164306640625
v 5.487436771392822 13.134163856506348 -46.16249465942383
v 11.238204002380371 4.35270881652832 -46.148658752441406
v 5.797975063323975 13.134163856506348 -45.800384521484375
v 11.600350379943848 4.35270881652832 -45.7861328125
v 12.111865043640137 4.35270881652832 -45.601654052734375
v 6.26957368850708 13.134163856506348 -45.60752487182617
v 5.797975063323975 13.134163856506348 -45.800384521484375
v 6.26957368850708 13.134163856506348 -45.60752487182617
v 6.195742607116699 13.433472633361816 -45.60841751098633
v 5.728518486022949 13.433441162109375 -45.80125045776367
v 5.487436771392822 13.134163856506348 -46.16249465942383
v 5.42153787612915 13.433394432067871 -46.16240310668945
v 5.471151351928711 13.134164810180664 -46.562164306640625
v 5.406147003173828 13.433389663696289 -46.561729431152344
v 5.496039390563965 13.433405876159668 -46.952171325683594
v 5.56230354309082 13.134163856506348 -46.95304489135742
v 5.749835014343262 13.433441162109375 -47.27783966064453
v 5.818933963775635 13.134163856506348 -47.2788200378418
v 6.196070194244385 13.433472633361816 -47.46617889404297
v 6.2699103355407715 13.134163856506348 -47.46706771850586
v 10.27209758758545 13.134163856506348 -47.42503356933594
v 9.94888687133789 13.433175086975098 -47.4200439453125
v 10.894450187683105 13.134163856506348 -47.04283142089844
v 10.5662841796875 13.433197975158691 -47.041664123535156
v 10.710897445678711 13.433216094970703 -46.5079460144043
v 11.041633605957031 13.134163856506348 -46.50691223144531
v 10.827993392944336 13.134163856506348 -46.001220703125
v 10.499553680419922 13.433196067810059 -46.00383758544922
v 10.27209758758545 13.134163856506348 -45.64784240722656
v 9.948885917663574 13.433175086975098 -45.652950286865234
v 6.195742607116699 13.433472633361816 -45.60841751098633
v 6.26957368850708 13.134163856506348 -45.60752487182617
v 22.482582092285156 4.35270881652832 -45.63064193725586
v 12.111865043640137 4.35270881652832 -45.601654052734375
v 12.451891899108887 3.8416190147399902 -45.60131072998047
v 23.193246841430664 3.8416190147399902 -45.629642486572266
v 23.156055450439453 4.352708339691162 -45.97821044921875
v 23.87352180480957 3.841618537902832 -45.97688293457031
v 23.42919158935547 4.35270881652832 -46.50071334838867
v 24.149982452392578 3.8416190147399902 -46.50040817260742
v 23.93196678161621 3.8416190147399902 -47.057655334472656
v 23.214977264404297 4.35270881652832 -47.05683898925781
v 23.193248748779297 3.8416190147399902 -47.44272232055664
v 22.48258399963379 4.352709770202637 -47.441749572753906
v 12.452433586120605 3.8416190147399902 -47.47269821166992
v 12.112394332885742 4.35270881652832 -47.472389221191406
v 11.929227828979492 3.8416190147399902 -47.294769287109375
v 11.59259033203125 4.35270881652832 -47.293975830078125
v 11.614872932434082 3.8416190147399902 -46.968753814697266
v 11.28359603881836 4.35270881652832 -46.96803665161133
v 11.49711799621582 3.8416190147399902 -46.55845642089844
v 11.166450500488281 4.35270881652832 -46.558589935302734
v 11.238204002380371 4.35270881652832 -46.148658752441406
v 11.572528839111328 3.8416190147399902 -46.147804260253906
v 11.600350379943848 4.35270881652832 -45.7861328125
v 11.937935829162598 3.8416190147399902 -45.7852897644043
v 12.111865043640137 4.35270881652832 -45.601654052734375
v 12.451891899108887 3.8416190147399902 -45.60131072998047
v 30.80152130126953 5.448314189910889 -19.94731903076172
v 30.46802520751953 5.474275588989258 -20.435977935791016
v 29.95313835144043 6.523335933685303 -20.197572708129883
v 30.279138565063477 6.521966934204102 -19.713218688964844
v 30.6832218170166 5.456343173980713 -19.420940399169922
v 30.1630916595459 6.522313594818115 -19.187822341918945
v 30.32338523864746 5.473304271697998 -19.13385581970215
v 29.812713623046875 6.522982597351074 -18.903217315673828
v 16.330642700195312 5.481533050537109 -19.215627670288086
v 16.33062744140625 6.51672887802124 -18.98829460144043
v 21.99503517150879 22.59209442138672 -15.372471809387207
v 16.331127166748047 22.42857551574707 -15.49680233001709
v 16.33111572265625 22.044889450073242 -15.58137035369873
v 22.254392623901367 22.056474685668945 -15.489607810974121
v 22.333595275878906 22.59326934814453 -15.658184051513672
v 22.593860626220703 22.05651092529297 -15.775516510009766
v 22.454980850219727 22.59214973449707 -16.19692039489746
v 22.714609146118164 22.05640983581543 -16.313600540161133
v 22.416278839111328 22.056541442871094 -16.674705505371094
v 22.157407760620117 22.59269142150879 -16.55370330810547
v 22.254392623901367 22.056474685668945 -15.489607810974121
v 16.33111572265625 22.044889450073242 -15.58137035369873
v 16.33062744140625 6.51672887802124 -18.98829460144043
v 29.812713623046875 6.522982597351074 -18.903217315673828
v 22.593860626220703 22.05651092529297 -15.775516510009766
v 30.1630916595459 6.522313594818115 -19.187822341918945
v 22.714609146118164 22.05640983581543 -16.313600540161133
v 30.279138565063477 6.521966934204102 -19.713218688964844
v 29.95313835144043 6.523335933685303 -20.197572708129883
v 22.416278839111328 22.056541442871094 -16.674705505371094
v 4.972712516784668 13.435657501220703 -46.01660919189453
v 5.362021446228027 13.435482025146484 -45.65138244628906
v 5.138582706451416 15.969670295715332 -45.700965881347656
v 4.779792308807373 16.059925079345703 -46.04795837402344
v 4.84156608581543 13.435539245605469 -46.53104782104492
v 4.651838779449463 16.086946487426758 -46.53192138671875
v 4.749401092529297 16.06346893310547 -47.034263610839844
v 4.943395137786865 13.43559455871582 -47.0622444152832
v 5.138586044311523 15.969670295715332 -47.39128875732422
v 5.361419677734375 13.435482025146484 -47.44086456298828
v 10.390839576721191 13.43545913696289 -47.44913864135742
v 10.146570205688477 14.173836708068848 -47.45792770385742
v 10.877801895141602 13.435548782348633 -47.066776275634766
v 10.648833274841309 14.007073402404785 -47.0751953125
v 10.778595924377441 13.963266372680664 -46.52272033691406
v 10.993565559387207 13.435491561889648 -46.52669143676758
v 10.839722633361816 13.435606002807617 -46.00651931762695
v 10.611929893493652 14.010355949401855 -45.99576950073242
v 10.146317481994629 14.171187400817871 -45.63322448730469
v 10.390295028686523 13.435458183288574 -45.643070220947266
v 5.362021446228027 13.435482025146484 -45.65138244628906
v 5.138582706451416 15.969670295715332 -45.700965881347656
v -14.025768280029297 12.357278823852539 -33.776466369628906
v -13.954475402832031 12.357278823852539 -33.29380798339844
v -14.26682186126709 10.519464492797852 -34.30729675292969
v -14.32647705078125 10.518972396850586 -34.847389221191406
v -14.37509822845459 12.357277870178223 -34.24799728393555
v -14.735170364379883 10.518141746520996 -35.417057037353516
v -14.974739074707031 12.357277870178223 -34.51976013183594
v -15.431838989257812 10.51768970489502 -35.711570739746094
v -14.244505882263184 13.77877426147461 -32.964454650878906
v -16.084243774414062 13.066950798034668 -31.039228439331055
v -16.014989852905273 12.352570533752441 -31.16939353942871
v -13.934012413024902 12.352570533752441 -33.274478912353516
v -14.19820499420166 13.756795883178711 -33.49969482421875
v -13.959691047668457 12.352570533752441 -33.793582916259766
v -14.474008560180664 13.559706687927246 -34.0568733215332
v -14.345827102661133 12.352570533752441 -34.34048843383789
v -14.946263313293457 13.224711418151855 -34.334842681884766
v -14.97961139678955 12.352570533752441 -34.554161071777344
v 4.546227931976318 16.15034294128418 -45.94235610961914
v 5.007502555847168 15.987256050109863 -45.47073745727539
v 5.278753757476807 17.859434127807617 -45.469329833984375
v 4.802953243255615 18.041072845458984 -45.94782638549805
v 4.468397617340088 16.178749084472656 -46.56140899658203
v 4.72674560546875 18.07298469543457 -46.56352615356445
v 4.875204086303711 18.01554298400879 -47.18145751953125
v 4.608506202697754 16.13222312927246 -47.18657684326172
v 5.008135795593262 15.987018585205078 -47.621482849121094
v 5.278753757476807 17.859434127807617 -47.62289810180664
v 10.715673446655273 15.742191314697266 -47.63041687011719
v 10.44864273071289 14.072726249694824 -47.62911605834961
v 10.904247283935547 13.914971351623535 -47.189510345458984
v 11.17460823059082 15.560580253601074 -47.18701934814453
v 11.336119651794434 15.496816635131836 -46.567779541015625
v 11.056923866271973 13.859267234802246 -46.56468200683594
v 10.941920280456543 13.900643348693848 -45.91997528076172
v 11.214481353759766 15.543421745300293 -45.922569274902344
v 10.44948959350586 14.0724458694458 -45.46310043334961
v 10.71567153930664 15.742191314697266 -45.46180725097656
v 5.007502555847168 15.987256050109863 -45.47073745727539
v 5.278753757476807 17.859434127807617 -45.469329833984375
v 21.639251708984375 24.30142593383789 -15.149419784545898
v 21.241697311401367 24.301082611083984 -14.79322624206543
v 22.154111862182617 22.383228302001953 -15.22372817993164
v 22.563583374023438 22.38286590576172 -15.577070236206055
v 21.763957977294922 24.301612854003906 -15.786149978637695
v 22.698209762573242 22.382715225219727 -16.20516586303711
v 21.388586044311523 24.3013973236084 -16.389150619506836
v 22.307876586914062 22.382875442504883 -16.812633514404297
v 15.901419639587402 24.299760818481445 -15.833358764648438
v 16.274564743041992 24.300029754638672 -16.389421463012695
v 16.292884826660156 22.386442184448242 -16.8373966217041
v 15.915812492370605 22.386659622192383 -16.266977310180664
v 16.019187927246094 24.29960823059082 -15.135245323181152
v 16.051006317138672 22.386781692504883 -15.551776885986328
v 16.393239974975586 24.299718856811523 -14.785995483398438
v 16.419700622558594 22.386802673339844 -15.225137710571289
v 22.154111862182617 22.383228302001953 -15.22372817993164
v 21.241697311401367 24.301082611083984 -14.79322624206543
v 21.305818557739258 26.34337043762207 -14.69433879852295
v 20.73455047607422 26.327821731567383 -14.162979125976562
v 21.431774139404297 24.100736618041992 -14.506326675415039
v 21.953369140625 24.10066795349121 -15.03588581085205
v 21.49391746520996 26.22222137451172 -15.61482048034668
v 22.11530303955078 24.100536346435547 -15.915314674377441
v 21.02427864074707 25.97130584716797 -16.41878318786621
v 21.61235809326172 24.100290298461914 -16.68288230895996
v -2.78035306930542 16.093191146850586 42.47158432006836
v -2.824857234954834 16.09341812133789 42.8303337097168
v -2.812941312789917 16.327186584472656 42.761619567871094
v -2.772878408432007 16.327350616455078 42.43499755859375
v -2.60863995552063 16.093067169189453 42.13629913330078
v -2.6168932914733887 16.327428817749023 42.12981414794922
v -2.380814552307129 16.327350616455078 41.8764762878418
v -2.349564790725708 16.093225479125977 41.85752487182617
v -2.008227586746216 16.09341812133789 41.69754409790039
v -2.070035696029663 16.327180862426758 41.73112869262695
v 0.29814037680625916 16.09322166442871 43.72031784057617
v 0.3393360674381256 16.09341812133789 43.347991943359375
v 0.2546956241130829 16.326961517333984 43.36375045776367
v 0.21616004407405853 16.326953887939453 43.702632904052734
v 0.11803151667118073 16.09307861328125 44.06517028808594
v 0.05149281769990921 16.326934814453125 44.01661682128906
v -0.1983008235692978 16.326946258544922 44.26612091064453
v -0.1565067023038864 16.093202590942383 44.33852767944336
v -0.4772948920726776 16.09341812133789 44.48077392578125
v -0.4899308383464813 16.32697296142578 44.396522521972656
v 0.34345269203186035 4.032127857208252 44.705726623535156
v 0.4295363426208496 4.0321364402771 45.154296875
v -2.824857234954834 16.09341812133789 42.8303337097168
v -2.78035306930542 16.093191146850586 42.47158432006836
v 0.4785027503967285 4.03212308883667 44.30836486816406
v -2.60863995552063 16.093067169189453 42.13629913330078
v 0.8149946331977844 4.032127857208252 44.04603576660156
v -2.349564790725708 16.093225479125977 41.85752487182617
v -2.008227586746216 16.09341812133789 41.69754409790039
v 1.2805883884429932 4.032134532928467 43.973751068115234
v 16.03541374206543 6.517260551452637 19.480623245239258
v 16.33062744140625 6.51672887802124 18.98829460144043
v 16.330642700195312 5.481533050537109 19.215627670288086
v 16.035316467285156 5.494251728057861 19.705535888671875
v 16.13910484313965 6.517026424407959 20.001054763793945
v 16.138916015625 5.488494396209717 20.2270450592041
v 16.457948684692383 6.516526699066162 20.289264678955078
v 16.45802116394043 5.476256370544434 20.51751708984375
v 30.46802520751953 5.474275588989258 20.435977935791016
v 29.95313835144043 6.523335933685303 20.197572708129883
v 16.45684814453125 22.0449275970459 16.8824405670166
v 22.416278839111328 22.056541442871094 16.674705505371094
v 22.157407760620117 22.59269142150879 16.55370330810547
v 16.45682144165039 22.429338455200195 16.797719955444336
v 16.13439178466797 22.045774459838867 16.595191955566406
v 16.1342716217041 22.44125747680664 16.508119583129883
v 16.034576416015625 22.045154571533203 16.074609756469727
v 16.034555435180664 22.431915283203125 15.989402770996094
v 16.33111572265625 22.044889450073242 15.58137035369873
v 16.331127166748047 22.42857551574707 15.49680233001709
v 16.034576416015625 22.045154571533203 16.074609756469727
v 16.33111572265625 22.044889450073242 15.58137035369873
v 16.33062744140625 6.51672887802124 18.98829460144043
v 16.03541374206543 6.517260551452637 19.480623245239258
v 16.13439178466797 22.045774459838867 16.595191955566406
v 16.13910484313965 6.517026424407959 20.001054763793945
v 16.45684814453125 22.0449275970459 16.8824405670166
v 16.457948684692383 6.516526699066162 20.289264678955078
v 29.95313835144043 6.523335933685303 20.197572708129883
v 22.416278839111328 22.056541442871094 16.674705505371094
v 15.997258186340332 5.696338653564453 18.740028381347656
v 15.748117446899414 5.616297245025635 18.789997100830078
v 15.752845764160156 5.646350860595703 20.799667358398438
v 15.998579978942871 5.729564666748047 20.819814682006836
v 30.66922378540039 5.7528557777404785 18.697328567504883
v 30.677608489990234 5.8101019859313965 20.8800048828125
v 30.9998779296875 5.750921249389648 20.853254318237305
v 30.981525421142578 5.6934814453125 18.748952865600586
v 15.675052642822266 5.3462910652160645 20.897703170776367
v 15.752845764160156 5.646350860595703 20.799667358398438
v 15.748117446899414 5.616297245025635 18.789997100830078
v 15.66576099395752 5.306454658508301 18.81087875366211
v 15.740126609802246 2.4897608757019043 21.476362228393555
v 15.746910095214844 2.483790159225464 19.41930389404297
v -14.735170364379883 10.518141746520996 35.417057037353516
v -15.431838989257812 10.51768970489502 35.711570739746094
v -17.940494537353516 10.518570899963379 32.95394515991211
v -17.812549591064453 10.51904296875 32.22208786010742
v -14.32647705078125 10.518972396850586 34.847389221191406
v -17.17745018005371 10.52007007598877 31.74576759338379
v -16.58155632019043 10.520454406738281 31.775569915771484
v -14.26682186126709 10.519464492797852 34.30729675292969
v -0.14497454464435577 18.40072250366211 44.53135681152344
v -0.6249144673347473 18.353246688842773 44.7148551940918
v -0.4939199984073639 17.01449203491211 44.74943161010742
v -0.038939476013183594 17.01441764831543 44.58601760864258
v 0.2573074996471405 18.416410446166992 44.14498519897461
v 0.3481694757938385 17.014455795288086 44.20779037475586
v 0.5200295448303223 18.40308380126953 43.635009765625
v 0.6082733869552612 17.014469146728516 43.716739654541016
v 0.599313497543335 17.01449203491211 43.236534118652344
v 0.5215908288955688 18.353246688842773 43.12446594238281
v -0.1478191614151001 17.526517868041992 44.42320251464844
v -0.5778233408927917 17.48516273498535 44.59021759033203
v -0.4660002291202545 16.31521987915039 44.63215255737305
v -0.049582839012145996 16.31519889831543 44.47982406616211
v 0.20007295906543732 17.539323806762695 44.07482147216797
v 0.2884049117565155 16.315210342407227 44.136741638183594
v 0.40944093465805054 17.52585220336914 43.6430778503418
v 0.4964987337589264 16.315196990966797 43.71677017211914
v 0.4927191138267517 16.31521987915039 43.304344177246094
v 0.41499415040016174 17.48516273498535 43.213016510009766
v 15.817413330078125 24.556640625 16.29876708984375
v 15.6139497756958 24.634180068969727 15.3046293258667
v 15.657231330871582 24.1016902923584 15.459662437438965
v 15.873230934143066 24.102378845214844 16.384868621826172
v 16.31818389892578 24.618858337402344 16.732587814331055
v 16.335128784179688 24.102628707885742 16.7794189453125
v 21.61235809326172 24.100290298461914 16.68288230895996
v 21.02427864074707 25.97130584716797 16.41878318786621
v 4.972712516784668 13.435657501220703 46.01660919189453
v 5.362021446228027 13.435482025146484 45.65138244628906
v 10.390295028686523 13.435458183288574 45.643070220947266
v 10.839722633361816 13.435606002807617 46.00651931762695
v 4.84156608581543 13.435539245605469 46.53104782104492
v 10.993565559387207 13.435491561889648 46.52669143676758
v 10.993565559387207 13.435491561889648 46.52669143676758
v 4.84156608581543 13.435539245605469 46.53104782104492
v 4.943395137786865 13.43559455871582 47.0622444152832
v 4.943395137786865 13.43559455871582 47.0622444152832
v 10.877801895141602 13.435548782348633 47.066776275634766
v 10.993565559387207 13.435491561889648 46.52669143676758
v 10.390839576721191 13.43545913696289 47.44913864135742
v 10.877801895141602 13.435548782348633 47.066776275634766
v 4.943395137786865 13.43559455871582 47.0622444152832
v 4.943395137786865 13.43559455871582 47.0622444152832
v 5.361419677734375 13.435482025146484 47.44086456298828
v 10.390839576721191 13.43545913696289 47.44913864135742
v 7.281674861907959 2.523151397705078 -49.92067337036133
v 6.616756439208984 2.523151397705078 -49.99998092651367
v 5.821533203125 3.5946786403656006 -49.39606857299805
v 6.490889072418213 3.594680070877075 -49.32763671875
v 7.0298051834106445 3.5946805477142334 -48.944271087646484
v 7.820257186889648 2.523151397705078 -49.52715301513672
v 8.041417121887207 2.523151397705078 -48.89451599121094
v 7.247738361358643 3.5946805477142334 -48.321800231933594
v 7.104065418243408 3.5946805477142334 -47.61699676513672
v 7.928074836730957 2.523151397705078 -48.18887710571289
v 1.8168262243270874 2.523151397705078 -43.89573669433594
v 1.5011422634124756 3.5946805477142334 -43.69209671020508
v 0.7932665348052979 3.594679117202759 -43.78816223144531
v 1.091039776802063 2.523151397705078 -43.97655487060547
v 0.5692214965820312 2.523151397705078 -44.364593505859375
v 0.2839161157608032 3.5946786403656006 -44.1762809753418
v 0.08727855980396271 3.594679117202759 -44.774169921875
v 0.3882945477962494 2.523151397705078 -44.97492218017578
v 0.23222565650939941 3.5946805477142334 -45.45228576660156
v 0.5716882348060608 2.523151397705078 -45.66177749633789
v 6.616756439208984 2.523151397705078 -49.99998092651367
v 5.821533203125 3.5946786403656006 -49.39606857299805
v 12.403385162353516 3.841404914855957 -45.34611129760742
v 13.181368827819824 2.6252939701080322 -45.33732604980469
v 25.067174911499023 2.6252939701080322 -45.37445831298828
v 23.214643478393555 3.841402053833008 -45.365360260009766
v 24.024471282958984 3.8414292335510254 -45.82756042480469
v 25.983203887939453 2.6252925395965576 -45.81740188598633
v 24.35173797607422 3.8414433002471924 -46.487159729003906
v 26.352094650268555 2.6252920627593994 -46.47903823852539
v 26.06316566467285 2.6252925395965576 -47.18887710571289
v 24.091609954833984 3.8414347171783447 -47.187564849853516
v 25.067174911499023 2.6252939701080322 -47.6903076171875
v 23.214643478393555 3.841402053833008 -47.69910430908203
v 12.387734413146973 3.8414058685302734 -47.73719787597656
v 13.182310104370117 2.6252939701080322 -47.739994049072266
v 12.466397285461426 2.6252939701080322 -47.52373123168945
v 11.747468948364258 3.84140682220459 -47.514793395996094
v 11.996733665466309 2.6252939701080322 -47.10493469238281
v 11.35279369354248 3.84140682220459 -47.09400177001953
v 11.837138175964355 2.6252939701080322 -46.562442779541016
v 11.214685440063477 3.84140682220459 -46.5599365234375
v 11.33226203918457 3.84140682220459 -46.02603530883789
v 11.979474067687988 2.6252939701080322 -46.019287109375
v 11.780631065368652 3.8414058685302734 -45.577552795410156
v 12.490097999572754 2.6252939701080322 -45.56105422973633
v 13.181368827819824 2.6252939701080322 -45.33732604980469
v 12.403385162353516 3.841404914855957 -45.34611129760742
v 30.9998779296875 5.750921249389648 -20.853254318237305
v 30.981525421142578 5.6934814453125 -18.748952865600586
v 31.141733169555664 5.462672233581543 -18.760501861572266
v 31.193716049194336 5.488861560821533 -20.951534271240234
v 32.545310974121094 2.501434803009033 -21.546846389770508
v 32.49171447753906 2.492831230163574 -19.369924545288086
v -16.892040252685547 12.357276916503906 -31.63597869873047
v -17.812549591064453 10.51904296875 -32.22208786010742
v -17.17745018005371 10.52007007598877 -31.74576759338379
v -16.370622634887695 12.357276916503906 -31.233200073242188
v -15.850446701049805 12.357276916503906 -31.226964950561523
v -16.58155632019043 10.520454406738281 -31.775569915771484
v -16.67110824584961 12.352570533752441 -31.3308048248291
v -16.014989852905273 12.352570533752441 -31.16939353942871
v -16.084243774414062 13.066950798034668 -31.039228439331055
v -16.81669044494629 12.761102676391602 -31.21732521057129
v -17.161832809448242 12.57868480682373 -31.660236358642578
v -17.014780044555664 12.352570533752441 -31.69792938232422
v -17.10554313659668 12.352570533752441 -32.273014068603516
v -17.209009170532227 12.519134521484375 -32.238285064697266
v -17.10554313659668 12.352570533752441 -32.273014068603516
v -17.161832809448242 12.57868480682373 -31.660236358642578
v -3.350233793258667 17.75543785095215 -42.79148864746094
v -3.237086772918701 17.01446533203125 -42.81360626220703
v -3.2264084815979004 17.014493942260742 -42.3389778137207
v -3.328411817550659 17.70785140991211 -42.286155700683594
v -3.0899605751037598 17.6915283203125 -41.78308868408203
v -2.9912190437316895 17.01447296142578 -41.852474212646484
v -2.607733726501465 17.01456069946289 -41.447296142578125
v -2.6897547245025635 17.704959869384766 -41.36915588378906
v -2.2037274837493896 17.75543785095215 -41.20109558105469
v -2.1464521884918213 17.01446533203125 -41.298885345458984
v -3.1200599670410156 16.96748924255371 -42.80289840698242
v -3.0310285091400146 16.315204620361328 -42.82880401611328
v -3.0199646949768066 16.315244674682617 -42.39064407348633
v -3.0992629528045654 16.925561904907227 -42.346561431884766
v -2.878619432449341 16.912818908691406 -41.91124725341797
v -2.801579236984253 16.31522560119629 -41.9660530090332
v -2.4689157009124756 16.315250396728516 -41.631744384765625
v -2.535612106323242 16.926280975341797 -41.57188034057617
v -2.127241611480713 16.96748924255371 -41.42570495605469
v -2.073651075363159 16.315204620361328 -41.50007247924805
v 5.821533203125 3.5946786403656006 49.39606857299805
v 6.616756439208984 2.523151397705078 49.99998092651367
v 7.281674861907959 2.523151397705078 49.92067337036133
v 6.490889072418213 3.594680070877075 49.32763671875
v 7.0298051834106445 3.5946805477142334 48.944271087646484
v 7.820257186889648 2.523151397705078 49.52715301513672
v 8.041417121887207 2.523151397705078 48.89451599121094
v 7.247738361358643 3.5946805477142334 48.321800231933594
v 7.104065418243408 3.5946805477142334 47.61699676513672
v 7.928074836730957 2.523151397705078 48.18887710571289
v 0.7932665348052979 3.594679117202759 43.78816223144531
v 1.5011422634124756 3.5946805477142334 43.69209671020508
v 1.8168262243270874 2.523151397705078 43.89573669433594
v 1.091039776802063 2.523151397705078 43.97655487060547
v 0.5692214965820312 2.523151397705078 44.364593505859375
v 0.2839161157608032 3.5946786403656006 44.1762809753418
v 0.08727855980396271 3.594679117202759 44.774169921875
v 0.3882945477962494 2.523151397705078 44.97492218017578
v 0.23222565650939941 3.5946805477142334 45.45228576660156
v 0.5716882348060608 2.523151397705078 45.66177749633789
v 6.616756439208984 2.523151397705078 49.99998092651367
v 5.821533203125 3.5946786403656006 49.39606857299805
v 25.067174911499023 2.6252939701080322 45.37445831298828
v 13.181368827819824 2.6252939701080322 45.33732604980469
v 12.403385162353516 3.841404914855957 45.34611129760742
v 23.214643478393555 3.841402053833008 45.365360260009766
v 24.024471282958984 3.8414292335510254 45.82756042480469
v 25.983203887939453 2.6252925395965576 45.81740188598633
v 24.35173797607422 3.8414433002471924 46.487159729003906
v 26.352094650268555 2.6252920627593994 46.47903823852539
v 26.06316566467285 2.6252925395965576 47.18887710571289
v 24.091609954833984 3.8414347171783447 47.187564849853516
v 25.067174911499023 2.6252939701080322 47.6903076171875
v 23.214643478393555 3.841402053833008 47.69910430908203
v 12.387734413146973 3.8414058685302734 47.73719787597656
v 13.182310104370117 2.6252939701080322 47.739994049072266
v 12.466397285461426 2.6252939701080322 47.52373123168945
v 11.747468948364258 3.84140682220459 47.514793395996094
v 11.996733665466309 2.6252939701080322 47.10493469238281
v 11.35279369354248 3.84140682220459 47.09400177001953
v 11.837138175964355 2.6252939701080322 46.562442779541016
v 11.214685440063477 3.84140682220459 46.5599365234375
v 11.33226203918457 3.84140682220459 46.02603530883789
v 11.979474067687988 2.6252939701080322 46.019287109375
v 11.780631065368652 3.8414058685302734 45.577552795410156
v 12.490097999572754 2.6252939701080322 45.56105422973633
v 13.181368827819824 2.6252939701080322 45.33732604980469
v 12.403385162353516 3.841404914855957 45.34611129760742
v 31.141733169555664 5.462672233581543 18.760501861572266
v 30.981525421142578 5.6934814453125 18.748952865600586
v 30.9998779296875 5.750921249389648 20.853254318237305
v 31.193716049194336 5.488861560821533 20.951534271240234
v 32.545310974121094 2.501434803009033 21.546846389770508
v 32.49171447753906 2.492831230163574 19.369924545288086
v -17.17745018005371 10.52007007598877 31.74576759338379
v -17.812549591064453 10.51904296875 32.22208786010742
v -16.892040252685547 12.357276916503906 31.63597869873047
v -16.370622634887695 12.357276916503906 31.233200073242188
v -15.850446701049805 12.357276916503906 31.226964950561523
v -16.58155632019043 10.520454406738281 31.775569915771484
v -16.084243774414062 13.066950798034668 31.039228439331055
v -16.014989852905273 12.352570533752441 31.16939353942871
v -16.67110824584961 12.352570533752441 31.3308048248291
v -16.81669044494629 12.761102676391602 31.21732521057129
v -17.161832809448242 12.57868480682373 31.660236358642578
v -17.014780044555664 12.352570533752441 31.69792938232422
v -17.10554313659668 12.352570533752441 32.273014068603516
v -17.209009170532227 12.519134521484375 32.238285064697266
v -17.161832809448242 12.57868480682373 31.660236358642578
v -17.10554313659668 12.352570533752441 32.273014068603516
v -3.2264084815979004 17.014493942260742 42.3389778137207
v -3.237086772918701 17.01446533203125 42.81360626220703
v -3.350233793258667 17.75543785095215 42.79148864746094
v -3.328411817550659 17.70785140991211 42.286155700683594
v -3.0899605751037598 17.6915283203125 41.78308868408203
v -2.9912190437316895 17.01447296142578 41.852474212646484
v -2.607733726501465 17.01456069946289 41.447296142578125
v -2.6897547245025635 17.704959869384766 41.36915588378906
v -2.2037274837493896 17.75543785095215 41.20109558105469
v -2.1464521884918213 17.01446533203125 41.298885345458984
v -3.0199646949768066 16.315244674682617 42.39064407348633
v -3.0310285091400146 16.315204620361328 42.82880401611328
v -3.1200599670410156 16.96748924255371 42.80289840698242
v -3.0992629528045654 16.925561904907227 42.346561431884766
v -2.878619432449341 16.912818908691406 41.91124725341797
v -2.801579236984253 16.31522560119629 41.9660530090332
v -2.4689157009124756 16.315250396728516 41.631744384765625
v -2.535612106323242 16.926280975341797 41.57188034057617
v -2.127241611480713 16.96748924255371 41.42570495605469
v -2.073651075363159 16.315204620361328 41.50007247924805
v 30.677608489990234 5.8101019859313965 -20.8800048828125
v 30.9998779296875 5.750921249389648 -20.853254318237305
v 31.193716049194336 5.488861560821533 -20.951534271240234
v 30.84272575378418 5.473583221435547 -21.162267684936523
v 32.545310974121094 2.501434803009033 -21.546846389770508
v 15.998579978942871 5.729564666748047 -20.819814682006836
v 32.24697494506836 2.4942097663879395 -21.7080135345459
v 15.675052642822266 5.3462910652160645 -20.897703170776367
v 15.752845764160156 5.646350860595703 -20.799667358398438
v 15.969889640808105 5.367045879364014 -21.120391845703125
v 15.980935096740723 2.493326187133789 -21.648529052734375
v 15.740126609802246 2.4897608757019043 -21.476362228393555
v 15.997258186340332 5.696338653564453 -18.740028381347656
v 15.748117446899414 5.616297245025635 -18.789997100830078
v 15.66576099395752 5.306454658508301 -18.81087875366211
v 15.958943367004395 5.2993855476379395 -18.581449508666992
v 15.746910095214844 2.483790159225464 -19.41930389404297
v 30.66922378540039 5.7528557777404785 -18.697328567504883
v 15.98909854888916 2.480523109436035 -19.252403259277344
v 30.7944278717041 5.417008876800537 -18.538131713867188
v 30.981525421142578 5.6934814453125 -18.748952865600586
v 32.20232009887695 2.4815964698791504 -19.221511840820312
v 31.141733169555664 5.462672233581543 -18.760501861572266
v 32.49171447753906 2.492831230163574 -19.369924545288086
v 31.193716049194336 5.488861560821533 20.951534271240234
v 30.9998779296875 5.750921249389648 20.853254318237305
v 30.677608489990234 5.8101019859313965 20.8800048828125
v 30.84272575378418 5.473583221435547 21.162267684936523
v 32.545310974121094 2.501434803009033 21.546846389770508
v 15.998579978942871 5.729564666748047 20.819814682006836
v 32.24697494506836 2.4942097663879395 21.7080135345459
v 15.752845764160156 5.646350860595703 20.799667358398438
v 15.675052642822266 5.3462910652160645 20.897703170776367
v 15.969889640808105 5.367045879364014 21.120391845703125
v 15.980935096740723 2.493326187133789 21.648529052734375
v 15.740126609802246 2.4897608757019043 21.476362228393555
v 15.66576099395752 5.306454658508301 18.81087875366211
v 15.748117446899414 5.616297245025635 18.789997100830078
v 15.997258186340332 5.696338653564453 18.740028381347656
v 15.958943367004395 5.2993855476379395 18.581449508666992
v 15.746910095214844 2.483790159225464 19.41930389404297
v 30.66922378540039 5.7528557777404785 18.697328567504883
v 15.98909854888916 2.480523109436035 19.252403259277344
v 30.7944278717041 5.417008876800537 18.538131713867188
v 30.981525421142578 5.6934814453125 18.748952865600586
v 32.20232009887695 2.4815964698791504 19.221511840820312
v 31.141733169555664 5.462672233581543 18.760501861572266
v 32.49171447753906 2.492831230163574 19.369924545288086
v 15.915812492370605 22.386659622192383 -16.266977310180664
v 16.292884826660156 22.386442184448242 -16.8373966217041
v 16.36672592163086 22.348100662231445 -16.277002334594727
v 16.051006317138672 22.386781692504883 -15.551776885986328
v 22.307876586914062 22.382875442504883 -16.812633514404297
v 16.47431182861328 22.348100662231445 -15.668230056762695
v 22.18536376953125 22.348108291625977 -16.477481842041016
v 16.419700622558594 22.386802673339844 -15.225137710571289
v 22.32710838317871 22.348108291625977 -16.181568145751953
v 22.154111862182617 22.383228302001953 -15.22372817993164
v 22.698209762573242 22.382715225219727 -16.20516586303711
v 22.23781967163086 22.348108291625977 -15.796607971191406
v 22.563583374023438 22.38286590576172 -15.577070236206055
v 15.873230934143066 24.102378845214844 -16.384868621826172
v 16.335128784179688 24.102628707885742 -16.7794189453125
v 16.389755249023438 24.046693801879883 -16.274089813232422
v 15.657231330871582 24.1016902923584 -15.459662437438965
v 21.61235809326172 24.100290298461914 -16.68288230895996
v 16.112319946289062 24.046693801879883 -15.546091079711914
v 21.450708389282227 24.046693801879883 -16.301939010620117
v 16.16250228881836 24.102392196655273 -14.666173934936523
v 21.69471549987793 24.046693801879883 -15.84823989868164
v 16.436866760253906 24.046693801879883 -15.1485013961792
v 22.11530303955078 24.100536346435547 -15.915314674377441
v 21.431774139404297 24.100736618041992 -14.506326675415039
v 21.953369140625 24.10066795349121 -15.03588581085205
v 21.530155181884766 24.046693801879883 -15.223989486694336
v 15.915812492370605 22.386659622192383 16.266977310180664
v 16.36672592163086 22.348100662231445 16.277002334594727
v 16.292884826660156 22.386442184448242 16.8373966217041
v 16.051006317138672 22.386781692504883 15.551776885986328
v 22.307876586914062 22.382875442504883 16.812633514404297
v 16.47431182861328 22.348100662231445 15.668230056762695
v 22.18536376953125 22.348108291625977 16.477481842041016
v 16.419700622558594 22.386802673339844 15.225137710571289
v 22.32710838317871 22.348108291625977 16.181568145751953
v 22.154111862182617 22.383228302001953 15.22372817993164
v 22.698209762573242 22.382715225219727 16.20516586303711
v 22.23781967163086 22.348108291625977 15.796607971191406
v 22.563583374023438 22.38286590576172 15.577070236206055
v 15.873230934143066 24.102378845214844 16.384868621826172
v 16.389755249023438 24.046693801879883 16.274089813232422
v 16.335128784179688 24.102628707885742 16.7794189453125
v 15.657231330871582 24.1016902923584 15.459662437438965
v 21.61235809326172 24.100290298461914 16.68288230895996
v 16.112319946289062 24.046693801879883 15.546091079711914
v 21.450708389282227 24.046693801879883 16.301939010620117
v 16.16250228881836 24.102392196655273 14.666173934936523
v 21.69471549987793 24.046693801879883 15.84823989868164
v 16.436866760253906 24.046693801879883 15.1485013961792
v 22.11530303955078 24.100536346435547 15.915314674377441
v 21.431774139404297 24.100736618041992 14.506326675415039
v 21.953369140625 24.10066795349121 15.03588581085205
v 21.530155181884766 24.046693801879883 15.223989486694336
v -19.69529914855957 3.4718339443206787 -34.18259811401367
v -19.610239028930664 3.4718339443206787 -33.76998519897461
v -15.517085075378418 3.4718339443206787 -38.282012939453125
v -20.9451847076416 3.4718339443206787 -33.926578521728516
v -15.939441680908203 3.4718339443206787 -38.324974060058594
v -20.700578689575195 3.4718339443206787 -34.322715759277344
v -15.828033447265625 3.4718339443206787 -39.51853942871094
v -21.638349533081055 3.4718339443206787 -35.041770935058594
v -16.182735443115234 3.4718339443206787 -39.2251091003418
v -21.226606369018555 3.4718339443206787 -35.17147445678711
v -16.84552574157715 3.4718339443206787 -40.235023498535156
v -21.505680084228516 3.4718339443206787 -36.142120361328125
v -16.884862899780273 3.4718334674835205 -39.76496124267578
v -21.132434844970703 3.4718339443206787 -36.00265121459961
v -17.65687370300293 3.471832036972046 -39.81719970703125
v -17.79784393310547 3.4718339443206787 -40.22742462158203
v 6.755441188812256 3.5946786403656006 -48.73790740966797
v 7.0298051834106445 3.5946805477142334 -48.944271087646484
v 6.490889072418213 3.594680070877075 -49.32763671875
v 7.247738361358643 3.5946805477142334 -48.321800231933594
v 6.4010844230651855 3.5946786403656006 -48.993988037109375
v 6.902106285095215 3.5946786403656006 -48.32706069946289
v 5.821533203125 3.5946786403656006 -49.39606857299805
v 7.104065418243408 3.5946805477142334 -47.61699676513672
v 5.96206521987915 3.5946786403656006 -49.04523468017578
v 6.814365386962891 3.5946786403656006 -47.86296463012695
v 0.5475711822509766 3.5946805477142334 -45.238590240478516
v 1.5011422634124756 3.5946805477142334 -43.69209671020508
v 0.23222565650939941 3.5946805477142334 -45.45228576660156
v 1.3998719453811646 3.5946786403656006 -44.056304931640625
v 0.08727855980396271 3.594679117202759 -44.774169921875
v 0.9298641085624695 3.5946786403656006 -44.12544250488281
v 0.45670613646507263 3.594679117202759 -44.78679275512695
v 0.7932665348052979 3.594679117202759 -43.78816223144531
v 0.5906234979629517 3.5946786403656006 -44.38727951049805
v 0.2839161157608032 3.5946786403656006 -44.1762809753418
v 12.387734413146973 3.8414058685302734 -47.73719787597656
v 12.452433586120605 3.8416190147399902 -47.47269821166992
v 23.193248748779297 3.8416190147399902 -47.44272232055664
v 11.929227828979492 3.8416190147399902 -47.294769287109375
v 23.214643478393555 3.841402053833008 -47.69910430908203
v 11.747468948364258 3.84140682220459 -47.514793395996094
v 23.93196678161621 3.8416190147399902 -47.057655334472656
v 11.35279369354248 3.84140682220459 -47.09400177001953
v 24.091609954833984 3.8414347171783447 -47.187564849853516
v 11.614872932434082 3.8416190147399902 -46.968753814697266
v 24.149982452392578 3.8416190147399902 -46.50040817260742
v 11.49711799621582 3.8416190147399902 -46.55845642089844
v 24.35173797607422 3.8414433002471924 -46.487159729003906
v 11.214685440063477 3.84140682220459 -46.5599365234375
v 24.024471282958984 3.8414292335510254 -45.82756042480469
v 11.33226203918457 3.84140682220459 -46.02603530883789
v 23.87352180480957 3.841618537902832 -45.97688293457031
v 11.572528839111328 3.8416190147399902 -46.147804260253906
v 23.214643478393555 3.841402053833008 -45.365360260009766
v 11.937935829162598 3.8416190147399902 -45.7852897644043
v 23.193246841430664 3.8416190147399902 -45.629642486572266
v 11.780631065368652 3.8414058685302734 -45.577552795410156
v 12.403385162353516 3.841404914855957 -45.34611129760742
v 12.451891899108887 3.8416190147399902 -45.60131072998047
v -16.944683074951172 12.352570533752441 -32.17630386352539
v -17.10554313659668 12.352570533752441 -32.273014068603516
v -17.014780044555664 12.352570533752441 -31.69792938232422
v -16.892005920410156 12.352570533752441 -31.688249588012695
v -16.62216567993164 12.352570533752441 -31.399765014648438
v -16.67110824584961 12.352570533752441 -31.3308048248291
v -16.014989852905273 12.352570533752441 -31.16939353942871
v -14.97961139678955 12.352570533752441 -34.554161071777344
v -16.061975479125977 12.352570533752441 -31.267568588256836
v -16.944683074951172 12.352570533752441 -32.17630386352539
v -14.957559585571289 12.352570533752441 -34.4465446472168
v -14.97961139678955 12.352570533752441 -34.554161071777344
v -14.345827102661133 12.352570533752441 -34.34048843383789
v -14.97961139678955 12.352570533752441 -34.554161071777344
v -14.957559585571289 12.352570533752441 -34.4465446472168
v -14.957559585571289 12.352570533752441 -34.4465446472168
v -14.452436447143555 12.352570533752441 -34.20849609375
v -14.345827102661133 12.352570533752441 -34.34048843383789
v -14.345827102661133 12.352570533752441 -34.34048843383789
v -14.452436447143555 12.352570533752441 -34.20849609375
v -14.126975059509277 12.352570533752441 -33.793636322021484
v -13.959691047668457 12.352570533752441 -33.793582916259766
v -13.934012413024902 12.352570533752441 -33.274478912353516
v -16.014989852905273 12.352570533752441 -31.16939353942871
v -16.061975479125977 12.352570533752441 -31.267568588256836
v -13.934012413024902 12.352570533752441 -33.274478912353516
v -14.126975059509277 12.352570533752441 -33.793636322021484
v -14.003268241882324 12.352570533752441 -33.29380798339844
v -13.934012413024902 12.352570533752441 -33.274478912353516
v -13.934012413024902 12.352570533752441 -33.274478912353516
v -14.003268241882324 12.352570533752441 -33.29380798339844
v -16.061975479125977 12.352570533752441 -31.267568588256836
v -21.505680084228516 3.4718339443206787 36.142120361328125
v -21.132434844970703 3.4718339443206787 36.00265121459961
v -21.226606369018555 3.4718339443206787 35.17147445678711
v -17.65687370300293 3.471832036972046 39.81719970703125
v -21.638349533081055 3.4718339443206787 35.041770935058594
v -17.79784393310547 3.4718339443206787 40.22742462158203
v -20.700578689575195 3.4718339443206787 34.322715759277344
v -16.84552574157715 3.4718339443206787 40.235023498535156
v -20.9451847076416 3.4718339443206787 33.926578521728516
v -16.884862899780273 3.4718334674835205 39.76496124267578
v -19.69529914855957 3.4718339443206787 34.18259811401367
v -16.182735443115234 3.4718339443206787 39.2251091003418
v -19.610239028930664 3.4718339443206787 33.76998519897461
v -15.828033447265625 3.4718339443206787 39.51853942871094
v -15.517085075378418 3.4718339443206787 38.282012939453125
v -15.939441680908203 3.4718339443206787 38.324974060058594
v 1.5011422634124756 3.5946805477142334 43.69209671020508
v 1.3998719453811646 3.5946786403656006 44.056304931640625
v 6.814365386962891 3.5946786403656006 47.86296463012695
v 0.9298641085624695 3.5946786403656006 44.12544250488281
v 7.104065418243408 3.5946805477142334 47.61699676513672
v 0.7932665348052979 3.594679117202759 43.78816223144531
v 6.902106285095215 3.5946786403656006 48.32706069946289
v 0.5906234979629517 3.5946786403656006 44.38727951049805
v 7.247738361358643 3.5946805477142334 48.321800231933594
v 0.2839161157608032 3.5946786403656006 44.1762809753418
v 6.755441188812256 3.5946786403656006 48.73790740966797
v 0.08727855980396271 3.594679117202759 44.774169921875
v 7.0298051834106445 3.5946805477142334 48.944271087646484
v 0.45670613646507263 3.594679117202759 44.78679275512695
v 6.490889072418213 3.594680070877075 49.32763671875
v 0.5475711822509766 3.5946805477142334 45.238590240478516
v 6.4010844230651855 3.5946786403656006 48.993988037109375
v 0.23222565650939941 3.5946805477142334 45.45228576660156
v 5.821533203125 3.5946786403656006 49.39606857299805
v 5.96206521987915 3.5946786403656006 49.04523468017578
v 11.33226203918457 3.84140682220459 46.02603530883789
v 11.572528839111328 3.8416190147399902 46.147804260253906
v 11.937935829162598 3.8416190147399902 45.7852897644043
v 11.49711799621582 3.8416190147399902 46.55845642089844
v 11.780631065368652 3.8414058685302734 45.577552795410156
v 11.214685440063477 3.84140682220459 46.5599365234375
v 12.451891899108887 3.8416190147399902 45.60131072998047
v 11.35279369354248 3.84140682220459 47.09400177001953
v 12.403385162353516 3.841404914855957 45.34611129760742
v 11.614872932434082 3.8416190147399902 46.968753814697266
v 23.193246841430664 3.8416190147399902 45.629642486572266
v 11.929227828979492 3.8416190147399902 47.294769287109375
v 23.214643478393555 3.841402053833008 45.365360260009766
v 11.747468948364258 3.84140682220459 47.514793395996094
v 23.87352180480957 3.841618537902832 45.97688293457031
v 12.387734413146973 3.8414058685302734 47.73719787597656
v 24.024471282958984 3.8414292335510254 45.82756042480469
v 12.452433586120605 3.8416190147399902 47.47269821166992
v 24.149982452392578 3.8416190147399902 46.50040817260742
v 23.193248748779297 3.8416190147399902 47.44272232055664
v 24.35173797607422 3.8414433002471924 46.487159729003906
v 23.214643478393555 3.841402053833008 47.69910430908203
v 24.091609954833984 3.8414347171783447 47.187564849853516
v 23.93196678161621 3.8416190147399902 47.057655334472656
v -13.934012413024902 12.352570533752441 33.274478912353516
v -14.003268241882324 12.352570533752441 33.29380798339844
v -16.061975479125977 12.352570533752441 31.267568588256836
v -14.126975059509277 12.352570533752441 33.793636322021484
v -16.014989852905273 12.352570533752441 31.16939353942871
v -13.959691047668457 12.352570533752441 33.793582916259766
v -14.345827102661133 12.352570533752441 34.34048843383789
v -14.452436447143555 12.352570533752441 34.20849609375
v -17.014780044555664 12.352570533752441 31.69792938232422
v -14.957559585571289 12.352570533752441 34.4465446472168
v -14.97961139678955 12.352570533752441 34.554161071777344
v -17.10554313659668 12.352570533752441 32.273014068603516
v -16.944683074951172 12.352570533752441 32.17630386352539
v -16.62216567993164 12.352570533752441 31.399765014648438
v -16.061975479125977 12.352570533752441 31.267568588256836
v -16.014989852905273 12.352570533752441 31.16939353942871
v -16.014989852905273 12.352570533752441 31.16939353942871
v -16.67110824584961 12.352570533752441 31.3308048248291
v -16.62216567993164 12.352570533752441 31.399765014648438
v -16.62216567993164 12.352570533752441 31.399765014648438
v -16.67110824584961 12.352570533752441 31.3308048248291
v -17.014780044555664 12.352570533752441 31.69792938232422
v -17.014780044555664 12.352570533752441 31.69792938232422
v -16.892005920410156 12.352570533752441 31.688249588012695
v -16.62216567993164 12.352570533752441 31.399765014648438
v -16.944683074951172 12.352570533752441 32.17630386352539
v -16.892005920410156 12.352570533752441 31.688249588012695
v -17.014780044555664 12.352570533752441 31.69792938232422
v -21.692916870117188 19.749624252319336 -4.761205673217773
v -21.74062728881836 19.87515640258789 -4.8101325035095215
v -19.126672744750977 20.029918670654297 -4.43541955947876
v -19.152328491210938 19.905513763427734 -4.350280284881592
v -19.126672744750977 20.029918670654297 -4.43541955947876
v -21.74062728881836 19.87515640258789 -4.8101325035095215
v -21.68445587158203 20.166404724121094 -4.692714214324951
v -19.444961547851562 20.467451095581055 -4.395647048950195
v -21.74062728881836 19.87515640258789 4.8101325035095215
v -21.692916870117188 19.749624252319336 4.761205673217773
v -19.152328491210938 19.905513763427734 4.350280284881592
v -19.126672744750977 20.029918670654297 4.43541955947876
v -19.126672744750977 20.029918670654297 4.43541955947876
v -19.444961547851562 20.467451095581055 4.395647048950195
v -21.68445587158203 20.166404724121094 4.692714214324951
v -21.74062728881836 19.87515640258789 4.8101325035095215
v -19.064041137695312 19.95468521118164 4.538938522338867
v -19.068058013916016 19.872722625732422 4.595581531524658
v -21.94107437133789 19.731252670288086 4.839392185211182
v -21.883880615234375 19.813419342041016 4.796342372894287
v -18.845287322998047 19.94732666015625 8.586660385131836
v -18.883464813232422 19.856685638427734 8.547329902648926
v -19.068058013916016 19.872722625732422 4.595581531524658
v -19.064041137695312 19.95468521118164 4.538938522338867
v -19.384174346923828 20.511350631713867 4.564982891082764
v -19.064041137695312 19.95468521118164 4.538938522338867
v -21.883880615234375 19.813419342041016 4.796342372894287
v -21.932836532592773 20.141311645507812 4.805300235748291
v -19.1589298248291 20.49744415283203 8.563850402832031
v -21.59710693359375 20.11961555480957 10.749488830566406
v -21.50333595275879 19.826189041137695 10.850224494934082
v -18.845287322998047 19.94732666015625 8.586660385131836
v -19.064041137695312 19.95468521118164 4.538938522338867
v -19.384174346923828 20.511350631713867 4.564982891082764
v -19.1589298248291 20.49744415283203 8.563850402832031
v -18.845287322998047 19.94732666015625 8.586660385131836
v -19.1589298248291 20.49744415283203 8.563850402832031
v -19.384174346923828 20.511350631713867 4.564982891082764
v -21.932836532592773 20.141311645507812 4.805300235748291
v -21.59710693359375 20.11961555480957 10.749488830566406
v -19.064041137695312 19.95468521118164 -4.538938522338867
v -21.883880615234375 19.813419342041016 -4.796342372894287
v -21.94107437133789 19.731252670288086 -4.839392185211182
v -19.068058013916016 19.872722625732422 -4.595581531524658
v -18.845287322998047 19.94732666015625 -8.586660385131836
v -19.064041137695312 19.95468521118164 -4.538938522338867
v -19.068058013916016 19.872722625732422 -4.595581531524658
v -18.883464813232422 19.856685638427734 -8.547329902648926
v -19.384174346923828 20.511350631713867 -4.564982891082764
v -21.932836532592773 20.141311645507812 -4.805300235748291
v -21.883880615234375 19.813419342041016 -4.796342372894287
v -19.064041137695312 19.95468521118164 -4.538938522338867
v -21.50333595275879 19.826189041137695 -10.850224494934082
v -21.59710693359375 20.11961555480957 -10.749488830566406
v -19.1589298248291 20.49744415283203 -8.563850402832031
v -18.845287322998047 19.94732666015625 -8.586660385131836
v -19.064041137695312 19.95468521118164 -4.538938522338867
v -18.845287322998047 19.94732666015625 -8.586660385131836
v -19.1589298248291 20.49744415283203 -8.563850402832031
v -19.384174346923828 20.511350631713867 -4.564982891082764
v -19.1589298248291 20.49744415283203 -8.563850402832031
v -21.59710693359375 20.11961555480957 -10.749488830566406
v -21.932836532592773 20.141311645507812 -4.805300235748291
v -19.384174346923828 20.511350631713867 -4.564982891082764
v -19.444961547851562 20.467451095581055 -4.395647048950195
v -21.68445587158203 20.166404724121094 -4.692714214324951
v -21.89422607421875 20.146196365356445 0.0
v -19.3033390045166 20.52350425720215 0.0
v -21.68445587158203 20.166404724121094 4.692714214324951
v -19.444961547851562 20.467451095581055 4.395647048950195
v -24.662822723388672 19.40151596069336 -21.083669662475586
v -24.666656494140625 19.853126525878906 -21.08629608154297
v -23.24860191345215 19.888704299926758 -21.647018432617188
v -23.233966827392578 19.437110900878906 -21.648921966552734
v -21.471359252929688 19.946531295776367 -21.188549041748047
v -21.449813842773438 19.495182037353516 -21.1918888092041
v -19.46804428100586 19.58233642578125 -20.31289291381836
v -19.496137619018555 20.033266067504883 -20.308650970458984
v -12.373040199279785 20.611684799194336 -16.759185791015625
v -12.32132625579834 20.162912368774414 -16.75742530822754
v -6.852221965789795 20.967222213745117 -14.51340103149414
v -6.933358669281006 21.411781311035156 -14.51870346069336
v -0.10221591591835022 22.919198989868164 -11.713994979858398
v 0.0075830076821148396 22.480701446533203 -11.707879066467285
v 5.9973225593566895 24.5950870513916 -9.28232192993164
v 6.129317760467529 24.162647247314453 -9.270341873168945
v 13.690351486206055 27.272789001464844 -6.3034234046936035
v 13.843132019042969 26.760713577270508 -6.302685260772705
v 16.750221252441406 28.420278549194336 -4.893727779388428
v 16.969470977783203 27.88107681274414 -4.914541244506836
v 19.520742416381836 29.489154815673828 -2.7242000102996826
v 19.967653274536133 28.8968505859375 -2.7710256576538086
v 21.383298873901367 29.367313385009766 0.0
v 20.742198944091797 29.990957260131836 0.0
v 19.520742416381836 29.489154815673828 2.7242000102996826
v 19.967653274536133 28.8968505859375 2.7710256576538086
v 16.969470977783203 27.88107681274414 4.914541244506836
v 16.750221252441406 28.420278549194336 4.893727779388428
v 13.843132019042969 26.760713577270508 6.302685260772705
v 13.690351486206055 27.272789001464844 6.3034234046936035
v 6.129317760467529 24.162647247314453 9.270341873168945
v 5.9973225593566895 24.5950870513916 9.28232192993164
v 0.0075830076821148396 22.480701446533203 11.707879066467285
v -0.10221591591835022 22.919198989868164 11.713994979858398
v -6.852221965789795 20.967222213745117 14.51340103149414
v -6.933358669281006 21.411781311035156 14.51870346069336
v -12.373040199279785 20.611684799194336 16.759185791015625
v -12.32132625579834 20.162912368774414 16.75742530822754
v -19.46804428100586 19.58233642578125 20.31289291381836
v -19.496137619018555 20.033266067504883 20.308650970458984
v -21.471359252929688 19.946531295776367 21.188549041748047
v -21.449813842773438 19.495182037353516 21.1918888092041
v -23.233966827392578 19.437110900878906 21.648921966552734
v -23.24860191345215 19.888704299926758 21.647018432617188
v -24.662822723388672 19.40151596069336 21.083669662475586
v -24.666656494140625 19.853126525878906 21.08629608154297
v -24.666656494140625 19.853126525878906 -21.08629608154297
v -24.662822723388672 19.40151596069336 -21.083669662475586
v -25.405864715576172 19.402992248535156 -20.009342193603516
v -25.40952491760254 19.85451316833496 -20.00827980041504
v -25.948108673095703 19.419918060302734 -14.779536247253418
v -25.946712493896484 19.871826171875 -14.77957820892334
v -26.185434341430664 19.430400848388672 -6.932705879211426
v -26.1812686920166 19.882253646850586 -6.932772636413574
v -26.387475967407227 19.435546875 0.0
v -26.382707595825195 19.887414932250977 0.0
v -26.1812686920166 19.882253646850586 6.932772636413574
v -26.185434341430664 19.430400848388672 6.932705879211426
v -25.946712493896484 19.871826171875 14.77957820892334
v -25.948108673095703 19.419918060302734 14.779536247253418
v -25.40952491760254 19.85451316833496 20.00827980041504
v -25.405864715576172 19.402992248535156 20.009342193603516
v -24.666656494140625 19.853126525878906 21.08629608154297
v -24.662822723388672 19.40151596069336 21.083669662475586
v -21.798097610473633 19.45623016357422 -18.638717651367188
v -21.81159782409668 19.90764617919922 -18.63741683959961
v -22.419666290283203 19.889846801757812 -17.63294219970703
v -22.412826538085938 19.435943603515625 -17.632722854614258
v -23.06007194519043 19.87514877319336 -14.555644035339355
v -23.058101654052734 19.436838150024414 -14.555427551269531
v -23.346363067626953 19.429752349853516 -6.961958885192871
v -23.345407485961914 19.86802101135254 -6.962024688720703
v -23.496898651123047 19.864532470703125 0.0
v -23.49896812438965 19.426227569580078 0.0
v -23.346363067626953 19.429752349853516 6.961958885192871
v -23.345407485961914 19.86802101135254 6.962024688720703
v -23.06007194519043 19.87514877319336 14.555644035339355
v -23.058101654052734 19.436838150024414 14.555427551269531
v -22.412826538085938 19.435943603515625 17.632722854614258
v -22.419666290283203 19.889846801757812 17.63294219970703
v -21.798097610473633 19.45623016357422 18.638717651367188
v -21.81159782409668 19.90764617919922 18.63741683959961
v -21.798097610473633 19.45623016357422 18.638717651367188
v -21.81159782409668 19.90764617919922 18.63741683959961
v -20.83097267150879 19.951778411865234 19.048664093017578
v -20.808380126953125 19.497785568237305 19.05156707763672
v -19.9161376953125 19.992855072021484 18.836353302001953
v -19.88409423828125 19.55571746826172 18.83753776550293
v -12.97720718383789 20.11670684814453 15.477540016174316
v -13.026470184326172 20.5522403717041 15.481037139892578
v -7.533884525299072 21.322834014892578 13.20738697052002
v -7.45502233505249 20.89154052734375 13.199975967407227
v -0.594310998916626 22.362499237060547 10.430996894836426
v -0.7008920311927795 22.788042068481445 10.439153671264648
v 5.541764259338379 24.027721405029297 8.017309188842773
v 5.414179801940918 24.447540283203125 8.030802726745605
v 12.850326538085938 26.559917449951172 5.254043102264404
v 12.729619979858398 26.91828155517578 5.257169246673584
v 15.739601135253906 27.57337188720703 3.9346213340759277
v 15.589900970458984 27.920835494995117 3.9393582344055176
v 17.91413116455078 28.320594787597656 2.1024014949798584
v 17.759273529052734 28.701431274414062 2.1074624061584473
v 18.698843002319336 28.565412521362305 0.0
v 18.540102005004883 28.98736000061035 0.0
v 17.759273529052734 28.701431274414062 -2.1074624061584473
v 17.91413116455078 28.320594787597656 -2.1024014949798584
v 15.589900970458984 27.920835494995117 -3.9393582344055176
v 15.739601135253906 27.57337188720703 -3.9346213340759277
v 12.729619979858398 26.91828155517578 -5.257169246673584
v 12.850326538085938 26.559917449951172 -5.254043102264404
v 5.414179801940918 24.447540283203125 -8.030802726745605
v 5.541764259338379 24.027721405029297 -8.017309188842773
v -0.7008920311927795 22.788042068481445 -10.439153671264648
v -0.594310998916626 22.362499237060547 -10.430996894836426
v -7.533884525299072 21.322834014892578 -13.20738697052002
v -7.45502233505249 20.89154052734375 -13.199975967407227
v -12.97720718383789 20.11670684814453 -15.477540016174316
v -13.026470184326172 20.5522403717041 -15.481037139892578
v -19.9161376953125 19.992855072021484 -18.836353302001953
v -19.88409423828125 19.55571746826172 -18.83753776550293
v -20.808380126953125 19.497785568237305 -19.05156707763672
v -20.83097267150879 19.951778411865234 -19.048664093017578
v -21.798097610473633 19.45623016357422 -18.638717651367188
v -21.81159782409668 19.90764617919922 -18.63741683959961
v -24.666656494140625 19.853126525878906 21.08629608154297
v -21.81159782409668 19.90764617919922 18.63741683959961
v -22.419666290283203 19.889846801757812 17.63294219970703
v -25.40952491760254 19.85451316833496 20.00827980041504
v -23.06007194519043 19.87514877319336 14.555644035339355
v -25.946712493896484 19.871826171875 14.77957820892334
v -23.345407485961914 19.86802101135254 6.962024688720703
v -26.1812686920166 19.882253646850586 6.932772636413574
v -26.382707595825195 19.887414932250977 0.0
v -23.496898651123047 19.864532470703125 0.0
v -23.345407485961914 19.86802101135254 -6.962024688720703
v -26.1812686920166 19.882253646850586 -6.932772636413574
v -25.946712493896484 19.871826171875 -14.77957820892334
v -23.06007194519043 19.87514877319336 -14.555644035339355
v -25.40952491760254 19.85451316833496 -20.00827980041504
v -22.419666290283203 19.889846801757812 -17.63294219970703
v -24.666656494140625 19.853126525878906 -21.08629608154297
v -21.81159782409668 19.90764617919922 -18.63741683959961
v -23.233966827392578 19.437110900878906 21.648921966552734
v -24.662822723388672 19.40151596069336 21.083669662475586
v -21.798097610473633 19.45623016357422 18.638717651367188
v -21.449813842773438 19.495182037353516 21.1918888092041
v -20.808380126953125 19.497785568237305 19.05156707763672
v -19.88409423828125 19.55571746826172 18.83753776550293
v -19.46804428100586 19.58233642578125 20.31289291381836
v -12.32132625579834 20.162912368774414 16.75742530822754
v -12.97720718383789 20.11670684814453 15.477540016174316
v -6.852221965789795 20.967222213745117 14.51340103149414
v -7.45502233505249 20.89154052734375 13.199975967407227
v -0.594310998916626 22.362499237060547 10.430996894836426
v 0.0075830076821148396 22.480701446533203 11.707879066467285
v 6.129317760467529 24.162647247314453 9.270341873168945
v 5.541764259338379 24.027721405029297 8.017309188842773
v 12.850326538085938 26.559917449951172 5.254043102264404
v 13.843132019042969 26.760713577270508 6.302685260772705
v 15.739601135253906 27.57337188720703 3.9346213340759277
v 16.969470977783203 27.88107681274414 4.914541244506836
v 17.91413116455078 28.320594787597656 2.1024014949798584
v 19.967653274536133 28.8968505859375 2.7710256576538086
v 18.698843002319336 28.565412521362305 0.0
v 21.383298873901367 29.367313385009766 0.0
v 19.967653274536133 28.8968505859375 -2.7710256576538086
v 17.91413116455078 28.320594787597656 -2.1024014949798584
v 16.969470977783203 27.88107681274414 -4.914541244506836
v 15.739601135253906 27.57337188720703 -3.9346213340759277
v 13.843132019042969 26.760713577270508 -6.302685260772705
v 12.850326538085938 26.559917449951172 -5.254043102264404
v 6.129317760467529 24.162647247314453 -9.270341873168945
v 5.541764259338379 24.027721405029297 -8.017309188842773
v -0.594310998916626 22.362499237060547 -10.430996894836426
v 0.0075830076821148396 22.480701446533203 -11.707879066467285
v -6.852221965789795 20.967222213745117 -14.51340103149414
v -7.45502233505249 20.89154052734375 -13.199975967407227
v -12.97720718383789 20.11670684814453 -15.477540016174316
v -12.32132625579834 20.162912368774414 -16.75742530822754
v -19.88409423828125 19.55571746826172 -18.83753776550293
v -19.46804428100586 19.58233642578125 -20.31289291381836
v -21.449813842773438 19.495182037353516 -21.1918888092041
v -20.808380126953125 19.497785568237305 -19.05156707763672
v -21.798097610473633 19.45623016357422 -18.638717651367188
v -23.233966827392578 19.437110900878906 -21.648921966552734
v -24.662822723388672 19.40151596069336 -21.083669662475586
v -21.798097610473633 19.45623016357422 18.638717651367188
v -24.662822723388672 19.40151596069336 21.083669662475586
v -25.405864715576172 19.402992248535156 20.009342193603516
v -22.412826538085938 19.435943603515625 17.632722854614258
v -25.948108673095703 19.419918060302734 14.779536247253418
v -23.058101654052734 19.436838150024414 14.555427551269531
v -23.346363067626953 19.429752349853516 6.961958885192871
v -26.185434341430664 19.430400848388672 6.932705879211426
v -26.387475967407227 19.435546875 0.0
v -23.49896812438965 19.426227569580078 0.0
v -23.346363067626953 19.429752349853516 -6.961958885192871
v -26.185434341430664 19.430400848388672 -6.932705879211426
v -25.948108673095703 19.419918060302734 -14.779536247253418
v -23.058101654052734 19.436838150024414 -14.555427551269531
v -22.412826538085938 19.435943603515625 -17.632722854614258
v -25.405864715576172 19.402992248535156 -20.009342193603516
v -21.798097610473633 19.45623016357422 -18.638717651367188
v -24.662822723388672 19.40151596069336 -21.083669662475586
v -20.65450096130371 20.071035385131836 16.409452438354492
v -21.63394546508789 19.937108993530273 17.85807991027832
v -19.975624084472656 20.020837783813477 17.713638305664062
v -19.907882690429688 20.07471466064453 16.48377799987793
v -13.181678771972656 20.59575080871582 14.40114974975586
v -13.58918285369873 20.601783752441406 13.598325729370117
v -8.321642875671387 21.33685302734375 11.356505393981934
v -7.936319351196289 21.347522735595703 12.143814086914062
v -1.5457836389541626 22.784883499145508 8.570345878601074
v -1.1568145751953125 22.802453994750977 9.389564514160156
v 4.343326091766357 24.444055557250977 6.148176193237305
v 4.842636585235596 24.504297256469727 6.929121017456055
v 10.991277694702148 26.59307861328125 2.944169044494629
v 11.776975631713867 26.781394958496094 3.844456195831299
v 12.910530090332031 27.297536849975586 1.53508722782135
v 14.404983520507812 27.759458541870117 2.1681742668151855
v 13.772440910339355 27.62861442565918 0.0
v 15.59736442565918 28.23055648803711 0.0
v 14.404983520507812 27.759458541870117 -2.1681742668151855
v 12.910530090332031 27.297536849975586 -1.53508722782135
v 11.776975631713867 26.781394958496094 -3.844456195831299
v 10.991277694702148 26.59307861328125 -2.944169044494629
v 4.842636585235596 24.504297256469727 -6.929121017456055
v 4.343326091766357 24.444055557250977 -6.148176193237305
v -1.1568145751953125 22.802453994750977 -9.389564514160156
v -1.5457836389541626 22.784883499145508 -8.570345878601074
v -7.936319351196289 21.347522735595703 -12.143814086914062
v -8.321642875671387 21.33685302734375 -11.356505393981934
v -13.181678771972656 20.59575080871582 -14.40114974975586
v -13.58918285369873 20.601783752441406 -13.598325729370117
v -19.907882690429688 20.07471466064453 -16.48377799987793
v -19.975624084472656 20.020837783813477 -17.713638305664062
v -20.65450096130371 20.071035385131836 -16.409452438354492
v -21.63394546508789 19.937108993530273 -17.85807991027832
v -20.65450096130371 20.071035385131836 -16.409452438354492
v -21.63394546508789 19.937108993530273 -17.85807991027832
v -22.48080062866211 19.926206588745117 -16.639904022216797
v -21.05239486694336 20.076589584350586 -15.807587623596191
v -22.721872329711914 19.933515548706055 -15.414363861083984
v -21.33614730834961 20.082420349121094 -14.832552909851074
v -22.923864364624023 19.9425106048584 -13.504164695739746
v -21.57036590576172 20.093645095825195 -13.15246868133545
v -23.061927795410156 19.964780807495117 -11.072493553161621
v -21.59710693359375 20.11961555480957 -10.749488830566406
v -23.242530822753906 19.983779907226562 -5.057459354400635
v -21.932836532592773 20.141311645507812 -4.805300235748291
v -23.28496742248535 19.96147918701172 0.0
v -22.098018646240234 20.137849807739258 0.0
v -21.932836532592773 20.141311645507812 4.805300235748291
v -23.242530822753906 19.983779907226562 5.057459354400635
v -21.59710693359375 20.11961555480957 10.749488830566406
v -23.061927795410156 19.964780807495117 11.072493553161621
v -21.57036590576172 20.093645095825195 13.15246868133545
v -22.923864364624023 19.9425106048584 13.504164695739746
v -21.33614730834961 20.082420349121094 14.832552909851074
v -22.721872329711914 19.933515548706055 15.414363861083984
v -21.05239486694336 20.076589584350586 15.807587623596191
v -22.48080062866211 19.926206588745117 16.639904022216797
v -20.65450096130371 20.071035385131836 16.409452438354492
v -21.63394546508789 19.937108993530273 17.85807991027832
v -21.63394546508789 19.937108993530273 -17.85807991027832
v -21.650686264038086 19.712039947509766 -17.893848419189453
v -22.50320816040039 19.693923950195312 -16.645755767822266
v -22.48080062866211 19.926206588745117 -16.639904022216797
v -22.743356704711914 19.700368881225586 -15.416464805603027
v -22.721872329711914 19.933515548706055 -15.414363861083984
v -22.944257736206055 19.705686569213867 -13.50505256652832
v -22.923864364624023 19.9425106048584 -13.504164695739746
v -23.079124450683594 19.679637908935547 -11.07188606262207
v -23.061927795410156 19.964780807495117 -11.072493553161621
v -23.256084442138672 19.65732192993164 -5.056377410888672
v -23.242530822753906 19.983779907226562 -5.057459354400635
v -23.29668426513672 19.59723663330078 0.0
v -23.28496742248535 19.96147918701172 0.0
v -23.242530822753906 19.983779907226562 5.057459354400635
v -23.256084442138672 19.65732192993164 5.056377410888672
v -23.061927795410156 19.964780807495117 11.072493553161621
v -23.079124450683594 19.679637908935547 11.07188606262207
v -22.923864364624023 19.9425106048584 13.504164695739746
v -22.944257736206055 19.705686569213867 13.50505256652832
v -22.721872329711914 19.933515548706055 15.414363861083984
v -22.743356704711914 19.700368881225586 15.416464805603027
v -22.48080062866211 19.926206588745117 16.639904022216797
v -22.50320816040039 19.693923950195312 16.645755767822266
v -21.63394546508789 19.937108993530273 17.85807991027832
v -21.650686264038086 19.712039947509766 17.893848419189453
v -20.62852668762207 19.80379295349121 -16.368267059326172
v -20.65450096130371 20.071035385131836 -16.409452438354492
v -21.05239486694336 20.076589584350586 -15.807587623596191
v -21.005815505981445 19.783649444580078 -15.789254188537598
v -21.33614730834961 20.082420349121094 -14.832552909851074
v -21.285982131958008 19.774629592895508 -14.821680068969727
v -21.57036590576172 20.093645095825195 -13.15246868133545
v -21.485090255737305 19.808788299560547 -13.140830039978027
v -21.50333595275879 19.826189041137695 -10.850224494934082
v -21.59710693359375 20.11961555480957 -10.749488830566406
v -20.65450096130371 20.071035385131836 -16.409452438354492
v -20.62852668762207 19.80379295349121 -16.368267059326172
v -19.91524314880371 19.850204467773438 -16.438364028930664
v -19.907882690429688 20.07471466064453 -16.48377799987793
v -13.599905014038086 20.31601905822754 -13.5624418258667
v -13.58918285369873 20.601783752441406 -13.598325729370117
v -8.32349681854248 21.07939910888672 -11.32051944732666
v -8.321642875671387 21.33685302734375 -11.356505393981934
v -1.542778491973877 22.440412521362305 -8.53305721282959
v -1.5457836389541626 22.784883499145508 -8.570345878601074
v 4.358717441558838 24.062694549560547 -6.103918075561523
v 4.343326091766357 24.444055557250977 -6.148176193237305
v 10.991277694702148 26.59307861328125 -2.944169044494629
v 11.008689880371094 26.283830642700195 -2.902050256729126
v 12.92144775390625 26.939861297607422 -1.5062315464019775
v 12.910530090332031 27.297536849975586 -1.53508722782135
v 13.773981094360352 27.269834518432617 0.0
v 13.772440910339355 27.62861442565918 0.0
v 2.780935049057007 20.894851684570312 -14.669327735900879
v 2.3030052185058594 22.613746643066406 -14.794472694396973
v -6.537238121032715 19.852252960205078 -16.055627822875977
v -6.079378128051758 18.278623580932617 -16.002092361450195
v -12.347044944763184 17.969329833984375 -16.772287368774414
v -11.88484001159668 16.41382598876953 -16.692176818847656
v -14.601271629333496 17.18671226501465 -17.021547317504883
v -14.118668556213379 15.621050834655762 -16.930715560913086
v -16.809532165527344 16.404869079589844 -17.175491333007812
v -14.601271629333496 17.18671226501465 -17.021547317504883
v -14.118668556213379 15.621050834655762 -16.930715560913086
v -14.118668556213379 15.621050834655762 -16.930715560913086
v -16.31947898864746 14.836597442626953 -17.071630477905273
v -16.809532165527344 16.404869079589844 -17.175491333007812
v -16.31947898864746 14.836597442626953 -17.071630477905273
v -16.809532165527344 16.404869079589844 -17.175491333007812
v -18.300312042236328 14.172636985778809 -17.000215530395508
v -18.300312042236328 14.172636985778809 -17.000215530395508
v -18.786787033081055 15.699518203735352 -17.036176681518555
v -16.809532165527344 16.404869079589844 -17.175491333007812
v -18.786787033081055 15.699518203735352 -17.036176681518555
v -18.300312042236328 14.172636985778809 -17.000215530395508
v -20.2803897857666 13.501272201538086 -15.986955642700195
v -20.2803897857666 13.501272201538086 -15.986955642700195
v -20.707157135009766 15.037248611450195 -16.01378059387207
v -18.786787033081055 15.699518203735352 -17.036176681518555
v -22.057846069335938 14.767882347106934 -14.576699256896973
v -20.707157135009766 15.037248611450195 -16.01378059387207
v -20.2803897857666 13.501272201538086 -15.986955642700195
v -20.2803897857666 13.501272201538086 -15.986955642700195
v -21.592836380004883 13.209321975708008 -14.477009773254395
v -22.057846069335938 14.767882347106934 -14.576699256896973
v -23.575902938842773 12.91873550415039 -10.906407356262207
v -23.575902938842773 12.91873550415039 -10.906407356262207
v -24.00396728515625 14.465180397033691 -11.000414848327637
v -22.057846069335938 14.767882347106934 -14.576699256896973
v -26.048423767089844 12.837264060974121 -5.174867630004883
v -24.00396728515625 14.465180397033691 -11.000414848327637
v -23.575902938842773 12.91873550415039 -10.906407356262207
v -26.44963836669922 14.358052253723145 -5.257112979888916
v -26.048423767089844 12.837264060974121 -5.174867630004883
v -24.00396728515625 14.465180397033691 -11.000414848327637
v -28.29219627380371 14.333757400512695 0.0
v -26.048423767089844 12.837264060974121 -5.174867630004883
v -27.912458419799805 12.904869079589844 2.1653562969103143e-15
v -28.29219627380371 14.333757400512695 2.1071166407977135e-15
v -28.29219627380371 14.333757400512695 -8.812747835426475e-16
v -27.912458419799805 12.904869079589844 -8.403653156517513e-16
v -26.048423767089844 12.837264060974121 5.174867630004883
v -26.048423767089844 12.837264060974121 5.174867630004883
v -26.44963836669922 14.358052253723145 5.257112979888916
v -28.29219627380371 14.333757400512695 -3.9081464911602977e-16
v -24.00396728515625 14.465180397033691 11.000414848327637
v -26.44963836669922 14.358052253723145 5.257112979888916
v -26.048423767089844 12.837264060974121 5.174867630004883
v -26.048423767089844 12.837264060974121 5.174867630004883
v -24.00396728515625 14.465180397033691 11.000414848327637
v -23.575902938842773 12.91873550415039 10.906407356262207
v -22.057846069335938 14.767882347106934 14.576699256896973
v -24.00396728515625 14.465180397033691 11.000414848327637
v -23.575902938842773 12.91873550415039 10.906407356262207
v -23.575902938842773 12.91873550415039 10.906407356262207
v -21.592836380004883 13.209321975708008 14.477009773254395
v -22.057846069335938 14.767882347106934 14.576699256896973
v -20.2803897857666 13.501272201538086 15.986955642700195
v -20.2803897857666 13.501272201538086 15.986955642700195
v -20.707157135009766 15.037248611450195 16.01378059387207
v -22.057846069335938 14.767882347106934 14.576699256896973
v -18.786787033081055 15.699518203735352 17.036176681518555
v -20.707157135009766 15.037248611450195 16.01378059387207
v -20.2803897857666 13.501272201538086 15.986955642700195
v -20.2803897857666 13.501272201538086 15.986955642700195
v -18.786787033081055 15.699518203735352 17.036176681518555
v -18.300312042236328 14.172636985778809 17.000215530395508
v -16.809532165527344 16.404869079589844 17.175491333007812
v -18.786787033081055 15.699518203735352 17.036176681518555
v -18.300312042236328 14.172636985778809 17.000215530395508
v -18.300312042236328 14.172636985778809 17.000215530395508
v -16.31947898864746 14.836597442626953 17.071630477905273
v -16.809532165527344 16.404869079589844 17.175491333007812
v -16.809532165527344 16.404869079589844 17.175491333007812
v -16.31947898864746 14.836597442626953 17.071630477905273
v -14.118668556213379 15.621050834655762 16.930715560913086
v -14.118668556213379 15.621050834655762 16.930715560913086
v -14.601271629333496 17.18671226501465 17.021547317504883
v -16.809532165527344 16.404869079589844 17.175491333007812
v -14.601271629333496 17.18671226501465 17.021547317504883
v -14.118668556213379 15.621050834655762 16.930715560913086
v -11.88484001159668 16.41382598876953 16.692176818847656
v -11.88484001159668 16.41382598876953 16.692176818847656
v -14.601271629333496 17.18671226501465 17.021547317504883
v -12.347044944763184 17.969329833984375 16.772287368774414
v -12.347044944763184 17.969329833984375 16.772287368774414
v -11.88484001159668 16.41382598876953 16.692176818847656
v -6.079378128051758 18.278623580932617 16.002092361450195
v -6.079378128051758 18.278623580932617 16.002092361450195
v -6.537238121032715 19.852252960205078 16.055627822875977
v -12.347044944763184 17.969329833984375 16.772287368774414
v -6.537238121032715 19.852252960205078 16.055627822875977
v -6.079378128051758 18.278623580932617 16.002092361450195
v 2.780935049057007 20.894851684570312 14.669327735900879
v -6.537238121032715 19.852252960205078 16.055627822875977
v 2.780935049057007 20.894851684570312 14.669327735900879
v 2.3030052185058594 22.613746643066406 14.794472694396973
v 2.9248602390289307 20.887004852294922 -15.566581726074219
v 2.780935049057007 20.894851684570312 -14.669327735900879
v -6.079378128051758 18.278623580932617 -16.002092361450195
v -5.7932305335998535 18.301959991455078 -17.024995803833008
v -11.88484001159668 16.41382598876953 -16.692176818847656
v -11.463624954223633 16.463443756103516 -17.798681259155273
v -14.118668556213379 15.621050834655762 -16.930715560913086
v -13.568815231323242 15.713457107543945 -18.089792251586914
v -16.31947898864746 14.836597442626953 -17.071630477905273
v -16.21807098388672 14.700520515441895 -18.309724807739258
v -18.300312042236328 14.172636985778809 -17.000215530395508
v -18.50428009033203 13.85842514038086 -18.184860229492188
v -21.077880859375 12.937701225280762 -17.033145904541016
v -20.2803897857666 13.501272201538086 -15.986955642700195
v -21.592836380004883 13.209321975708008 -14.477009773254395
v -22.741235733032227 12.546817779541016 -15.31123161315918
v -24.91037368774414 12.286020278930664 -11.541854858398438
v -23.575902938842773 12.91873550415039 -10.906407356262207
v -27.599111557006836 12.22538948059082 -5.560451984405518
v -26.048423767089844 12.837264060974121 -5.174867630004883
v -27.912458419799805 12.904869079589844 0.0
v -29.56667709350586 12.291423797607422 0.0
v -27.599111557006836 12.22538948059082 5.560451984405518
v -26.048423767089844 12.837264060974121 5.174867630004883
v -23.575902938842773 12.91873550415039 10.906407356262207
v -24.91037368774414 12.286020278930664 11.541854858398438
v -21.592836380004883 13.209321975708008 14.477009773254395
v -22.741235733032227 12.546817779541016 15.31123161315918
v -21.077880859375 12.937701225280762 17.033145904541016
v -20.2803897857666 13.501272201538086 15.986955642700195
v -18.300312042236328 14.172636985778809 17.000215530395508
v -18.50428009033203 13.85842514038086 18.184860229492188
v -16.21807098388672 14.700520515441895 18.309724807739258
v -16.31947898864746 14.836597442626953 17.071630477905273
v -13.568815231323242 15.713457107543945 18.089792251586914
v -14.118668556213379 15.621050834655762 16.930715560913086
v -11.463624954223633 16.463443756103516 17.798681259155273
v -11.88484001159668 16.41382598876953 16.692176818847656
v -5.7932305335998535 18.301959991455078 17.024995803833008
v -6.079378128051758 18.278623580932617 16.002092361450195
v 2.9248602390289307 20.887004852294922 15.566581726074219
v 2.780935049057007 20.894851684570312 14.669327735900879
v 2.456535816192627 22.570737838745117 -15.741161346435547
v 2.3030052185058594 22.613746643066406 -14.794472694396973
v 10.664855003356934 25.064422607421875 -13.512969970703125
v 10.765828132629395 24.96164894104004 -14.516024589538574
v 15.67459774017334 26.56920051574707 -12.727473258972168
v 15.749449729919434 26.42336082458496 -13.756194114685059
v 18.589845657348633 27.587339401245117 -12.237162590026855
v 18.8183650970459 27.4593563079834 -13.317789077758789
v 20.889257431030273 28.414125442504883 -11.525948524475098
v 21.465240478515625 28.36760139465332 -12.575416564941406
v 22.994245529174805 29.2630558013916 -10.35092544555664
v 23.83381462097168 29.267871856689453 -11.413721084594727
v 24.95342254638672 30.151321411132812 -8.758756637573242
v 26.049285888671875 30.24289894104004 -9.767179489135742
v 27.48948860168457 31.13019561767578 -7.608529567718506
v 26.23566246032715 30.901657104492188 -6.813261985778809
v 27.19849967956543 31.571693420410156 -4.655271053314209
v 28.548585891723633 31.9374942779541 -5.1817426681518555
v 27.899898529052734 32.152793884277344 -2.331247568130493
v 29.346858978271484 32.624942779541016 -2.6620771884918213
v 28.19753074645996 32.46467590332031 0.0
v 29.625362396240234 32.95860290527344 0.0
v 29.346858978271484 32.624942779541016 2.6620771884918213
v 27.899898529052734 32.152793884277344 2.331247568130493
v 28.548585891723633 31.9374942779541 5.1817426681518555
v 27.19849967956543 31.571693420410156 4.655271053314209
v 27.48948860168457 31.13019561767578 7.608529567718506
v 26.23566246032715 30.901657104492188 6.813261985778809
v 24.95342254638672 30.151321411132812 8.758756637573242
v 26.049285888671875 30.24289894104004 9.767179489135742
v 23.83381462097168 29.267871856689453 11.413721084594727
v 22.994245529174805 29.2630558013916 10.35092544555664
v 21.465240478515625 28.36760139465332 12.575416564941406
v 20.889257431030273 28.414125442504883 11.525948524475098
v 18.8183650970459 27.4593563079834 13.317789077758789
v 18.589845657348633 27.587339401245117 12.237162590026855
v 15.749449729919434 26.42336082458496 13.756194114685059
v 15.67459774017334 26.56920051574707 12.727473258972168
v 10.765828132629395 24.96164894104004 14.516024589538574
v 10.664855003356934 25.064422607421875 13.512969970703125
v 2.456535816192627 22.570737838745117 15.741161346435547
v 2.3030052185058594 22.613746643066406 14.794472694396973
v 2.9248602390289307 20.887004852294922 -15.566581726074219
v 2.456535816192627 22.570737838745117 -15.741161346435547
v 10.765828132629395 24.96164894104004 -14.516024589538574
v 11.230807304382324 23.307382583618164 -14.28547191619873
v 15.749449729919434 26.42336082458496 -13.756194114685059
v 16.186704635620117 24.88676643371582 -13.497604370117188
v 19.26255989074707 25.900985717773438 -13.013711929321289
v 18.8183650970459 27.4593563079834 -13.317789077758789
v 21.910541534423828 26.76608657836914 -12.236234664916992
v 21.465240478515625 28.36760139465332 -12.575416564941406
v 24.26543617248535 27.654048919677734 -11.054204940795898
v 23.83381462097168 29.267871856689453 -11.413721084594727
v 26.491161346435547 28.623004913330078 -9.398770332336426
v 26.049285888671875 30.24289894104004 -9.767179489135742
v 27.94245147705078 29.501178741455078 -7.307682514190674
v 27.48948860168457 31.13019561767578 -7.608529567718506
v 28.548585891723633 31.9374942779541 -5.1817426681518555
v 29.03369903564453 30.305282592773438 -4.957174777984619
v 29.346858978271484 32.624942779541016 -2.6620771884918213
v 29.857057571411133 30.975873947143555 -2.532226800918579
v 29.625362396240234 32.95860290527344 0.0
v 30.119245529174805 31.287973403930664 0.0
v 29.857057571411133 30.975873947143555 2.532226800918579
v 29.346858978271484 32.624942779541016 2.6620771884918213
v 29.03369903564453 30.305282592773438 4.957174777984619
v 28.548585891723633 31.9374942779541 5.1817426681518555
v 27.94245147705078 29.501178741455078 7.307682514190674
v 27.48948860168457 31.13019561767578 7.608529567718506
v 26.049285888671875 30.24289894104004 9.767179489135742
v 26.491161346435547 28.623004913330078 9.398770332336426
v 23.83381462097168 29.267871856689453 11.413721084594727
v 24.26543617248535 27.654048919677734 11.054204940795898
v 21.465240478515625 28.36760139465332 12.575416564941406
v 21.910541534423828 26.76608657836914 12.236234664916992
v 18.8183650970459 27.4593563079834 13.317789077758789
v 19.26255989074707 25.900985717773438 13.013711929321289
v 15.749449729919434 26.42336082458496 13.756194114685059
v 16.186704635620117 24.88676643371582 13.497604370117188
v 11.230807304382324 23.307382583618164 14.28547191619873
v 10.765828132629395 24.96164894104004 14.516024589538574
v 2.9248602390289307 20.887004852294922 15.566581726074219
v 2.456535816192627 22.570737838745117 15.741161346435547
v 15.624367713928223 20.61609649658203 -32.248722076416016
v 15.453145980834961 22.402311325073242 -32.82010269165039
v 12.960772514343262 21.12787437438965 -36.79074478149414
v 13.030242919921875 19.312679290771484 -36.168113708496094
v 10.771108627319336 20.206035614013672 -39.77769088745117
v 12.960772514343262 21.12787437438965 -36.79074478149414
v 13.030242919921875 19.312679290771484 -36.168113708496094
v 13.030242919921875 19.312679290771484 -36.168113708496094
v 10.788204193115234 18.4704532623291 -39.15769958496094
v 10.771108627319336 20.206035614013672 -39.77769088745117
v 10.771108627319336 20.206035614013672 -39.77769088745117
v 10.788204193115234 18.4704532623291 -39.15769958496094
v 8.909170150756836 17.980520248413086 -41.327552795410156
v 8.909170150756836 17.980520248413086 -41.327552795410156
v 8.937577247619629 19.669658660888672 -41.86861801147461
v 10.771108627319336 20.206035614013672 -39.77769088745117
v 6.779327869415283 17.801246643066406 -42.8292350769043
v 8.937577247619629 19.669658660888672 -41.86861801147461
v 8.909170150756836 17.980520248413086 -41.327552795410156
v 6.81013822555542 19.496604919433594 -43.256385803222656
v 6.779327869415283 17.801246643066406 -42.8292350769043
v 8.937577247619629 19.669658660888672 -41.86861801147461
v 4.678922176361084 17.902429580688477 -43.011314392089844
v 6.81013822555542 19.496604919433594 -43.256385803222656
v 6.779327869415283 17.801246643066406 -42.8292350769043
v 4.720826625823975 19.60077476501465 -43.35536193847656
v 2.653642416000366 19.728918075561523 -42.90941619873047
v 4.678922176361084 17.902429580688477 -43.011314392089844
v 6.81013822555542 19.496604919433594 -43.256385803222656
v 2.7379133701324463 18.04703712463379 -42.62956619262695
v 4.678922176361084 17.902429580688477 -43.011314392089844
v 2.653642416000366 19.728918075561523 -42.90941619873047
v 2.653642416000366 19.728918075561523 -42.90941619873047
v 2.7379133701324463 18.04703712463379 -42.62956619262695
v 0.24909883737564087 19.674793243408203 -41.501991271972656
v 2.7379133701324463 18.04703712463379 -42.62956619262695
v 0.46729379892349243 17.95917320251465 -41.2668342590332
v 0.24909883737564087 19.674793243408203 -41.501991271972656
v 0.24909883737564087 19.674793243408203 -41.501991271972656
v 0.46729379892349243 17.95917320251465 -41.2668342590332
v -2.4820010662078857 17.454761505126953 -38.796775817871094
v -2.4820010662078857 17.454761505126953 -38.796775817871094
v -2.8185031414031982 19.2293758392334 -39.02186584472656
v 0.24909883737564087 19.674793243408203 -41.501991271972656
v -2.8185031414031982 19.2293758392334 -39.02186584472656
v -6.222795486450195 18.477367401123047 -35.517826080322266
v -2.4820010662078857 17.454761505126953 -38.796775817871094
v -2.4820010662078857 17.454761505126953 -38.796775817871094
v -6.222795486450195 18.477367401123047 -35.517826080322266
v -5.833406448364258 16.658340454101562 -35.6963996887207
v -9.423150062561035 17.738773345947266 -32.04435729980469
v -6.222795486450195 18.477367401123047 -35.517826080322266
v -5.833406448364258 16.658340454101562 -35.6963996887207
v -5.833406448364258 16.658340454101562 -35.6963996887207
v -9.080644607543945 15.85415267944336 -31.84844207763672
v -9.423150062561035 17.738773345947266 -32.04435729980469
v -12.04125690460205 17.06270980834961 -28.795560836791992
v -9.423150062561035 17.738773345947266 -32.04435729980469
v -9.080644607543945 15.85415267944336 -31.84844207763672
v -9.080644607543945 15.85415267944336 -31.84844207763672
v -11.559686660766602 15.245731353759766 -28.502565383911133
v -12.04125690460205 17.06270980834961 -28.795560836791992
v -13.295670509338379 16.78186798095703 -26.598289489746094
v -12.04125690460205 17.06270980834961 -28.795560836791992
v -11.559686660766602 15.245731353759766 -28.502565383911133
v -11.559686660766602 15.245731353759766 -28.502565383911133
v -12.82005786895752 14.966139793395996 -26.254064559936523
v -13.295670509338379 16.78186798095703 -26.598289489746094
v -13.295670509338379 16.78186798095703 -26.598289489746094
v -12.82005786895752 14.966139793395996 -26.254064559936523
v -12.877348899841309 15.157939910888672 -24.726396560668945
v -12.877348899841309 15.157939910888672 -24.726396560668945
v -13.340193748474121 16.952865600585938 -25.078994750976562
v -13.295670509338379 16.78186798095703 -26.598289489746094
v -12.382224082946777 17.427846908569336 -23.430667877197266
v -13.340193748474121 16.952865600585938 -25.078994750976562
v -12.877348899841309 15.157939910888672 -24.726396560668945
v -12.877348899841309 15.157939910888672 -24.726396560668945
v -12.382224082946777 17.427846908569336 -23.430667877197266
v -11.949182510375977 15.661617279052734 -23.05986976623535
v -10.605785369873047 18.099870681762695 -22.2624454498291
v -12.382224082946777 17.427846908569336 -23.430667877197266
v -11.949182510375977 15.661617279052734 -23.05986976623535
v -11.949182510375977 15.661617279052734 -23.05986976623535
v -10.605785369873047 18.099870681762695 -22.2624454498291
v -10.19594669342041 16.38408851623535 -21.872966766357422
v -10.19594669342041 16.38408851623535 -21.872966766357422
v -4.9792914390563965 18.179737091064453 -20.440105438232422
v -5.361347675323486 19.83546257019043 -20.84097671508789
v -10.605785369873047 18.099870681762695 -22.2624454498291
v 15.453145980834961 22.402311325073242 -32.82010269165039
v 15.624367713928223 20.61609649658203 -32.248722076416016
v 17.587841033935547 21.808237075805664 -28.97971534729004
v 15.453145980834961 22.402311325073242 -32.82010269165039
v 17.31577491760254 23.580028533935547 -29.55414390563965
v 17.587841033935547 21.808237075805664 -28.97971534729004
v 19.294599533081055 22.907455444335938 -26.063013076782227
v 17.587841033935547 21.808237075805664 -28.97971534729004
v 17.31577491760254 23.580028533935547 -29.55414390563965
v 17.31577491760254 23.580028533935547 -29.55414390563965
v 18.95819664001465 24.64833641052246 -26.60321617126465
v 19.294599533081055 22.907455444335938 -26.063013076782227
v 19.294599533081055 22.907455444335938 -26.063013076782227
v 18.95819664001465 24.64833641052246 -26.60321617126465
v 20.714311599731445 23.938072204589844 -23.276893615722656
v 20.714311599731445 23.938072204589844 -23.276893615722656
v 18.95819664001465 24.64833641052246 -26.60321617126465
v 20.334428787231445 25.63654327392578 -23.78306007385254
v 21.06509780883789 24.562259674072266 -21.14602279663086
v 20.714311599731445 23.938072204589844 -23.276893615722656
v 20.334428787231445 25.63654327392578 -23.78306007385254
v 20.334428787231445 25.63654327392578 -23.78306007385254
v 20.637643814086914 26.222267150878906 -21.70002555847168
v 20.160594940185547 26.519092559814453 -19.953067779541016
v 21.06509780883789 24.562259674072266 -21.14602279663086
v 20.586990356445312 24.8955020904541 -19.443561553955078
v 19.058822631835938 24.706344604492188 -18.46605682373047
v 20.160594940185547 26.519092559814453 -19.953067779541016
v 21.06509780883789 24.562259674072266 -21.14602279663086
v 18.657535552978516 26.32980728149414 -18.973310470581055
v 20.160594940185547 26.519092559814453 -19.953067779541016
v 19.058822631835938 24.706344604492188 -18.46605682373047
v 19.058822631835938 24.706344604492188 -18.46605682373047
v 18.657535552978516 26.32980728149414 -18.973310470581055
v 16.472021102905273 24.088375091552734 -17.929237365722656
v 18.657535552978516 26.32980728149414 -18.973310470581055
v 16.09882164001465 25.70855140686035 -18.4188232421875
v 16.472021102905273 24.088375091552734 -17.929237365722656
v 11.494123458862305 22.783552169799805 -17.953617095947266
v 16.472021102905273 24.088375091552734 -17.929237365722656
v 16.09882164001465 25.70855140686035 -18.4188232421875
v 16.09882164001465 25.70855140686035 -18.4188232421875
v 11.12548828125 24.45102882385254 -18.41674041748047
v 11.494123458862305 22.783552169799805 -17.953617095947266
v 11.494123458862305 22.783552169799805 -17.953617095947266
v 11.12548828125 24.45102882385254 -18.41674041748047
v 3.0211291313171387 22.299283981323242 -19.350095748901367
v 3.398972988128662 20.61304473876953 -18.921890258789062
v -4.9792914390563965 18.179737091064453 -20.440105438232422
v -5.361347675323486 19.83546257019043 -20.84097671508789
v -5.201632022857666 18.26751136779785 -19.571672439575195
v -4.9792914390563965 18.179737091064453 -20.440105438232422
v 3.398972988128662 20.61304473876953 -18.921890258789062
v 3.2396340370178223 20.722965240478516 -18.044231414794922
v 11.494123458862305 22.783552169799805 -17.953617095947266
v 11.400689125061035 22.953510284423828 -17.114280700683594
v 16.472021102905273 24.088375091552734 -17.929237365722656
v 16.477519989013672 24.362518310546875 -16.902435302734375
v 19.058822631835938 24.706344604492188 -18.46605682373047
v 19.485910415649414 25.115421295166016 -17.31452751159668
v 21.784236907958984 25.429922103881836 -18.656097412109375
v 20.586990356445312 24.8955020904541 -19.443561553955078
v 21.06509780883789 24.562259674072266 -21.14602279663086
v 22.584753036499023 24.929452896118164 -21.118854522705078
v 20.714311599731445 23.938072204589844 -23.276893615722656
v 22.029067993164062 24.041818618774414 -23.768428802490234
v 19.294599533081055 22.907455444335938 -26.063013076782227
v 20.549020767211914 22.884017944335938 -26.705978393554688
v 18.818092346191406 21.68294906616211 -29.654775619506836
v 17.587841033935547 21.808237075805664 -28.97971534729004
v 15.624367713928223 20.61609649658203 -32.248722076416016
v 16.83086395263672 20.381704330444336 -32.93227767944336
v 16.77570152282715 22.011587142944336 -33.52125930786133
v 15.453145980834961 22.402311325073242 -32.82010269165039
v 17.31577491760254 23.580028533935547 -29.55414390563965
v 18.70838165283203 23.347984313964844 -30.177059173583984
v 18.95819664001465 24.64833641052246 -26.60321617126465
v 20.422767639160156 24.594587326049805 -27.070951461791992
v 21.84075927734375 25.763641357421875 -24.03739356994629
v 20.334428787231445 25.63654327392578 -23.78306007385254
v 22.424589157104492 26.662527084350586 -21.26491928100586
v 20.637643814086914 26.222267150878906 -21.70002555847168
v 21.658063888549805 27.052709579467773 -18.94632911682129
v 20.160594940185547 26.519092559814453 -19.953067779541016
v 18.657535552978516 26.32980728149414 -18.973310470581055
v 19.12070083618164 26.67741584777832 -17.740238189697266
v 16.09882164001465 25.70855140686035 -18.4188232421875
v 16.011119842529297 25.86313247680664 -17.379472732543945
v 11.035979270935059 24.547239303588867 -17.544376373291016
v 11.12548828125 24.45102882385254 -18.41674041748047
v 2.8685383796691895 22.346450805664062 -18.46407699584961
v 3.0211291313171387 22.299283981323242 -19.350095748901367
v -5.361347675323486 19.83546257019043 -20.84097671508789
v -5.613470554351807 19.838294982910156 -19.92267417907715
v -5.613470554351807 19.838294982910156 -19.92267417907715
v -5.361347675323486 19.83546257019043 -20.84097671508789
v -10.605785369873047 18.099870681762695 -22.2624454498291
v -10.975181579589844 18.071352005004883 -21.192237854003906
v -12.382224082946777 17.427846908569336 -23.430667877197266
v -13.380517959594727 17.11642074584961 -22.588945388793945
v -13.340193748474121 16.952865600585938 -25.078994750976562
v -14.817219734191895 16.291606903076172 -24.917678833007812
v -14.678617477416992 16.111148834228516 -26.664249420166016
v -13.295670509338379 16.78186798095703 -26.598289489746094
v -13.1968355178833 16.433048248291016 -29.3693790435791
v -12.04125690460205 17.06270980834961 -28.795560836791992
v -9.423150062561035 17.738773345947266 -32.04435729980469
v -10.26817512512207 17.248504638671875 -33.02583312988281
v -6.222795486450195 18.477367401123047 -35.517826080322266
v -7.04749870300293 18.091142654418945 -36.55897521972656
v -2.8185031414031982 19.2293758392334 -39.02186584472656
v -3.62288498878479 18.96652603149414 -40.130062103271484
v 0.24909883737564087 19.674793243408203 -41.501991271972656
v -0.5293063521385193 19.533700942993164 -42.64163589477539
v 2.653642416000366 19.728918075561523 -42.90941619873047
v 2.1989245414733887 19.614900588989258 -44.246952056884766
v 4.720826625823975 19.60077476501465 -43.35536193847656
v 4.787196636199951 19.23857879638672 -44.866249084472656
v 7.359738349914551 18.845842361450195 -44.686553955078125
v 6.81013822555542 19.496604919433594 -43.256385803222656
v 8.937577247619629 19.669658660888672 -41.86861801147461
v 9.926226615905762 18.834917068481445 -43.000152587890625
v 10.771108627319336 20.206035614013672 -39.77769088745117
v 12.09194278717041 19.481746673583984 -40.569087982177734
v 14.2863187789917 20.582130432128906 -37.433990478515625
v 12.960772514343262 21.12787437438965 -36.79074478149414
v 16.77570152282715 22.011587142944336 -33.52125930786133
v 15.453145980834961 22.402311325073242 -32.82010269165039
v -5.201632022857666 18.26751136779785 -19.571672439575195
v -5.613470554351807 19.838294982910156 -19.92267417907715
v -10.975181579589844 18.071352005004883 -21.192237854003906
v -10.630780220031738 16.41140365600586 -20.79592514038086
v -13.380517959594727 17.11642074584961 -22.588945388793945
v -12.947757720947266 15.459121704101562 -22.211986541748047
v -14.817219734191895 16.291606903076172 -24.917678833007812
v -14.199333190917969 14.703106880187988 -24.584150314331055
v -14.678617477416992 16.111148834228516 -26.664249420166016
v -14.084753036499023 14.451740264892578 -26.553773880004883
v -13.1968355178833 16.433048248291016 -29.3693790435791
v -12.650206565856934 14.76326847076416 -29.23401641845703
v -10.26817512512207 17.248504638671875 -33.02583312988281
v -9.949785232543945 15.522334098815918 -32.68193817138672
v -6.772910118103027 16.36942481994629 -36.24829864501953
v -7.04749870300293 18.091142654418945 -36.55897521972656
v -3.3920977115631104 17.253173828125 -39.85447692871094
v -3.62288498878479 18.96652603149414 -40.130062103271484
v -0.5293063521385193 19.533700942993164 -42.64163589477539
v -0.4445599615573883 17.836885452270508 -42.35330581665039
v 2.170069456100464 17.977479934692383 -43.914730072021484
v 2.1989245414733887 19.614900588989258 -44.246952056884766
v 4.787196636199951 19.23857879638672 -44.866249084472656
v 4.825629711151123 17.664382934570312 -44.397891998291016
v 7.359738349914551 18.845842361450195 -44.686553955078125
v 7.34583044052124 17.394521713256836 -44.09117889404297
v 9.926226615905762 18.834917068481445 -43.000152587890625
v 9.838830947875977 17.467296600341797 -42.314697265625
v 12.09194278717041 19.481746673583984 -40.569087982177734
v 11.960580825805664 18.033872604370117 -39.827816009521484
v 14.2863187789917 20.582130432128906 -37.433990478515625
v 14.190396308898926 18.945011138916016 -36.867733001708984
v 16.77570152282715 22.011587142944336 -33.52125930786133
v 16.83086395263672 20.381704330444336 -32.93227767944336
v 21.557422637939453 28.30144500732422 -12.170916557312012
v 21.674449920654297 26.923017501831055 -18.98091697692871
v 19.157512664794922 26.352853775024414 -17.72100830078125
v 18.93514060974121 27.337610244750977 -13.173836708068848
v 16.024032592773438 25.714887619018555 -17.36542510986328
v 15.693449974060059 26.247652053833008 -13.668664932250977
v 11.048036575317383 24.39967155456543 -17.521831512451172
v 10.743305206298828 24.72163200378418 -14.443504333496094
v 2.537534713745117 22.30398178100586 -15.742497444152832
v 3.040546417236328 22.13541603088379 -18.67074203491211
v -5.610142707824707 19.689285278320312 -19.911935806274414
v -6.311433792114258 19.696826934814453 -17.143310546875
v -10.916173934936523 17.937454223632812 -21.217391967773438
v -12.024078369140625 17.838970184326172 -17.914316177368164
v -13.31082534790039 16.956817626953125 -22.57510757446289
v -14.247294425964355 17.048837661743164 -18.195999145507812
v -16.858835220336914 16.047468185424805 -18.4645938873291
v -5.201632022857666 18.26751136779785 19.571672439575195
v -4.9792914390563965 18.179737091064453 20.440105438232422
v -10.19594669342041 16.38408851623535 21.872966766357422
v -10.630780220031738 16.41140365600586 20.79592514038086
v -11.949182510375977 15.661617279052734 23.05986976623535
v -12.947757720947266 15.459121704101562 22.211986541748047
v -14.199333190917969 14.703106880187988 24.584150314331055
v -12.877348899841309 15.157939910888672 24.726396560668945
v -12.82005786895752 14.966139793395996 26.254064559936523
v -14.084753036499023 14.451740264892578 26.553773880004883
v -11.559686660766602 15.245731353759766 28.502565383911133
v -12.650206565856934 14.76326847076416 29.23401641845703
v -9.080644607543945 15.85415267944336 31.84844207763672
v -9.949785232543945 15.522334098815918 32.68193817138672
v -6.772910118103027 16.36942481994629 36.24829864501953
v -5.833406448364258 16.658340454101562 35.6963996887207
v -2.4820010662078857 17.454761505126953 38.796775817871094
v -3.3920977115631104 17.253173828125 39.85447692871094
v 0.46729379892349243 17.95917320251465 41.2668342590332
v -0.4445599615573883 17.836885452270508 42.35330581665039
v 2.170069456100464 17.977479934692383 43.914730072021484
v 2.7379133701324463 18.04703712463379 42.62956619262695
v 4.678922176361084 17.902429580688477 43.011314392089844
v 4.825629711151123 17.664382934570312 44.397891998291016
v 7.34583044052124 17.394521713256836 44.09117889404297
v 6.779327869415283 17.801246643066406 42.8292350769043
v 8.909170150756836 17.980520248413086 41.327552795410156
v 9.838830947875977 17.467296600341797 42.314697265625
v 11.960580825805664 18.033872604370117 39.827816009521484
v 10.788204193115234 18.4704532623291 39.15769958496094
v 13.030242919921875 19.312679290771484 36.168113708496094
v 14.190396308898926 18.945011138916016 36.867733001708984
v 15.624367713928223 20.61609649658203 32.248722076416016
v 16.83086395263672 20.381704330444336 32.93227767944336
v 16.77570152282715 22.011587142944336 33.52125930786133
v 15.453145980834961 22.402311325073242 32.82010269165039
v 12.960772514343262 21.12787437438965 36.79074478149414
v 14.2863187789917 20.582130432128906 37.433990478515625
v 10.771108627319336 20.206035614013672 39.77769088745117
v 12.09194278717041 19.481746673583984 40.569087982177734
v 9.926226615905762 18.834917068481445 43.000152587890625
v 8.937577247619629 19.669658660888672 41.86861801147461
v 7.359738349914551 18.845842361450195 44.686553955078125
v 6.81013822555542 19.496604919433594 43.256385803222656
v 4.720826625823975 19.60077476501465 43.35536193847656
v 4.787196636199951 19.23857879638672 44.866249084472656
v 2.1989245414733887 19.614900588989258 44.246952056884766
v 2.653642416000366 19.728918075561523 42.90941619873047
v -0.5293063521385193 19.533700942993164 42.64163589477539
v 0.24909883737564087 19.674793243408203 41.501991271972656
v -3.62288498878479 18.96652603149414 40.130062103271484
v -2.8185031414031982 19.2293758392334 39.02186584472656
v -7.04749870300293 18.091142654418945 36.55897521972656
v -6.222795486450195 18.477367401123047 35.517826080322266
v -10.26817512512207 17.248504638671875 33.02583312988281
v -9.423150062561035 17.738773345947266 32.04435729980469
v -13.1968355178833 16.433048248291016 29.3693790435791
v -12.04125690460205 17.06270980834961 28.795560836791992
v -13.295670509338379 16.78186798095703 26.598289489746094
v -14.678617477416992 16.111148834228516 26.664249420166016
v -13.340193748474121 16.952865600585938 25.078994750976562
v -14.817219734191895 16.291606903076172 24.917678833007812
v -13.380517959594727 17.11642074584961 22.588945388793945
v -12.382224082946777 17.427846908569336 23.430667877197266
v -10.975181579589844 18.071352005004883 21.192237854003906
v -10.605785369873047 18.099870681762695 22.2624454498291
v -5.613470554351807 19.838294982910156 19.92267417907715
v -5.361347675323486 19.83546257019043 20.84097671508789
v 11.599992752075195 14.528350830078125 47.061893463134766
v 12.198453903198242 15.252530097961426 47.70011901855469
v 10.502033233642578 15.527782440185547 48.756568908691406
v 9.926385879516602 14.725797653198242 48.180545806884766
v 8.569781303405762 16.31175994873047 49.289886474609375
v 7.99510383605957 15.431122779846191 48.8264274597168
v 6.047164440155029 16.39891242980957 48.95172882080078
v 6.5525946617126465 17.367307662963867 49.3076286315918
v 4.486173629760742 18.37176513671875 48.99359893798828
v 4.10960054397583 17.306171417236328 48.747982025146484
v 2.175621747970581 17.88532829284668 48.23000717163086
v 2.3747477531433105 19.023632049560547 48.36829376220703
v -0.227560356259346 18.00030517578125 47.1671028137207
v -0.22915080189704895 19.160160064697266 47.215911865234375
v -2.9608635902404785 18.753095626831055 45.5573844909668
v -2.7659270763397217 17.60968017578125 45.55778121948242
v -5.504257678985596 16.823694229125977 43.522483825683594
v -5.864037036895752 17.923303604125977 43.53214645385742
v -9.654560089111328 16.455379486083984 40.444664001464844
v -9.22860336303711 15.385973930358887 40.36407470703125
v -13.312372207641602 15.027690887451172 37.302215576171875
v -12.82023811340332 13.989473342895508 37.172210693359375
v -17.51431655883789 13.357484817504883 33.25198745727539
v -16.980215072631836 12.345284461975098 33.085819244384766
v -21.289796829223633 12.292092323303223 27.99321746826172
v -20.79396629333496 11.24522876739502 27.742658615112305
v -23.040599822998047 10.973404884338379 23.624893188476562
v -23.657424926757812 11.992036819458008 23.60590934753418
v -24.86099624633789 10.950833320617676 19.893108367919922
v -25.346925735473633 11.967972755432129 20.150310516357422
v -26.387683868408203 10.967535018920898 16.705862045288086
v -26.867290496826172 11.995429992675781 16.93023109436035
v -28.479040145874023 12.055964469909668 13.388373374938965
v -28.03424835205078 11.006800651550293 13.184452056884766
v -31.00411033630371 11.08669662475586 6.602204322814941
v -31.40024757385254 12.158584594726562 6.779034614562988
v -33.83110046386719 12.335332870483398 0.0
v -33.44890594482422 11.23732852935791 0.0
v -31.00411033630371 11.08669662475586 -6.602204322814941
v -31.40024757385254 12.158584594726562 -6.779034614562988
v -28.479040145874023 12.055964469909668 -13.388373374938965
v -28.03424835205078 11.006800651550293 -13.184452056884766
v -26.387683868408203 10.967535018920898 -16.705862045288086
v -26.867290496826172 11.995429992675781 -16.93023109436035
v -25.346925735473633 11.967972755432129 -20.150310516357422
v -24.86099624633789 10.950833320617676 -19.893108367919922
v -23.657424926757812 11.992036819458008 -23.60590934753418
v -23.040599822998047 10.973404884338379 -23.624893188476562
v -21.289796829223633 12.292092323303223 -27.99321746826172
v -20.79396629333496 11.24522876739502 -27.742658615112305
v -16.980215072631836 12.345284461975098 -33.085819244384766
v -17.51431655883789 13.357484817504883 -33.25198745727539
v -12.82023811340332 13.989473342895508 -37.172210693359375
v -13.312372207641602 15.027690887451172 -37.302215576171875
v -9.22860336303711 15.385973930358887 -40.36407470703125
v -9.654560089111328 16.455379486083984 -40.444664001464844
v -5.504257678985596 16.823694229125977 -43.522483825683594
v -5.864037036895752 17.923303604125977 -43.53214645385742
v -2.9608635902404785 18.753095626831055 -45.5573844909668
v -2.7659270763397217 17.60968017578125 -45.55778121948242
v -0.227560356259346 18.00030517578125 -47.1671028137207
v -0.22915080189704895 19.160160064697266 -47.215911865234375
v 2.3747477531433105 19.023632049560547 -48.36829376220703
v 2.175621747970581 17.88532829284668 -48.23000717163086
v 4.486173629760742 18.37176513671875 -48.99359893798828
v 4.10960054397583 17.306171417236328 -48.747982025146484
v 6.047164440155029 16.39891242980957 -48.95172882080078
v 6.5525946617126465 17.367307662963867 -49.3076286315918
v 8.569781303405762 16.31175994873047 -49.289886474609375
v 7.99510383605957 15.431122779846191 -48.8264274597168
v 9.926385879516602 14.725797653198242 -48.180545806884766
v 10.502033233642578 15.527782440185547 -48.756568908691406
v 11.599992752075195 14.528350830078125 -47.061893463134766
v 12.198453903198242 15.252530097961426 -47.70011901855469
v 12.198453903198242 15.252530097961426 47.70011901855469
v 11.599992752075195 14.528350830078125 47.061893463134766
v 12.868297576904297 14.756997108459473 45.93605041503906
v 13.467545509338379 15.486104965209961 46.451778411865234
v 14.001199722290039 15.24048137664795 44.4167594909668
v 14.557534217834473 15.964033126831055 45.09326171875
v 15.87350082397461 16.907936096191406 42.98057174682617
v 15.379188537597656 16.133167266845703 42.301204681396484
v 17.908967971801758 18.599702835083008 39.386348724365234
v 17.49913215637207 17.73842430114746 38.74143981933594
v 19.805694580078125 19.660831451416016 34.7365608215332
v 20.113800048828125 20.590782165527344 35.34367370605469
v 21.91282081604004 22.337417602539062 31.81550407409668
v 21.724308013916016 21.362037658691406 31.227951049804688
v 23.70865821838379 23.924482345581055 28.433673858642578
v 23.629426956176758 22.89719009399414 27.913705825805664
v 25.44659423828125 25.566137313842773 24.770530700683594
v 25.47425079345703 24.500581741333008 24.32941246032715
v 27.108070373535156 27.250635147094727 20.83124351501465
v 27.231887817382812 26.173269271850586 20.473529815673828
v 28.445037841796875 27.396249771118164 17.37108612060547
v 28.24361801147461 28.479644775390625 17.70249366760254
v 29.160184860229492 29.500825881958008 14.869796752929688
v 29.420181274414062 28.416698455810547 14.577479362487793
v 30.35077667236328 29.407262802124023 11.788280487060547
v 30.038524627685547 30.491233825683594 12.041518211364746
v 31.132587432861328 30.296031951904297 9.046947479248047
v 30.79204559326172 31.378633499145508 9.272014617919922
v 31.51284408569336 32.334774017333984 5.740018367767334
v 31.88346290588379 31.25649642944336 5.545269012451172
v 31.894515991210938 32.9954948425293 2.665208101272583
v 32.297607421875 31.922285079956055 2.504228353500366
v 32.43720626831055 32.3498420715332 0.0
v 32.03676223754883 33.44804000854492 0.0
v 31.894515991210938 32.9954948425293 -2.665208101272583
v 32.297607421875 31.922285079956055 -2.504228353500366
v 31.88346290588379 31.25649642944336 -5.545269012451172
v 31.51284408569336 32.334774017333984 -5.740018367767334
v 31.132587432861328 30.296031951904297 -9.046947479248047
v 30.79204559326172 31.378633499145508 -9.272014617919922
v 30.038524627685547 30.491233825683594 -12.041518211364746
v 30.35077667236328 29.407262802124023 -11.788280487060547
v 29.160184860229492 29.500825881958008 -14.869796752929688
v 29.420181274414062 28.416698455810547 -14.577479362487793
v 28.445037841796875 27.396249771118164 -17.37108612060547
v 28.24361801147461 28.479644775390625 -17.70249366760254
v 27.108070373535156 27.250635147094727 -20.83124351501465
v 27.231887817382812 26.173269271850586 -20.473529815673828
v 25.47425079345703 24.500581741333008 -24.32941246032715
v 25.44659423828125 25.566137313842773 -24.770530700683594
v 23.629426956176758 22.89719009399414 -27.913705825805664
v 23.70865821838379 23.924482345581055 -28.433673858642578
v 21.724308013916016 21.362037658691406 -31.227951049804688
v 21.91282081604004 22.337417602539062 -31.81550407409668
v 19.805694580078125 19.660831451416016 -34.7365608215332
v 20.113800048828125 20.590782165527344 -35.34367370605469
v 17.908967971801758 18.599702835083008 -39.386348724365234
v 17.49913215637207 17.73842430114746 -38.74143981933594
v 15.379188537597656 16.133167266845703 -42.301204681396484
v 15.87350082397461 16.907936096191406 -42.98057174682617
v 14.001199722290039 15.24048137664795 -44.4167594909668
v 14.557534217834473 15.964033126831055 -45.09326171875
v 13.467545509338379 15.486104965209961 -46.451778411865234
v 12.868297576904297 14.756997108459473 -45.93605041503906
v 12.198453903198242 15.252530097961426 -47.70011901855469
v 11.599992752075195 14.528350830078125 -47.061893463134766
v -14.247294425964355 17.048837661743164 18.195999145507812
v -16.858835220336914 16.047468185424805 18.4645938873291
v -13.31082534790039 16.956817626953125 22.57510757446289
v -12.024078369140625 17.838970184326172 17.914316177368164
v -10.916173934936523 17.937454223632812 21.217391967773438
v -6.311433792114258 19.696826934814453 17.143310546875
v -5.610142707824707 19.689285278320312 19.911935806274414
v 2.537534713745117 22.30398178100586 15.742497444152832
v 3.040546417236328 22.13541603088379 18.67074203491211
v 11.048036575317383 24.39967155456543 17.521831512451172
v 10.743305206298828 24.72163200378418 14.443504333496094
v 15.693449974060059 26.247652053833008 13.668664932250977
v 16.024032592773438 25.714887619018555 17.36542510986328
v 18.93514060974121 27.337610244750977 13.173836708068848
v 19.157512664794922 26.352853775024414 17.72100830078125
v 21.557422637939453 28.30144500732422 12.170916557312012
v 21.674449920654297 26.923017501831055 18.98091697692871
v -21.999841690063477 19.86260986328125 0.0
v -21.74062728881836 19.87515640258789 -4.8101325035095215
v -21.692916870117188 19.749624252319336 -4.761205673217773
v -21.892677307128906 19.738994598388672 0.0
v -21.74062728881836 19.87515640258789 4.8101325035095215
v -21.692916870117188 19.749624252319336 4.761205673217773
v -21.892677307128906 19.738994598388672 0.0
v -21.692916870117188 19.749624252319336 -4.761205673217773
v -19.152328491210938 19.905513763427734 -4.350280284881592
v -19.017778396606445 19.90484619140625 0.0
v -21.692916870117188 19.749624252319336 4.761205673217773
v -19.152328491210938 19.905513763427734 4.350280284881592
v -21.81159782409668 19.90764617919922 -18.63741683959961
v -23.24860191345215 19.888704299926758 -21.647018432617188
v -24.666656494140625 19.853126525878906 -21.08629608154297
v -21.471359252929688 19.946531295776367 -21.188549041748047
v -20.83097267150879 19.951778411865234 -19.048664093017578
v -19.496137619018555 20.033266067504883 -20.308650970458984
v -19.9161376953125 19.992855072021484 -18.836353302001953
v -12.373040199279785 20.611684799194336 -16.759185791015625
v -13.026470184326172 20.5522403717041 -15.481037139892578
v -7.533884525299072 21.322834014892578 -13.20738697052002
v -6.933358669281006 21.411781311035156 -14.51870346069336
v -0.7008920311927795 22.788042068481445 -10.439153671264648
v -0.10221591591835022 22.919198989868164 -11.713994979858398
v 5.9973225593566895 24.5950870513916 -9.28232192993164
v 5.414179801940918 24.447540283203125 -8.030802726745605
v 12.729619979858398 26.91828155517578 -5.257169246673584
v 13.690351486206055 27.272789001464844 -6.3034234046936035
v 16.750221252441406 28.420278549194336 -4.893727779388428
v 15.589900970458984 27.920835494995117 -3.9393582344055176
v 17.759273529052734 28.701431274414062 -2.1074624061584473
v 19.520742416381836 29.489154815673828 -2.7242000102996826
v 20.742198944091797 29.990957260131836 0.0
v 18.540102005004883 28.98736000061035 0.0
v 17.759273529052734 28.701431274414062 2.1074624061584473
v 19.520742416381836 29.489154815673828 2.7242000102996826
v 16.750221252441406 28.420278549194336 4.893727779388428
v 15.589900970458984 27.920835494995117 3.9393582344055176
v 12.729619979858398 26.91828155517578 5.257169246673584
v 13.690351486206055 27.272789001464844 6.3034234046936035
v 5.9973225593566895 24.5950870513916 9.28232192993164
v 5.414179801940918 24.447540283203125 8.030802726745605
v -0.7008920311927795 22.788042068481445 10.439153671264648
v -0.10221591591835022 22.919198989868164 11.713994979858398
v -6.933358669281006 21.411781311035156 14.51870346069336
v -7.533884525299072 21.322834014892578 13.20738697052002
v -12.373040199279785 20.611684799194336 16.759185791015625
v -13.026470184326172 20.5522403717041 15.481037139892578
v -19.9161376953125 19.992855072021484 18.836353302001953
v -19.496137619018555 20.033266067504883 20.308650970458984
v -20.83097267150879 19.951778411865234 19.048664093017578
v -21.471359252929688 19.946531295776367 21.188549041748047
v -21.81159782409668 19.90764617919922 18.63741683959961
v -23.24860191345215 19.888704299926758 21.647018432617188
v -24.666656494140625 19.853126525878906 21.08629608154297
v -21.05239486694336 20.076589584350586 15.807587623596191
v -20.65450096130371 20.071035385131836 16.409452438354492
v -20.62852668762207 19.80379295349121 16.368267059326172
v -21.005815505981445 19.783649444580078 15.789254188537598
v -21.33614730834961 20.082420349121094 14.832552909851074
v -21.285982131958008 19.774629592895508 14.821680068969727
v -21.57036590576172 20.093645095825195 13.15246868133545
v -21.485090255737305 19.808788299560547 13.140830039978027
v -21.50333595275879 19.826189041137695 10.850224494934082
v -21.59710693359375 20.11961555480957 10.749488830566406
v -19.91524314880371 19.850204467773438 16.438364028930664
v -20.62852668762207 19.80379295349121 16.368267059326172
v -20.65450096130371 20.071035385131836 16.409452438354492
v -19.907882690429688 20.07471466064453 16.48377799987793
v -13.599905014038086 20.31601905822754 13.5624418258667
v -13.58918285369873 20.601783752441406 13.598325729370117
v -8.32349681854248 21.07939910888672 11.32051944732666
v -8.321642875671387 21.33685302734375 11.356505393981934
v -1.542778491973877 22.440412521362305 8.53305721282959
v -1.5457836389541626 22.784883499145508 8.570345878601074
v 4.358717441558838 24.062694549560547 6.103918075561523
v 4.343326091766357 24.444055557250977 6.148176193237305
v 10.991277694702148 26.59307861328125 2.944169044494629
v 11.008689880371094 26.283830642700195 2.902050256729126
v 12.92144775390625 26.939861297607422 1.5062315464019775
v 12.910530090332031 27.297536849975586 1.53508722782135
v 13.773981094360352 27.269834518432617 0.0
v 13.772440910339355 27.62861442565918 0.0
v -10.19594669342041 16.38408851623535 -21.872966766357422
v -4.9792914390563965 18.179737091064453 -20.440105438232422
v -5.201632022857666 18.26751136779785 -19.571672439575195
v -10.630780220031738 16.41140365600586 -20.79592514038086
v -11.949182510375977 15.661617279052734 -23.05986976623535
v -12.947757720947266 15.459121704101562 -22.211986541748047
v -14.199333190917969 14.703106880187988 -24.584150314331055
v -12.877348899841309 15.157939910888672 -24.726396560668945
v -12.82005786895752 14.966139793395996 -26.254064559936523
v -14.084753036499023 14.451740264892578 -26.553773880004883
v -11.559686660766602 15.245731353759766 -28.502565383911133
v -12.650206565856934 14.76326847076416 -29.23401641845703
v -9.080644607543945 15.85415267944336 -31.84844207763672
v -9.949785232543945 15.522334098815918 -32.68193817138672
v -6.772910118103027 16.36942481994629 -36.24829864501953
v -5.833406448364258 16.658340454101562 -35.6963996887207
v -2.4820010662078857 17.454761505126953 -38.796775817871094
v -3.3920977115631104 17.253173828125 -39.85447692871094
v 0.46729379892349243 17.95917320251465 -41.2668342590332
v -0.4445599615573883 17.836885452270508 -42.35330581665039
v 2.170069456100464 17.977479934692383 -43.914730072021484
v 2.7379133701324463 18.04703712463379 -42.62956619262695
v 4.678922176361084 17.902429580688477 -43.011314392089844
v 4.825629711151123 17.664382934570312 -44.397891998291016
v 7.34583044052124 17.394521713256836 -44.09117889404297
v 6.779327869415283 17.801246643066406 -42.8292350769043
v 8.909170150756836 17.980520248413086 -41.327552795410156
v 9.838830947875977 17.467296600341797 -42.314697265625
v 11.960580825805664 18.033872604370117 -39.827816009521484
v 10.788204193115234 18.4704532623291 -39.15769958496094
v 13.030242919921875 19.312679290771484 -36.168113708496094
v 14.190396308898926 18.945011138916016 -36.867733001708984
v 15.624367713928223 20.61609649658203 -32.248722076416016
v 16.83086395263672 20.381704330444336 -32.93227767944336
v 12.960772514343262 21.12787437438965 36.79074478149414
v 15.453145980834961 22.402311325073242 32.82010269165039
v 15.624367713928223 20.61609649658203 32.248722076416016
v 13.030242919921875 19.312679290771484 36.168113708496094
v 13.030242919921875 19.312679290771484 36.168113708496094
v 12.960772514343262 21.12787437438965 36.79074478149414
v 10.771108627319336 20.206035614013672 39.77769088745117
v 10.771108627319336 20.206035614013672 39.77769088745117
v 10.788204193115234 18.4704532623291 39.15769958496094
v 13.030242919921875 19.312679290771484 36.168113708496094
v 8.909170150756836 17.980520248413086 41.327552795410156
v 10.788204193115234 18.4704532623291 39.15769958496094
v 10.771108627319336 20.206035614013672 39.77769088745117
v 10.771108627319336 20.206035614013672 39.77769088745117
v 8.937577247619629 19.669658660888672 41.86861801147461
v 8.909170150756836 17.980520248413086 41.327552795410156
v 6.779327869415283 17.801246643066406 42.8292350769043
v 8.909170150756836 17.980520248413086 41.327552795410156
v 8.937577247619629 19.669658660888672 41.86861801147461
v 8.937577247619629 19.669658660888672 41.86861801147461
v 6.81013822555542 19.496604919433594 43.256385803222656
v 6.779327869415283 17.801246643066406 42.8292350769043
v 4.678922176361084 17.902429580688477 43.011314392089844
v 6.779327869415283 17.801246643066406 42.8292350769043
v 6.81013822555542 19.496604919433594 43.256385803222656
v 4.720826625823975 19.60077476501465 43.35536193847656
v 2.653642416000366 19.728918075561523 42.90941619873047
v 6.81013822555542 19.496604919433594 43.256385803222656
v 4.678922176361084 17.902429580688477 43.011314392089844
v 2.7379133701324463 18.04703712463379 42.62956619262695
v 2.653642416000366 19.728918075561523 42.90941619873047
v 4.678922176361084 17.902429580688477 43.011314392089844
v 2.7379133701324463 18.04703712463379 42.62956619262695
v 2.653642416000366 19.728918075561523 42.90941619873047
v 0.24909883737564087 19.674793243408203 41.501991271972656
v 0.24909883737564087 19.674793243408203 41.501991271972656
v 0.46729379892349243 17.95917320251465 41.2668342590332
v 2.7379133701324463 18.04703712463379 42.62956619262695
v -2.4820010662078857 17.454761505126953 38.796775817871094
v 0.46729379892349243 17.95917320251465 41.2668342590332
v 0.24909883737564087 19.674793243408203 41.501991271972656
v 0.24909883737564087 19.674793243408203 41.501991271972656
v -2.8185031414031982 19.2293758392334 39.02186584472656
v -2.4820010662078857 17.454761505126953 38.796775817871094
v -2.8185031414031982 19.2293758392334 39.02186584472656
v -6.222795486450195 18.477367401123047 35.517826080322266
v -2.4820010662078857 17.454761505126953 38.796775817871094
v -2.4820010662078857 17.454761505126953 38.796775817871094
v -6.222795486450195 18.477367401123047 35.517826080322266
v -5.833406448364258 16.658340454101562 35.6963996887207
v -5.833406448364258 16.658340454101562 35.6963996887207
v -6.222795486450195 18.477367401123047 35.517826080322266
v -9.423150062561035 17.738773345947266 32.04435729980469
v -9.423150062561035 17.738773345947266 32.04435729980469
v -9.080644607543945 15.85415267944336 31.84844207763672
v -5.833406448364258 16.658340454101562 35.6963996887207
v -9.080644607543945 15.85415267944336 31.84844207763672
v -9.423150062561035 17.738773345947266 32.04435729980469
v -12.04125690460205 17.06270980834961 28.795560836791992
v -12.04125690460205 17.06270980834961 28.795560836791992
v -11.559686660766602 15.245731353759766 28.502565383911133
v -9.080644607543945 15.85415267944336 31.84844207763672
v -11.559686660766602 15.245731353759766 28.502565383911133
v -12.04125690460205 17.06270980834961 28.795560836791992
v -13.295670509338379 16.78186798095703 26.598289489746094
v -13.295670509338379 16.78186798095703 26.598289489746094
v -12.82005786895752 14.966139793395996 26.254064559936523
v -11.559686660766602 15.245731353759766 28.502565383911133
v -12.877348899841309 15.157939910888672 24.726396560668945
v -12.82005786895752 14.966139793395996 26.254064559936523
v -13.295670509338379 16.78186798095703 26.598289489746094
v -13.295670509338379 16.78186798095703 26.598289489746094
v -13.340193748474121 16.952865600585938 25.078994750976562
v -12.877348899841309 15.157939910888672 24.726396560668945
v -12.877348899841309 15.157939910888672 24.726396560668945
v -13.340193748474121 16.952865600585938 25.078994750976562
v -12.382224082946777 17.427846908569336 23.430667877197266
v -11.949182510375977 15.661617279052734 23.05986976623535
v -12.382224082946777 17.427846908569336 23.430667877197266
v -12.877348899841309 15.157939910888672 24.726396560668945
v -11.949182510375977 15.661617279052734 23.05986976623535
v -12.382224082946777 17.427846908569336 23.430667877197266
v -10.605785369873047 18.099870681762695 22.2624454498291
v -10.605785369873047 18.099870681762695 22.2624454498291
v -11.949182510375977 15.661617279052734 23.05986976623535
v -10.19594669342041 16.38408851623535 21.872966766357422
v -10.19594669342041 16.38408851623535 21.872966766357422
v -4.9792914390563965 18.179737091064453 20.440105438232422
v -5.361347675323486 19.83546257019043 20.84097671508789
v -10.605785369873047 18.099870681762695 22.2624454498291
v 17.587841033935547 21.808237075805664 28.97971534729004
v 15.624367713928223 20.61609649658203 32.248722076416016
v 15.453145980834961 22.402311325073242 32.82010269165039
v 17.587841033935547 21.808237075805664 28.97971534729004
v 17.31577491760254 23.580028533935547 29.55414390563965
v 15.453145980834961 22.402311325073242 32.82010269165039
v 17.31577491760254 23.580028533935547 29.55414390563965
v 17.587841033935547 21.808237075805664 28.97971534729004
v 19.294599533081055 22.907455444335938 26.063013076782227
v 19.294599533081055 22.907455444335938 26.063013076782227
v 18.95819664001465 24.64833641052246 26.60321617126465
v 17.31577491760254 23.580028533935547 29.55414390563965
v 19.294599533081055 22.907455444335938 26.063013076782227
v 18.95819664001465 24.64833641052246 26.60321617126465
v 20.714311599731445 23.938072204589844 23.276893615722656
v 20.714311599731445 23.938072204589844 23.276893615722656
v 18.95819664001465 24.64833641052246 26.60321617126465
v 20.334428787231445 25.63654327392578 23.78306007385254
v 21.06509780883789 24.562259674072266 21.14602279663086
v 20.714311599731445 23.938072204589844 23.276893615722656
v 20.334428787231445 25.63654327392578 23.78306007385254
v 20.334428787231445 25.63654327392578 23.78306007385254
v 20.637643814086914 26.222267150878906 21.70002555847168
v 21.06509780883789 24.562259674072266 21.14602279663086
v 20.160594940185547 26.519092559814453 19.953067779541016
v 21.06509780883789 24.562259674072266 21.14602279663086
v 20.586990356445312 24.8955020904541 19.443561553955078
v 20.160594940185547 26.519092559814453 19.953067779541016
v 20.160594940185547 26.519092559814453 19.953067779541016
v 20.586990356445312 24.8955020904541 19.443561553955078
v 19.058822631835938 24.706344604492188 18.46605682373047
v 18.657535552978516 26.32980728149414 18.973310470581055
v 19.058822631835938 24.706344604492188 18.46605682373047
v 20.160594940185547 26.519092559814453 19.953067779541016
v 18.657535552978516 26.32980728149414 18.973310470581055
v 19.058822631835938 24.706344604492188 18.46605682373047
v 16.472021102905273 24.088375091552734 17.929237365722656
v 16.472021102905273 24.088375091552734 17.929237365722656
v 16.09882164001465 25.70855140686035 18.4188232421875
v 18.657535552978516 26.32980728149414 18.973310470581055
v 16.09882164001465 25.70855140686035 18.4188232421875
v 16.472021102905273 24.088375091552734 17.929237365722656
v 11.494123458862305 22.783552169799805 17.953617095947266
v 11.494123458862305 22.783552169799805 17.953617095947266
v 11.12548828125 24.45102882385254 18.41674041748047
v 16.09882164001465 25.70855140686035 18.4188232421875
v 11.494123458862305 22.783552169799805 17.953617095947266
v 11.12548828125 24.45102882385254 18.41674041748047
v 3.0211291313171387 22.299283981323242 19.350095748901367
v 3.398972988128662 20.61304473876953 18.921890258789062
v -4.9792914390563965 18.179737091064453 20.440105438232422
v -5.361347675323486 19.83546257019043 20.84097671508789
v 3.398972988128662 20.61304473876953 18.921890258789062
v -4.9792914390563965 18.179737091064453 20.440105438232422
v -5.201632022857666 18.26751136779785 19.571672439575195
v 3.2396340370178223 20.722965240478516 18.044231414794922
v 11.494123458862305 22.783552169799805 17.953617095947266
v 11.400689125061035 22.953510284423828 17.114280700683594
v 16.472021102905273 24.088375091552734 17.929237365722656
v 16.477519989013672 24.362518310546875 16.902435302734375
v 19.058822631835938 24.706344604492188 18.46605682373047
v 19.485910415649414 25.115421295166016 17.31452751159668
v 21.784236907958984 25.429922103881836 18.656097412109375
v 20.586990356445312 24.8955020904541 19.443561553955078
v 21.06509780883789 24.562259674072266 21.14602279663086
v 22.584753036499023 24.929452896118164 21.118854522705078
v 20.714311599731445 23.938072204589844 23.276893615722656
v 22.029067993164062 24.041818618774414 23.768428802490234
v 19.294599533081055 22.907455444335938 26.063013076782227
v 20.549020767211914 22.884017944335938 26.705978393554688
v 18.818092346191406 21.68294906616211 29.654775619506836
v 17.587841033935547 21.808237075805664 28.97971534729004
v 15.624367713928223 20.61609649658203 32.248722076416016
v 16.83086395263672 20.381704330444336 32.93227767944336
v 17.31577491760254 23.580028533935547 29.55414390563965
v 15.453145980834961 22.402311325073242 32.82010269165039
v 16.77570152282715 22.011587142944336 33.52125930786133
v 18.70838165283203 23.347984313964844 30.177059173583984
v 18.95819664001465 24.64833641052246 26.60321617126465
v 20.422767639160156 24.594587326049805 27.070951461791992
v 21.84075927734375 25.763641357421875 24.03739356994629
v 20.334428787231445 25.63654327392578 23.78306007385254
v 22.424589157104492 26.662527084350586 21.26491928100586
v 20.637643814086914 26.222267150878906 21.70002555847168
v 21.658063888549805 27.052709579467773 18.94632911682129
v 20.160594940185547 26.519092559814453 19.953067779541016
v 18.657535552978516 26.32980728149414 18.973310470581055
v 19.12070083618164 26.67741584777832 17.740238189697266
v 16.09882164001465 25.70855140686035 18.4188232421875
v 16.011119842529297 25.86313247680664 17.379472732543945
v 11.035979270935059 24.547239303588867 17.544376373291016
v 11.12548828125 24.45102882385254 18.41674041748047
v 2.8685383796691895 22.346450805664062 18.46407699584961
v 3.0211291313171387 22.299283981323242 19.350095748901367
v -5.361347675323486 19.83546257019043 20.84097671508789
v -5.613470554351807 19.838294982910156 19.92267417907715
v -10.975181579589844 18.071352005004883 21.192237854003906
v -5.613470554351807 19.838294982910156 19.92267417907715
v -5.201632022857666 18.26751136779785 19.571672439575195
v -10.630780220031738 16.41140365600586 20.79592514038086
v -13.380517959594727 17.11642074584961 22.588945388793945
v -12.947757720947266 15.459121704101562 22.211986541748047
v -14.817219734191895 16.291606903076172 24.917678833007812
v -14.199333190917969 14.703106880187988 24.584150314331055
v -14.678617477416992 16.111148834228516 26.664249420166016
v -14.084753036499023 14.451740264892578 26.553773880004883
v -13.1968355178833 16.433048248291016 29.3693790435791
v -12.650206565856934 14.76326847076416 29.23401641845703
v -10.26817512512207 17.248504638671875 33.02583312988281
v -9.949785232543945 15.522334098815918 32.68193817138672
v -6.772910118103027 16.36942481994629 36.24829864501953
v -7.04749870300293 18.091142654418945 36.55897521972656
v -3.3920977115631104 17.253173828125 39.85447692871094
v -3.62288498878479 18.96652603149414 40.130062103271484
v -0.5293063521385193 19.533700942993164 42.64163589477539
v -0.4445599615573883 17.836885452270508 42.35330581665039
v 2.170069456100464 17.977479934692383 43.914730072021484
v 2.1989245414733887 19.614900588989258 44.246952056884766
v 4.787196636199951 19.23857879638672 44.866249084472656
v 4.825629711151123 17.664382934570312 44.397891998291016
v 7.359738349914551 18.845842361450195 44.686553955078125
v 7.34583044052124 17.394521713256836 44.09117889404297
v 9.926226615905762 18.834917068481445 43.000152587890625
v 9.838830947875977 17.467296600341797 42.314697265625
v 12.09194278717041 19.481746673583984 40.569087982177734
v 11.960580825805664 18.033872604370117 39.827816009521484
v 14.2863187789917 20.582130432128906 37.433990478515625
v 14.190396308898926 18.945011138916016 36.867733001708984
v 16.77570152282715 22.011587142944336 33.52125930786133
v 16.83086395263672 20.381704330444336 32.93227767944336
v -19.152328491210938 19.905513763427734 -4.350280284881592
v -19.126672744750977 20.029918670654297 -4.43541955947876
v -18.943876266479492 20.0507869720459 0.0
v -19.017778396606445 19.90484619140625 0.0
v -19.152328491210938 19.905513763427734 4.350280284881592
v -19.126672744750977 20.029918670654297 4.43541955947876
v -19.126672744750977 20.029918670654297 -4.43541955947876
v -19.444961547851562 20.467451095581055 -4.395647048950195
v -19.3033390045166 20.52350425720215 0.0
v -18.943876266479492 20.0507869720459 0.0
v -19.126672744750977 20.029918670654297 4.43541955947876
v -19.444961547851562 20.467451095581055 4.395647048950195
v -21.68445587158203 20.166404724121094 -4.692714214324951
v -21.74062728881836 19.87515640258789 -4.8101325035095215
v -21.999841690063477 19.86260986328125 0.0
v -21.89422607421875 20.146196365356445 0.0
v -21.68445587158203 20.166404724121094 4.692714214324951
v -21.74062728881836 19.87515640258789 4.8101325035095215
v -18.883464813232422 19.856685638427734 8.547329902648926
v -18.845287322998047 19.94732666015625 8.586660385131836
v -21.50333595275879 19.826189041137695 10.850224494934082
v -21.565593719482422 19.736913681030273 10.836418151855469
v -21.94107437133789 19.731252670288086 4.839392185211182
v -19.068058013916016 19.872722625732422 4.595581531524658
v -21.883880615234375 19.813419342041016 4.796342372894287
v -21.94107437133789 19.731252670288086 4.839392185211182
v -22.101343154907227 19.6972599029541 0.0
v -22.033374786376953 19.78200912475586 0.0
v -21.883880615234375 19.813419342041016 -4.796342372894287
v -21.94107437133789 19.731252670288086 -4.839392185211182
v 14.502457618713379 27.40106201171875 2.2477102279663086
v 15.78003978729248 27.872478485107422 0.0
v 15.59736442565918 28.23055648803711 0.0
v 14.404983520507812 27.759458541870117 2.1681742668151855
v 11.776975631713867 26.781394958496094 3.844456195831299
v 11.816126823425293 26.427038192749023 3.912506103515625
v 4.842636585235596 24.504297256469727 6.929121017456055
v 4.885792255401611 24.08292007446289 6.938720226287842
v -1.1568145751953125 22.802453994750977 9.389564514160156
v -1.1194677352905273 22.446914672851562 9.416070938110352
v -7.936319351196289 21.347522735595703 12.143814086914062
v -7.903128623962402 21.06725311279297 12.171148300170898
v -13.181678771972656 20.59575080871582 14.40114974975586
v -13.15537166595459 20.289976119995117 14.418869018554688
v -19.967824935913086 19.811538696289062 17.720640182495117
v -19.975624084472656 20.020837783813477 17.713638305664062
v -21.63394546508789 19.937108993530273 17.85807991027832
v -21.650686264038086 19.712039947509766 17.893848419189453
v -21.932836532592773 20.141311645507812 4.805300235748291
v -21.883880615234375 19.813419342041016 4.796342372894287
v -22.033374786376953 19.78200912475586 0.0
v -22.098018646240234 20.137849807739258 0.0
v -21.932836532592773 20.141311645507812 -4.805300235748291
v -21.883880615234375 19.813419342041016 -4.796342372894287
v -21.50333595275879 19.826189041137695 -10.850224494934082
v -18.845287322998047 19.94732666015625 -8.586660385131836
v -18.883464813232422 19.856685638427734 -8.547329902648926
v -21.565593719482422 19.736913681030273 -10.836418151855469
v -21.94107437133789 19.731252670288086 -4.839392185211182
v -19.068058013916016 19.872722625732422 -4.595581531524658
v 15.59736442565918 28.23055648803711 0.0
v 15.78003978729248 27.872478485107422 0.0
v 14.502457618713379 27.40106201171875 -2.2477102279663086
v 14.404983520507812 27.759458541870117 -2.1681742668151855
v 11.776975631713867 26.781394958496094 -3.844456195831299
v 11.816126823425293 26.427038192749023 -3.912506103515625
v 4.842636585235596 24.504297256469727 -6.929121017456055
v 4.885792255401611 24.08292007446289 -6.938720226287842
v -1.1568145751953125 22.802453994750977 -9.389564514160156
v -1.1194677352905273 22.446914672851562 -9.416070938110352
v -7.936319351196289 21.347522735595703 -12.143814086914062
v -7.903128623962402 21.06725311279297 -12.171148300170898
v -13.181678771972656 20.59575080871582 -14.40114974975586
v -13.15537166595459 20.289976119995117 -14.418869018554688
v -19.967824935913086 19.811538696289062 -17.720640182495117
v -19.975624084472656 20.020837783813477 -17.713638305664062
v -21.63394546508789 19.937108993530273 -17.85807991027832
v -21.650686264038086 19.712039947509766 -17.893848419189453
v 10.664855003356934 25.064422607421875 -13.512969970703125
v 2.3030052185058594 22.613746643066406 -14.794472694396973
v 2.780935049057007 20.894851684570312 -14.669327735900879
v 11.12598991394043 23.3790340423584 -13.350071907043457
v 16.115055084228516 24.962427139282227 -12.62397289276123
v 15.67459774017334 26.56920051574707 -12.727473258972168
v 19.036340713500977 26.006006240844727 -12.078439712524414
v 18.589845657348633 27.587339401245117 -12.237162590026855
v 20.889257431030273 28.414125442504883 -11.525948524475098
v 21.369638442993164 26.795076370239258 -11.366742134094238
v 23.482013702392578 27.628339767456055 -10.197425842285156
v 22.994245529174805 29.2630558013916 -10.35092544555664
v 23.482013702392578 27.628339767456055 -10.197425842285156
v 22.994245529174805 29.2630558013916 -10.35092544555664
v 25.449338912963867 28.506391525268555 -8.610785484313965
v 22.994245529174805 29.2630558013916 -10.35092544555664
v 24.95342254638672 30.151321411132812 -8.758756637573242
v 25.449338912963867 28.506391525268555 -8.610785484313965
v 25.449338912963867 28.506391525268555 -8.610785484313965
v 24.95342254638672 30.151321411132812 -8.758756637573242
v 26.23566246032715 30.901657104492188 -6.813261985778809
v 26.23566246032715 30.901657104492188 -6.813261985778809
v 26.737510681152344 29.257511138916016 -6.690018177032471
v 25.449338912963867 28.506391525268555 -8.610785484313965
v 27.712421417236328 29.930160522460938 -4.558219909667969
v 26.737510681152344 29.257511138916016 -6.690018177032471
v 26.23566246032715 30.901657104492188 -6.813261985778809
v 26.23566246032715 30.901657104492188 -6.813261985778809
v 27.19849967956543 31.571693420410156 -4.655271053314209
v 27.712421417236328 29.930160522460938 -4.558219909667969
v 28.423744201660156 30.49986457824707 -2.274489402770996
v 27.712421417236328 29.930160522460938 -4.558219909667969
v 27.19849967956543 31.571693420410156 -4.655271053314209
v 27.19849967956543 31.571693420410156 -4.655271053314209
v 27.899898529052734 32.152793884277344 -2.331247568130493
v 28.423744201660156 30.49986457824707 -2.274489402770996
v 28.19753074645996 32.46467590332031 0.0
v 28.19753074645996 32.46467590332031 -7.96502137994661e-16
v 28.712953567504883 30.798049926757812 -7.271148930214832e-16
v 28.423744201660156 30.49986457824707 -2.274489402770996
v 28.423744201660156 30.49986457824707 2.274489402770996
v 28.712953567504883 30.798049926757812 7.271148930214832e-16
v 28.19753074645996 32.46467590332031 7.96502137994661e-16
v 28.19753074645996 32.46467590332031 -6.745146763925832e-16
v 27.899898529052734 32.152793884277344 2.331247568130493
v 28.423744201660156 30.49986457824707 2.274489402770996
v 28.423744201660156 30.49986457824707 2.274489402770996
v 27.899898529052734 32.152793884277344 2.331247568130493
v 27.19849967956543 31.571693420410156 4.655271053314209
v 28.423744201660156 30.49986457824707 2.274489402770996
v 27.19849967956543 31.571693420410156 4.655271053314209
v 27.712421417236328 29.930160522460938 4.558219909667969
v 27.712421417236328 29.930160522460938 4.558219909667969
v 27.19849967956543 31.571693420410156 4.655271053314209
v 26.23566246032715 30.901657104492188 6.813261985778809
v 26.23566246032715 30.901657104492188 6.813261985778809
v 26.737510681152344 29.257511138916016 6.690018177032471
v 27.712421417236328 29.930160522460938 4.558219909667969
v 25.449338912963867 28.506391525268555 8.610785484313965
v 26.737510681152344 29.257511138916016 6.690018177032471
v 26.23566246032715 30.901657104492188 6.813261985778809
v 26.23566246032715 30.901657104492188 6.813261985778809
v 24.95342254638672 30.151321411132812 8.758756637573242
v 25.449338912963867 28.506391525268555 8.610785484313965
v 25.449338912963867 28.506391525268555 8.610785484313965
v 24.95342254638672 30.151321411132812 8.758756637573242
v 22.994245529174805 29.2630558013916 10.35092544555664
v 22.994245529174805 29.2630558013916 10.35092544555664
v 25.449338912963867 28.506391525268555 8.610785484313965
v 23.482013702392578 27.628339767456055 10.197425842285156
v 23.482013702392578 27.628339767456055 10.197425842285156
v 22.994245529174805 29.2630558013916 10.35092544555664
v 20.889257431030273 28.414125442504883 11.525948524475098
v 20.889257431030273 28.414125442504883 11.525948524475098
v 21.369638442993164 26.795076370239258 11.366742134094238
v 23.482013702392578 27.628339767456055 10.197425842285156
v 21.369638442993164 26.795076370239258 11.366742134094238
v 19.036340713500977 26.006006240844727 12.078439712524414
v 18.589845657348633 27.587339401245117 12.237162590026855
v 15.67459774017334 26.56920051574707 12.727473258972168
v 16.115055084228516 24.962427139282227 12.62397289276123
v 10.664855003356934 25.064422607421875 13.512969970703125
v 11.12598991394043 23.3790340423584 13.350071907043457
v 2.780935049057007 20.894851684570312 14.669327735900879
v 2.3030052185058594 22.613746643066406 14.794472694396973
v 20.889257431030273 28.414125442504883 11.525948524475098
v 20.889257431030273 28.414125442504883 11.525948524475098
v 11.12598991394043 23.3790340423584 -13.350071907043457
v 2.780935049057007 20.894851684570312 -14.669327735900879
v 2.9248602390289307 20.887004852294922 -15.566581726074219
v 11.230807304382324 23.307382583618164 -14.28547191619873
v 16.186704635620117 24.88676643371582 -13.497604370117188
v 16.115055084228516 24.962427139282227 -12.62397289276123
v 19.26255989074707 25.900985717773438 -13.013711929321289
v 19.036340713500977 26.006006240844727 -12.078439712524414
v 21.910541534423828 26.76608657836914 -12.236234664916992
v 21.369638442993164 26.795076370239258 -11.366742134094238
v 23.482013702392578 27.628339767456055 -10.197425842285156
v 24.26543617248535 27.654048919677734 -11.054204940795898
v 25.449338912963867 28.506391525268555 -8.610785484313965
v 26.491161346435547 28.623004913330078 -9.398770332336426
v 27.94245147705078 29.501178741455078 -7.307682514190674
v 26.737510681152344 29.257511138916016 -6.690018177032471
v 27.712421417236328 29.930160522460938 -4.558219909667969
v 29.03369903564453 30.305282592773438 -4.957174777984619
v 28.423744201660156 30.49986457824707 -2.274489402770996
v 29.857057571411133 30.975873947143555 -2.532226800918579
v 28.712953567504883 30.798049926757812 0.0
v 30.119245529174805 31.287973403930664 0.0
v 29.857057571411133 30.975873947143555 2.532226800918579
v 28.423744201660156 30.49986457824707 2.274489402770996
v 29.03369903564453 30.305282592773438 4.957174777984619
v 27.712421417236328 29.930160522460938 4.558219909667969
v 27.94245147705078 29.501178741455078 7.307682514190674
v 26.737510681152344 29.257511138916016 6.690018177032471
v 25.449338912963867 28.506391525268555 8.610785484313965
v 26.491161346435547 28.623004913330078 9.398770332336426
v 24.26543617248535 27.654048919677734 11.054204940795898
v 23.482013702392578 27.628339767456055 10.197425842285156
v 21.910541534423828 26.76608657836914 12.236234664916992
v 21.369638442993164 26.795076370239258 11.366742134094238
v 19.036340713500977 26.006006240844727 12.078439712524414
v 19.26255989074707 25.900985717773438 13.013711929321289
v 16.115055084228516 24.962427139282227 12.62397289276123
v 16.186704635620117 24.88676643371582 13.497604370117188
v 11.12598991394043 23.3790340423584 13.350071907043457
v 11.230807304382324 23.307382583618164 14.28547191619873
v 2.9248602390289307 20.887004852294922 15.566581726074219
v 2.780935049057007 20.894851684570312 14.669327735900879
v 2.3030052185058594 22.613746643066406 -14.794472694396973
v 2.456535816192627 22.570737838745117 -15.741161346435547
v -6.260926246643066 19.856046676635742 -17.159168243408203
v -6.537238121032715 19.852252960205078 -16.055627822875977
v -12.347044944763184 17.969329833984375 -16.772287368774414
v -11.971880912780762 18.003372192382812 -17.93148422241211
v -14.124160766601562 17.258419036865234 -18.23914909362793
v -14.601271629333496 17.18671226501465 -17.021547317504883
v -16.808055877685547 16.22875213623047 -18.5263671875
v -16.809532165527344 16.404869079589844 -17.175491333007812
v -19.105716705322266 15.31561279296875 -18.457857131958008
v -18.786787033081055 15.699518203735352 -17.036176681518555
v -21.706283569335938 14.349289894104004 -17.31987953186035
v -20.707157135009766 15.037248611450195 -16.01378059387207
v -23.384742736816406 14.00657844543457 -15.595040321350098
v -22.057846069335938 14.767882347106934 -14.576699256896973
v -25.49916648864746 13.75117015838623 -11.798198699951172
v -24.00396728515625 14.465180397033691 -11.000414848327637
v -26.44963836669922 14.358052253723145 -5.257112979888916
v -28.127920150756836 13.706644058227539 -5.770211219787598
v -28.29219627380371 14.333757400512695 0.0
v -30.121116638183594 13.769085884094238 0.0
v -28.127920150756836 13.706644058227539 5.770211219787598
v -26.44963836669922 14.358052253723145 5.257112979888916
v -25.49916648864746 13.75117015838623 11.798198699951172
v -24.00396728515625 14.465180397033691 11.000414848327637
v -22.057846069335938 14.767882347106934 14.576699256896973
v -23.384742736816406 14.00657844543457 15.595040321350098
v -20.707157135009766 15.037248611450195 16.01378059387207
v -21.706283569335938 14.349289894104004 17.31987953186035
v -18.786787033081055 15.699518203735352 17.036176681518555
v -19.105716705322266 15.31561279296875 18.457857131958008
v -16.809532165527344 16.404869079589844 17.175491333007812
v -16.808055877685547 16.22875213623047 18.5263671875
v -14.601271629333496 17.18671226501465 17.021547317504883
v -14.124160766601562 17.258419036865234 18.23914909362793
v -12.347044944763184 17.969329833984375 16.772287368774414
v -11.971880912780762 18.003372192382812 17.93148422241211
v -6.260926246643066 19.856046676635742 17.159168243408203
v -6.537238121032715 19.852252960205078 16.055627822875977
v 2.3030052185058594 22.613746643066406 14.794472694396973
v 2.456535816192627 22.570737838745117 15.741161346435547
v -6.260926246643066 19.856046676635742 -17.159168243408203
v 2.456535816192627 22.570737838745117 -15.741161346435547
v 2.9248602390289307 20.887004852294922 -15.566581726074219
v -5.7932305335998535 18.301959991455078 -17.024995803833008
v -11.463624954223633 16.463443756103516 -17.798681259155273
v -11.971880912780762 18.003372192382812 -17.93148422241211
v -13.568815231323242 15.713457107543945 -18.089792251586914
v -14.124160766601562 17.258419036865234 -18.23914909362793
v -16.21807098388672 14.700520515441895 -18.309724807739258
v -16.808055877685547 16.22875213623047 -18.5263671875
v -19.105716705322266 15.31561279296875 -18.457857131958008
v -18.50428009033203 13.85842514038086 -18.184860229492188
v -21.706283569335938 14.349289894104004 -17.31987953186035
v -21.077880859375 12.937701225280762 -17.033145904541016
v -23.384742736816406 14.00657844543457 -15.595040321350098
v -22.741235733032227 12.546817779541016 -15.31123161315918
v -25.49916648864746 13.75117015838623 -11.798198699951172
v -24.91037368774414 12.286020278930664 -11.541854858398438
v -27.599111557006836 12.22538948059082 -5.560451984405518
v -28.127920150756836 13.706644058227539 -5.770211219787598
v -29.56667709350586 12.291423797607422 0.0
v -30.121116638183594 13.769085884094238 0.0
v -28.127920150756836 13.706644058227539 5.770211219787598
v -27.599111557006836 12.22538948059082 5.560451984405518
v -25.49916648864746 13.75117015838623 11.798198699951172
v -24.91037368774414 12.286020278930664 11.541854858398438
v -22.741235733032227 12.546817779541016 15.31123161315918
v -23.384742736816406 14.00657844543457 15.595040321350098
v -21.077880859375 12.937701225280762 17.033145904541016
v -21.706283569335938 14.349289894104004 17.31987953186035
v -18.50428009033203 13.85842514038086 18.184860229492188
v -19.105716705322266 15.31561279296875 18.457857131958008
v -16.21807098388672 14.700520515441895 18.309724807739258
v -16.808055877685547 16.22875213623047 18.5263671875
v -14.124160766601562 17.258419036865234 18.23914909362793
v -13.568815231323242 15.713457107543945 18.089792251586914
v -11.971880912780762 18.003372192382812 17.93148422241211
v -11.463624954223633 16.463443756103516 17.798681259155273
v -6.260926246643066 19.856046676635742 17.159168243408203
v -5.7932305335998535 18.301959991455078 17.024995803833008
v 2.9248602390289307 20.887004852294922 15.566581726074219
v 2.456535816192627 22.570737838745117 15.741161346435547
v -5.613470554351807 19.838294982910156 -19.92267417907715
v -5.201632022857666 18.26751136779785 -19.571672439575195
v 3.2396340370178223 20.722965240478516 -18.044231414794922
v 2.8685383796691895 22.346450805664062 -18.46407699584961
v 11.035979270935059 24.547239303588867 -17.544376373291016
v 11.400689125061035 22.953510284423828 -17.114280700683594
v 16.477519989013672 24.362518310546875 -16.902435302734375
v 16.011119842529297 25.86313247680664 -17.379472732543945
v 19.485910415649414 25.115421295166016 -17.31452751159668
v 19.12070083618164 26.67741584777832 -17.740238189697266
v 21.784236907958984 25.429922103881836 -18.656097412109375
v 21.658063888549805 27.052709579467773 -18.94632911682129
v 22.584753036499023 24.929452896118164 -21.118854522705078
v 22.424589157104492 26.662527084350586 -21.26491928100586
v 22.029067993164062 24.041818618774414 -23.768428802490234
v 21.84075927734375 25.763641357421875 -24.03739356994629
v 20.422767639160156 24.594587326049805 -27.070951461791992
v 20.549020767211914 22.884017944335938 -26.705978393554688
v 18.70838165283203 23.347984313964844 -30.177059173583984
v 18.818092346191406 21.68294906616211 -29.654775619506836
v 16.83086395263672 20.381704330444336 -32.93227767944336
v 16.77570152282715 22.011587142944336 -33.52125930786133
v -16.12129020690918 14.96702766418457 -18.024951934814453
v -13.97813606262207 15.15679931640625 -23.383371353149414
v -11.637506484985352 16.21786117553711 -21.592540740966797
v -13.143094062805176 16.086965560913086 -17.711631774902344
v -11.709867477416992 16.5889835357666 -17.5521183013916
v -10.521988868713379 16.6435546875 -21.153697967529297
v -5.200318336486816 18.441343307495117 -19.74874496459961
v -5.952746868133545 18.4470157623291 -16.878124237060547
v 3.2699670791625977 20.92120933532715 -18.411922454833984
v 2.81770396232605 21.06121063232422 -15.55856704711914
v 7.659961700439453 22.111555099487305 -17.838464736938477
v 7.288114547729492 22.360198974609375 -14.844254493713379
v 11.406758308410645 23.12749671936035 -17.349027633666992
v 11.115327835083008 23.4722900390625 -14.23271656036377
v 16.09823989868164 25.023347854614258 -13.499019622802734
v 16.384687423706055 24.50292205810547 -17.029050827026367
v 19.25404167175293 26.09429931640625 -12.88162899017334
v 18.406047821044922 25.040618896484375 -17.372068405151367
v 21.580904006958008 25.57731056213379 -18.76150131225586
v 21.803293228149414 26.915742874145508 -12.28757095336914
v 3.2396340370178223 20.722965240478516 18.044231414794922
v -5.201632022857666 18.26751136779785 19.571672439575195
v -5.613470554351807 19.838294982910156 19.92267417907715
v 2.8685383796691895 22.346450805664062 18.46407699584961
v 11.035979270935059 24.547239303588867 17.544376373291016
v 11.400689125061035 22.953510284423828 17.114280700683594
v 16.477519989013672 24.362518310546875 16.902435302734375
v 16.011119842529297 25.86313247680664 17.379472732543945
v 19.485910415649414 25.115421295166016 17.31452751159668
v 19.12070083618164 26.67741584777832 17.740238189697266
v 21.784236907958984 25.429922103881836 18.656097412109375
v 21.658063888549805 27.052709579467773 18.94632911682129
v 22.584753036499023 24.929452896118164 21.118854522705078
v 22.424589157104492 26.662527084350586 21.26491928100586
v 22.029067993164062 24.041818618774414 23.768428802490234
v 21.84075927734375 25.763641357421875 24.03739356994629
v 20.422767639160156 24.594587326049805 27.070951461791992
v 20.549020767211914 22.884017944335938 26.705978393554688
v 18.70838165283203 23.347984313964844 30.177059173583984
v 18.818092346191406 21.68294906616211 29.654775619506836
v 16.83086395263672 20.381704330444336 32.93227767944336
v 16.77570152282715 22.011587142944336 33.52125930786133
v -11.637506484985352 16.21786117553711 21.592540740966797
v -13.97813606262207 15.15679931640625 23.383371353149414
v -16.12129020690918 14.96702766418457 18.024951934814453
v -13.143094062805176 16.086965560913086 17.711631774902344
v -11.709867477416992 16.5889835357666 17.5521183013916
v -10.521988868713379 16.6435546875 21.153697967529297
v -5.200318336486816 18.441343307495117 19.74874496459961
v -5.952746868133545 18.4470157623291 16.878124237060547
v 3.2699670791625977 20.92120933532715 18.411922454833984
v 2.81770396232605 21.06121063232422 15.55856704711914
v 7.659961700439453 22.111555099487305 17.838464736938477
v 7.288114547729492 22.360198974609375 14.844254493713379
v 11.406758308410645 23.12749671936035 17.349027633666992
v 11.115327835083008 23.4722900390625 14.23271656036377
v 16.09823989868164 25.023347854614258 13.499019622802734
v 16.384687423706055 24.50292205810547 17.029050827026367
v 19.25404167175293 26.09429931640625 12.88162899017334
v 18.406047821044922 25.040618896484375 17.372068405151367
v 21.580904006958008 25.57731056213379 18.76150131225586
v 21.803293228149414 26.915742874145508 12.28757095336914
v -21.613304138183594 19.64813804626465 17.81882095336914
v -21.650686264038086 19.712039947509766 17.893848419189453
v -22.50320816040039 19.693923950195312 16.645755767822266
v -22.425142288208008 19.621963500976562 16.62119483947754
v -22.743356704711914 19.700368881225586 15.416464805603027
v -20.669384002685547 19.723426818847656 16.43058967590332
v -22.663005828857422 19.62822914123535 15.404102325439453
v -22.944257736206055 19.705686569213867 13.50505256652832
v -21.073833465576172 19.702856063842773 15.816055297851562
v -20.62852668762207 19.80379295349121 16.368267059326172
v -21.005815505981445 19.783649444580078 15.789254188537598
v -21.35769271850586 19.693965911865234 14.835816383361816
v -21.285982131958008 19.774629592895508 14.821680068969727
v -22.86264419555664 19.634258270263672 13.498254776000977
v -23.079124450683594 19.679637908935547 11.07188606262207
v -21.55168342590332 19.723007202148438 13.144285202026367
v -21.485090255737305 19.808788299560547 13.140830039978027
v -22.996414184570312 19.609275817871094 11.068916320800781
v -23.256084442138672 19.65732192993164 5.056377410888672
v -21.565593719482422 19.736913681030273 10.836418151855469
v -21.50333595275879 19.826189041137695 10.850224494934082
v -23.17247772216797 19.587968826293945 5.055365085601807
v -23.29668426513672 19.59723663330078 0.0
v -21.94107437133789 19.731252670288086 4.839392185211182
v -23.211931228637695 19.52928924560547 0.0
v -22.101343154907227 19.6972599029541 0.0
v -21.94107437133789 19.731252670288086 -4.839392185211182
v -23.17247772216797 19.587968826293945 -5.055365085601807
v -23.256084442138672 19.65732192993164 -5.056377410888672
v -21.565593719482422 19.736913681030273 -10.836418151855469
v -22.996414184570312 19.609275817871094 -11.068916320800781
v -23.079124450683594 19.679637908935547 -11.07188606262207
v -21.485090255737305 19.808788299560547 -13.140830039978027
v -21.50333595275879 19.826189041137695 -10.850224494934082
v -22.86264419555664 19.634258270263672 -13.498254776000977
v -22.944257736206055 19.705686569213867 -13.50505256652832
v -21.55168342590332 19.723007202148438 -13.144285202026367
v -21.285982131958008 19.774629592895508 -14.821680068969727
v -21.35769271850586 19.693965911865234 -14.835816383361816
v -21.005815505981445 19.783649444580078 -15.789254188537598
v -22.663005828857422 19.62822914123535 -15.404102325439453
v -22.743356704711914 19.700368881225586 -15.416464805603027
v -21.073833465576172 19.702856063842773 -15.816055297851562
v -20.62852668762207 19.80379295349121 -16.368267059326172
v -20.669384002685547 19.723426818847656 -16.43058967590332
v -22.425142288208008 19.621963500976562 -16.62119483947754
v -22.50320816040039 19.693923950195312 -16.645755767822266
v -21.613304138183594 19.64813804626465 -17.81882095336914
v -21.650686264038086 19.712039947509766 -17.893848419189453
v 7.99510383605957 15.431122779846191 -48.8264274597168
v 7.637789726257324 16.70415687561035 -46.11642074584961
v 6.047164440155029 16.39891242980957 -48.95172882080078
v 5.507778167724609 17.328081130981445 -46.540748596191406
v 4.784915924072266 17.873872756958008 -44.359336853027344
v 4.10960054397583 17.306171417236328 -48.747982025146484
v 3.36063289642334 17.841197967529297 -46.21342849731445
v 2.294459819793701 18.128755569458008 -43.83669662475586
v 2.175621747970581 17.88532829284668 -48.23000717163086
v 1.2854151725769043 18.108001708984375 -45.41775131225586
v -0.227560356259346 18.00030517578125 -47.1671028137207
v -1.2597811222076416 17.87327766418457 -43.70358657836914
v -0.3028847873210907 18.112085342407227 -42.48319625854492
v -2.7659270763397217 17.60968017578125 -45.55778121948242
v -3.13828182220459 17.51816177368164 -39.97175979614258
v -4.067672252655029 17.236446380615234 -41.378658294677734
v -5.504257678985596 16.823694229125977 -43.522483825683594
v -9.22860336303711 15.385973930358887 -40.36407470703125
v -7.63646125793457 16.147216796875 -37.78907775878906
v -6.612468719482422 16.637792587280273 -36.31452178955078
v -12.82023811340332 13.989473342895508 -37.172210693359375
v -11.072539329528809 15.094517707824707 -34.159019470214844
v -9.953946113586426 15.754999160766602 -32.63431930541992
v -16.980215072631836 12.345284461975098 -33.085819244384766
v -14.140336036682129 14.14687728881836 -30.577682495117188
v -12.664790153503418 14.976710319519043 -29.368486404418945
v -20.79396629333496 11.24522876739502 -27.742658615112305
v -16.21516990661621 13.596177101135254 -27.43297576904297
v -14.219962120056152 14.62674617767334 -26.543659210205078
v -17.904170989990234 13.400015830993652 -23.444961547851562
v -14.322543144226074 14.81934642791748 -24.83111000061035
v -13.97813606262207 15.15679931640625 -23.383371353149414
v -16.12129020690918 14.96702766418457 -18.024951934814453
v -17.908790588378906 14.298385620117188 -18.221973419189453
v -19.349760055541992 13.778435707092285 -17.88448143005371
v -23.040599822998047 10.973404884338379 -23.624893188476562
v -21.01451873779297 13.173299789428711 -16.99018096923828
v -24.86099624633789 10.950833320617676 -19.893108367919922
v -26.387683868408203 10.967535018920898 -16.705862045288086
v -22.752281188964844 12.726560592651367 -15.287873268127441
v -24.895294189453125 12.457083702087402 -11.533727645874023
v -28.03424835205078 11.006800651550293 -13.184452056884766
v -27.60007667541504 12.36886215209961 -5.578454494476318
v -31.00411033630371 11.08669662475586 -6.602204322814941
v -33.44890594482422 11.23732852935791 0.0
v -29.678630828857422 12.421490669250488 0.0
v -27.60007667541504 12.36886215209961 5.578454494476318
v -31.00411033630371 11.08669662475586 6.602204322814941
v -28.03424835205078 11.006800651550293 13.184452056884766
v -24.895294189453125 12.457083702087402 11.533727645874023
v -26.387683868408203 10.967535018920898 16.705862045288086
v -22.752281188964844 12.726560592651367 15.287873268127441
v -21.01451873779297 13.173299789428711 16.99018096923828
v -24.86099624633789 10.950833320617676 19.893108367919922
v -23.040599822998047 10.973404884338379 23.624893188476562
v -17.904170989990234 13.400015830993652 23.444961547851562
v -19.349760055541992 13.778435707092285 17.88448143005371
v -17.908790588378906 14.298385620117188 18.221973419189453
v -16.12129020690918 14.96702766418457 18.024951934814453
v -13.97813606262207 15.15679931640625 23.383371353149414
v -14.322543144226074 14.81934642791748 24.83111000061035
v -14.219962120056152 14.62674617767334 26.543659210205078
v -20.79396629333496 11.24522876739502 27.742658615112305
v -16.21516990661621 13.596177101135254 27.43297576904297
v -12.664790153503418 14.976710319519043 29.368486404418945
v -14.140336036682129 14.14687728881836 30.577682495117188
v -16.980215072631836 12.345284461975098 33.085819244384766
v -9.953946113586426 15.754999160766602 32.63431930541992
v -11.072539329528809 15.094517707824707 34.159019470214844
v -12.82023811340332 13.989473342895508 37.172210693359375
v -6.612468719482422 16.637792587280273 36.31452178955078
v -7.63646125793457 16.147216796875 37.78907775878906
v -9.22860336303711 15.385973930358887 40.36407470703125
v -3.13828182220459 17.51816177368164 39.97175979614258
v -4.067672252655029 17.236446380615234 41.378658294677734
v -5.504257678985596 16.823694229125977 43.522483825683594
v -2.7659270763397217 17.60968017578125 45.55778121948242
v -1.2597811222076416 17.87327766418457 43.70358657836914
v -0.3028847873210907 18.112085342407227 42.48319625854492
v -0.227560356259346 18.00030517578125 47.1671028137207
v 2.294459819793701 18.128755569458008 43.83669662475586
v 1.2854151725769043 18.108001708984375 45.41775131225586
v 2.175621747970581 17.88532829284668 48.23000717163086
v 3.36063289642334 17.841197967529297 46.21342849731445
v 4.784915924072266 17.873872756958008 44.359336853027344
v 4.10960054397583 17.306171417236328 48.747982025146484
v 5.507778167724609 17.328081130981445 46.540748596191406
v 7.637789726257324 16.70415687561035 46.11642074584961
v 6.047164440155029 16.39891242980957 48.95172882080078
v 7.99510383605957 15.431122779846191 48.8264274597168
v 13.467545509338379 15.486104965209961 -46.451778411865234
v 12.198453903198242 15.252530097961426 -47.70011901855469
v 10.868107795715332 16.84260368347168 -45.952484130859375
v 12.351810455322266 17.21175765991211 -44.255306243896484
v 14.557534217834473 15.964033126831055 -45.09326171875
v 9.862875938415527 18.746671676635742 -42.907371520996094
v 15.87350082397461 16.907936096191406 -42.98057174682617
v 13.972457885742188 18.160493850708008 -41.8968391418457
v 12.12142562866211 19.420080184936523 -40.43234634399414
v 17.908967971801758 18.599702835083008 -39.386348724365234
v 16.358367919921875 19.47471046447754 -38.562591552734375
v 14.255199432373047 20.44167709350586 -37.44500732421875
v 18.72076416015625 21.2171573638916 -34.58384323120117
v 20.113800048828125 20.590782165527344 -35.34367370605469
v 16.730894088745117 21.884937286376953 -33.46425247192383
v 20.61174964904785 22.794668197631836 -31.117477416992188
v 21.91282081604004 22.337417602539062 -31.81550407409668
v 18.696392059326172 23.209970474243164 -30.159040451049805
v 23.70865821838379 23.924482345581055 -28.433673858642578
v 22.30821418762207 24.261754989624023 -27.79836082458496
v 20.416778564453125 24.471790313720703 -27.035255432128906
v 21.841169357299805 25.63004493713379 -24.014068603515625
v 23.885211944580078 25.69268798828125 -24.42960548400879
v 25.44659423828125 25.566137313842773 -24.770530700683594
v 24.898269653320312 27.088991165161133 -20.78580665588379
v 22.359285354614258 26.4842472076416 -21.29229736328125
v 27.108070373535156 27.250635147094727 -20.83124351501465
v 21.674449920654297 26.923017501831055 -18.98091697692871
v 28.24361801147461 28.479644775390625 -17.70249366760254
v 25.03652000427246 28.14085578918457 -16.726999282836914
v 21.557422637939453 28.30144500732422 -12.170916557312012
v 29.160184860229492 29.500825881958008 -14.869796752929688
v 23.921695709228516 29.071517944335938 -11.281463623046875
v 30.038524627685547 30.491233825683594 -12.041518211364746
v 26.056865692138672 30.021211624145508 -9.74017333984375
v 27.217477798461914 30.762292861938477 -7.7389421463012695
v 30.79204559326172 31.378633499145508 -9.272014617919922
v 28.492855072021484 31.624290466308594 -5.066902160644531
v 31.51284408569336 32.334774017333984 -5.740018367767334
v 31.894515991210938 32.9954948425293 -2.665208101272583
v 29.195743560791016 32.24534225463867 -2.447819709777832
v 29.68205451965332 32.7470588684082 0.0
v 32.03676223754883 33.44804000854492 0.0
v 31.894515991210938 32.9954948425293 2.665208101272583
v 29.195743560791016 32.24534225463867 2.447819709777832
v 28.492855072021484 31.624290466308594 5.066902160644531
v 31.51284408569336 32.334774017333984 5.740018367767334
v 30.79204559326172 31.378633499145508 9.272014617919922
v 27.217477798461914 30.762292861938477 7.7389421463012695
v 30.038524627685547 30.491233825683594 12.041518211364746
v 26.056865692138672 30.021211624145508 9.74017333984375
v 23.921695709228516 29.071517944335938 11.281463623046875
v 29.160184860229492 29.500825881958008 14.869796752929688
v 25.03652000427246 28.14085578918457 16.726999282836914
v 21.557422637939453 28.30144500732422 12.170916557312012
v 28.24361801147461 28.479644775390625 17.70249366760254
v 21.674449920654297 26.923017501831055 18.98091697692871
v 24.898269653320312 27.088991165161133 20.78580665588379
v 27.108070373535156 27.250635147094727 20.83124351501465
v 22.359285354614258 26.4842472076416 21.29229736328125
v 25.44659423828125 25.566137313842773 24.770530700683594
v 21.841169357299805 25.63004493713379 24.014068603515625
v 23.885211944580078 25.69268798828125 24.42960548400879
v 23.70865821838379 23.924482345581055 28.433673858642578
v 22.30821418762207 24.261754989624023 27.79836082458496
v 20.416778564453125 24.471790313720703 27.035255432128906
v 18.696392059326172 23.209970474243164 30.159040451049805
v 20.61174964904785 22.794668197631836 31.117477416992188
v 21.91282081604004 22.337417602539062 31.81550407409668
v 16.730894088745117 21.884937286376953 33.46425247192383
v 20.113800048828125 20.590782165527344 35.34367370605469
v 18.72076416015625 21.2171573638916 34.58384323120117
v 14.255199432373047 20.44167709350586 37.44500732421875
v 17.908967971801758 18.599702835083008 39.386348724365234
v 16.358367919921875 19.47471046447754 38.562591552734375
v 12.12142562866211 19.420080184936523 40.43234634399414
v 13.972457885742188 18.160493850708008 41.8968391418457
v 15.87350082397461 16.907936096191406 42.98057174682617
v 9.862875938415527 18.746671676635742 42.907371520996094
v 12.351810455322266 17.21175765991211 44.255306243896484
v 14.557534217834473 15.964033126831055 45.09326171875
v 10.868107795715332 16.84260368347168 45.952484130859375
v 13.467545509338379 15.486104965209961 46.451778411865234
v 12.198453903198242 15.252530097961426 47.70011901855469
v 10.868107795715332 16.84260368347168 -45.952484130859375
v 12.198453903198242 15.252530097961426 -47.70011901855469
v 10.502033233642578 15.527782440185547 -48.756568908691406
v 9.010730743408203 17.248266220092773 -46.93880844116211
v 8.569781303405762 16.31175994873047 -49.289886474609375
v 9.862875938415527 18.746671676635742 -42.907371520996094
v 6.5525946617126465 17.367307662963867 -49.3076286315918
v 6.959434986114502 17.96576690673828 -47.353271484375
v 7.417525291442871 18.77428436279297 -44.27737045288086
v 4.486173629760742 18.37176513671875 -48.99359893798828
v 4.702725887298584 18.80039405822754 -47.16419982910156
v 4.715667247772217 19.06048583984375 -44.790828704833984
v 2.1825311183929443 19.33237075805664 -46.32855987548828
v 2.3747477531433105 19.023632049560547 -48.36829376220703
v 2.2941505908966064 19.443462371826172 -44.29453659057617
v -0.22915080189704895 19.160160064697266 -47.215911865234375
v -1.0586555004119873 19.275293350219727 -44.52508544921875
v -0.9212823510169983 19.377635955810547 -42.43866729736328
v -2.9608635902404785 18.753095626831055 -45.5573844909668
v -3.6089463233947754 18.825525283813477 -40.15541076660156
v -5.864037036895752 17.923303604125977 -43.53214645385742
v -4.789270401000977 18.420358657836914 -41.84619140625
v -9.654560089111328 16.455379486083984 -40.444664001464844
v -8.418392181396484 17.235843658447266 -38.51490020751953
v -7.088983535766602 17.934310913085938 -36.521270751953125
v -13.312372207641602 15.027690887451172 -37.302215576171875
v -11.914804458618164 16.08125877380371 -35.106300354003906
v -10.187496185302734 17.102113723754883 -33.02345275878906
v -15.508124351501465 14.863930702209473 -31.145902633666992
v -17.51431655883789 13.357484817504883 -33.25198745727539
v -13.091102600097656 16.278640747070312 -29.373821258544922
v -21.289796829223633 12.292092323303223 -27.99321746826172
v -14.571565628051758 15.959223747253418 -26.681522369384766
v -18.206024169921875 14.117624282836914 -27.2717227935791
v -14.701166152954102 16.093887329101562 -24.927637100219727
v -19.06905174255371 14.288426399230957 -23.862226486206055
v -13.31082534790039 16.956817626953125 -22.57510757446289
v -16.858835220336914 16.047468185424805 -18.4645938873291
v -18.300172805786133 15.442072868347168 -18.5422306060791
v -19.8018741607666 14.857670783996582 -17.986024856567383
v -23.657424926757812 11.992036819458008 -23.60590934753418
v -21.538833618164062 14.242679595947266 -17.20029067993164
v -25.346925735473633 11.967972755432129 -20.150310516357422
v -26.867290496826172 11.995429992675781 -16.93023109436035
v -23.260704040527344 13.870436668395996 -15.57663631439209
v -25.43334197998047 13.637787818908691 -11.768473625183105
v -28.479040145874023 12.055964469909668 -13.388373374938965
v -28.047513961791992 13.58426284790039 -5.73142671585083
v -31.40024757385254 12.158584594726562 -6.779034614562988
v -33.83110046386719 12.335332870483398 0.0
v -30.04490852355957 13.623068809509277 0.0
v -28.047513961791992 13.58426284790039 5.73142671585083
v -31.40024757385254 12.158584594726562 6.779034614562988
v -28.479040145874023 12.055964469909668 13.388373374938965
v -25.43334197998047 13.637787818908691 11.768473625183105
v -26.867290496826172 11.995429992675781 16.93023109436035
v -23.260704040527344 13.870436668395996 15.57663631439209
v -21.538833618164062 14.242679595947266 17.20029067993164
v -25.346925735473633 11.967972755432129 20.150310516357422
v -23.657424926757812 11.992036819458008 23.60590934753418
v -19.8018741607666 14.857670783996582 17.986024856567383
v -19.06905174255371 14.288426399230957 23.862226486206055
v -18.300172805786133 15.442072868347168 18.5422306060791
v -16.858835220336914 16.047468185424805 18.4645938873291
v -13.31082534790039 16.956817626953125 22.57510757446289
v -14.701166152954102 16.093887329101562 24.927637100219727
v -21.289796829223633 12.292092323303223 27.99321746826172
v -18.206024169921875 14.117624282836914 27.2717227935791
v -14.571565628051758 15.959223747253418 26.681522369384766
v -15.508124351501465 14.863930702209473 31.145902633666992
v -17.51431655883789 13.357484817504883 33.25198745727539
v -13.091102600097656 16.278640747070312 29.373821258544922
v -13.312372207641602 15.027690887451172 37.302215576171875
v -10.187496185302734 17.102113723754883 33.02345275878906
v -11.914804458618164 16.08125877380371 35.106300354003906
v -7.088983535766602 17.934310913085938 36.521270751953125
v -8.418392181396484 17.235843658447266 38.51490020751953
v -9.654560089111328 16.455379486083984 40.444664001464844
v -3.6089463233947754 18.825525283813477 40.15541076660156
v -4.789270401000977 18.420358657836914 41.84619140625
v -5.864037036895752 17.923303604125977 43.53214645385742
v -1.0586555004119873 19.275293350219727 44.52508544921875
v -0.9212823510169983 19.377635955810547 42.43866729736328
v -2.9608635902404785 18.753095626831055 45.5573844909668
v 2.2941505908966064 19.443462371826172 44.29453659057617
v -0.22915080189704895 19.160160064697266 47.215911865234375
v 2.1825311183929443 19.33237075805664 46.32855987548828
v 2.3747477531433105 19.023632049560547 48.36829376220703
v 4.715667247772217 19.06048583984375 44.790828704833984
v 4.486173629760742 18.37176513671875 48.99359893798828
v 4.702725887298584 18.80039405822754 47.16419982910156
v 7.417525291442871 18.77428436279297 44.27737045288086
v 6.959434986114502 17.96576690673828 47.353271484375
v 6.5525946617126465 17.367307662963867 49.3076286315918
v 9.862875938415527 18.746671676635742 42.907371520996094
v 9.010730743408203 17.248266220092773 46.93880844116211
v 8.569781303405762 16.31175994873047 49.289886474609375
v 10.868107795715332 16.84260368347168 45.952484130859375
v 10.502033233642578 15.527782440185547 48.756568908691406
v 12.198453903198242 15.252530097961426 47.70011901855469
v 7.637789726257324 16.70415687561035 -46.11642074584961
v 7.294037818908691 17.678129196166992 -43.860939025878906
v 4.784915924072266 17.873872756958008 -44.359336853027344
v 9.926385879516602 14.725797653198242 -48.180545806884766
v 7.99510383605957 15.431122779846191 -48.8264274597168
v 9.496912956237793 16.52933120727539 -44.90910720825195
v 11.599992752075195 14.528350830078125 -47.061893463134766
v 9.86477279663086 17.659957885742188 -42.29610824584961
v 12.868297576904297 14.756997108459473 -45.93605041503906
v 11.21420955657959 16.85491180419922 -43.18244552612305
v 11.937807083129883 18.1978759765625 -39.84647750854492
v 14.001199722290039 15.24048137664795 -44.4167594909668
v 13.136569023132324 17.51662826538086 -40.76423263549805
v 15.379188537597656 16.133167266845703 -42.301204681396484
v 17.49913215637207 17.73842430114746 -38.74143981933594
v 15.234134674072266 18.6295223236084 -37.65701675415039
v 14.046032905578613 19.142898559570312 -36.98764419555664
v 19.805694580078125 19.660831451416016 -34.7365608215332
v 17.69187355041504 20.283777236938477 -33.6815185546875
v 16.640701293945312 20.60393524169922 -33.061424255371094
v 19.848926544189453 21.72345542907715 -30.23895263671875
v 21.724308013916016 21.362037658691406 -31.227951049804688
v 18.705026626586914 21.921110153198242 -29.704788208007812
v 23.629426956176758 22.89719009399414 -27.913705825805664
v 21.4334774017334 23.021207809448242 -27.2464656829834
v 20.185142517089844 23.084108352661133 -26.823854446411133
v 22.952238082885742 24.296709060668945 -24.10223388671875
v 25.47425079345703 24.500581741333008 -24.32941246032715
v 21.688695907592773 24.22397804260254 -23.859743118286133
v 24.213783264160156 25.577993392944336 -20.632678985595703
v 22.312294006347656 25.13113784790039 -21.05887222290039
v 27.231887817382812 26.173269271850586 -20.473529815673828
v 21.580904006958008 25.57731056213379 -18.76150131225586
v 25.175670623779297 26.972410202026367 -15.910311698913574
v 21.803293228149414 26.915742874145508 -12.28757095336914
v 28.445037841796875 27.396249771118164 -17.37108612060547
v 23.956958770751953 27.748804092407227 -11.092109680175781
v 29.420181274414062 28.416698455810547 -14.577479362487793
v 30.35077667236328 29.407262802124023 -11.788280487060547
v 26.390178680419922 28.757272720336914 -9.464183807373047
v 27.558507919311523 29.507373809814453 -7.525888919830322
v 31.132587432861328 30.296031951904297 -9.046947479248047
v 28.983264923095703 30.40181541442871 -4.914172649383545
v 31.88346290588379 31.25649642944336 -5.545269012451172
v 32.297607421875 31.922285079956055 -2.504228353500366
v 29.69188690185547 31.02550506591797 -2.310408592224121
v 30.047962188720703 31.467859268188477 0.0
v 32.43720626831055 32.3498420715332 0.0
v 32.297607421875 31.922285079956055 2.504228353500366
v 29.69188690185547 31.02550506591797 2.310408592224121
v 28.983264923095703 30.40181541442871 4.914172649383545
v 31.88346290588379 31.25649642944336 5.545269012451172
v 31.132587432861328 30.296031951904297 9.046947479248047
v 27.558507919311523 29.507373809814453 7.525888919830322
v 30.35077667236328 29.407262802124023 11.788280487060547
v 26.390178680419922 28.757272720336914 9.464183807373047
v 23.956958770751953 27.748804092407227 11.092109680175781
v 29.420181274414062 28.416698455810547 14.577479362487793
v 28.445037841796875 27.396249771118164 17.37108612060547
v 25.175670623779297 26.972410202026367 15.910311698913574
v 21.803293228149414 26.915742874145508 12.28757095336914
v 27.231887817382812 26.173269271850586 20.473529815673828
v 21.580904006958008 25.57731056213379 18.76150131225586
v 24.213783264160156 25.577993392944336 20.632678985595703
v 22.312294006347656 25.13113784790039 21.05887222290039
v 25.47425079345703 24.500581741333008 24.32941246032715
v 21.688695907592773 24.22397804260254 23.859743118286133
v 22.952238082885742 24.296709060668945 24.10223388671875
v 23.629426956176758 22.89719009399414 27.913705825805664
v 20.185142517089844 23.084108352661133 26.823854446411133
v 21.4334774017334 23.021207809448242 27.2464656829834
v 18.705026626586914 21.921110153198242 29.704788208007812
v 19.848926544189453 21.72345542907715 30.23895263671875
v 21.724308013916016 21.362037658691406 31.227951049804688
v 16.640701293945312 20.60393524169922 33.061424255371094
v 19.805694580078125 19.660831451416016 34.7365608215332
v 17.69187355041504 20.283777236938477 33.6815185546875
v 14.046032905578613 19.142898559570312 36.98764419555664
v 15.234134674072266 18.6295223236084 37.65701675415039
v 17.49913215637207 17.73842430114746 38.74143981933594
v 11.937807083129883 18.1978759765625 39.84647750854492
v 13.136569023132324 17.51662826538086 40.76423263549805
v 15.379188537597656 16.133167266845703 42.301204681396484
v 14.001199722290039 15.24048137664795 44.4167594909668
v 11.21420955657959 16.85491180419922 43.18244552612305
v 9.86477279663086 17.659957885742188 42.29610824584961
v 12.868297576904297 14.756997108459473 45.93605041503906
v 9.496912956237793 16.52933120727539 44.90910720825195
v 11.599992752075195 14.528350830078125 47.061893463134766
v 7.294037818908691 17.678129196166992 43.860939025878906
v 9.926385879516602 14.725797653198242 48.180545806884766
v 7.637789726257324 16.70415687561035 46.11642074584961
v 4.784915924072266 17.873872756958008 44.359336853027344
v 7.99510383605957 15.431122779846191 48.8264274597168
v -19.967824935913086 19.811538696289062 17.720640182495117
v -21.650686264038086 19.712039947509766 17.893848419189453
v -21.613304138183594 19.64813804626465 17.81882095336914
v -19.98777198791504 19.75568389892578 17.66651153564453
v -13.183975219726562 20.222415924072266 14.355588912963867
v -13.15537166595459 20.289976119995117 14.418869018554688
v -19.896535873413086 19.7717227935791 16.51306915283203
v -20.669384002685547 19.723426818847656 16.43058967590332
v -20.62852668762207 19.80379295349121 16.368267059326172
v -19.91524314880371 19.850204467773438 16.438364028930664
v -13.599905014038086 20.31601905822754 13.5624418258667
v -13.558487892150879 20.238557815551758 13.626331329345703
v -8.32349681854248 21.07939910888672 11.32051944732666
v -8.278400421142578 21.003372192382812 11.383626937866211
v -1.542778491973877 22.440412521362305 8.53305721282959
v -7.925687313079834 20.991722106933594 12.096490859985352
v -7.903128623962402 21.06725311279297 12.171148300170898
v -1.4936943054199219 22.366348266601562 8.595499992370605
v 4.358717441558838 24.062694549560547 6.103918075561523
v -1.1365349292755127 22.371267318725586 9.340056419372559
v -1.1194677352905273 22.446914672851562 9.416070938110352
v 4.410626411437988 23.98859405517578 6.163966178894043
v 11.008689880371094 26.283830642700195 2.902050256729126
v 4.8595099449157715 24.015235900878906 6.8783440589904785
v 4.885792255401611 24.08292007446289 6.938720226287842
v 11.077106475830078 26.21785545349121 2.956902503967285
v 12.92144775390625 26.939861297607422 1.5062315464019775
v 11.785380363464355 26.343788146972656 3.8731584548950195
v 11.816126823425293 26.427038192749023 3.912506103515625
v 12.995107650756836 26.877126693725586 1.5532876253128052
v 13.773981094360352 27.269834518432617 0.0
v 14.477383613586426 27.30427360534668 2.214808702468872
v 14.502457618713379 27.40106201171875 2.2477102279663086
v 13.869691848754883 27.2145938873291 0.0
v 15.771574974060059 27.776033401489258 0.0
v 15.78003978729248 27.872478485107422 0.0
v 14.502457618713379 27.40106201171875 -2.2477102279663086
v 14.477383613586426 27.30427360534668 -2.214808702468872
v 11.816126823425293 26.427038192749023 -3.912506103515625
v 12.995107650756836 26.877126693725586 -1.5532876253128052
v 12.92144775390625 26.939861297607422 -1.5062315464019775
v 11.785380363464355 26.343788146972656 -3.8731584548950195
v 4.885792255401611 24.08292007446289 -6.938720226287842
v 11.077106475830078 26.21785545349121 -2.956902503967285
v 11.008689880371094 26.283830642700195 -2.902050256729126
v 4.8595099449157715 24.015235900878906 -6.8783440589904785
v -1.1194677352905273 22.446914672851562 -9.416070938110352
v 4.410626411437988 23.98859405517578 -6.163966178894043
v 4.358717441558838 24.062694549560547 -6.103918075561523
v -1.1365349292755127 22.371267318725586 -9.340056419372559
v -7.903128623962402 21.06725311279297 -12.171148300170898
v -1.4936943054199219 22.366348266601562 -8.595499992370605
v -1.542778491973877 22.440412521362305 -8.53305721282959
v -7.925687313079834 20.991722106933594 -12.096490859985352
v -13.15537166595459 20.289976119995117 -14.418869018554688
v -8.278400421142578 21.003372192382812 -11.383626937866211
v -8.32349681854248 21.07939910888672 -11.32051944732666
v -13.183975219726562 20.222415924072266 -14.355588912963867
v -19.967824935913086 19.811538696289062 -17.720640182495117
v -13.558487892150879 20.238557815551758 -13.626331329345703
v -13.599905014038086 20.31601905822754 -13.5624418258667
v -19.98777198791504 19.75568389892578 -17.66651153564453
v -19.896535873413086 19.7717227935791 -16.51306915283203
v -19.91524314880371 19.850204467773438 -16.438364028930664
v -20.62852668762207 19.80379295349121 -16.368267059326172
v -20.669384002685547 19.723426818847656 -16.43058967590332
v -21.613304138183594 19.64813804626465 -17.81882095336914
v -21.650686264038086 19.712039947509766 -17.893848419189453
v -12.313791275024414 16.150121688842773 -28.125797271728516
v -14.69619083404541 16.02358627319336 -23.37808609008789
v -9.291655540466309 17.80658531188965 -21.60167694091797
v -4.024378299713135 19.46892738342285 -20.29738426208496
v -10.07391357421875 16.7270565032959 -31.167016983032227
v 1.7198518514633179 21.1705379486084 -19.06549644470215
v -7.050852298736572 17.501056671142578 -34.9385871887207
v -3.996594190597534 18.11613655090332 -38.21360778808594
v 7.074283123016357 22.63993263244629 -18.406782150268555
v 11.564743995666504 23.740013122558594 -18.05423355102539
v -1.4900879859924316 18.564973831176758 -40.726322174072266
v 16.086536407470703 24.88564682006836 -18.035200119018555
v 1.6354236602783203 18.873262405395508 -42.691184997558594
v 19.642240524291992 25.934906005859375 -18.500333786010742
v 4.115479469299316 18.688880920410156 -44.0308952331543
v 20.98117446899414 25.710494995117188 -20.647367477416992
v 6.825243949890137 18.4857177734375 -43.75364685058594
v 21.9564266204834 25.299114227294922 -22.794403076171875
v 9.29749584197998 18.028383255004883 -43.34809494018555
v -12.313791275024414 16.150121688842773 28.125797271728516
v -9.291655540466309 17.80658531188965 21.60167694091797
v -14.69619083404541 16.02358627319336 23.37808609008789
v -4.024378299713135 19.46892738342285 20.29738426208496
v -10.07391357421875 16.7270565032959 31.167016983032227
v 1.7198518514633179 21.1705379486084 19.06549644470215
v -7.050852298736572 17.501056671142578 34.9385871887207
v -3.996594190597534 18.11613655090332 38.21360778808594
v 7.074283123016357 22.63993263244629 18.406782150268555
v 11.564743995666504 23.740013122558594 18.05423355102539
v -1.4900879859924316 18.564973831176758 40.726322174072266
v 16.086536407470703 24.88564682006836 18.035200119018555
v 1.6354236602783203 18.873262405395508 42.691184997558594
v 19.642240524291992 25.934906005859375 18.500333786010742
v 4.115479469299316 18.688880920410156 44.0308952331543
v 20.98117446899414 25.710494995117188 20.647367477416992
v 6.825243949890137 18.4857177734375 43.75364685058594
v 21.9564266204834 25.299114227294922 22.794403076171875
v 9.29749584197998 18.028383255004883 43.34809494018555
v -13.824772834777832 20.333560943603516 -16.561899185180664
v -21.808605194091797 19.788774490356445 -20.721452713012695
v -23.637908935546875 19.710247039794922 -12.638484001159668
v -13.162755966186523 20.53494644165039 0.0
v -24.028873443603516 19.775938034057617 0.0
v -6.908232688903809 21.306692123413086 -13.524123191833496
v -23.637908935546875 19.710247039794922 12.638484001159668
v -1.6471335887908936 22.35173225402832 -11.476401329040527
v -21.808605194091797 19.788774490356445 20.721452713012695
v -13.824772834777832 20.333560943603516 16.561899185180664
v -6.908232688903809 21.306692123413086 13.524123191833496
v -1.6471335887908936 22.35173225402832 11.476401329040527
v 1.9677320718765259 23.809974670410156 0.0
v 5.854150772094727 24.451040267944336 -8.499134063720703
v 5.854150772094727 24.451040267944336 8.499134063720703
v 14.803683280944824 27.66599464416504 0.0
v 14.775157928466797 27.504926681518555 -4.963979244232178
v 14.775157928466797 27.504926681518555 4.963979244232178
v 17.877843856811523 28.625286102294922 -2.601658344268799
v 17.877843856811523 28.625286102294922 2.601658344268799
v 18.777484893798828 28.954442977905273 0.0
v -20.091583251953125 15.936628341674805 0.0
v -22.10528564453125 13.930710792541504 -14.944432258605957
v -28.316631317138672 13.546661376953125 0.0
v -22.10528564453125 13.930710792541504 14.944432258605957
v -18.530536651611328 14.939070701599121 -18.346635818481445
v -18.530536651611328 14.939070701599121 18.346635818481445
v 22.323955535888672 29.144535064697266 0.0
v 22.323955535888672 27.930126190185547 -12.433568954467773
v 22.323955535888672 27.930126190185547 12.433568954467773
v 26.660980224609375 30.139938354492188 -7.204565048217773
v 26.660980224609375 30.139938354492188 7.204565048217773
v 29.11985206604004 31.903350830078125 0.0
v 34.168785095214844 29.998987197875977 9.285428047180176
v 32.60555648803711 29.998987197875977 9.285426139831543
v 32.60555648803711 30.084613800048828 -6.668565273284912
v 34.168785095214844 30.084609985351562 -6.668565273284912
v 32.81819152832031 32.426063537597656 7.0511393547058105
v 30.932371139526367 32.48574447631836 7.0511393547058105
v 30.932371139526367 32.48574447631836 7.921725273132324
v 32.81819152832031 32.426063537597656 7.921725273132324
v 30.932371139526367 31.653348922729492 7.0511393547058105
v 32.81819152832031 31.70875358581543 7.0511393547058105
v 32.81819152832031 31.70875358581543 7.921725273132324
v 30.932371139526367 31.653348922729492 7.921725273132324
v 29.4700870513916 31.597944259643555 7.921725273132324
v 30.326025009155273 32.54542541503906 7.921725273132324
v 30.326025009155273 32.54542541503906 7.0511393547058105
v 29.4700870513916 31.597944259643555 7.0511393547058105
v 30.932371139526367 32.48574447631836 7.921725273132324
v 30.932371139526367 32.48574447631836 7.0511393547058105
v 30.326025009155273 32.54542541503906 7.0511393547058105
v 30.326025009155273 32.54542541503906 7.921725273132324
v 30.932371139526367 31.653348922729492 7.921725273132324
v 30.874164581298828 31.521516799926758 7.921725273132324
v 30.874164581298828 31.371910095214844 7.0511393547058105
v 30.932371139526367 31.653348922729492 7.0511393547058105
v 29.4700870513916 31.597944259643555 7.921725273132324
v 29.4700870513916 31.597944259643555 7.0511393547058105
v 29.4700870513916 30.997798919677734 7.0511393547058105
v 29.4700870513916 31.1772403717041 7.921725273132324
v 32.81819152832031 32.44304656982422 -7.5923380851745605
v 30.932371139526367 32.50272750854492 -7.5923380851745605
v 30.932371139526367 32.50272750854492 -6.721752166748047
v 32.81819152832031 32.44304656982422 -6.721752166748047
v 30.932371139526367 31.670331954956055 -7.5923380851745605
v 32.81819152832031 31.725736618041992 -7.5923380851745605
v 32.81819152832031 31.725736618041992 -6.721752166748047
v 30.932371139526367 31.670331954956055 -6.721752166748047
v 29.4700870513916 31.614927291870117 -6.721752166748047
v 30.326025009155273 32.562408447265625 -6.721752166748047
v 30.326025009155273 32.562408447265625 -7.5923380851745605
v 29.4700870513916 31.614927291870117 -7.5923380851745605
v 30.932371139526367 32.50272750854492 -6.721752166748047
v 30.932371139526367 32.50272750854492 -7.5923380851745605
v 30.326025009155273 32.562408447265625 -7.5923380851745605
v 30.326025009155273 32.562408447265625 -6.721752166748047
v 30.932371139526367 31.670331954956055 -6.721752166748047
v 30.874164581298828 31.53849983215332 -6.721752166748047
v 30.874164581298828 31.388893127441406 -7.5923380851745605
v 30.932371139526367 31.670331954956055 -7.5923380851745605
v 29.4700870513916 31.614927291870117 -6.721752166748047
v 29.4700870513916 31.614927291870117 -7.5923380851745605
v 29.4700870513916 31.014781951904297 -7.5923380851745605
v 29.4700870513916 31.194223403930664 -6.721752166748047
v -6.5029988288879395 15.906978607177734 -22.058191299438477
v -5.880293846130371 16.093515396118164 -21.65222930908203
v -20.17901039123535 12.441282272338867 -13.815200805664062
v -20.17901039123535 12.441282272338867 -13.815200805664062
v -20.783634185791016 12.309526443481445 -12.764261245727539
v -5.880293846130371 16.093515396118164 -21.65222930908203
v -20.36201286315918 13.693591117858887 -14.164210319519043
v -20.994609832763672 13.561354637145996 -13.020953178405762
v -6.362656116485596 17.267314910888672 -21.916454315185547
v -6.900931358337402 17.10314178466797 -22.25358009338379
v -12.438094139099121 15.293342590332031 -25.96693229675293
v -13.33277702331543 15.134737014770508 -25.696535110473633
v -6.900931358337402 17.10314178466797 -22.25358009338379
v -6.434185028076172 17.153284072875977 -22.650920867919922
v -6.362656116485596 17.267314910888672 -21.916454315185547
v 6.590167999267578 21.694133758544922 -13.196282386779785
v 6.390036106109619 21.613189697265625 -14.004850387573242
v 6.390036106109619 21.613189697265625 -14.004850387573242
v -5.9474077224731445 17.35723876953125 -22.344118118286133
v -6.362656116485596 17.267314910888672 -21.916454315185547
v 0.1889619380235672 19.853609085083008 -1.7242586612701416
v 7.4434967041015625 22.077001571655273 -11.56264877319336
v 7.041322231292725 21.866071701049805 -12.024444580078125
v -0.7901340126991272 19.515628814697266 -1.510550856590271
v -2.250793695449829 19.128664016723633 -0.5488501191139221
v -1.7700490951538086 19.226665496826172 -1.0540034770965576
v -22.454845428466797 13.241833686828613 -10.634608268737793
v -22.80909538269043 13.126049041748047 -9.922048568725586
v -22.091936111450195 12.022577285766602 -10.639392852783203
v -1.2021633386611938 18.066587448120117 -1.097169280052185
v -1.7218362092971802 17.911285400390625 -0.5012126564979553
v -22.406702041625977 11.917646408081055 -10.021956443786621
v 7.515812873840332 20.681028366088867 -12.000201225280762
v 7.89802360534668 20.866558074951172 -11.378357887268066
v 0.422181099653244 18.589086532592773 -1.5688012838363647
v -0.3991006016731262 18.303916931152344 -1.3871088027954102
v 6.980584621429443 20.43953514099121 -13.961424827575684
v 7.2027506828308105 20.55427360534668 -13.006196022033691
v -5.880293846130371 16.093515396118164 -21.65222930908203
v -5.27012825012207 16.245208740234375 -22.106487274169922
v 2.6752049922943115 15.556682586669922 -28.662202835083008
v -5.27012825012207 16.245208740234375 -22.106487274169922
v 1.9056963920593262 15.254631042480469 -28.699073791503906
v 1.9056963920593262 15.254631042480469 -28.699073791503906
v -5.912296295166016 16.00888442993164 -22.48334503173828
v -5.27012825012207 16.245208740234375 -22.106487274169922
v -20.783634185791016 12.309526443481445 12.764261245727539
v -5.880293846130371 16.093515396118164 21.65222930908203
v -20.17901039123535 12.441282272338867 13.815200805664062
v -20.17901039123535 12.441282272338867 13.815200805664062
v -6.5029988288879395 15.906978607177734 22.058191299438477
v -5.880293846130371 16.093515396118164 21.65222930908203
v -20.36201286315918 13.693591117858887 14.164210319519043
v -6.900931358337402 17.10314178466797 22.25358009338379
v -6.362656116485596 17.267314910888672 21.916454315185547
v -20.994609832763672 13.561354637145996 13.020953178405762
v -12.438094139099121 15.293342590332031 25.96693229675293
v -6.434185028076172 17.153284072875977 22.650920867919922
v -6.900931358337402 17.10314178466797 22.25358009338379
v -13.33277702331543 15.134737014770508 25.696535110473633
v -6.362656116485596 17.267314910888672 21.916454315185547
v -5.9474077224731445 17.35723876953125 22.344118118286133
v 6.390036106109619 21.613189697265625 14.004850387573242
v 6.390036106109619 21.613189697265625 14.004850387573242
v 6.590167999267578 21.694133758544922 13.196282386779785
v -6.362656116485596 17.267314910888672 21.916454315185547
v 0.1889619380235672 19.853609085083008 1.7242586612701416
v -0.7901340126991272 19.515628814697266 1.510550856590271
v 7.041322231292725 21.866071701049805 12.024444580078125
v 7.4434967041015625 22.077001571655273 11.56264877319336
v -2.250793695449829 19.128664016723633 0.5488501191139221
v -22.80909538269043 13.126049041748047 9.922048568725586
v -22.454845428466797 13.241833686828613 10.634608268737793
v -1.7700490951538086 19.226665496826172 1.0540034770965576
v -22.091936111450195 12.022577285766602 10.639392852783203
v -22.406702041625977 11.917646408081055 10.021956443786621
v -1.7218362092971802 17.911285400390625 0.5012126564979553
v -1.2021633386611938 18.066587448120117 1.097169280052185
v 7.515812873840332 20.681028366088867 12.000201225280762
v -0.3991006016731262 18.303916931152344 1.3871088027954102
v 0.422181099653244 18.589086532592773 1.5688012838363647
v 7.89802360534668 20.866558074951172 11.378357887268066
v 6.980584621429443 20.43953514099121 13.961424827575684
v -5.27012825012207 16.245208740234375 22.106487274169922
v -5.880293846130371 16.093515396118164 21.65222930908203
v 7.2027506828308105 20.55427360534668 13.006196022033691
v -5.912296295166016 16.00888442993164 22.48334503173828
v -5.27012825012207 16.245208740234375 22.106487274169922
v 1.9056963920593262 15.254631042480469 28.699073791503906
v 1.9056963920593262 15.254631042480469 28.699073791503906
v 2.6752049922943115 15.556682586669922 28.662202835083008
v -5.27012825012207 16.245208740234375 22.106487274169922
v 34.168819427490234 35.00143051147461 -8.535720825195312
v 32.605751037597656 35.00143051147461 -8.535720825195312
v 32.60594177246094 36.094703674316406 -8.502348899841309
v 34.16884994506836 36.094703674316406 -8.502350807189941
v 32.60594177246094 36.323158264160156 -8.301108360290527
v 34.16884994506836 36.32316207885742 -8.301106452941895
v 32.60594177246094 37.61503601074219 -4.495203495025635
v 34.16884994506836 37.61503219604492 -4.495201587677002
v 34.16885757446289 37.61505889892578 -1.537484884262085
v 32.605934143066406 37.61506271362305 -1.5374819040298462
v 34.16887664794922 39.3690299987793 1.6450227499008179
v 32.60598373413086 39.36902618408203 1.6450257301330566
v 32.60604476928711 39.7325439453125 1.6356878280639648
v 34.16889190673828 39.7325439453125 1.6356863975524902
v 32.60604476928711 39.836769104003906 1.9573256969451904
v 34.168888092041016 39.836769104003906 1.9573256969451904
v 32.60598373413086 39.788360595703125 2.3411967754364014
v 34.16887664794922 39.78836441040039 2.3411967754364014
v 32.605918884277344 39.85271072387695 2.7379462718963623
v 34.16886520385742 39.85270690917969 2.7379462718963623
v 32.605918884277344 39.840450286865234 3.430171489715576
v 34.16886520385742 39.84044647216797 3.430171489715576
v 32.605918884277344 39.67692565917969 4.0640034675598145
v 34.16886520385742 39.67692565917969 4.0640034675598145
v 34.16886520385742 39.25482177734375 4.757073879241943
v 32.605918884277344 39.254825592041016 4.757073879241943
v 32.605918884277344 38.1312370300293 5.4390645027160645
v 34.16886520385742 38.1312370300293 5.4390645027160645
v 34.16886520385742 37.601959228515625 5.802034854888916
v 32.605918884277344 37.601959228515625 5.802034854888916
v 34.16886520385742 37.33509826660156 6.290645122528076
v 32.605918884277344 37.33509826660156 6.290645122528076
v 34.16886520385742 37.068607330322266 6.729313850402832
v 32.605918884277344 37.068603515625 6.729313850402832
v 34.16886520385742 36.8238525390625 6.907497882843018
v 32.605918884277344 36.823856353759766 6.907500267028809
v 34.16886520385742 36.11735916137695 7.060381889343262
v 32.605918884277344 36.11735916137695 7.060381889343262
v 32.605918884277344 35.530948638916016 6.974356174468994
v 34.16886520385742 35.53094482421875 6.974356174468994
v 34.168827056884766 35.03334426879883 6.966377258300781
v 32.605735778808594 35.03334045410156 6.966377258300781
v 34.16885757446289 37.61505889892578 -1.537484884262085
v 32.605934143066406 37.61506271362305 -1.5374819040298462
v 32.605918884277344 37.972618103027344 -1.5291918516159058
v 34.16886520385742 37.97261047363281 -1.5291918516159058
v 32.605918884277344 38.68598937988281 -1.212562918663025
v 34.16886520385742 38.68598937988281 -1.2125612497329712
v 34.16886520385742 39.1469612121582 0.10463598370552063
v 32.605918884277344 39.1469612121582 0.10463398694992065
v 32.60598373413086 39.36902618408203 1.6450257301330566
v 34.16887664794922 39.3690299987793 1.6450227499008179
v 34.16886520385742 39.300296783447266 1.4254558086395264
v 32.605918884277344 39.300289154052734 1.4254558086395264
v 34.16886520385742 39.345375061035156 0.8768019080162048
v 32.605926513671875 39.345375061035156 0.8768019080162048
v 32.605751037597656 35.00143051147461 -8.535720825195312
v 34.168819427490234 35.00143051147461 -8.535720825195312
v 34.168785095214844 34.79191207885742 -8.876679420471191
v 32.60555648803711 34.79191207885742 -8.876679420471191
v 34.168785095214844 34.187774658203125 -9.234993934631348
v 32.60555648803711 34.187782287597656 -9.23499870300293
v 34.168785095214844 30.084609985351562 -6.668565273284912
v 32.60555648803711 30.084613800048828 -6.668565273284912
v 32.60555648803711 31.554889678955078 10.32081413269043
v 32.60555648803711 34.872135162353516 7.714681148529053
v 32.60555648803711 35.00783157348633 7.447614669799805
v 32.60555648803711 31.25986099243164 10.293806076049805
v 32.605735778808594 35.03334045410156 6.966377258300781
v 32.60555648803711 29.998987197875977 9.285426139831543
v 32.605751037597656 35.00143051147461 -8.535720825195312
v 32.605918884277344 35.530948638916016 6.974356174468994
v 32.60555648803711 34.79191207885742 -8.876679420471191
v 32.60555648803711 30.084613800048828 -6.668565273284912
v 32.60555648803711 34.187782287597656 -9.23499870300293
v 32.60594177246094 36.094703674316406 -8.502348899841309
v 32.605918884277344 36.11735916137695 7.060381889343262
v 32.605918884277344 36.823856353759766 6.907500267028809
v 32.605918884277344 37.068603515625 6.729313850402832
v 32.60594177246094 36.323158264160156 -8.301108360290527
v 32.605918884277344 37.33509826660156 6.290645122528076
v 32.60594177246094 37.61503601074219 -4.495203495025635
v 32.605918884277344 37.601959228515625 5.802034854888916
v 32.60594177246094 37.61503601074219 -4.495203495025635
v 32.605934143066406 37.61506271362305 -1.5374819040298462
v 32.605918884277344 37.601959228515625 5.802034854888916
v 32.605918884277344 38.1312370300293 5.4390645027160645
v 32.605918884277344 37.601959228515625 5.802034854888916
v 32.605934143066406 37.61506271362305 -1.5374819040298462
v 32.605934143066406 37.61506271362305 -1.5374819040298462
v 32.605918884277344 37.972618103027344 -1.5291918516159058
v 32.605918884277344 38.1312370300293 5.4390645027160645
v 32.605918884277344 38.1312370300293 5.4390645027160645
v 32.605918884277344 37.972618103027344 -1.5291918516159058
v 32.605918884277344 38.68598937988281 -1.212562918663025
v 32.605918884277344 39.254825592041016 4.757073879241943
v 32.605918884277344 39.300289154052734 1.4254558086395264
v 32.605918884277344 39.1469612121582 0.10463398694992065
v 32.60598373413086 39.36902618408203 1.6450257301330566
v 32.605926513671875 39.345375061035156 0.8768019080162048
v 32.60593032836914 39.980567932128906 0.6652843952178955
v 32.60593032836914 39.98002624511719 0.07169849425554276
v 32.605918884277344 39.67692565917969 4.0640034675598145
v 32.60598373413086 39.788360595703125 2.3411967754364014
v 32.60604476928711 39.7325439453125 1.6356878280639648
v 32.60604476928711 39.836769104003906 1.9573256969451904
v 32.605918884277344 39.840450286865234 3.430171489715576
v 32.605918884277344 39.85271072387695 2.7379462718963623
v 32.81819152832031 31.70875358581543 7.921725273132324
v 32.81819152832031 32.426063537597656 7.921725273132324
v 30.932371139526367 32.48574447631836 7.921725273132324
v 30.932371139526367 31.653348922729492 7.921725273132324
v 30.326025009155273 32.54542541503906 7.921725273132324
v 29.4700870513916 31.597944259643555 7.921725273132324
v 29.4700870513916 31.1772403717041 7.921725273132324
v 30.874164581298828 31.521516799926758 7.921725273132324
v 32.81819152832031 31.725736618041992 -6.721752166748047
v 32.81819152832031 32.44304656982422 -6.721752166748047
v 30.932371139526367 32.50272750854492 -6.721752166748047
v 30.932371139526367 31.670331954956055 -6.721752166748047
v 30.326025009155273 32.562408447265625 -6.721752166748047
v 29.4700870513916 31.614927291870117 -6.721752166748047
v 29.4700870513916 31.194223403930664 -6.721752166748047
v 30.874164581298828 31.53849983215332 -6.721752166748047
v 2.574932098388672 15.999444007873535 -30.458086013793945
v 2.9396138191223145 15.110513687133789 -29.862611770629883
v -13.772852897644043 13.678936958312988 -26.84100914001465
v -14.055424690246582 14.649147033691406 -26.968788146972656
v -14.803587913513184 13.541121482849121 -26.288909912109375
v -15.03329849243164 14.510960578918457 -26.405397415161133
v -23.057395935058594 11.816951751708984 -12.25998592376709
v -23.313718795776367 12.802157402038574 -12.430414199829102
v -23.594600677490234 11.699234962463379 -11.310111045837402
v -23.93544578552246 12.66801929473877 -11.34897232055664
v -24.247230529785156 12.561552047729492 -10.676706314086914
v -23.888160705566406 11.598636627197266 -10.677106857299805
v -28.12567138671875 9.924772262573242 0.0
v -28.538429260253906 10.927372932434082 0.0
v -24.247230529785156 12.561552047729492 10.676706314086914
v -23.888160705566406 11.598636627197266 10.677106857299805
v -23.594600677490234 11.699234962463379 11.310111045837402
v -23.93544578552246 12.66801929473877 11.34897232055664
v -23.313718795776367 12.802157402038574 12.430414199829102
v -23.057395935058594 11.816951751708984 12.25998592376709
v -15.03329849243164 14.510960578918457 26.405397415161133
v -14.803587913513184 13.541121482849121 26.288909912109375
v -14.055424690246582 14.649147033691406 26.968788146972656
v -13.772852897644043 13.678936958312988 26.84100914001465
v 2.574932098388672 15.999444007873535 30.458086013793945
v 2.9396138191223145 15.110513687133789 29.862611770629883
v -5.880293846130371 16.093515396118164 21.65222930908203
v -5.27012825012207 16.245208740234375 22.106487274169922
v -5.912296295166016 16.00888442993164 22.48334503173828
v -6.5029988288879395 15.906978607177734 22.058191299438477
v -12.214380264282227 14.065563201904297 25.862194061279297
v -13.127595901489258 13.909687042236328 25.568721771240234
v -6.362656116485596 17.267314910888672 21.916454315185547
v -6.900931358337402 17.10314178466797 22.25358009338379
v -6.434185028076172 17.153284072875977 22.650920867919922
v -5.9474077224731445 17.35723876953125 22.344118118286133
v -6.362656116485596 17.267314910888672 21.916454315185547
v -6.434185028076172 17.153284072875977 22.650920867919922
v -6.434185028076172 17.153284072875977 22.650920867919922
v -5.9474077224731445 17.35723876953125 22.344118118286133
v 1.2101777791976929 16.3453369140625 29.235078811645508
v 1.2101777791976929 16.3453369140625 29.235078811645508
v 2.169874429702759 16.590625762939453 29.398469924926758
v -5.9474077224731445 17.35723876953125 22.344118118286133
v -19.259117126464844 19.607168197631836 -18.5159854888916
v -19.233200073242188 19.612215042114258 -18.153732299804688
v -19.004371643066406 19.63652992248535 -17.952423095703125
v -18.959148406982422 19.635164260864258 -18.82551383972168
v -16.854650497436523 19.80599021911621 -17.927568435668945
v -16.822973251342773 19.80194664001465 -18.784549713134766
v -16.560401916503906 19.831785202026367 -18.594011306762695
v -16.541553497314453 19.829069137573242 -18.173458099365234
v 34.16886520385742 39.98002624511719 0.07169849425554276
v 34.16886520385742 39.1469612121582 0.10463598370552063
v 32.605918884277344 39.1469612121582 0.10463398694992065
v 32.60593032836914 39.98002624511719 0.07169849425554276
v 34.16886520385742 39.980567932128906 0.6652843952178955
v 32.60593032836914 39.980567932128906 0.6652843952178955
v 32.605926513671875 39.345375061035156 0.8768019080162048
v 34.16886520385742 39.345375061035156 0.8768019080162048
v 34.168785095214844 34.79191207885742 -8.876679420471191
v 34.168785095214844 30.084609985351562 -6.668565273284912
v 34.168785095214844 34.187774658203125 -9.234993934631348
v 34.168785095214844 29.998987197875977 9.285428047180176
v 34.168819427490234 35.00143051147461 -8.535720825195312
v 34.168827056884766 35.03334426879883 6.966377258300781
v 34.16884994506836 36.094703674316406 -8.502350807189941
v 34.168785095214844 35.00783157348633 7.447614669799805
v 34.168785095214844 31.259862899780273 10.293806076049805
v 34.168785095214844 31.554889678955078 10.32081127166748
v 34.168785095214844 34.87213897705078 7.7146830558776855
v 34.16886520385742 35.53094482421875 6.974356174468994
v 34.16886520385742 36.11735916137695 7.060381889343262
v 34.16886520385742 36.8238525390625 6.907497882843018
v 34.16886520385742 37.068607330322266 6.729313850402832
v 34.16884994506836 36.32316207885742 -8.301106452941895
v 34.16886520385742 37.33509826660156 6.290645122528076
v 34.16884994506836 37.61503219604492 -4.495201587677002
v 34.16885757446289 37.61505889892578 -1.537484884262085
v 34.16886520385742 37.601959228515625 5.802034854888916
v 34.16886520385742 38.1312370300293 5.4390645027160645
v 34.16886520385742 37.97261047363281 -1.5291918516159058
v 34.16886520385742 38.68598937988281 -1.2125612497329712
v 34.16886520385742 39.25482177734375 4.757073879241943
v 34.16886520385742 39.300296783447266 1.4254558086395264
v 34.16886520385742 39.1469612121582 0.10463598370552063
v 34.16886520385742 39.345375061035156 0.8768019080162048
v 34.16886520385742 39.980567932128906 0.6652843952178955
v 34.16886520385742 39.98002624511719 0.07169849425554276
v 34.16887664794922 39.3690299987793 1.6450227499008179
v 34.16886520385742 39.67692565917969 4.0640034675598145
v 34.16886520385742 39.85270690917969 2.7379462718963623
v 34.16886520385742 39.84044647216797 3.430171489715576
v 34.16887664794922 39.78836441040039 2.3411967754364014
v 34.168888092041016 39.836769104003906 1.9573256969451904
v 34.16889190673828 39.7325439453125 1.6356863975524902
v -5.912296295166016 16.00888442993164 -22.48334503173828
v -5.27012825012207 16.245208740234375 -22.106487274169922
v -5.880293846130371 16.093515396118164 -21.65222930908203
v -6.5029988288879395 15.906978607177734 -22.058191299438477
v -12.214380264282227 14.065563201904297 -25.862194061279297
v -13.127595901489258 13.909687042236328 -25.568721771240234
v -6.434185028076172 17.153284072875977 -22.650920867919922
v -6.900931358337402 17.10314178466797 -22.25358009338379
v -6.362656116485596 17.267314910888672 -21.916454315185547
v -5.9474077224731445 17.35723876953125 -22.344118118286133
v -6.434185028076172 17.153284072875977 -22.650920867919922
v -6.362656116485596 17.267314910888672 -21.916454315185547
v -5.9474077224731445 17.35723876953125 -22.344118118286133
v -6.434185028076172 17.153284072875977 -22.650920867919922
v 1.2101777791976929 16.3453369140625 -29.235078811645508
v 1.2101777791976929 16.3453369140625 -29.235078811645508
v 2.169874429702759 16.590625762939453 -29.398469924926758
v -5.9474077224731445 17.35723876953125 -22.344118118286133
v -19.233200073242188 19.612215042114258 18.153732299804688
v -19.004371643066406 19.63652992248535 17.952423095703125
v -20.7391357421875 15.343504905700684 18.4357852935791
v -21.15657615661621 15.196534156799316 18.796772003173828
v -19.259117126464844 19.607168197631836 18.5159854888916
v -21.180355072021484 15.169739723205566 19.517269134521484
v -20.61098289489746 15.34350299835205 20.039264678955078
v -18.959148406982422 19.635164260864258 18.82551383972168
v -16.96865463256836 16.55062484741211 19.748422622680664
v -16.822973251342773 19.80194664001465 18.784549713134766
v -16.55211639404297 16.695140838623047 19.469593048095703
v -16.560401916503906 19.831785202026367 18.594011306762695
v -16.54201889038086 16.720645904541016 18.626842498779297
v -16.541553497314453 19.829069137573242 18.173458099365234
v -17.096811294555664 16.550628662109375 18.144933700561523
v -16.854650497436523 19.80599021911621 17.927568435668945
v -19.004371643066406 19.63652992248535 17.952423095703125
v -20.7391357421875 15.343504905700684 18.4357852935791
v -19.004371643066406 19.63652992248535 17.952423095703125
v -19.233200073242188 19.612215042114258 18.153732299804688
v -19.259117126464844 19.607168197631836 18.5159854888916
v -18.959148406982422 19.635164260864258 18.82551383972168
v -16.854650497436523 19.80599021911621 17.927568435668945
v -16.822973251342773 19.80194664001465 18.784549713134766
v -16.560401916503906 19.831785202026367 18.594011306762695
v -16.541553497314453 19.829069137573242 18.173458099365234
v -19.233200073242188 19.612215042114258 -18.153732299804688
v -20.7391357421875 15.343504905700684 -18.4357852935791
v -19.004371643066406 19.63652992248535 -17.952423095703125
v -21.15657615661621 15.196534156799316 -18.796772003173828
v -19.259117126464844 19.607168197631836 -18.5159854888916
v -21.180355072021484 15.169739723205566 -19.517269134521484
v -20.61098289489746 15.34350299835205 -20.039264678955078
v -18.959148406982422 19.635164260864258 -18.82551383972168
v -16.96865463256836 16.55062484741211 -19.748422622680664
v -16.822973251342773 19.80194664001465 -18.784549713134766
v -16.55211639404297 16.695140838623047 -19.469593048095703
v -16.560401916503906 19.831785202026367 -18.594011306762695
v -16.54201889038086 16.720645904541016 -18.626842498779297
v -16.541553497314453 19.829069137573242 -18.173458099365234
v -17.096811294555664 16.550628662109375 -18.144933700561523
v -16.854650497436523 19.80599021911621 -17.927568435668945
v -19.004371643066406 19.63652992248535 -17.952423095703125
v -20.7391357421875 15.343504905700684 -18.4357852935791
v 34.168785095214844 35.00783157348633 7.447614669799805
v 34.168827056884766 35.03334426879883 6.966377258300781
v 32.605735778808594 35.03334045410156 6.966377258300781
v 32.60555648803711 35.00783157348633 7.447614669799805
v 32.60555648803711 34.872135162353516 7.714681148529053
v 34.168785095214844 34.87213897705078 7.7146830558776855
v 32.60555648803711 31.554889678955078 10.32081413269043
v 34.168785095214844 31.554889678955078 10.32081127166748
v 32.60555648803711 31.25986099243164 10.293806076049805
v 34.168785095214844 31.259862899780273 10.293806076049805
v 34.168785095214844 29.998987197875977 9.285428047180176
v 32.60555648803711 29.998987197875977 9.285426139831543
v 2.9396138191223145 15.110513687133789 -29.862611770629883
v 2.574932098388672 15.999444007873535 -30.458086013793945
v 3.328021287918091 16.490833282470703 -30.04720687866211
v 3.702085256576538 15.615293502807617 -29.4553165435791
v 5.247452735900879 19.006589889526367 -25.199275970458984
v 4.877275466918945 19.969154357910156 -25.551090240478516
v 8.087117195129395 22.070358276367188 -12.88386058807373
v 8.5167236328125 21.120668411254883 -12.801165580749512
v 13.919364929199219 25.287900924682617 -5.920571327209473
v 14.447005271911621 24.378604888916016 -5.823668956756592
v 14.164088249206543 25.489151000976562 -4.388394832611084
v 14.70158863067627 24.574020385742188 -4.301344871520996
v 13.687999725341797 24.152341842651367 -3.229654312133789
v 13.169132232666016 25.058643341064453 -3.314699172973633
v -0.3512490391731262 18.488927841186523 -0.21222281455993652
v -0.7090162038803101 19.37820053100586 -0.1697661429643631
v -0.8404560685157776 19.34026527404785 0.0
v -0.554669976234436 18.405010223388672 0.0
v -0.3512490391731262 18.488927841186523 0.21222281455993652
v -0.7090162038803101 19.37820053100586 0.1697661429643631
v 13.169132232666016 25.058643341064453 3.314699172973633
v 13.687999725341797 24.152341842651367 3.229654312133789
v 14.164088249206543 25.489151000976562 4.388394832611084
v 14.70158863067627 24.574020385742188 4.301344871520996
v 14.447005271911621 24.378604888916016 5.823668956756592
v 13.919364929199219 25.287900924682617 5.920571327209473
v 8.5167236328125 21.120668411254883 12.801165580749512
v 8.087117195129395 22.070358276367188 12.88386058807373
v 5.247452735900879 19.006589889526367 25.199275970458984
v 4.877275466918945 19.969154357910156 25.551090240478516
v 3.328021287918091 16.490833282470703 30.04720687866211
v 3.702085256576538 15.615293502807617 29.4553165435791
v 2.9396138191223145 15.110513687133789 29.862611770629883
v 2.574932098388672 15.999444007873535 30.458086013793945
v -21.008832931518555 14.166518211364746 18.429399490356445
v -21.667606353759766 13.77436637878418 18.848047256469727
v -20.84450912475586 15.313633918762207 18.25220489501953
v -21.35804557800293 15.134455680847168 18.634599685668945
v -21.405567169189453 15.09391975402832 19.58011245727539
v -21.704727172851562 13.555741310119629 19.90474510192871
v -20.99022102355957 13.735383987426758 20.639352798461914
v -20.681129455566406 15.314356803894043 20.268964767456055
v -16.95793914794922 15.322713851928711 20.317358016967773
v -16.919179916381836 16.560808181762695 19.98066520690918
v -16.380693435668945 15.593016624450684 19.890399932861328
v -16.32868194580078 16.765432357788086 19.59449005126953
v -16.314838409423828 15.828733444213867 18.774309158325195
v -16.309402465820312 16.79926300048828 18.550262451171875
v -17.03779411315918 15.756950378417969 18.053789138793945
v -17.006162643432617 16.586172103881836 17.928621292114258
v -20.84450912475586 15.313633918762207 18.25220489501953
v -21.008832931518555 14.166518211364746 18.429399490356445
v -21.008832931518555 14.166518211364746 -18.429399490356445
v -20.84450912475586 15.313633918762207 -18.25220489501953
v -21.667606353759766 13.77436637878418 -18.848047256469727
v -21.35804557800293 15.134455680847168 -18.634599685668945
v -21.405567169189453 15.09391975402832 -19.58011245727539
v -21.704727172851562 13.555741310119629 -19.90474510192871
v -20.99022102355957 13.735383987426758 -20.639352798461914
v -20.681129455566406 15.314356803894043 -20.268964767456055
v -16.95793914794922 15.322713851928711 -20.317358016967773
v -16.919179916381836 16.560808181762695 -19.98066520690918
v -16.380693435668945 15.593016624450684 -19.890399932861328
v -16.32868194580078 16.765432357788086 -19.59449005126953
v -16.314838409423828 15.828733444213867 -18.774309158325195
v -16.309402465820312 16.79926300048828 -18.550262451171875
v -17.03779411315918 15.756950378417969 -18.053789138793945
v -17.006162643432617 16.586172103881836 -17.928621292114258
v -20.84450912475586 15.313633918762207 -18.25220489501953
v -21.008832931518555 14.166518211364746 -18.429399490356445
v 32.81819152832031 32.426063537597656 7.0511393547058105
v 32.81819152832031 31.70875358581543 7.0511393547058105
v 30.932371139526367 31.653348922729492 7.0511393547058105
v 30.932371139526367 32.48574447631836 7.0511393547058105
v 30.326025009155273 32.54542541503906 7.0511393547058105
v 29.4700870513916 31.597944259643555 7.0511393547058105
v 29.4700870513916 30.997798919677734 7.0511393547058105
v 30.874164581298828 31.371910095214844 7.0511393547058105
v 32.81819152832031 32.44304656982422 -7.5923380851745605
v 32.81819152832031 31.725736618041992 -7.5923380851745605
v 30.932371139526367 31.670331954956055 -7.5923380851745605
v 30.932371139526367 32.50272750854492 -7.5923380851745605
v 30.326025009155273 32.562408447265625 -7.5923380851745605
v 29.4700870513916 31.614927291870117 -7.5923380851745605
v 29.4700870513916 31.014781951904297 -7.5923380851745605
v 30.874164581298828 31.388893127441406 -7.5923380851745605
v 14.70158863067627 24.574020385742188 -4.301344871520996
v 13.687999725341797 24.152341842651367 -3.229654312133789
v 14.447005271911621 24.378604888916016 -5.823668956756592
v 0.422181099653244 18.589086532592773 -1.5688012838363647
v -0.3512490391731262 18.488927841186523 -0.21222281455993652
v 7.89802360534668 20.866558074951172 -11.378357887268066
v 8.5167236328125 21.120668411254883 -12.801165580749512
v -0.3991006016731262 18.303916931152344 -1.3871088027954102
v 7.515812873840332 20.681028366088867 -12.000201225280762
v 7.2027506828308105 20.55427360534668 -13.006196022033691
v 6.980584621429443 20.43953514099121 -13.961424827575684
v -5.880293846130371 16.093515396118164 -21.65222930908203
v 5.247452735900879 19.006589889526367 -25.199275970458984
v -5.27012825012207 16.245208740234375 -22.106487274169922
v 2.6752049922943115 15.556682586669922 -28.662202835083008
v 3.702085256576538 15.615293502807617 -29.4553165435791
v 2.9396138191223145 15.110513687133789 -29.862611770629883
v 1.9056963920593262 15.254631042480469 -28.699073791503906
v -12.214380264282227 14.065563201904297 -25.862194061279297
v -5.912296295166016 16.00888442993164 -22.48334503173828
v -13.772852897644043 13.678936958312988 -26.84100914001465
v -13.127595901489258 13.909687042236328 -25.568721771240234
v -14.803587913513184 13.541121482849121 -26.288909912109375
v -20.17901039123535 12.441282272338867 -13.815200805664062
v -6.5029988288879395 15.906978607177734 -22.058191299438477
v -23.057395935058594 11.816951751708984 -12.25998592376709
v -20.783634185791016 12.309526443481445 -12.764261245727539
v -23.594600677490234 11.699234962463379 -11.310111045837402
v -22.091936111450195 12.022577285766602 -10.639392852783203
v -22.406702041625977 11.917646408081055 -10.021956443786621
v -1.2021633386611938 18.066587448120117 -1.097169280052185
v -23.888160705566406 11.598636627197266 -10.677106857299805
v -28.12567138671875 9.924772262573242 0.0
v -0.554669976234436 18.405010223388672 0.0
v -1.7218362092971802 17.911285400390625 -0.5012126564979553
v -1.8093326091766357 17.867053985595703 0.0
v -1.7218362092971802 17.911285400390625 0.5012126564979553
v -22.406702041625977 11.917646408081055 10.021956443786621
v -23.888160705566406 11.598636627197266 10.677106857299805
v -1.2021633386611938 18.066587448120117 1.097169280052185
v -23.594600677490234 11.699234962463379 11.310111045837402
v -0.3512490391731262 18.488927841186523 0.21222281455993652
v -22.091936111450195 12.022577285766602 10.639392852783203
v -20.783634185791016 12.309526443481445 12.764261245727539
v -23.057395935058594 11.816951751708984 12.25998592376709
v -5.880293846130371 16.093515396118164 21.65222930908203
v -20.17901039123535 12.441282272338867 13.815200805664062
v -14.803587913513184 13.541121482849121 26.288909912109375
v -0.3991006016731262 18.303916931152344 1.3871088027954102
v 7.2027506828308105 20.55427360534668 13.006196022033691
v 0.422181099653244 18.589086532592773 1.5688012838363647
v 7.515812873840332 20.681028366088867 12.000201225280762
v 13.687999725341797 24.152341842651367 3.229654312133789
v 8.5167236328125 21.120668411254883 12.801165580749512
v 14.447005271911621 24.378604888916016 5.823668956756592
v 14.70158863067627 24.574020385742188 4.301344871520996
v 7.89802360534668 20.866558074951172 11.378357887268066
v 6.980584621429443 20.43953514099121 13.961424827575684
v 5.247452735900879 19.006589889526367 25.199275970458984
v -5.27012825012207 16.245208740234375 22.106487274169922
v 2.6752049922943115 15.556682586669922 28.662202835083008
v 3.702085256576538 15.615293502807617 29.4553165435791
v 2.9396138191223145 15.110513687133789 29.862611770629883
v 1.9056963920593262 15.254631042480469 28.699073791503906
v -12.214380264282227 14.065563201904297 25.862194061279297
v -5.912296295166016 16.00888442993164 22.48334503173828
v -13.772852897644043 13.678936958312988 26.84100914001465
v -13.127595901489258 13.909687042236328 25.568721771240234
v -6.5029988288879395 15.906978607177734 22.058191299438477
v 14.164088249206543 25.489151000976562 -4.388394832611084
v 13.919364929199219 25.287900924682617 -5.920571327209473
v 13.169132232666016 25.058643341064453 -3.314699172973633
v 0.1889619380235672 19.853609085083008 -1.7242586612701416
v -0.7090162038803101 19.37820053100586 -0.1697661429643631
v 7.4434967041015625 22.077001571655273 -11.56264877319336
v 8.087117195129395 22.070358276367188 -12.88386058807373
v -0.7901340126991272 19.515628814697266 -1.510550856590271
v 7.041322231292725 21.866071701049805 -12.024444580078125
v -1.2461042404174805 19.37798309326172 -0.7648800611495972
v -0.8404560685157776 19.34026527404785 0.0
v 6.590167999267578 21.694133758544922 -13.196282386779785
v -1.7700490951538086 19.226665496826172 -1.0540034770965576
v 6.390036106109619 21.613189697265625 -14.004850387573242
v -6.362656116485596 17.267314910888672 -21.916454315185547
v 4.877275466918945 19.969154357910156 -25.551090240478516
v -5.9474077224731445 17.35723876953125 -22.344118118286133
v 2.169874429702759 16.590625762939453 -29.398469924926758
v 3.328021287918091 16.490833282470703 -30.04720687866211
v 2.574932098388672 15.999444007873535 -30.458086013793945
v 1.2101777791976929 16.3453369140625 -29.235078811645508
v -20.994609832763672 13.561354637145996 -13.020953178405762
v -12.438094139099121 15.293342590332031 -25.96693229675293
v -6.434185028076172 17.153284072875977 -22.650920867919922
v -14.055424690246582 14.649147033691406 -26.968788146972656
v -13.33277702331543 15.134737014770508 -25.696535110473633
v -15.03329849243164 14.510960578918457 -26.405397415161133
v -23.313718795776367 12.802157402038574 -12.430414199829102
v -20.36201286315918 13.693591117858887 -14.164210319519043
v -6.900931358337402 17.10314178466797 -22.25358009338379
v -23.93544578552246 12.66801929473877 -11.34897232055664
v -22.454845428466797 13.241833686828613 -10.634608268737793
v -22.80909538269043 13.126049041748047 -9.922048568725586
v -24.247230529785156 12.561552047729492 -10.676706314086914
v -28.538429260253906 10.927372932434082 0.0
v -2.250793695449829 19.128664016723633 -0.5488501191139221
v -2.334043264389038 19.088151931762695 0.0
v -2.250793695449829 19.128664016723633 0.5488501191139221
v -22.80909538269043 13.126049041748047 9.922048568725586
v -24.247230529785156 12.561552047729492 10.676706314086914
v -23.93544578552246 12.66801929473877 11.34897232055664
v -22.454845428466797 13.241833686828613 10.634608268737793
v -1.2461042404174805 19.37798309326172 0.7648800611495972
v -20.994609832763672 13.561354637145996 13.020953178405762
v -0.7090162038803101 19.37820053100586 0.1697661429643631
v -23.313718795776367 12.802157402038574 12.430414199829102
v -1.7700490951538086 19.226665496826172 1.0540034770965576
v -6.362656116485596 17.267314910888672 21.916454315185547
v -20.36201286315918 13.693591117858887 14.164210319519043
v 6.590167999267578 21.694133758544922 13.196282386779785
v -13.33277702331543 15.134737014770508 25.696535110473633
v -6.900931358337402 17.10314178466797 22.25358009338379
v -15.03329849243164 14.510960578918457 26.405397415161133
v -14.055424690246582 14.649147033691406 26.968788146972656
v -12.438094139099121 15.293342590332031 25.96693229675293
v 2.574932098388672 15.999444007873535 30.458086013793945
v 1.2101777791976929 16.3453369140625 29.235078811645508
v -6.434185028076172 17.153284072875977 22.650920867919922
v 2.169874429702759 16.590625762939453 29.398469924926758
v 3.328021287918091 16.490833282470703 30.04720687866211
v 4.877275466918945 19.969154357910156 25.551090240478516
v -5.9474077224731445 17.35723876953125 22.344118118286133
v 6.390036106109619 21.613189697265625 14.004850387573242
v 8.087117195129395 22.070358276367188 12.88386058807373
v 7.041322231292725 21.866071701049805 12.024444580078125
v 7.4434967041015625 22.077001571655273 11.56264877319336
v -0.7901340126991272 19.515628814697266 1.510550856590271
v 13.919364929199219 25.287900924682617 5.920571327209473
v 0.1889619380235672 19.853609085083008 1.7242586612701416
v 13.169132232666016 25.058643341064453 3.314699172973633
v 14.164088249206543 25.489151000976562 4.388394832611084
v -21.15657615661621 15.196534156799316 18.796772003173828
v -21.35804557800293 15.134455680847168 18.634599685668945
v -21.405567169189453 15.09391975402832 19.58011245727539
v -20.84450912475586 15.313633918762207 18.25220489501953
v -21.180355072021484 15.169739723205566 19.517269134521484
v -20.7391357421875 15.343504905700684 18.4357852935791
v -20.681129455566406 15.314356803894043 20.268964767456055
v -17.006162643432617 16.586172103881836 17.928621292114258
v -20.61098289489746 15.34350299835205 20.039264678955078
v -17.096811294555664 16.550628662109375 18.144933700561523
v -16.919179916381836 16.560808181762695 19.98066520690918
v -16.54201889038086 16.720645904541016 18.626842498779297
v -16.96865463256836 16.55062484741211 19.748422622680664
v -16.309402465820312 16.79926300048828 18.550262451171875
v -16.55211639404297 16.695140838623047 19.469593048095703
v -16.32868194580078 16.765432357788086 19.59449005126953
v -21.15657615661621 15.196534156799316 -18.796772003173828
v -21.35804557800293 15.134455680847168 -18.634599685668945
v -20.84450912475586 15.313633918762207 -18.25220489501953
v -21.405567169189453 15.09391975402832 -19.58011245727539
v -20.7391357421875 15.343504905700684 -18.4357852935791
v -21.180355072021484 15.169739723205566 -19.517269134521484
v -17.006162643432617 16.586172103881836 -17.928621292114258
v -20.681129455566406 15.314356803894043 -20.268964767456055
v -17.096811294555664 16.550628662109375 -18.144933700561523
v -20.61098289489746 15.34350299835205 -20.039264678955078
v -16.54201889038086 16.720645904541016 -18.626842498779297
v -16.919179916381836 16.560808181762695 -19.98066520690918
v -16.309402465820312 16.79926300048828 -18.550262451171875
v -16.96865463256836 16.55062484741211 -19.748422622680664
v -16.32868194580078 16.765432357788086 -19.59449005126953
v -16.55211639404297 16.695140838623047 -19.469593048095703
vt 0.24225525557994843 0.12748825550079346
vt 0.24710756540298462 0.10680097341537476
vt 0.26995548605918884 0.12869536876678467
vt 0.2659471929073334 0.15088123083114624
vt 0.6649071574211121 0.1346474289894104
vt 0.5202763080596924 0.1378943920135498
vt 0.5274657011032104 0.11651843786239624
vt 0.6583525538444519 0.1142004132270813
vt 0.887722909450531 0.5625983476638794
vt 0.8971294164657593 0.564376711845398
vt 0.8882746696472168 0.5759197473526001
vt 0.8791555166244507 0.5737401247024536
vt 0.8557515144348145 0.38635367155075073
vt 0.8906347155570984 0.4468851089477539
vt 0.8813651204109192 0.44952476024627686
vt 0.8478779196739197 0.3913778066635132
vt 0.039423562586307526 0.05470389127731323
vt 0.019224921241402626 0.1730860471725464
vt 0.02845975011587143 0.17235833406448364
vt 0.048202112317085266 0.05658501386642456
vt 0.0995764434337616 0.374458909034729
vt 0.1070576086640358 0.36943531036376953
vt 0.08764218538999557 0.35683560371398926
vt 0.07976444065570831 0.3615882396697998
vt 0.500511109828949 0.9915159344673157
vt 0.49807509779930115 0.986662745475769
vt 0.5510731339454651 0.9510874152183533
vt 0.5529830455780029 0.956240177154541
vt 0.5843445658683777 0.9505847096443176
vt 0.638571560382843 0.9839111566543579
vt 0.6369497776031494 0.9889541268348694
vt 0.5826606154441833 0.9558271765708923
vt 0.9740847945213318 0.2785240411758423
vt 0.9431288242340088 0.28895479440689087
vt 0.8096290230751038 0.215448796749115
vt 0.8284404873847961 0.1985759735107422
vt 0.7016201615333557 0.6803556084632874
vt 0.6992435455322266 0.6903288960456848
vt 0.5761881470680237 0.6146255731582642
vt 0.5760442614555359 0.6031128764152527
vt 0.4152469336986542 0.685824453830719
vt 0.5376881957054138 0.6037263870239258
vt 0.5380004644393921 0.6152400374412537
vt 0.4179902970790863 0.695711612701416
vt 0.6983464956283569 0.6995698809623718
vt 0.6334661245346069 0.9745191335678101
vt 0.5792407393455505 0.941193699836731
vt 0.5754420161247253 0.6239593625068665
vt 0.54597008228302 0.9416964054107666
vt 0.4929739236831665 0.977270781993866
vt 0.41743773221969604 0.7049461603164673
vt 0.5373008251190186 0.6245732307434082
vt 0.2243056744337082 0.10772562026977539
vt 0.06214151903986931 0.07711189985275269
vt 0.07596594840288162 0.05853646993637085
vt 0.2331593930721283 0.09618371725082397
vt 0.12994630634784698 0.37234926223754883
vt 0.07101070880889893 0.27074944972991943
vt 0.2307996153831482 0.22520434856414795
vt 0.2656789720058441 0.28572916984558105
vt 0.734319806098938 0.05844157934188843
vt 0.80467689037323 0.02806985378265381
vt 0.8114011883735657 0.07414042949676514
vt 0.7540522813796997 0.0988088846206665
vt 0.8448741436004639 0.05400574207305908
vt 0.8448342084884644 0.004396677017211914
vt 0.9266185760498047 0.026361823081970215
vt 0.9118462800979614 0.07199746370315552
vt 0.9118462800979614 0.07199746370315552
vt 0.9266185760498047 0.026361823081970215
vt 0.9397010803222656 0.038098692893981934
vt 0.9226694107055664 0.08165651559829712
vt 0.3117350935935974 0.9690220355987549
vt 0.3635282516479492 0.919185996055603
vt 0.3775719404220581 0.9334684014320374
vt 0.315000057220459 0.9727011919021606
vt 0.9876999855041504 0.20662283897399902
vt 0.9721570014953613 0.20643526315689087
vt 0.9686596393585205 0.13114392757415771
vt 0.9975683689117432 0.13162696361541748
vt 0.9978132247924805 0.08251893520355225
vt 0.9689000844955444 0.08247119188308716
vt 0.9741748571395874 0.007243514060974121
vt 0.9897189140319824 0.007348179817199707
vt 0.5163309574127197 0.08182293176651001
vt 0.5165046453475952 0.06788641214370728
vt 0.5865390300750732 0.06547969579696655
vt 0.5861067175865173 0.09099102020263672
vt 0.6284891963005066 0.09129452705383301
vt 0.6286287307739258 0.06577962636947632
vt 0.6986066102981567 0.07008731365203857
vt 0.698460578918457 0.08402454853057861
vt 0.005852823611348867 0.050304114818573
vt 0.005852823611348867 0.004413127899169922
vt 0.13420674204826355 0.004413127899169922
vt 0.13420674204826355 0.050304114818573
vt 0.3236655592918396 0.5722883939743042
vt 0.36698591709136963 0.5457590818405151
vt 0.4215196371078491 0.6323052644729614
vt 0.40826964378356934 0.6463513970375061
vt 0.25311726331710815 0.3500819802284241
vt 0.2702263295650482 0.34549039602279663
vt 0.265694797039032 0.3691716194152832
vt 0.2553828954696655 0.37259745597839355
vt 0.07995462417602539 0.39138293266296387
vt 0.10539063811302185 0.4331296682357788
vt 0.07995462417602539 0.4331318140029907
vt 0.10539063811302185 0.3913794755935669
vt 0.10539063811302185 0.43995606899261475
vt 0.07995462417602539 0.48074936866760254
vt 0.07995462417602539 0.4399566650390625
vt 0.10539063811302185 0.48074930906295776
vt 0.07995462417602539 0.3847208619117737
vt 0.10539063811302185 0.3913794755935669
vt 0.07995462417602539 0.39138293266296387
vt 0.10539063811302185 0.3847169876098633
vt 0.10539063811302185 0.4331296682357788
vt 0.07995462417602539 0.4399566650390625
vt 0.07995462417602539 0.4331318140029907
vt 0.10539063811302185 0.43995606899261475
vt 0.23269470036029816 0.39648598432540894
vt 0.2376171499490738 0.39648598432540894
vt 0.2376168966293335 0.35671335458755493
vt 0.2376168966293335 0.35671335458755493
vt 0.23269443213939667 0.35671335458755493
vt 0.23269470036029816 0.39648598432540894
vt 0.2260313332080841 0.3960590362548828
vt 0.22603145241737366 0.3562864065170288
vt 0.22110897302627563 0.3562864065170288
vt 0.22110897302627563 0.3562864065170288
vt 0.22110885381698608 0.3960590362548828
vt 0.2260313332080841 0.3960590362548828
vt 0.07960660755634308 0.4334139823913574
vt 0.07995462417602539 0.39138293266296387
vt 0.10539063811302185 0.3913794755935669
vt 0.10539063811302185 0.4331296682357788
vt 0.10539063811302185 0.43995606899261475
vt 0.10539063811302185 0.48074930906295776
vt 0.07960660755634308 0.44022685289382935
vt 0.07995462417602539 0.48074936866760254
vt 0.10539063811302185 0.3847169876098633
vt 0.07995462417602539 0.39138293266296387
vt 0.07995462417602539 0.3847208619117737
vt 0.10539063811302185 0.3913794755935669
vt 0.10539063811302185 0.43995606899261475
vt 0.07960660755634308 0.4334139823913574
vt 0.10539063811302185 0.4331296682357788
vt 0.07960660755634308 0.44022685289382935
vt 0.2376171499490738 0.39648598432540894
vt 0.23269470036029816 0.39648598432540894
vt 0.23269443213939667 0.35671335458755493
vt 0.23269443213939667 0.35671335458755493
vt 0.2376168966293335 0.35671335458755493
vt 0.2376171499490738 0.39648598432540894
vt 0.2260313332080841 0.3960590362548828
vt 0.22110885381698608 0.3960590362548828
vt 0.22603145241737366 0.3562864065170288
vt 0.22603145241737366 0.3562864065170288
vt 0.22110897302627563 0.3562864065170288
vt 0.22110885381698608 0.3960590362548828
vt 0.07960660755634308 0.39166468381881714
vt 0.10573869198560715 0.432847261428833
vt 0.07995462417602539 0.4331318140029907
vt 0.10539063811302185 0.3913794755935669
vt 0.10573869198560715 0.4402264356613159
vt 0.07995462417602539 0.48074936866760254
vt 0.07995462417602539 0.4399566650390625
vt 0.10539063811302185 0.48074930906295776
vt 0.07960660755634308 0.39166468381881714
vt 0.10539063811302185 0.3847169876098633
vt 0.10539063811302185 0.3913794755935669
vt 0.0803026482462883 0.384743869304657
vt 0.07995462417602539 0.4331318140029907
vt 0.10573869198560715 0.432847261428833
vt 0.10573869198560715 0.4402264356613159
vt 0.07995462417602539 0.4399566650390625
vt 0.23269470036029816 0.39648598432540894
vt 0.2376171499490738 0.39648598432540894
vt 0.23269443213939667 0.35671335458755493
vt 0.23269443213939667 0.35671335458755493
vt 0.2376168966293335 0.35671335458755493
vt 0.2376171499490738 0.39648598432540894
vt 0.2260313332080841 0.3960590362548828
vt 0.22110885381698608 0.3960590362548828
vt 0.22603145241737366 0.3562864065170288
vt 0.22603145241737366 0.3562864065170288
vt 0.22110897302627563 0.3562864065170288
vt 0.22110885381698608 0.3960590362548828
vt 0.07995462417602539 0.39138293266296387
vt 0.10539063811302185 0.3913794755935669
vt 0.10539063811302185 0.41225314140319824
vt 0.07995462417602539 0.41225606203079224
vt 0.10539063811302185 0.4607742428779602
vt 0.07995462417602539 0.48074936866760254
vt 0.07995462417602539 0.46077442169189453
vt 0.10539063811302185 0.48074930906295776
vt 0.07995462417602539 0.3847208619117737
vt 0.10539063811302185 0.3847169876098633
vt 0.10539063811302185 0.3913794755935669
vt 0.07995462417602539 0.39138293266296387
vt 0.22110885381698608 0.3960590362548828
vt 0.22080126404762268 0.3761727213859558
vt 0.2260313332080841 0.3960590362548828
vt 0.22633904218673706 0.3761727213859558
vt 0.23269470036029816 0.39648598432540894
vt 0.23792465031147003 0.37659966945648193
vt 0.2376171499490738 0.39648598432540894
vt 0.23238690197467804 0.37659966945648193
vt 0.07995462417602539 0.39138293266296387
vt 0.10539063811302185 0.41225314140319824
vt 0.10539063811302185 0.3913794755935669
vt 0.07995462417602539 0.41225606203079224
vt 0.10539063811302185 0.4607742428779602
vt 0.07995462417602539 0.48074936866760254
vt 0.10539063811302185 0.48074930906295776
vt 0.07995462417602539 0.46077442169189453
vt 0.07995462417602539 0.3847208619117737
vt 0.10539063811302185 0.3913794755935669
vt 0.10539063811302185 0.3847169876098633
vt 0.07995462417602539 0.39138293266296387
vt 0.22110885381698608 0.3960590362548828
vt 0.22633904218673706 0.3761727213859558
vt 0.22080126404762268 0.3761727213859558
vt 0.2260313332080841 0.3960590362548828
vt 0.2376171499490738 0.39648598432540894
vt 0.23792465031147003 0.37659966945648193
vt 0.23238690197467804 0.37659966945648193
vt 0.23269470036029816 0.39648598432540894
vt 0.24225525557994843 0.12748825550079346
vt 0.2659471929073334 0.15088123083114624
vt 0.26995548605918884 0.12869536876678467
vt 0.24710756540298462 0.10680097341537476
vt 0.6649071574211121 0.1346474289894104
vt 0.6583525538444519 0.1142004132270813
vt 0.5274657011032104 0.11651843786239624
vt 0.5202763080596924 0.1378943920135498
vt 0.887722909450531 0.5625983476638794
vt 0.8791555166244507 0.5737401247024536
vt 0.8882746696472168 0.5759197473526001
vt 0.8971294164657593 0.564376711845398
vt 0.8557515144348145 0.38635367155075073
vt 0.8478779196739197 0.3913778066635132
vt 0.8813651204109192 0.44952476024627686
vt 0.8906347155570984 0.4468851089477539
vt 0.039423562586307526 0.05470389127731323
vt 0.048202112317085266 0.05658501386642456
vt 0.02845975011587143 0.17235833406448364
vt 0.019224921241402626 0.1730860471725464
vt 0.0995764434337616 0.374458909034729
vt 0.07976444065570831 0.3615882396697998
vt 0.08764218538999557 0.35683560371398926
vt 0.1070576086640358 0.36943531036376953
vt 0.500511109828949 0.9915159344673157
vt 0.5529830455780029 0.956240177154541
vt 0.5510731339454651 0.9510874152183533
vt 0.49807509779930115 0.986662745475769
vt 0.5843445658683777 0.9505847096443176
vt 0.5826606154441833 0.9558271765708923
vt 0.6369497776031494 0.9889541268348694
vt 0.638571560382843 0.9839111566543579
vt 0.9740847945213318 0.2785240411758423
vt 0.8284404873847961 0.1985759735107422
vt 0.8096290230751038 0.215448796749115
vt 0.9431288242340088 0.28895479440689087
vt 0.7016201615333557 0.6803556084632874
vt 0.5760442614555359 0.6031128764152527
vt 0.5761881470680237 0.6146255731582642
vt 0.6992435455322266 0.6903288960456848
vt 0.4152469336986542 0.685824453830719
vt 0.4179902970790863 0.695711612701416
vt 0.5380004644393921 0.6152400374412537
vt 0.5376881957054138 0.6037263870239258
vt 0.6983464956283569 0.6995698809623718
vt 0.5754420161247253 0.6239593625068665
vt 0.5792407393455505 0.941193699836731
vt 0.6334661245346069 0.9745191335678101
vt 0.54597008228302 0.9416964054107666
vt 0.5373008251190186 0.6245732307434082
vt 0.41743773221969604 0.7049461603164673
vt 0.4929739236831665 0.977270781993866
vt 0.2243056744337082 0.10772562026977539
vt 0.2331593930721283 0.09618371725082397
vt 0.07596594840288162 0.05853646993637085
vt 0.06214151903986931 0.07711189985275269
vt 0.12994630634784698 0.37234926223754883
vt 0.2656789720058441 0.28572916984558105
vt 0.2307996153831482 0.22520434856414795
vt 0.07101070880889893 0.27074944972991943
vt 0.734319806098938 0.05844157934188843
vt 0.7540522813796997 0.0988088846206665
vt 0.8114011883735657 0.07414042949676514
vt 0.80467689037323 0.02806985378265381
vt 0.8448741436004639 0.05400574207305908
vt 0.9118462800979614 0.07199746370315552
vt 0.9266185760498047 0.026361823081970215
vt 0.8448342084884644 0.004396677017211914
vt 0.9118462800979614 0.07199746370315552
vt 0.9226694107055664 0.08165651559829712
vt 0.9397010803222656 0.038098692893981934
vt 0.9266185760498047 0.026361823081970215
vt 0.3117350935935974 0.9690220355987549
vt 0.315000057220459 0.9727011919021606
vt 0.3775719404220581 0.9334684014320374
vt 0.3635282516479492 0.919185996055603
vt 0.9876999855041504 0.20662283897399902
vt 0.9975683689117432 0.13162696361541748
vt 0.9686596393585205 0.13114392757415771
vt 0.9721570014953613 0.20643526315689087
vt 0.9978132247924805 0.08251893520355225
vt 0.9897189140319824 0.007348179817199707
vt 0.9741748571395874 0.007243514060974121
vt 0.9689000844955444 0.08247119188308716
vt 0.5163309574127197 0.08182293176651001
vt 0.5861067175865173 0.09099102020263672
vt 0.5865390300750732 0.06547969579696655
vt 0.5165046453475952 0.06788641214370728
vt 0.6284891963005066 0.09129452705383301
vt 0.698460578918457 0.08402454853057861
vt 0.6986066102981567 0.07008731365203857
vt 0.6286287307739258 0.06577962636947632
vt 0.005852823611348867 0.050304114818573
vt 0.13420674204826355 0.050304114818573
vt 0.13420674204826355 0.004413127899169922
vt 0.005852823611348867 0.004413127899169922
vt 0.3236655592918396 0.5722883939743042
vt 0.40826964378356934 0.6463513970375061
vt 0.4215196371078491 0.6323052644729614
vt 0.36698591709136963 0.5457590818405151
vt 0.25311726331710815 0.3500819802284241
vt 0.2553828954696655 0.37259745597839355
vt 0.265694797039032 0.3691716194152832
vt 0.2702263295650482 0.34549039602279663
vt 0.07995462417602539 0.39138293266296387
vt 0.07995462417602539 0.4331318140029907
vt 0.10539063811302185 0.4331296682357788
vt 0.10539063811302185 0.3913794755935669
vt 0.10539063811302185 0.43995606899261475
vt 0.07995462417602539 0.4399566650390625
vt 0.07995462417602539 0.48074936866760254
vt 0.10539063811302185 0.48074930906295776
vt 0.07995462417602539 0.3847208619117737
vt 0.07995462417602539 0.39138293266296387
vt 0.10539063811302185 0.3913794755935669
vt 0.10539063811302185 0.3847169876098633
vt 0.10539063811302185 0.4331296682357788
vt 0.07995462417602539 0.4331318140029907
vt 0.07995462417602539 0.4399566650390625
vt 0.10539063811302185 0.43995606899261475
vt 0.23269470036029816 0.39648598432540894
vt 0.2376171499490738 0.39648598432540894
vt 0.2376168966293335 0.35671335458755493
vt 0.2376168966293335 0.35671335458755493
vt 0.23269443213939667 0.35671335458755493
vt 0.23269470036029816 0.39648598432540894
vt 0.2260313332080841 0.3960590362548828
vt 0.22603145241737366 0.3562864065170288
vt 0.22110897302627563 0.3562864065170288
vt 0.22110897302627563 0.3562864065170288
vt 0.22110885381698608 0.3960590362548828
vt 0.2260313332080841 0.3960590362548828
vt 0.07960660755634308 0.4334139823913574
vt 0.10539063811302185 0.3913794755935669
vt 0.07995462417602539 0.39138293266296387
vt 0.10539063811302185 0.4331296682357788
vt 0.10539063811302185 0.43995606899261475
vt 0.07960660755634308 0.44022685289382935
vt 0.10539063811302185 0.48074930906295776
vt 0.07995462417602539 0.48074936866760254
vt 0.10539063811302185 0.3847169876098633
vt 0.07995462417602539 0.3847208619117737
vt 0.07995462417602539 0.39138293266296387
vt 0.10539063811302185 0.3913794755935669
vt 0.10539063811302185 0.43995606899261475
vt 0.10539063811302185 0.4331296682357788
vt 0.07960660755634308 0.4334139823913574
vt 0.07960660755634308 0.44022685289382935
vt 0.23269470036029816 0.39648598432540894
vt 0.2376171499490738 0.39648598432540894
vt 0.23269443213939667 0.35671335458755493
vt 0.23269443213939667 0.35671335458755493
vt 0.2376168966293335 0.35671335458755493
vt 0.2376171499490738 0.39648598432540894
vt 0.22110885381698608 0.3960590362548828
vt 0.2260313332080841 0.3960590362548828
vt 0.22603145241737366 0.3562864065170288
vt 0.22603145241737366 0.3562864065170288
vt 0.22110897302627563 0.3562864065170288
vt 0.22110885381698608 0.3960590362548828
vt 0.07960660755634308 0.39166468381881714
vt 0.07995462417602539 0.4331318140029907
vt 0.10573869198560715 0.432847261428833
vt 0.10539063811302185 0.3913794755935669
vt 0.10573869198560715 0.4402264356613159
vt 0.07995462417602539 0.4399566650390625
vt 0.07995462417602539 0.48074936866760254
vt 0.10539063811302185 0.48074930906295776
vt 0.07960660755634308 0.39166468381881714
vt 0.10539063811302185 0.3913794755935669
vt 0.10539063811302185 0.3847169876098633
vt 0.0803026482462883 0.384743869304657
vt 0.07995462417602539 0.4331318140029907
vt 0.10573869198560715 0.4402264356613159
vt 0.10573869198560715 0.432847261428833
vt 0.07995462417602539 0.4399566650390625
vt 0.23269470036029816 0.39648598432540894
vt 0.2376171499490738 0.39648598432540894
vt 0.23269443213939667 0.35671335458755493
vt 0.23269443213939667 0.35671335458755493
vt 0.2376168966293335 0.35671335458755493
vt 0.2376171499490738 0.39648598432540894
vt 0.22110885381698608 0.3960590362548828
vt 0.2260313332080841 0.3960590362548828
vt 0.22603145241737366 0.3562864065170288
vt 0.22603145241737366 0.3562864065170288
vt 0.22110897302627563 0.3562864065170288
vt 0.22110885381698608 0.3960590362548828
vt 0.07995462417602539 0.39138293266296387
vt 0.10539063811302185 0.41225314140319824
vt 0.10539063811302185 0.3913794755935669
vt 0.07995462417602539 0.41225606203079224
vt 0.10539063811302185 0.4607742428779602
vt 0.07995462417602539 0.46077442169189453
vt 0.07995462417602539 0.48074936866760254
vt 0.10539063811302185 0.48074930906295776
vt 0.07995462417602539 0.3847208619117737
vt 0.10539063811302185 0.3913794755935669
vt 0.10539063811302185 0.3847169876098633
vt 0.07995462417602539 0.39138293266296387
vt 0.22110885381698608 0.3960590362548828
vt 0.2260313332080841 0.3960590362548828
vt 0.22080126404762268 0.3761727213859558
vt 0.22633904218673706 0.3761727213859558
vt 0.23269470036029816 0.39648598432540894
vt 0.2376171499490738 0.39648598432540894
vt 0.23792465031147003 0.37659966945648193
vt 0.23238690197467804 0.37659966945648193
vt 0.07995462417602539 0.39138293266296387
vt 0.10539063811302185 0.3913794755935669
vt 0.10539063811302185 0.41225314140319824
vt 0.07995462417602539 0.41225606203079224
vt 0.10539063811302185 0.4607742428779602
vt 0.10539063811302185 0.48074930906295776
vt 0.07995462417602539 0.48074936866760254
vt 0.07995462417602539 0.46077442169189453
vt 0.07995462417602539 0.3847208619117737
vt 0.10539063811302185 0.3847169876098633
vt 0.10539063811302185 0.3913794755935669
vt 0.07995462417602539 0.39138293266296387
vt 0.22110885381698608 0.3960590362548828
vt 0.22080126404762268 0.3761727213859558
vt 0.22633904218673706 0.3761727213859558
vt 0.2260313332080841 0.3960590362548828
vt 0.2376171499490738 0.39648598432540894
vt 0.23238690197467804 0.37659966945648193
vt 0.23792465031147003 0.37659966945648193
vt 0.23269470036029816 0.39648598432540894
vt 0.8971294164657593 0.564376711845398
vt 0.887722909450531 0.5625983476638794
vt 0.8959252834320068 0.5512834787368774
vt 0.9056048393249512 0.5526668429374695
vt 0.9002587199211121 0.5410489439964294
vt 0.9100748300552368 0.5420482754707336
vt 0.9035761952400208 0.4778849482536316
vt 0.9135367274284363 0.4761922359466553
vt 0.9085164070129395 0.46630120277404785
vt 0.8986899852752686 0.46832025051116943
vt 0.9001572132110596 0.4563830494880676
vt 0.8905789256095886 0.4587104320526123
vt 0.8906347155570984 0.4468851089477539
vt 0.8813651204109192 0.44952476024627686
vt 0.07976444065570831 0.3615882396697998
vt 0.08764218538999557 0.35683560371398926
vt 0.06886036694049835 0.3440881371498108
vt 0.060605745762586594 0.3485783338546753
vt 0.05647190660238266 0.3303191661834717
vt 0.04796435683965683 0.3345067501068115
vt 0.011753681115806103 0.22724127769470215
vt 0.0022130634170025587 0.22905480861663818
vt 0.0036929515190422535 0.21158373355865479
vt 0.01322127040475607 0.2101154327392578
vt 0.010343472473323345 0.19258373975753784
vt 0.019751371815800667 0.19147324562072754
vt 0.019224921241402626 0.1730860471725464
vt 0.02845975011587143 0.17235833406448364
vt 0.6369497776031494 0.9889541268348694
vt 0.638571560382843 0.9839111566543579
vt 0.645615816116333 0.9870580434799194
vt 0.644453763961792 0.9922235608100891
vt 0.6534462571144104 0.9894390106201172
vt 0.6521596908569336 0.9945101737976074
vt 0.6599830389022827 0.9961095452308655
vt 0.6616263389587402 0.9911191463470459
vt 0.6699776649475098 0.9920629262924194
vt 0.6678487658500671 0.9971431493759155
vt 0.5529830455780029 0.956240177154541
vt 0.5510731339454651 0.9510874152183533
vt 0.5592374801635742 0.9488258361816406
vt 0.5603467226028442 0.9542474746704102
vt 0.5679663419723511 0.9480196237564087
vt 0.5680264830589294 0.9535340070724487
vt 0.5757043361663818 0.9541082382202148
vt 0.5766834616661072 0.9486571550369263
vt 0.5843445658683777 0.9505847096443176
vt 0.5826606154441833 0.9558271765708923
vt 0.6992435455322266 0.6903288960456848
vt 0.7016201615333557 0.6803556084632874
vt 0.7109507918357849 0.6850762367248535
vt 0.7084503173828125 0.6949907541275024
vt 0.7199123501777649 0.6882168650627136
vt 0.7173951864242554 0.6981129050254822
vt 0.7268832921981812 0.6996549367904663
vt 0.7294358611106873 0.6897536516189575
vt 0.7375137209892273 0.7000019550323486
vt 0.7401836514472961 0.6900978684425354
vt 0.5760442614555359 0.6031128764152527
vt 0.5761881470680237 0.6146255731582642
vt 0.5670433044433594 0.6109558343887329
vt 0.5668078064918518 0.5993699431419373
vt 0.5573623180389404 0.6094835996627808
vt 0.5571239590644836 0.5978751182556152
vt 0.5474627017974854 0.5994669795036316
vt 0.5476999282836914 0.611053466796875
vt 0.5376881957054138 0.6037263870239258
vt 0.5380004644393921 0.6152400374412537
vt 0.6334661245346069 0.9745191335678101
vt 0.6983464956283569 0.6995698809623718
vt 0.7075415849685669 0.7042263746261597
vt 0.6405102014541626 0.9776659607887268
vt 0.7164754867553711 0.707344651222229
vt 0.6483404040336609 0.9800469279289246
vt 0.7259521484375 0.7088847160339355
vt 0.6565201282501221 0.9817269444465637
vt 0.6648710370063782 0.9826705455780029
vt 0.7365696430206299 0.709231436252594
vt 0.06214151903986931 0.07711189985275269
vt 0.2243056744337082 0.10772562026977539
vt 0.21583110094070435 0.1194341778755188
vt 0.04896596819162369 0.09561681747436523
vt 0.2113616019487381 0.13005149364471436
vt 0.04214867204427719 0.11285680532455444
vt 0.2079000324010849 0.19590044021606445
vt 0.03618729114532471 0.22508686780929565
vt 0.04354016110301018 0.2406531572341919
vt 0.21291989088058472 0.20579034090042114
vt 0.056171394884586334 0.25586986541748047
vt 0.22127819061279297 0.2157074213027954
vt 0.07101070880889893 0.27074944972991943
vt 0.2307996153831482 0.22520434856414795
vt 0.8846198916435242 0.2810681462287903
vt 0.8753820061683655 0.3027522563934326
vt 0.8651098608970642 0.2960015535354614
vt 0.8742513060569763 0.2745324373245239
vt 0.8560261130332947 0.28956329822540283
vt 0.8651950359344482 0.26806217432022095
vt 0.8468196392059326 0.2838979959487915
vt 0.8561546802520752 0.262088418006897
vt 0.568239688873291 0.13940727710723877
vt 0.5692593455314636 0.16603899002075195
vt 0.5661041736602783 0.594902753829956
vt 0.5658066272735596 0.5813952088356018
vt 0.6877474188804626 0.6343638896942139
vt 0.6841855049133301 0.6423546075820923
vt 0.6961194276809692 0.639617383480072
vt 0.6924627423286438 0.6478428840637207
vt 0.7059072256088257 0.6466883420944214
vt 0.7023317813873291 0.654732346534729
vt 0.7170178890228271 0.6542203426361084
vt 0.7134684324264526 0.6621984839439392
vt 0.8715848326683044 0.31857573986053467
vt 0.7275139093399048 0.641251802444458
vt 0.7164026498794556 0.6337194442749023
vt 0.860497772693634 0.31106406450271606
vt 0.7066143751144409 0.6266476511955261
vt 0.8507037162780762 0.30396997928619385
vt 0.6982418894767761 0.6213940978050232
vt 0.842391848564148 0.29874396324157715
vt 0.5672550201416016 0.17670178413391113
vt 0.5762953162193298 0.5684227347373962
vt 0.9179294109344482 0.9964240789413452
vt 0.8706042170524597 0.9964271187782288
vt 0.8705161809921265 0.9906283617019653
vt 0.9176743030548096 0.9905788898468018
vt 0.8705161809921265 0.6639339923858643
vt 0.9176743030548096 0.6636810302734375
vt 0.9178850650787354 0.6563937664031982
vt 0.8703417778015137 0.6568124294281006
vt 0.3795956075191498 0.060464322566986084
vt 0.4258963167667389 0.060464322566986084
vt 0.4258963167667389 0.06771588325500488
vt 0.3795956075191498 0.06771588325500488
vt 0.4258963167667389 0.13347244262695312
vt 0.3795956075191498 0.13347244262695312
vt 0.2739907205104828 0.08130723237991333
vt 0.3567332327365875 0.08053666353225708
vt 0.3636222779750824 0.09595096111297607
vt 0.2650028467178345 0.09561169147491455
vt 0.36093831062316895 0.11134183406829834
vt 0.267768919467926 0.11329478025436401
vt 0.27797889709472656 0.12145960330963135
vt 0.3534894585609436 0.12151026725769043
vt 0.9975683689117432 0.13162696361541748
vt 0.9686596393585205 0.13114392757415771
vt 0.9684383869171143 0.1196831464767456
vt 0.9984396696090698 0.11960399150848389
vt 0.9682743549346924 0.10723191499710083
vt 0.9986099004745483 0.10712391138076782
vt 0.9684652090072632 0.09418582916259766
vt 0.9985207319259644 0.09437441825866699
vt 0.9978132247924805 0.08251893520355225
vt 0.9689000844955444 0.08247119188308716
vt 0.5861067175865173 0.09099102020263672
vt 0.5865390300750732 0.06547969579696655
vt 0.5968632698059082 0.06530565023422241
vt 0.5968992114067078 0.09176677465438843
vt 0.6078790426254272 0.06517553329467773
vt 0.6079005599021912 0.09191101789474487
vt 0.6187800765037537 0.06539726257324219
vt 0.6185136437416077 0.09184449911117554
vt 0.6284891963005066 0.09129452705383301
vt 0.6286287307739258 0.06577962636947632
vt 0.8891079425811768 0.29896724224090576
vt 0.898725152015686 0.28881704807281494
vt 0.8890855312347412 0.4266616106033325
vt 0.8890855312347412 0.4266616106033325
vt 0.8988195657730103 0.43754154443740845
vt 0.9122414588928223 0.2870878577232361
vt 0.91221022605896 0.4400981664657593
vt 0.9255852103233337 0.43665528297424316
vt 0.9256590008735657 0.2902193069458008
vt 0.9347405433654785 0.4266214966773987
vt 0.9347320795059204 0.29899710416793823
vt 0.898725152015686 0.28881704807281494
vt 0.2553828954696655 0.37259745597839355
vt 0.265694797039032 0.3691716194152832
vt 0.2654459476470947 0.39248573780059814
vt 0.2568449378013611 0.3949463367462158
vt 0.26870352029800415 0.4073858857154846
vt 0.2587735652923584 0.4099787473678589
vt 0.2853125333786011 0.525352954864502
vt 0.3223571479320526 0.5032588243484497
vt 0.674152672290802 0.12621182203292847
vt 0.7440955638885498 0.1262272596359253
vt 0.7497522830963135 0.13373708724975586
vt 0.6686389446258545 0.13373172283172607
vt 0.751579761505127 0.14418482780456543
vt 0.66697758436203 0.14415162801742554
vt 0.6687921285629272 0.1548338532447815
vt 0.7500602006912231 0.15481388568878174
vt 0.6745825409889221 0.16299223899841309
vt 0.7444884181022644 0.16298329830169678
vt 0.8341741561889648 0.5466699600219727
vt 0.8341741561889648 0.4713621139526367
vt 0.8430839776992798 0.4646703004837036
vt 0.8429166078567505 0.5532771348953247
vt 0.8555850982666016 0.46283894777297974
vt 0.8554123640060425 0.5550055503845215
vt 0.8554123640060425 0.5550055503845215
vt 0.8674720525741577 0.5527477860450745
vt 0.8676401376724243 0.46491605043411255
vt 0.8765337467193604 0.5463276505470276
vt 0.8765337467193604 0.4710835814476013
vt 0.8555850982666016 0.46283894777297974
vt 0.8025204539299011 0.13903546333312988
vt 0.9142075777053833 0.13904309272766113
vt 0.9224030375480652 0.1467217206954956
vt 0.7929408550262451 0.14678776264190674
vt 0.925209641456604 0.15788370370864868
vt 0.7896389961242676 0.15791481733322144
vt 0.9230499863624573 0.1693822741508484
vt 0.925209641456604 0.15788370370864868
vt 0.7896389961242676 0.15791481733322144
vt 0.7896389961242676 0.15791481733322144
vt 0.7920993566513062 0.16932779550552368
vt 0.9230499863624573 0.1693822741508484
vt 0.9230499863624573 0.1693822741508484
vt 0.7920993566513062 0.16932779550552368
vt 0.8024984002113342 0.17742615938186646
vt 0.8024984002113342 0.17742615938186646
vt 0.9142342805862427 0.17740678787231445
vt 0.9230499863624573 0.1693822741508484
vt 0.5202763080596924 0.1378943920135498
vt 0.5274657011032104 0.11651843786239624
vt 0.4976533353328705 0.12889987230300903
vt 0.49626755714416504 0.15246546268463135
vt 0.46931642293930054 0.14322328567504883
vt 0.47366854548454285 0.16696447134017944
vt 0.45498746633529663 0.1742749810218811
vt 0.4465641379356384 0.15155208110809326
vt 0.32236218452453613 0.15175628662109375
vt 0.3178192377090454 0.17425423860549927
vt 0.29676610231399536 0.14500117301940918
vt 0.2926730215549469 0.16786295175552368
vt 0.2659471929073334 0.15088123083114624
vt 0.26995548605918884 0.12869536876678467
vt 0.019224921241402626 0.1730860471725464
vt 0.02845975011587143 0.17235833406448364
vt 0.019751371815800667 0.19147324562072754
vt 0.010343472473323345 0.19258373975753784
vt 0.01322127040475607 0.2101154327392578
vt 0.0036929515190422535 0.21158373355865479
vt 0.011753681115806103 0.22724127769470215
vt 0.0022130634170025587 0.22905480861663818
vt 0.04796435683965683 0.3345067501068115
vt 0.05647190660238266 0.3303191661834717
vt 0.060605745762586594 0.3485783338546753
vt 0.06886036694049835 0.3440881371498108
vt 0.07976444065570831 0.3615882396697998
vt 0.08764218538999557 0.35683560371398926
vt 0.07101070880889893 0.27074944972991943
vt 0.2307996153831482 0.22520434856414795
vt 0.22127819061279297 0.2157074213027954
vt 0.056171394884586334 0.25586986541748047
vt 0.21291989088058472 0.20579034090042114
vt 0.04354016110301018 0.2406531572341919
vt 0.2079000324010849 0.19590044021606445
vt 0.03618729114532471 0.22508686780929565
vt 0.04214867204427719 0.11285680532455444
vt 0.2113616019487381 0.13005149364471436
vt 0.04896596819162369 0.09561681747436523
vt 0.21583110094070435 0.1194341778755188
vt 0.06214151903986931 0.07711189985275269
vt 0.2243056744337082 0.10772562026977539
vt 0.5376881957054138 0.6037263870239258
vt 0.5380004644393921 0.6152400374412537
vt 0.5476999282836914 0.611053466796875
vt 0.5474627017974854 0.5994669795036316
vt 0.5573623180389404 0.6094835996627808
vt 0.5571239590644836 0.5978751182556152
vt 0.5668078064918518 0.5993699431419373
vt 0.5670433044433594 0.6109558343887329
vt 0.5760442614555359 0.6031128764152527
vt 0.5761881470680237 0.6146255731582642
vt 0.7375137209892273 0.7000019550323486
vt 0.7401836514472961 0.6900978684425354
vt 0.7294358611106873 0.6897536516189575
vt 0.7268832921981812 0.6996549367904663
vt 0.7199123501777649 0.6882168650627136
vt 0.7173951864242554 0.6981129050254822
vt 0.7084503173828125 0.6949907541275024
vt 0.7109507918357849 0.6850762367248535
vt 0.6992435455322266 0.6903288960456848
vt 0.7016201615333557 0.6803556084632874
vt 0.5373008251190186 0.6245732307434082
vt 0.54597008228302 0.9416964054107666
vt 0.5541343688964844 0.9394348859786987
vt 0.5469885468482971 0.620391845703125
vt 0.5628629326820374 0.9386287331581116
vt 0.5566389560699463 0.6188240051269531
vt 0.5715798139572144 0.9392660856246948
vt 0.5663080811500549 0.6202943325042725
vt 0.5754420161247253 0.6239593625068665
vt 0.5792407393455505 0.941193699836731
vt 0.013514013029634953 0.7235228419303894
vt 0.09017106145620346 0.9453755617141724
vt 0.14416292309761047 0.8745089769363403
vt 0.1533665955066681 0.539957582950592
vt 0.15558093786239624 0.8648009300231934
vt 0.1657196283340454 0.5281387567520142
vt 0.17817386984825134 0.5235863924026489
vt 0.16753581166267395 0.8612922430038452
vt 0.1800050437450409 0.8644009828567505
vt 0.1910753846168518 0.527891993522644
vt 0.20381107926368713 0.5415663719177246
vt 0.19187867641448975 0.8760422468185425
vt 0.33180180191993713 0.7335674166679382
vt 0.2412308156490326 0.950148344039917
vt 0.33896899223327637 0.7434649467468262
vt 0.247633159160614 0.9587436318397522
vt 0.2541801631450653 0.9648958444595337
vt 0.3460247218608856 0.7505351901054382
vt 0.3540809750556946 0.7555338144302368
vt 0.261618047952652 0.9693266153335571
vt 0.2696071267127991 0.9724715352058411
vt 0.362883985042572 0.7584044933319092
vt 0.279950350522995 0.9729974865913391
vt 0.37427106499671936 0.7586091756820679
vt 0.3862591087818146 0.7570857405662537
vt 0.2911352217197418 0.9718010425567627
vt 0.28958365321159363 0.9932034611701965
vt 0.29057377576828003 0.9862913489341736
vt 0.27939149737358093 0.9874875545501709
vt 0.2781788408756256 0.9941861629486084
vt 0.2690507173538208 0.9869619607925415
vt 0.26712360978126526 0.9933932423591614
vt 0.2610635459423065 0.9838178157806396
vt 0.25823381543159485 0.9900199174880981
vt 0.2501012682914734 0.9851800799369812
vt 0.25362733006477356 0.9793879389762878
vt 0.24295756220817566 0.9786441922187805
vt 0.2470819354057312 0.9732372760772705
vt 0.23617267608642578 0.9698500633239746
vt 0.24068114161491394 0.9646442532539368
vt 0.19134074449539185 0.8905558586120605
vt 0.18993182480335236 0.9002465009689331
vt 0.17946988344192505 0.8789172768592834
vt 0.17862074077129364 0.8887655735015869
vt 0.16675443947315216 0.8857075572013855
vt 0.1670035868883133 0.8758088946342468
vt 0.1550515741109848 0.879317045211792
vt 0.155330628156662 0.8891935348510742
vt 0.1436363160610199 0.8890226483345032
vt 0.14442965388298035 0.8987714052200317
vt 0.09395413845777512 0.9652230739593506
vt 0.0896572694182396 0.9598726034164429
vt 0.009359181858599186 0.6938725709915161
vt 0.013823241926729679 0.7067915797233582
vt 0.15375220775604248 0.5231260657310486
vt 0.1542874574661255 0.5036445260047913
vt 0.1661120504140854 0.511300802230835
vt 0.16670799255371094 0.49169784784317017
vt 0.17857302725315094 0.5067458152770996
vt 0.1791979968547821 0.4870847463607788
vt 0.19212006032466888 0.4914579391479492
vt 0.19148162007331848 0.5110539197921753
vt 0.20491527020931244 0.5052555203437805
vt 0.20422427356243134 0.5247353911399841
vt 0.3375430405139923 0.7042220830917358
vt 0.3322851359844208 0.7168415188789368
vt 0.34473973512649536 0.7141859531402588
vt 0.3394562900066376 0.7267447113990784
vt 0.351849764585495 0.7213533520698547
vt 0.34651562571525574 0.7338184118270874
vt 0.3599523901939392 0.7263829112052917
vt 0.3545764088630676 0.73881995677948
vt 0.36338427662849426 0.7416920065879822
vt 0.3688393235206604 0.7292439341545105
vt 0.3747774660587311 0.7418968677520752
vt 0.38032063841819763 0.7294317483901978
vt 0.38677218556404114 0.7403726577758789
vt 0.3923827111721039 0.7279062271118164
vt 0.8906347155570984 0.4468851089477539
vt 0.8813651204109192 0.44952476024627686
vt 0.8905789256095886 0.4587104320526123
vt 0.9001572132110596 0.4563830494880676
vt 0.8986899852752686 0.46832025051116943
vt 0.9085164070129395 0.46630120277404785
vt 0.9035761952400208 0.4778849482536316
vt 0.9135367274284363 0.4761922359466553
vt 0.9100748300552368 0.5420482754707336
vt 0.9002587199211121 0.5410489439964294
vt 0.9056048393249512 0.5526668429374695
vt 0.8959252834320068 0.5512834787368774
vt 0.8971294164657593 0.564376711845398
vt 0.887722909450531 0.5625983476638794
vt 0.5692593455314636 0.16603899002075195
vt 0.568239688873291 0.13940727710723877
vt 0.5558974146842957 0.13854479789733887
vt 0.5569073557853699 0.1656990647315979
vt 0.5450364947319031 0.14211809635162354
vt 0.5461061000823975 0.16903233528137207
vt 0.5349986553192139 0.14810532331466675
vt 0.5361098051071167 0.1745935082435608
vt 0.2618996202945709 0.2925564646720886
vt 0.2729697525501251 0.3135054111480713
vt 0.4187288284301758 0.6475468873977661
vt 0.4227157235145569 0.6553346514701843
vt 0.5341731905937195 0.6024537086486816
vt 0.5337638854980469 0.5889737010002136
vt 0.5431127548217773 0.5977439880371094
vt 0.5427155494689941 0.584231972694397
vt 0.5550682544708252 0.5938933491706848
vt 0.554682195186615 0.5804089307785034
vt 0.5658066272735596 0.5813952088356018
vt 0.5661041736602783 0.594902753829956
vt 0.268161416053772 0.3200252056121826
vt 0.4292105436325073 0.6345779895782471
vt 0.544251024723053 0.5760014057159424
vt 0.5329801440238953 0.1846114993095398
vt 0.5532031655311584 0.5712595582008362
vt 0.542048990726471 0.1797526478767395
vt 0.5651705265045166 0.5674364566802979
vt 0.5537661910057068 0.176031231880188
vt 0.5672550201416016 0.17670178413391113
vt 0.5762953162193298 0.5684227347373962
vt 0.7136989831924438 0.9722898602485657
vt 0.7701250314712524 0.9797731637954712
vt 0.770729660987854 0.967133641242981
vt 0.7122999429702759 0.9607633352279663
vt 0.7714675068855286 0.9545950293540955
vt 0.7125319838523865 0.9495469331741333
vt 0.7139588594436646 0.9385008811950684
vt 0.7726247310638428 0.9410947561264038
vt 0.7171838879585266 0.9265727400779724
vt 0.7741686105728149 0.9275485873222351
vt 0.7860053181648254 0.8157618641853333
vt 0.7686357498168945 0.818865180015564
vt 0.7879540920257568 0.8020788431167603
vt 0.7739064693450928 0.8036164045333862
vt 0.7755343317985535 0.7890023589134216
vt 0.7886407375335693 0.7901312112808228
vt 0.7894066572189331 0.7780253291130066
vt 0.775574803352356 0.7752088308334351
vt 0.7721295952796936 0.7607284784317017
vt 0.7890880107879639 0.7647877931594849
vt 0.7864366769790649 0.6531223058700562
vt 0.7296499609947205 0.6493813991546631
vt 0.80467689037323 0.02806985378265381
vt 0.8114011883735657 0.07414042949676514
vt 0.8202940821647644 0.06753015518188477
vt 0.8152341842651367 0.020709335803985596
vt 0.8311461210250854 0.06006580591201782
vt 0.8284689784049988 0.011550724506378174
vt 0.8448741436004639 0.05400574207305908
vt 0.8448342084884644 0.004396677017211914
vt 0.4044846296310425 0.8222617506980896
vt 0.388396680355072 0.8193336725234985
vt 0.36764732003211975 0.8779476881027222
vt 0.3983607590198517 0.8910638093948364
vt 0.36560946702957153 0.8898396492004395
vt 0.3948565125465393 0.9040616750717163
vt 0.36445510387420654 0.904526948928833
vt 0.3878955841064453 0.9193321466445923
vt 0.3635282516479492 0.919185996055603
vt 0.3775719404220581 0.9334684014320374
vt 0.8765337467193604 0.5463276505470276
vt 0.8765337467193604 0.4710835814476013
vt 0.8676401376724243 0.46491605043411255
vt 0.8674720525741577 0.5527477860450745
vt 0.8555850982666016 0.46283894777297974
vt 0.8554123640060425 0.5550055503845215
vt 0.8554123640060425 0.5550055503845215
vt 0.8429166078567505 0.5532771348953247
vt 0.8430839776992798 0.4646703004837036
vt 0.8341741561889648 0.5466699600219727
vt 0.8341741561889648 0.4713621139526367
vt 0.8555850982666016 0.46283894777297974
vt 0.6745825409889221 0.16299223899841309
vt 0.7444884181022644 0.16298329830169678
vt 0.7500602006912231 0.15481388568878174
vt 0.6687921285629272 0.1548338532447815
vt 0.751579761505127 0.14418482780456543
vt 0.66697758436203 0.14415162801742554
vt 0.6686389446258545 0.13373172283172607
vt 0.7497522830963135 0.13373708724975586
vt 0.674152672290802 0.12621182203292847
vt 0.7440955638885498 0.1262272596359253
vt 0.3551006019115448 0.0064209699630737305
vt 0.3551006019115448 0.04704815149307251
vt 0.3708924651145935 0.04704815149307251
vt 0.3708924651145935 0.0064209699630737305
vt 0.3850068747997284 0.04704815149307251
vt 0.3850068747997284 0.0064209699630737305
vt 0.3993019461631775 0.0064209699630737305
vt 0.3993019461631775 0.04704815149307251
vt 0.41313907504081726 0.04704815149307251
vt 0.41313907504081726 0.0064209699630737305
vt 0.5422934889793396 0.0064209699630737305
vt 0.5422934889793396 0.04704815149307251
vt 0.5575358867645264 0.04704815149307251
vt 0.5575358867645264 0.0064209699630737305
vt 0.5723099708557129 0.0064209699630737305
vt 0.5723099708557129 0.04704815149307251
vt 0.5876761078834534 0.04704815149307251
vt 0.5876761078834534 0.0064209699630737305
vt 0.604084849357605 0.04704815149307251
vt 0.604084849357605 0.0064209699630737305
vt 0.7334203720092773 0.04704815149307251
vt 0.7334203720092773 0.0064209699630737305
vt 0.30391719937324524 0.004413127899169922
vt 0.30391719937324524 0.050304114818573
vt 0.31670260429382324 0.050304114818573
vt 0.31670260429382324 0.004413127899169922
vt 0.33175113797187805 0.050304114818573
vt 0.33175113797187805 0.004413127899169922
vt 0.3472234606742859 0.050304114818573
vt 0.3472234606742859 0.004413127899169922
vt 0.13420674204826355 0.004413127899169922
vt 0.13420674204826355 0.050304114818573
vt 0.15030765533447266 0.050304114818573
vt 0.15030765533447266 0.004413127899169922
vt 0.16716784238815308 0.050304114818573
vt 0.16716784238815308 0.004413127899169922
vt 0.17871171236038208 0.050304114818573
vt 0.17871171236038208 0.004413127899169922
vt 0.30391719937324524 0.004413127899169922
vt 0.30391719937324524 0.050304114818573
vt 0.3236655592918396 0.5722883939743042
vt 0.36698591709136963 0.5457590818405151
vt 0.35393622517585754 0.533865213394165
vt 0.30941036343574524 0.5611020922660828
vt 0.3375757336616516 0.5195406675338745
vt 0.2957218289375305 0.5450024604797363
vt 0.3223571479320526 0.5032588243484497
vt 0.2853125333786011 0.525352954864502
vt 0.9347405433654785 0.4266214966773987
vt 0.9347320795059204 0.29899710416793823
vt 0.9256590008735657 0.2902193069458008
vt 0.9255852103233337 0.43665528297424316
vt 0.9122414588928223 0.2870878577232361
vt 0.91221022605896 0.4400981664657593
vt 0.8988195657730103 0.43754154443740845
vt 0.898725152015686 0.28881704807281494
vt 0.8890855312347412 0.4266616106033325
vt 0.8891079425811768 0.29896724224090576
vt 0.4976533353328705 0.12889987230300903
vt 0.5274657011032104 0.11651843786239624
vt 0.5202763080596924 0.1378943920135498
vt 0.49626755714416504 0.15246546268463135
vt 0.46931642293930054 0.14322328567504883
vt 0.47366854548454285 0.16696447134017944
vt 0.45498746633529663 0.1742749810218811
vt 0.4465641379356384 0.15155208110809326
vt 0.32236218452453613 0.15175628662109375
vt 0.3178192377090454 0.17425423860549927
vt 0.29676610231399536 0.14500117301940918
vt 0.2926730215549469 0.16786295175552368
vt 0.2659471929073334 0.15088123083114624
vt 0.26995548605918884 0.12869536876678467
vt 0.5541343688964844 0.9394348859786987
vt 0.54597008228302 0.9416964054107666
vt 0.5373008251190186 0.6245732307434082
vt 0.5469885468482971 0.620391845703125
vt 0.5628629326820374 0.9386287331581116
vt 0.5566389560699463 0.6188240051269531
vt 0.5715798139572144 0.9392660856246948
vt 0.5663080811500549 0.6202943325042725
vt 0.5754420161247253 0.6239593625068665
vt 0.5792407393455505 0.941193699836731
vt 0.14416292309761047 0.8745089769363403
vt 0.09017106145620346 0.9453755617141724
vt 0.013514013029634953 0.7235228419303894
vt 0.1533665955066681 0.539957582950592
vt 0.15558093786239624 0.8648009300231934
vt 0.1657196283340454 0.5281387567520142
vt 0.17817386984825134 0.5235863924026489
vt 0.16753581166267395 0.8612922430038452
vt 0.1800050437450409 0.8644009828567505
vt 0.1910753846168518 0.527891993522644
vt 0.20381107926368713 0.5415663719177246
vt 0.19187867641448975 0.8760422468185425
vt 0.33180180191993713 0.7335674166679382
vt 0.2412308156490326 0.950148344039917
vt 0.33896899223327637 0.7434649467468262
vt 0.247633159160614 0.9587436318397522
vt 0.2541801631450653 0.9648958444595337
vt 0.3460247218608856 0.7505351901054382
vt 0.3540809750556946 0.7555338144302368
vt 0.261618047952652 0.9693266153335571
vt 0.2696071267127991 0.9724715352058411
vt 0.362883985042572 0.7584044933319092
vt 0.279950350522995 0.9729974865913391
vt 0.37427106499671936 0.7586091756820679
vt 0.3862591087818146 0.7570857405662537
vt 0.2911352217197418 0.9718010425567627
vt 0.27939149737358093 0.9874875545501709
vt 0.29057377576828003 0.9862913489341736
vt 0.28958365321159363 0.9932034611701965
vt 0.2781788408756256 0.9941861629486084
vt 0.2690507173538208 0.9869619607925415
vt 0.26712360978126526 0.9933932423591614
vt 0.2610635459423065 0.9838178157806396
vt 0.25823381543159485 0.9900199174880981
vt 0.2501012682914734 0.9851800799369812
vt 0.25362733006477356 0.9793879389762878
vt 0.24295756220817566 0.9786441922187805
vt 0.2470819354057312 0.9732372760772705
vt 0.23617267608642578 0.9698500633239746
vt 0.24068114161491394 0.9646442532539368
vt 0.19134074449539185 0.8905558586120605
vt 0.18993182480335236 0.9002465009689331
vt 0.17946988344192505 0.8789172768592834
vt 0.17862074077129364 0.8887655735015869
vt 0.16675443947315216 0.8857075572013855
vt 0.1670035868883133 0.8758088946342468
vt 0.1550515741109848 0.879317045211792
vt 0.155330628156662 0.8891935348510742
vt 0.1436363160610199 0.8890226483345032
vt 0.14442965388298035 0.8987714052200317
vt 0.09395413845777512 0.9652230739593506
vt 0.0896572694182396 0.9598726034164429
vt 0.15375220775604248 0.5231260657310486
vt 0.013823241926729679 0.7067915797233582
vt 0.009359181858599186 0.6938725709915161
vt 0.1542874574661255 0.5036445260047913
vt 0.1661120504140854 0.511300802230835
vt 0.16670799255371094 0.49169784784317017
vt 0.17857302725315094 0.5067458152770996
vt 0.1791979968547821 0.4870847463607788
vt 0.19212006032466888 0.4914579391479492
vt 0.19148162007331848 0.5110539197921753
vt 0.20491527020931244 0.5052555203437805
vt 0.20422427356243134 0.5247353911399841
vt 0.3375430405139923 0.7042220830917358
vt 0.3322851359844208 0.7168415188789368
vt 0.34473973512649536 0.7141859531402588
vt 0.3394562900066376 0.7267447113990784
vt 0.351849764585495 0.7213533520698547
vt 0.34651562571525574 0.7338184118270874
vt 0.3599523901939392 0.7263829112052917
vt 0.3545764088630676 0.73881995677948
vt 0.36338427662849426 0.7416920065879822
vt 0.3688393235206604 0.7292439341545105
vt 0.3747774660587311 0.7418968677520752
vt 0.38032063841819763 0.7294317483901978
vt 0.38677218556404114 0.7403726577758789
vt 0.3923827111721039 0.7279062271118164
vt 0.5558974146842957 0.13854479789733887
vt 0.568239688873291 0.13940727710723877
vt 0.5692593455314636 0.16603899002075195
vt 0.5569073557853699 0.1656990647315979
vt 0.5450364947319031 0.14211809635162354
vt 0.5461061000823975 0.16903233528137207
vt 0.5349986553192139 0.14810532331466675
vt 0.5361098051071167 0.1745935082435608
vt 0.2618996202945709 0.2925564646720886
vt 0.2729697525501251 0.3135054111480713
vt 0.5341731905937195 0.6024537086486816
vt 0.4227157235145569 0.6553346514701843
vt 0.4187288284301758 0.6475468873977661
vt 0.5337638854980469 0.5889737010002136
vt 0.5431127548217773 0.5977439880371094
vt 0.5427155494689941 0.584231972694397
vt 0.5550682544708252 0.5938933491706848
vt 0.554682195186615 0.5804089307785034
vt 0.5658066272735596 0.5813952088356018
vt 0.5661041736602783 0.594902753829956
vt 0.544251024723053 0.5760014057159424
vt 0.4292105436325073 0.6345779895782471
vt 0.268161416053772 0.3200252056121826
vt 0.5329801440238953 0.1846114993095398
vt 0.5532031655311584 0.5712595582008362
vt 0.542048990726471 0.1797526478767395
vt 0.5651705265045166 0.5674364566802979
vt 0.5537661910057068 0.176031231880188
vt 0.5672550201416016 0.17670178413391113
vt 0.5762953162193298 0.5684227347373962
vt 0.770729660987854 0.967133641242981
vt 0.7701250314712524 0.9797731637954712
vt 0.7136989831924438 0.9722898602485657
vt 0.7122999429702759 0.9607633352279663
vt 0.7714675068855286 0.9545950293540955
vt 0.7125319838523865 0.9495469331741333
vt 0.7139588594436646 0.9385008811950684
vt 0.7726247310638428 0.9410947561264038
vt 0.7171838879585266 0.9265727400779724
vt 0.7741686105728149 0.9275485873222351
vt 0.7860053181648254 0.8157618641853333
vt 0.7686357498168945 0.818865180015564
vt 0.7879540920257568 0.8020788431167603
vt 0.7739064693450928 0.8036164045333862
vt 0.7755343317985535 0.7890023589134216
vt 0.7886407375335693 0.7901312112808228
vt 0.7894066572189331 0.7780253291130066
vt 0.775574803352356 0.7752088308334351
vt 0.7721295952796936 0.7607284784317017
vt 0.7890880107879639 0.7647877931594849
vt 0.7864366769790649 0.6531223058700562
vt 0.7296499609947205 0.6493813991546631
vt 0.8202940821647644 0.06753015518188477
vt 0.8114011883735657 0.07414042949676514
vt 0.80467689037323 0.02806985378265381
vt 0.8152341842651367 0.020709335803985596
vt 0.8311461210250854 0.06006580591201782
vt 0.8284689784049988 0.011550724506378174
vt 0.8448741436004639 0.05400574207305908
vt 0.8448342084884644 0.004396677017211914
vt 0.36764732003211975 0.8779476881027222
vt 0.388396680355072 0.8193336725234985
vt 0.4044846296310425 0.8222617506980896
vt 0.3983607590198517 0.8910638093948364
vt 0.36560946702957153 0.8898396492004395
vt 0.3948565125465393 0.9040616750717163
vt 0.36445510387420654 0.904526948928833
vt 0.3878955841064453 0.9193321466445923
vt 0.3635282516479492 0.919185996055603
vt 0.3775719404220581 0.9334684014320374
vt 0.3708924651145935 0.04704815149307251
vt 0.3551006019115448 0.04704815149307251
vt 0.3551006019115448 0.0064209699630737305
vt 0.3708924651145935 0.0064209699630737305
vt 0.3850068747997284 0.04704815149307251
vt 0.3850068747997284 0.0064209699630737305
vt 0.3993019461631775 0.0064209699630737305
vt 0.3993019461631775 0.04704815149307251
vt 0.41313907504081726 0.04704815149307251
vt 0.41313907504081726 0.0064209699630737305
vt 0.5422934889793396 0.0064209699630737305
vt 0.5422934889793396 0.04704815149307251
vt 0.5575358867645264 0.04704815149307251
vt 0.5575358867645264 0.0064209699630737305
vt 0.5723099708557129 0.0064209699630737305
vt 0.5723099708557129 0.04704815149307251
vt 0.5876761078834534 0.04704815149307251
vt 0.5876761078834534 0.0064209699630737305
vt 0.604084849357605 0.04704815149307251
vt 0.604084849357605 0.0064209699630737305
vt 0.7334203720092773 0.04704815149307251
vt 0.7334203720092773 0.0064209699630737305
vt 0.31670260429382324 0.050304114818573
vt 0.30391719937324524 0.050304114818573
vt 0.30391719937324524 0.004413127899169922
vt 0.31670260429382324 0.004413127899169922
vt 0.33175113797187805 0.050304114818573
vt 0.33175113797187805 0.004413127899169922
vt 0.3472234606742859 0.050304114818573
vt 0.3472234606742859 0.004413127899169922
vt 0.15030765533447266 0.050304114818573
vt 0.13420674204826355 0.050304114818573
vt 0.13420674204826355 0.004413127899169922
vt 0.15030765533447266 0.004413127899169922
vt 0.16716784238815308 0.050304114818573
vt 0.16716784238815308 0.004413127899169922
vt 0.17871171236038208 0.050304114818573
vt 0.17871171236038208 0.004413127899169922
vt 0.30391719937324524 0.004413127899169922
vt 0.30391719937324524 0.050304114818573
vt 0.35393622517585754 0.533865213394165
vt 0.36698591709136963 0.5457590818405151
vt 0.3236655592918396 0.5722883939743042
vt 0.30941036343574524 0.5611020922660828
vt 0.3375757336616516 0.5195406675338745
vt 0.2957218289375305 0.5450024604797363
vt 0.3223571479320526 0.5032588243484497
vt 0.2853125333786011 0.525352954864502
vt 0.645615816116333 0.9870580434799194
vt 0.638571560382843 0.9839111566543579
vt 0.6369497776031494 0.9889541268348694
vt 0.644453763961792 0.9922235608100891
vt 0.6534462571144104 0.9894390106201172
vt 0.6521596908569336 0.9945101737976074
vt 0.6599830389022827 0.9961095452308655
vt 0.6616263389587402 0.9911191463470459
vt 0.6699776649475098 0.9920629262924194
vt 0.6678487658500671 0.9971431493759155
vt 0.5592374801635742 0.9488258361816406
vt 0.5510731339454651 0.9510874152183533
vt 0.5529830455780029 0.956240177154541
vt 0.5603467226028442 0.9542474746704102
vt 0.5679663419723511 0.9480196237564087
vt 0.5680264830589294 0.9535340070724487
vt 0.5757043361663818 0.9541082382202148
vt 0.5766834616661072 0.9486571550369263
vt 0.5843445658683777 0.9505847096443176
vt 0.5826606154441833 0.9558271765708923
vt 0.7075415849685669 0.7042263746261597
vt 0.6983464956283569 0.6995698809623718
vt 0.6334661245346069 0.9745191335678101
vt 0.6405102014541626 0.9776659607887268
vt 0.7164754867553711 0.707344651222229
vt 0.6483404040336609 0.9800469279289246
vt 0.7259521484375 0.7088847160339355
vt 0.6565201282501221 0.9817269444465637
vt 0.6648710370063782 0.9826705455780029
vt 0.7365696430206299 0.709231436252594
vt 0.8651098608970642 0.2960015535354614
vt 0.8753820061683655 0.3027522563934326
vt 0.8846198916435242 0.2810681462287903
vt 0.8742513060569763 0.2745324373245239
vt 0.8560261130332947 0.28956329822540283
vt 0.8651950359344482 0.26806217432022095
vt 0.8468196392059326 0.2838979959487915
vt 0.8561546802520752 0.262088418006897
vt 0.568239688873291 0.13940727710723877
vt 0.5692593455314636 0.16603899002075195
vt 0.6877474188804626 0.6343638896942139
vt 0.5658066272735596 0.5813952088356018
vt 0.5661041736602783 0.594902753829956
vt 0.6841855049133301 0.6423546075820923
vt 0.6961194276809692 0.639617383480072
vt 0.6924627423286438 0.6478428840637207
vt 0.7059072256088257 0.6466883420944214
vt 0.7023317813873291 0.654732346534729
vt 0.7170178890228271 0.6542203426361084
vt 0.7134684324264526 0.6621984839439392
vt 0.7164026498794556 0.6337194442749023
vt 0.7275139093399048 0.641251802444458
vt 0.8715848326683044 0.31857573986053467
vt 0.860497772693634 0.31106406450271606
vt 0.7066143751144409 0.6266476511955261
vt 0.8507037162780762 0.30396997928619385
vt 0.6982418894767761 0.6213940978050232
vt 0.842391848564148 0.29874396324157715
vt 0.5672550201416016 0.17670178413391113
vt 0.5762953162193298 0.5684227347373962
vt 0.8705161809921265 0.9906283617019653
vt 0.8706042170524597 0.9964271187782288
vt 0.9179294109344482 0.9964240789413452
vt 0.9176743030548096 0.9905788898468018
vt 0.8705161809921265 0.6639339923858643
vt 0.9176743030548096 0.6636810302734375
vt 0.9178850650787354 0.6563937664031982
vt 0.8703417778015137 0.6568124294281006
vt 0.4258963167667389 0.06771588325500488
vt 0.4258963167667389 0.060464322566986084
vt 0.3795956075191498 0.060464322566986084
vt 0.3795956075191498 0.06771588325500488
vt 0.4258963167667389 0.13347244262695312
vt 0.3795956075191498 0.13347244262695312
vt 0.3636222779750824 0.09595096111297607
vt 0.3567332327365875 0.08053666353225708
vt 0.2739907205104828 0.08130723237991333
vt 0.2650028467178345 0.09561169147491455
vt 0.36093831062316895 0.11134183406829834
vt 0.267768919467926 0.11329478025436401
vt 0.27797889709472656 0.12145960330963135
vt 0.3534894585609436 0.12151026725769043
vt 0.9684383869171143 0.1196831464767456
vt 0.9686596393585205 0.13114392757415771
vt 0.9975683689117432 0.13162696361541748
vt 0.9984396696090698 0.11960399150848389
vt 0.9682743549346924 0.10723191499710083
vt 0.9986099004745483 0.10712391138076782
vt 0.9684652090072632 0.09418582916259766
vt 0.9985207319259644 0.09437441825866699
vt 0.9978132247924805 0.08251893520355225
vt 0.9689000844955444 0.08247119188308716
vt 0.5968632698059082 0.06530565023422241
vt 0.5865390300750732 0.06547969579696655
vt 0.5861067175865173 0.09099102020263672
vt 0.5968992114067078 0.09176677465438843
vt 0.6078790426254272 0.06517553329467773
vt 0.6079005599021912 0.09191101789474487
vt 0.6187800765037537 0.06539726257324219
vt 0.6185136437416077 0.09184449911117554
vt 0.6284891963005066 0.09129452705383301
vt 0.6286287307739258 0.06577962636947632
vt 0.2654459476470947 0.39248573780059814
vt 0.265694797039032 0.3691716194152832
vt 0.2553828954696655 0.37259745597839355
vt 0.2568449378013611 0.3949463367462158
vt 0.26870352029800415 0.4073858857154846
vt 0.2587735652923584 0.4099787473678589
vt 0.2853125333786011 0.525352954864502
vt 0.3223571479320526 0.5032588243484497
vt 0.9224030375480652 0.1467217206954956
vt 0.9142075777053833 0.13904309272766113
vt 0.8025204539299011 0.13903546333312988
vt 0.7929408550262451 0.14678776264190674
vt 0.925209641456604 0.15788370370864868
vt 0.7896389961242676 0.15791481733322144
vt 0.7896389961242676 0.15791481733322144
vt 0.925209641456604 0.15788370370864868
vt 0.9230499863624573 0.1693822741508484
vt 0.9230499863624573 0.1693822741508484
vt 0.7920993566513062 0.16932779550552368
vt 0.7896389961242676 0.15791481733322144
vt 0.8024984002113342 0.17742615938186646
vt 0.7920993566513062 0.16932779550552368
vt 0.9230499863624573 0.1693822741508484
vt 0.9230499863624573 0.1693822741508484
vt 0.9142342805862427 0.17740678787231445
vt 0.8024984002113342 0.17742615938186646
vt 0.9962507486343384 0.31558775901794434
vt 0.9946556091308594 0.33018696308135986
vt 0.9650269746780396 0.34377580881118774
vt 0.9663639068603516 0.328216016292572
vt 0.963507890701294 0.31314051151275635
vt 0.9936167597770691 0.30130743980407715
vt 0.9858145117759705 0.28894734382629395
vt 0.9554993510246277 0.300093412399292
vt 0.9431288242340088 0.28895479440689087
vt 0.9740847945213318 0.2785240411758423
vt 0.9461565613746643 0.5483959913253784
vt 0.9208874106407166 0.5485876798629761
vt 0.9167490005493164 0.5329508781433105
vt 0.9418469667434692 0.5324429273605347
vt 0.9399142861366272 0.5178881287574768
vt 0.914893627166748 0.5186169147491455
vt 0.9156173467636108 0.5043981075286865
vt 0.9407719373703003 0.5035145282745361
vt 0.9186623692512512 0.488966703414917
vt 0.9440758228302002 0.4877810478210449
vt 0.9946556091308594 0.33018696308135986
vt 0.9650269746780396 0.34377580881118774
vt 0.016071200370788574 0.6608719825744629
vt 0.00401157233864069 0.6310821175575256
vt 0.15712420642375946 0.41530346870422363
vt 0.1553165763616562 0.46459949016571045
vt 0.17044943571090698 0.45009922981262207
vt 0.17311203479766846 0.39884549379348755
vt 0.18606524169445038 0.44480597972869873
vt 0.18905670940876007 0.39277946949005127
vt 0.20527318120002747 0.3992939591407776
vt 0.20187248289585114 0.45074665546417236
vt 0.2207081913948059 0.4192073345184326
vt 0.2164754420518875 0.4683544635772705
vt 0.33087122440338135 0.6804777979850769
vt 0.3463112413883209 0.6520640850067139
vt 0.35461023449897766 0.6665089726448059
vt 0.33848193287849426 0.6935037970542908
vt 0.3629648983478546 0.6777594685554504
vt 0.34645989537239075 0.7035635113716125
vt 0.3725334703922272 0.6859680414199829
vt 0.35590431094169617 0.7114304304122925
vt 0.3666923940181732 0.7170829176902771
vt 0.38372042775154114 0.6915780901908875
vt 0.38038370013237 0.7205333709716797
vt 0.3986035883426666 0.6950293183326721
vt 0.4146674871444702 0.6969007253646851
vt 0.3950575888156891 0.7223622798919678
vt 0.12264952063560486 0.9859195947647095
vt 0.12264952063560486 0.9368034601211548
vt 0.12959584593772888 0.9368034601211548
vt 0.12959584593772888 0.9859195947647095
vt 0.2053002417087555 0.9859195947647095
vt 0.2053002417087555 0.9368034601211548
vt 0.9226694107055664 0.08165651559829712
vt 0.9397010803222656 0.038098692893981934
vt 0.9514894485473633 0.05276012420654297
vt 0.9320739507675171 0.09347832202911377
vt 0.9398893117904663 0.1023101806640625
vt 0.9613364338874817 0.06282812356948853
vt 0.4059963822364807 0.8045284748077393
vt 0.4044846296310425 0.8222617506980896
vt 0.388396680355072 0.8193336725234985
vt 0.39600396156311035 0.8021845817565918
vt 0.4020257294178009 0.7901920080184937
vt 0.40802234411239624 0.7923160195350647
vt 0.41028112173080444 0.7835806608200073
vt 0.40577298402786255 0.782009482383728
vt 0.41028112173080444 0.7835806608200073
vt 0.4020257294178009 0.7901920080184937
vt 0.9721570014953613 0.20643526315689087
vt 0.9876999855041504 0.20662283897399902
vt 0.9868574738502502 0.21815919876098633
vt 0.9724030494689941 0.21810948848724365
vt 0.9725760221481323 0.23061323165893555
vt 0.9866786003112793 0.23056447505950928
vt 0.9867568016052246 0.24356317520141602
vt 0.972370445728302 0.24344998598098755
vt 0.9718079566955566 0.2552033066749573
vt 0.9873489141464233 0.2555135488510132
vt 0.5165046453475952 0.06788641214370728
vt 0.5163309574127197 0.08182293176651001
vt 0.5058894157409668 0.08106136322021484
vt 0.5059643387794495 0.06808310747146606
vt 0.4950113594532013 0.06820493936538696
vt 0.4949958622455597 0.08090788125991821
vt 0.48413148522377014 0.08096671104431152
vt 0.48427820205688477 0.06797432899475098
vt 0.4743785560131073 0.06749564409255981
vt 0.4740659296512604 0.08142971992492676
vt 0.9650269746780396 0.34377580881118774
vt 0.9946556091308594 0.33018696308135986
vt 0.9962507486343384 0.31558775901794434
vt 0.9663639068603516 0.328216016292572
vt 0.963507890701294 0.31314051151275635
vt 0.9936167597770691 0.30130743980407715
vt 0.9858145117759705 0.28894734382629395
vt 0.9554993510246277 0.300093412399292
vt 0.9431288242340088 0.28895479440689087
vt 0.9740847945213318 0.2785240411758423
vt 0.9167490005493164 0.5329508781433105
vt 0.9208874106407166 0.5485876798629761
vt 0.9461565613746643 0.5483959913253784
vt 0.9418469667434692 0.5324429273605347
vt 0.9399142861366272 0.5178881287574768
vt 0.914893627166748 0.5186169147491455
vt 0.9156173467636108 0.5043981075286865
vt 0.9407719373703003 0.5035145282745361
vt 0.9186623692512512 0.488966703414917
vt 0.9440758228302002 0.4877810478210449
vt 0.9946556091308594 0.33018696308135986
vt 0.9650269746780396 0.34377580881118774
vt 0.15712420642375946 0.41530346870422363
vt 0.00401157233864069 0.6310821175575256
vt 0.016071200370788574 0.6608719825744629
vt 0.1553165763616562 0.46459949016571045
vt 0.17044943571090698 0.45009922981262207
vt 0.17311203479766846 0.39884549379348755
vt 0.18606524169445038 0.44480597972869873
vt 0.18905670940876007 0.39277946949005127
vt 0.20527318120002747 0.3992939591407776
vt 0.20187248289585114 0.45074665546417236
vt 0.2207081913948059 0.4192073345184326
vt 0.2164754420518875 0.4683544635772705
vt 0.33087122440338135 0.6804777979850769
vt 0.3463112413883209 0.6520640850067139
vt 0.35461023449897766 0.6665089726448059
vt 0.33848193287849426 0.6935037970542908
vt 0.3629648983478546 0.6777594685554504
vt 0.34645989537239075 0.7035635113716125
vt 0.3725334703922272 0.6859680414199829
vt 0.35590431094169617 0.7114304304122925
vt 0.3666923940181732 0.7170829176902771
vt 0.38372042775154114 0.6915780901908875
vt 0.38038370013237 0.7205333709716797
vt 0.3986035883426666 0.6950293183326721
vt 0.4146674871444702 0.6969007253646851
vt 0.3950575888156891 0.7223622798919678
vt 0.12959584593772888 0.9368034601211548
vt 0.12264952063560486 0.9368034601211548
vt 0.12264952063560486 0.9859195947647095
vt 0.12959584593772888 0.9859195947647095
vt 0.2053002417087555 0.9859195947647095
vt 0.2053002417087555 0.9368034601211548
vt 0.9514894485473633 0.05276012420654297
vt 0.9397010803222656 0.038098692893981934
vt 0.9226694107055664 0.08165651559829712
vt 0.9320739507675171 0.09347832202911377
vt 0.9398893117904663 0.1023101806640625
vt 0.9613364338874817 0.06282812356948853
vt 0.388396680355072 0.8193336725234985
vt 0.4044846296310425 0.8222617506980896
vt 0.4059963822364807 0.8045284748077393
vt 0.39600396156311035 0.8021845817565918
vt 0.4020257294178009 0.7901920080184937
vt 0.40802234411239624 0.7923160195350647
vt 0.41028112173080444 0.7835806608200073
vt 0.40577298402786255 0.782009482383728
vt 0.4020257294178009 0.7901920080184937
vt 0.41028112173080444 0.7835806608200073
vt 0.9868574738502502 0.21815919876098633
vt 0.9876999855041504 0.20662283897399902
vt 0.9721570014953613 0.20643526315689087
vt 0.9724030494689941 0.21810948848724365
vt 0.9725760221481323 0.23061323165893555
vt 0.9866786003112793 0.23056447505950928
vt 0.9867568016052246 0.24356317520141602
vt 0.972370445728302 0.24344998598098755
vt 0.9718079566955566 0.2552033066749573
vt 0.9873489141464233 0.2555135488510132
vt 0.5058894157409668 0.08106136322021484
vt 0.5163309574127197 0.08182293176651001
vt 0.5165046453475952 0.06788641214370728
vt 0.5059643387794495 0.06808310747146606
vt 0.4950113594532013 0.06820493936538696
vt 0.4949958622455597 0.08090788125991821
vt 0.48413148522377014 0.08096671104431152
vt 0.48427820205688477 0.06797432899475098
vt 0.4743785560131073 0.06749564409255981
vt 0.4740659296512604 0.08142971992492676
vt 0.9176743030548096 0.6636810302734375
vt 0.9178850650787354 0.6563937664031982
vt 0.9261991381645203 0.653186559677124
vt 0.9279675483703613 0.6600834131240845
vt 0.9939889311790466 0.6221510171890259
vt 0.9176743030548096 0.9905788898468018
vt 0.994471549987793 0.6280831098556519
vt 0.9284952878952026 0.9968162775039673
vt 0.9179294109344482 0.9964240789413452
vt 0.9279675483703613 0.9909982681274414
vt 0.994471549987793 0.9907791614532471
vt 0.9945294260978699 0.9956066012382507
vt 0.8705161809921265 0.9906283617019653
vt 0.8706042170524597 0.9964271187782288
vt 0.8602362871170044 0.9969419240951538
vt 0.8613609671592712 0.9910985231399536
vt 0.7949919700622559 0.9955377578735352
vt 0.8705161809921265 0.6639339923858643
vt 0.7956053614616394 0.9907448291778564
vt 0.8613609671592712 0.661380410194397
vt 0.8703417778015137 0.6568124294281006
vt 0.7956053614616394 0.6290569305419922
vt 0.8631175756454468 0.6548789739608765
vt 0.7957991361618042 0.6235985159873962
vt 0.9261991381645203 0.653186559677124
vt 0.9178850650787354 0.6563937664031982
vt 0.9176743030548096 0.6636810302734375
vt 0.9279675483703613 0.6600834131240845
vt 0.9939889311790466 0.6221510171890259
vt 0.9176743030548096 0.9905788898468018
vt 0.994471549987793 0.6280831098556519
vt 0.9179294109344482 0.9964240789413452
vt 0.9284952878952026 0.9968162775039673
vt 0.9279675483703613 0.9909982681274414
vt 0.994471549987793 0.9907791614532471
vt 0.9945294260978699 0.9956066012382507
vt 0.8602362871170044 0.9969419240951538
vt 0.8706042170524597 0.9964271187782288
vt 0.8705161809921265 0.9906283617019653
vt 0.8613609671592712 0.9910985231399536
vt 0.7949919700622559 0.9955377578735352
vt 0.8705161809921265 0.6639339923858643
vt 0.7956053614616394 0.9907448291778564
vt 0.8613609671592712 0.661380410194397
vt 0.8703417778015137 0.6568124294281006
vt 0.7956053614616394 0.6290569305419922
vt 0.8631175756454468 0.6548789739608765
vt 0.7957991361618042 0.6235985159873962
vt 0.4373836815357208 0.8415459394454956
vt 0.44919079542160034 0.8494343757629395
vt 0.43732908368110657 0.8507204055786133
vt 0.42171037197113037 0.8444023132324219
vt 0.448455274105072 0.9831682443618774
vt 0.4239155650138855 0.8530539274215698
vt 0.4415659010410309 0.9803518652915955
vt 0.4148102402687073 0.851911187171936
vt 0.4347858726978302 0.983451247215271
vt 0.4147104024887085 0.9799402952194214
vt 0.43537890911102295 0.9912471771240234
vt 0.4261692464351654 0.9814425706863403
vt 0.4219198524951935 0.9883313179016113
vt 0.9594671726226807 0.6257239580154419
vt 0.9489198923110962 0.6353430151939392
vt 0.9474213719367981 0.6231642365455627
vt 0.9642500877380371 0.6047062277793884
vt 0.8307226896286011 0.6323863863945007
vt 0.9535223841667175 0.6067200303077698
vt 0.8347125053405762 0.6231642365455627
vt 0.9526685476303101 0.5865364670753479
vt 0.8294366002082825 0.6134790778160095
vt 0.9463663101196289 0.5970121622085571
vt 0.8192564249038696 0.6151530742645264
vt 0.8347407579421997 0.5835880041122437
vt 0.8229619860649109 0.5951203107833862
vt 0.8329871892929077 0.600115180015564
vt 0.4373836815357208 0.8415459394454956
vt 0.43732908368110657 0.8507204055786133
vt 0.44919079542160034 0.8494343757629395
vt 0.42171037197113037 0.8444023132324219
vt 0.448455274105072 0.9831682443618774
vt 0.4239155650138855 0.8530539274215698
vt 0.4415659010410309 0.9803518652915955
vt 0.4148102402687073 0.851911187171936
vt 0.4347858726978302 0.983451247215271
vt 0.4147104024887085 0.9799402952194214
vt 0.43537890911102295 0.9912471771240234
vt 0.4261692464351654 0.9814425706863403
vt 0.4219198524951935 0.9883313179016113
vt 0.9594671726226807 0.6257239580154419
vt 0.9474213719367981 0.6231642365455627
vt 0.9489198923110962 0.6353430151939392
vt 0.9642500877380371 0.6047062277793884
vt 0.8307226896286011 0.6323863863945007
vt 0.9535223841667175 0.6067200303077698
vt 0.8347125053405762 0.6231642365455627
vt 0.9526685476303101 0.5865364670753479
vt 0.8294366002082825 0.6134790778160095
vt 0.9463663101196289 0.5970121622085571
vt 0.8192564249038696 0.6151530742645264
vt 0.8347407579421997 0.5835880041122437
vt 0.8229619860649109 0.5951203107833862
vt 0.8329871892929077 0.600115180015564
vt 0.92094886302948 0.18111109733581543
vt 0.9265481233596802 0.18867403268814087
vt 0.7908462285995483 0.1890503168106079
vt 0.9437249898910522 0.16393941640853882
vt 0.7964063882827759 0.18143391609191895
vt 0.9335108399391174 0.16212135553359985
vt 0.7749350070953369 0.1657460331916809
vt 0.9354832172393799 0.1358710527420044
vt 0.7850753664970398 0.16421914100646973
vt 0.9272137880325317 0.14077162742614746
vt 0.7781072854995728 0.13821709156036377
vt 0.9152492880821228 0.12210679054260254
vt 0.7865087985992432 0.14453864097595215
vt 0.9120222330093384 0.13045525550842285
vt 0.7970730066299438 0.13045525550842285
vt 0.7923456430435181 0.12210679054260254
vt 0.04220254719257355 0.3615778088569641
vt 0.04246752709150314 0.35393500328063965
vt 0.05634435638785362 0.35888540744781494
vt 0.028321225196123123 0.3579401969909668
vt 0.051387518644332886 0.3647801876068115
vt 0.03284158185124397 0.3641693592071533
vt 0.06577974557876587 0.3702366352081299
vt 0.017226342111825943 0.3695892095565796
vt 0.05771263688802719 0.3721510171890259
vt 0.025296151638031006 0.371723473072052
vt 0.05771263688802719 0.5195893049240112
vt 0.017226342111825943 0.5219641327857971
vt 0.06577971577644348 0.5226047039031982
vt 0.025296151638031006 0.5191623568534851
vt 0.0549299456179142 0.5339329242706299
vt 0.03234119340777397 0.5268694162368774
vt 0.050431329756975174 0.5270405411720276
vt 0.027915604412555695 0.5336659550666809
vt 0.041439205408096313 0.529719352722168
vt 0.041505493223667145 0.5380114912986755
vt 0.7051084041595459 0.05471217632293701
vt 0.7036675214767456 0.060518741607666016
vt 0.464485228061676 0.060518741607666016
vt 0.715316891670227 0.06415092945098877
vt 0.4640088379383087 0.05471217632293701
vt 0.7193647027015686 0.05924522876739502
vt 0.44803759455680847 0.06943458318710327
vt 0.7281525135040283 0.06862497329711914
vt 0.44448232650756836 0.06653821468353271
vt 0.7223162651062012 0.07141733169555664
vt 0.4431833028793335 0.08185267448425293
vt 0.7249382734298706 0.08056175708770752
vt 0.438690185546875 0.08214789628982544
vt 0.7312273979187012 0.08052873611450195
vt 0.445977121591568 0.09684956073760986
vt 0.7286094427108765 0.09242790937423706
vt 0.44933849573135376 0.0935204029083252
vt 0.7232592105865479 0.08971303701400757
vt 0.4640085995197296 0.10736739635467529
vt 0.7151229381561279 0.09779232740402222
vt 0.4644850194454193 0.10157650709152222
vt 0.7186260223388672 0.10242396593093872
vt 0.704759418964386 0.10736739635467529
vt 0.7036793828010559 0.10157650709152222
vt 0.3236178457736969 0.23464500904083252
vt 0.32440185546875 0.23875153064727783
vt 0.3325831890106201 0.2286834716796875
vt 0.33091843128204346 0.22650396823883057
vt 0.33172816038131714 0.21772968769073486
vt 0.333604097366333 0.21752965450286865
vt 0.32668888568878174 0.20416200160980225
vt 0.25492849946022034 0.23720312118530273
vt 0.3257337808609009 0.20639151334762573
vt 0.3236178457736969 0.23464500904083252
vt 0.25638076663017273 0.23523205518722534
vt 0.25492849946022034 0.23720312118530273
vt 0.24902741611003876 0.2235245704650879
vt 0.25492849946022034 0.23720312118530273
vt 0.25638076663017273 0.23523205518722534
vt 0.25638076663017273 0.23523205518722534
vt 0.252800315618515 0.22333991527557373
vt 0.24902741611003876 0.2235245704650879
vt 0.24902741611003876 0.2235245704650879
vt 0.252800315618515 0.22333991527557373
vt 0.2549470067024231 0.21181899309158325
vt 0.2524992823600769 0.20901238918304443
vt 0.2608519494533539 0.2009906768798828
vt 0.32668888568878174 0.20416200160980225
vt 0.3257337808609009 0.20639151334762573
vt 0.2608519494533539 0.2009906768798828
vt 0.2549470067024231 0.21181899309158325
vt 0.26155051589012146 0.20243144035339355
vt 0.2608519494533539 0.2009906768798828
vt 0.2608519494533539 0.2009906768798828
vt 0.26155051589012146 0.20243144035339355
vt 0.3257337808609009 0.20639151334762573
vt 0.9152492880821228 0.12210679054260254
vt 0.9120222330093384 0.13045525550842285
vt 0.9272137880325317 0.14077162742614746
vt 0.7970730066299438 0.13045525550842285
vt 0.9354832172393799 0.1358710527420044
vt 0.7923456430435181 0.12210679054260254
vt 0.9335108399391174 0.16212135553359985
vt 0.7781072854995728 0.13821709156036377
vt 0.9437249898910522 0.16393941640853882
vt 0.7865087985992432 0.14453864097595215
vt 0.92094886302948 0.18111109733581543
vt 0.7850753664970398 0.16421914100646973
vt 0.9265481233596802 0.18867403268814087
vt 0.7749350070953369 0.1657460331916809
vt 0.7908462285995483 0.1890503168106079
vt 0.7964063882827759 0.18143391609191895
vt 0.017226342111825943 0.5219641327857971
vt 0.025296151638031006 0.5191623568534851
vt 0.025296151638031006 0.371723473072052
vt 0.03234119340777397 0.5268694162368774
vt 0.017226342111825943 0.3695892095565796
vt 0.027915604412555695 0.5336659550666809
vt 0.03284158185124397 0.3641693592071533
vt 0.041439205408096313 0.529719352722168
vt 0.028321225196123123 0.3579401969909668
vt 0.041505493223667145 0.5380114912986755
vt 0.04220254719257355 0.3615778088569641
vt 0.0549299456179142 0.5339329242706299
vt 0.04246752709150314 0.35393500328063965
vt 0.050431329756975174 0.5270405411720276
vt 0.05634435638785362 0.35888540744781494
vt 0.05771263688802719 0.5195893049240112
vt 0.051387518644332886 0.3647801876068115
vt 0.06577971577644348 0.5226047039031982
vt 0.06577974557876587 0.3702366352081299
vt 0.05771263688802719 0.3721510171890259
vt 0.7286094427108765 0.09242790937423706
vt 0.7232592105865479 0.08971303701400757
vt 0.7151229381561279 0.09779232740402222
vt 0.7249382734298706 0.08056175708770752
vt 0.7186260223388672 0.10242396593093872
vt 0.7312273979187012 0.08052873611450195
vt 0.7036793828010559 0.10157650709152222
vt 0.7281525135040283 0.06862497329711914
vt 0.704759418964386 0.10736739635467529
vt 0.7223162651062012 0.07141733169555664
vt 0.4644850194454193 0.10157650709152222
vt 0.715316891670227 0.06415092945098877
vt 0.4640085995197296 0.10736739635467529
vt 0.7193647027015686 0.05924522876739502
vt 0.44933849573135376 0.0935204029083252
vt 0.7051084041595459 0.05471217632293701
vt 0.445977121591568 0.09684956073760986
vt 0.7036675214767456 0.060518741607666016
vt 0.4431833028793335 0.08185267448425293
vt 0.464485228061676 0.060518741607666016
vt 0.438690185546875 0.08214789628982544
vt 0.4640088379383087 0.05471217632293701
vt 0.44448232650756836 0.06653821468353271
vt 0.44803759455680847 0.06943458318710327
vt 0.2608519494533539 0.2009906768798828
vt 0.26155051589012146 0.20243144035339355
vt 0.3257337808609009 0.20639151334762573
vt 0.2549470067024231 0.21181899309158325
vt 0.32668888568878174 0.20416200160980225
vt 0.2524992823600769 0.20901238918304443
vt 0.24902741611003876 0.2235245704650879
vt 0.252800315618515 0.22333991527557373
vt 0.3325831890106201 0.2286834716796875
vt 0.25638076663017273 0.23523205518722534
vt 0.25492849946022034 0.23720312118530273
vt 0.32440185546875 0.23875153064727783
vt 0.3236178457736969 0.23464500904083252
vt 0.33172816038131714 0.21772968769073486
vt 0.3257337808609009 0.20639151334762573
vt 0.32668888568878174 0.20416200160980225
vt 0.32668888568878174 0.20416200160980225
vt 0.333604097366333 0.21752965450286865
vt 0.33172816038131714 0.21772968769073486
vt 0.33172816038131714 0.21772968769073486
vt 0.333604097366333 0.21752965450286865
vt 0.3325831890106201 0.2286834716796875
vt 0.3325831890106201 0.2286834716796875
vt 0.33091843128204346 0.22650396823883057
vt 0.33172816038131714 0.21772968769073486
vt 0.3236178457736969 0.23464500904083252
vt 0.33091843128204346 0.22650396823883057
vt 0.3325831890106201 0.2286834716796875
vt 0.30447298288345337 0.8087899684906006
vt 0.30595099925994873 0.8107575178146362
vt 0.24480599164962769 0.7956780195236206
vt 0.2466830015182495 0.7932485342025757
vt 0.5218119621276855 0.6538900136947632
vt 0.5737509727478027 0.6538900136947632
vt 0.5740984678268433 0.6617990136146545
vt 0.5237025022506714 0.6617990136146545
vt 0.30595099925994873 0.8107575178146362
vt 0.30447298288345337 0.8087899684906006
vt 0.2466830015182495 0.7932485342025757
vt 0.24480599164962769 0.7956780195236206
vt 0.5218119621276855 0.6538900136947632
vt 0.5237025022506714 0.6617990136146545
vt 0.5740984678268433 0.6617990136146545
vt 0.5737509727478027 0.6538900136947632
vt 0.29375019669532776 0.18410301208496094
vt 0.29333168268203735 0.18287253379821777
vt 0.24699120223522186 0.17857497930526733
vt 0.2479051947593689 0.1802079677581787
vt 0.29475218057632446 0.11769247055053711
vt 0.29330816864967346 0.11865198612213135
vt 0.29333168268203735 0.18287253379821777
vt 0.29375019669532776 0.18410301208496094
vt 0.5355324745178223 0.6298189759254456
vt 0.5355324745178223 0.6155325174331665
vt 0.47495201230049133 0.6155329942703247
vt 0.47495201230049133 0.6298199892044067
vt 0.6300305128097534 0.6298184990882874
vt 0.6997060179710388 0.6298180222511292
vt 0.7029139995574951 0.6155319809913635
vt 0.6300305128097534 0.6155325174331665
vt 0.5355324745178223 0.6155325174331665
vt 0.5355324745178223 0.6298189759254456
vt 0.6300305128097534 0.6298184990882874
vt 0.6300305128097534 0.6155325174331665
vt 0.24923400580883026 0.2347712516784668
vt 0.2506127655506134 0.30060601234436035
vt 0.2929399907588959 0.2965245246887207
vt 0.2918905019760132 0.19903099536895752
vt 0.29375019669532776 0.18410301208496094
vt 0.2479051947593689 0.1802079677581787
vt 0.24699120223522186 0.17857497930526733
vt 0.29333168268203735 0.18287253379821777
vt 0.29475218057632446 0.11769247055053711
vt 0.29375019669532776 0.18410301208496094
vt 0.29333168268203735 0.18287253379821777
vt 0.29330816864967346 0.11865198612213135
vt 0.5355324745178223 0.6298189759254456
vt 0.47495201230049133 0.6298199892044067
vt 0.47495201230049133 0.6155329942703247
vt 0.5355324745178223 0.6155325174331665
vt 0.7029139995574951 0.6155319809913635
vt 0.6997060179710388 0.6298180222511292
vt 0.6300305128097534 0.6298184990882874
vt 0.6300305128097534 0.6155325174331665
vt 0.5355324745178223 0.6155325174331665
vt 0.6300305128097534 0.6155325174331665
vt 0.6300305128097534 0.6298184990882874
vt 0.5355324745178223 0.6298189759254456
vt 0.24923400580883026 0.2347712516784668
vt 0.2918905019760132 0.19903099536895752
vt 0.2929399907588959 0.2965245246887207
vt 0.2506127655506134 0.30060601234436035
vt 0.3116435110569 0.9289475083351135
vt 0.2593587636947632 0.9380910396575928
vt 0.2555899918079376 0.8386304974555969
vt 0.3155069947242737 0.8386309742927551
vt 0.2593587636947632 0.9380910396575928
vt 0.3116435110569 0.9289475083351135
vt 0.994966983795166 0.959958016872406
vt 0.9932515025138855 0.9667885303497314
vt 0.9768175482749939 0.9638476371765137
vt 0.9767974615097046 0.9599670767784119
vt 0.9589873552322388 0.964634895324707
vt 0.9587717652320862 0.9599326252937317
vt 0.9333639740943909 0.9599589705467224
vt 0.933318018913269 0.9658524990081787
vt 0.8082989454269409 0.9662129878997803
vt 0.8082200288772583 0.959958016872406
vt 0.7132109999656677 0.959958016872406
vt 0.7132470011711121 0.9661535024642944
vt 0.5923149585723877 0.9662519693374634
vt 0.5921930074691772 0.9599589705467224
vt 0.48194900155067444 0.9663469791412354
vt 0.481810986995697 0.9599589705467224
vt 0.33958205580711365 0.9679577350616455
vt 0.3398590385913849 0.960085928440094
vt 0.28322166204452515 0.9677813053131104
vt 0.28307056427001953 0.9600509405136108
vt 0.2369288206100464 0.9670594930648804
vt 0.2357441782951355 0.9599859118461609
vt 0.20147299766540527 0.9599589705467224
vt 0.20426499843597412 0.9708800315856934
vt 0.2369288206100464 0.9670594930648804
vt 0.2357441782951355 0.9599859118461609
vt 0.28307056427001953 0.9600509405136108
vt 0.28322166204452515 0.9677813053131104
vt 0.3398590385913849 0.960085928440094
vt 0.33958205580711365 0.9679577350616455
vt 0.481810986995697 0.9599589705467224
vt 0.48194900155067444 0.9663469791412354
vt 0.5921930074691772 0.9599589705467224
vt 0.5923149585723877 0.9662519693374634
vt 0.7132109999656677 0.959958016872406
vt 0.7132470011711121 0.9661535024642944
vt 0.8082989454269409 0.9662129878997803
vt 0.8082200288772583 0.959958016872406
vt 0.9333639740943909 0.9599589705467224
vt 0.933318018913269 0.9658524990081787
vt 0.9589873552322388 0.964634895324707
vt 0.9587717652320862 0.9599326252937317
vt 0.9767974615097046 0.9599670767784119
vt 0.9768175482749939 0.9638476371765137
vt 0.994966983795166 0.959958016872406
vt 0.9932515025138855 0.9667885303497314
vt 0.019825998693704605 0.30288946628570557
vt 0.01216300018131733 0.3041750192642212
vt 0.012144488282501698 0.2864452600479126
vt 0.01719280332326889 0.28629791736602783
vt 0.01216300018131733 0.21889352798461914
vt 0.017985749989748 0.21889173984527588
vt 0.01216300018131733 0.10748201608657837
vt 0.018231000751256943 0.1075025200843811
vt 0.01216300018131733 0.00911802053451538
vt 0.018083499744534492 0.00911802053451538
vt 0.018231000751256943 0.1075025200843811
vt 0.01216300018131733 0.10748201608657837
vt 0.017985749989748 0.21889173984527588
vt 0.01216300018131733 0.21889352798461914
vt 0.01719280332326889 0.28629791736602783
vt 0.012144488282501698 0.2864452600479126
vt 0.019825998693704605 0.30288946628570557
vt 0.01216300018131733 0.3041750192642212
vt 0.06533300131559372 0.271744966506958
vt 0.06370599567890167 0.2736015319824219
vt 0.06097545474767685 0.2631903886795044
vt 0.06522607058286667 0.2628987431526184
vt 0.05937950313091278 0.21901428699493408
vt 0.06533399969339371 0.21900153160095215
vt 0.06533399969339371 0.10898298025131226
vt 0.05953099951148033 0.10896646976470947
vt 0.05955599993467331 0.00911802053451538
vt 0.06533300131559372 0.00911802053451538
vt 0.06533399969339371 0.10898298025131226
vt 0.05953099951148033 0.10896646976470947
vt 0.05937950313091278 0.21901428699493408
vt 0.06533399969339371 0.21900153160095215
vt 0.06522607058286667 0.2628987431526184
vt 0.06097545474767685 0.2631903886795044
vt 0.06533300131559372 0.271744966506958
vt 0.06370599567890167 0.2736015319824219
vt 0.9570419788360596 0.9939370155334473
vt 0.9583824872970581 0.9918544888496399
vt 0.9457045197486877 0.9877829551696777
vt 0.9452844858169556 0.9939370155334473
vt 0.9299764633178711 0.9879869818687439
vt 0.9299929738044739 0.9939370155334473
vt 0.8093569874763489 0.9939370155334473
vt 0.8093634843826294 0.988039493560791
vt 0.7143654823303223 0.9880279898643494
vt 0.714352011680603 0.9939370155334473
vt 0.5939800143241882 0.9939370155334473
vt 0.594013512134552 0.9879430532455444
vt 0.48423299193382263 0.9939370155334473
vt 0.48417651653289795 0.9878804683685303
vt 0.34913668036460876 0.9938967823982239
vt 0.3490782380104065 0.9890921711921692
vt 0.29386967420578003 0.9939233660697937
vt 0.29410120844841003 0.9890066385269165
vt 0.24616128206253052 0.9939391016960144
vt 0.24617990851402283 0.9889849424362183
vt 0.21815499663352966 0.9939370155334473
vt 0.21782100200653076 0.9909504652023315
vt 0.24617990851402283 0.9889849424362183
vt 0.24616128206253052 0.9939391016960144
vt 0.29410120844841003 0.9890066385269165
vt 0.29386967420578003 0.9939233660697937
vt 0.3490782380104065 0.9890921711921692
vt 0.34913668036460876 0.9938967823982239
vt 0.48417651653289795 0.9878804683685303
vt 0.48423299193382263 0.9939370155334473
vt 0.594013512134552 0.9879430532455444
vt 0.5939800143241882 0.9939370155334473
vt 0.7143654823303223 0.9880279898643494
vt 0.714352011680603 0.9939370155334473
vt 0.8093569874763489 0.9939370155334473
vt 0.8093634843826294 0.988039493560791
vt 0.9299764633178711 0.9879869818687439
vt 0.9299929738044739 0.9939370155334473
vt 0.9452844858169556 0.9939370155334473
vt 0.9457045197486877 0.9877829551696777
vt 0.9570419788360596 0.9939370155334473
vt 0.9583824872970581 0.9918544888496399
vt 0.019825998693704605 0.30288946628570557
vt 0.06370599567890167 0.2736015319824219
vt 0.06097545474767685 0.2631903886795044
vt 0.01719280332326889 0.28629791736602783
vt 0.05937950313091278 0.21901428699493408
vt 0.017985749989748 0.21889173984527588
vt 0.05953099951148033 0.10896646976470947
vt 0.018231000751256943 0.1075025200843811
vt 0.018083499744534492 0.00911802053451538
vt 0.05955599993467331 0.00911802053451538
vt 0.05953099951148033 0.10896646976470947
vt 0.018231000751256943 0.1075025200843811
vt 0.017985749989748 0.21889173984527588
vt 0.05937950313091278 0.21901428699493408
vt 0.01719280332326889 0.28629791736602783
vt 0.06097545474767685 0.2631903886795044
vt 0.019825998693704605 0.30288946628570557
vt 0.06370599567890167 0.2736015319824219
vt 0.938995361328125 0.018855035305023193
vt 0.9385775327682495 0.007661998271942139
vt 0.9161685109138489 0.02950000762939453
vt 0.9391672015190125 0.031442880630493164
vt 0.9169294834136963 0.04139077663421631
vt 0.9167444705963135 0.05631899833679199
vt 0.9389690160751343 0.05298548936843872
vt 0.9389014840126038 0.16960203647613525
vt 0.9167535305023193 0.16858750581741333
vt 0.9389145374298096 0.25895148515701294
vt 0.9167535305023193 0.25787103176116943
vt 0.916777491569519 0.3709629774093628
vt 0.9388920068740845 0.37257450819015503
vt 0.9388694763183594 0.476855993270874
vt 0.91679847240448 0.4748305082321167
vt 0.916427731513977 0.6037505865097046
vt 0.9387537240982056 0.6124900579452515
vt 0.9165319204330444 0.6569754481315613
vt 0.9387986660003662 0.6673828959465027
vt 0.9165498614311218 0.701128363609314
vt 0.9392927885055542 0.7097089290618896
vt 0.9160996675491333 0.7262353301048279
vt 0.9390875101089478 0.7368124723434448
vt 0.9392927885055542 0.7097089290618896
vt 0.9165498614311218 0.701128363609314
vt 0.9387986660003662 0.6673828959465027
vt 0.9165319204330444 0.6569754481315613
vt 0.9387537240982056 0.6124900579452515
vt 0.916427731513977 0.6037505865097046
vt 0.9388694763183594 0.476855993270874
vt 0.91679847240448 0.4748305082321167
vt 0.916777491569519 0.3709629774093628
vt 0.9388920068740845 0.37257450819015503
vt 0.9389145374298096 0.25895148515701294
vt 0.9167535305023193 0.25787103176116943
vt 0.9167535305023193 0.16858750581741333
vt 0.9389014840126038 0.16960203647613525
vt 0.9167444705963135 0.05631899833679199
vt 0.9389690160751343 0.05298548936843872
vt 0.9391672015190125 0.031442880630493164
vt 0.9169294834136963 0.04139077663421631
vt 0.9161685109138489 0.02950000762939453
vt 0.938995361328125 0.018855035305023193
vt 0.9385775327682495 0.007661998271942139
vt 0.4797469973564148 0.6782715320587158
vt 0.4531154930591583 0.7274830341339111
vt 0.4703248143196106 0.728232204914093
vt 0.492852121591568 0.6784119009971619
vt 0.5466430187225342 0.7280800342559814
vt 0.5463274717330933 0.6786902546882629
vt 0.6776754856109619 0.6786500215530396
vt 0.6794990301132202 0.7280285358428955
vt 0.7967740297317505 0.7280640006065369
vt 0.7967740297317505 0.6786384582519531
vt 0.6776754856109619 0.6786500215530396
vt 0.6794990301132202 0.7280285358428955
vt 0.5466430187225342 0.7280800342559814
vt 0.5463274717330933 0.6786902546882629
vt 0.492852121591568 0.6784119009971619
vt 0.4703248143196106 0.728232204914093
vt 0.4797469973564148 0.6782715320587158
vt 0.4531154930591583 0.7274830341339111
vt 0.951786994934082 0.7078934907913208
vt 0.9681980013847351 0.7247639894485474
vt 0.968145489692688 0.7038594484329224
vt 0.9528254866600037 0.6952300071716309
vt 0.966656506061554 0.5787774920463562
vt 0.9535170197486877 0.5794520378112793
vt 0.9533145427703857 0.4799234867095947
vt 0.9668020009994507 0.47899746894836426
vt 0.9531040191650391 0.3463605046272278
vt 0.9671809673309326 0.345429003238678
vt 0.9527429938316345 0.2271994948387146
vt 0.967149019241333 0.22435051202774048
vt 0.9514492750167847 0.08994060754776001
vt 0.9684399366378784 0.08443385362625122
vt 0.9520359039306641 0.05010116100311279
vt 0.9688900709152222 0.04029881954193115
vt 0.949923038482666 0.025347471237182617
vt 0.9670414924621582 0.011123478412628174
vt 0.9688900709152222 0.04029881954193115
vt 0.9520359039306641 0.05010116100311279
vt 0.9684399366378784 0.08443385362625122
vt 0.9514492750167847 0.08994060754776001
vt 0.967149019241333 0.22435051202774048
vt 0.9527429938316345 0.2271994948387146
vt 0.9671809673309326 0.345429003238678
vt 0.9531040191650391 0.3463605046272278
vt 0.9668020009994507 0.47899746894836426
vt 0.9533145427703857 0.4799234867095947
vt 0.966656506061554 0.5787774920463562
vt 0.9535170197486877 0.5794520378112793
vt 0.9528254866600037 0.6952300071716309
vt 0.968145489692688 0.7038594484329224
vt 0.951786994934082 0.7078934907913208
vt 0.9681980013847351 0.7247639894485474
vt 0.01466749981045723 0.4950200319290161
vt 0.0373695008456707 0.4811134934425354
vt 0.03923100233078003 0.5006495118141174
vt 0.0165570005774498 0.5058770179748535
vt 0.03872950002551079 0.5163955092430115
vt 0.01687600091099739 0.521032452583313
vt 0.0383870005607605 0.5428245067596436
vt 0.016730500385165215 0.5459400415420532
vt 0.03777899965643883 0.5774134993553162
vt 0.015819499269127846 0.5810924768447876
vt 0.037006497383117676 0.6639879941940308
vt 0.01658324897289276 0.6670907735824585
vt 0.036379002034664154 0.7373565435409546
vt 0.01758899912238121 0.7373545169830322
vt 0.01658324897289276 0.6670907735824585
vt 0.037006497383117676 0.6639879941940308
vt 0.015819499269127846 0.5810924768447876
vt 0.03777899965643883 0.5774134993553162
vt 0.016730500385165215 0.5459400415420532
vt 0.0383870005607605 0.5428245067596436
vt 0.01687600091099739 0.521032452583313
vt 0.03872950002551079 0.5163955092430115
vt 0.0165570005774498 0.5058770179748535
vt 0.03923100233078003 0.5006495118141174
vt 0.01466749981045723 0.4950200319290161
vt 0.0373695008456707 0.4811134934425354
vt 0.0373695008456707 0.4811134934425354
vt 0.04209600016474724 0.4804450273513794
vt 0.04209500178694725 0.5006489753723145
vt 0.03923100233078003 0.5006495118141174
vt 0.04209500178694725 0.5164170265197754
vt 0.03872950002551079 0.5163955092430115
vt 0.04209500178694725 0.5428619980812073
vt 0.0383870005607605 0.5428245067596436
vt 0.04209500178694725 0.5774580240249634
vt 0.03777899965643883 0.5774134993553162
vt 0.042093999683856964 0.6640459895133972
vt 0.037006497383117676 0.6639879941940308
vt 0.04209500178694725 0.7373570203781128
vt 0.036379002034664154 0.7373565435409546
vt 0.037006497383117676 0.6639879941940308
vt 0.042093999683856964 0.6640459895133972
vt 0.03777899965643883 0.5774134993553162
vt 0.04209500178694725 0.5774580240249634
vt 0.0383870005607605 0.5428245067596436
vt 0.04209500178694725 0.5428619980812073
vt 0.03872950002551079 0.5163955092430115
vt 0.04209500178694725 0.5164170265197754
vt 0.03923100233078003 0.5006495118141174
vt 0.04209500178694725 0.5006489753723145
vt 0.0373695008456707 0.4811134934425354
vt 0.04209600016474724 0.4804450273513794
vt 0.011819000355899334 0.49667203426361084
vt 0.01466749981045723 0.4950200319290161
vt 0.0165570005774498 0.5058770179748535
vt 0.011819000355899334 0.5063999891281128
vt 0.01687600091099739 0.521032452583313
vt 0.011818000115454197 0.5211889743804932
vt 0.016730500385165215 0.5459400415420532
vt 0.011818000115454197 0.5459100008010864
vt 0.011819000355899334 0.579023003578186
vt 0.015819499269127846 0.5810924768447876
vt 0.951786994934082 0.7078934907913208
vt 0.9493110179901123 0.7069820165634155
vt 0.9493110179901123 0.6953150033950806
vt 0.9528254866600037 0.6952300071716309
vt 0.9493110179901123 0.5798360109329224
vt 0.9535170197486877 0.5794520378112793
vt 0.9493110179901123 0.4804750084877014
vt 0.9533145427703857 0.4799234867095947
vt 0.9493110179901123 0.3470349907875061
vt 0.9531040191650391 0.3463605046272278
vt 0.9493110179901123 0.22766900062561035
vt 0.9527429938316345 0.2271994948387146
vt 0.9514492750167847 0.08994060754776001
vt 0.9491677284240723 0.09015297889709473
vt 0.9493109583854675 0.0504910945892334
vt 0.9520359039306641 0.05010116100311279
vt 0.9493119716644287 0.026399970054626465
vt 0.949923038482666 0.025347471237182617
vt 0.3518019914627075 0.8433970212936401
vt 0.3518019914627075 0.8227829933166504
vt 0.49372398853302 0.8227829933166504
vt 0.4937230050563812 0.8433970212936401
vt 0.5870810151100159 0.8227829933166504
vt 0.5870810151100159 0.8433979749679565
vt 0.6237524747848511 0.8227825164794922
vt 0.6237524747848511 0.8433970212936401
vt 0.6587129831314087 0.8227829933166504
vt 0.6237524747848511 0.8227825164794922
vt 0.6237524747848511 0.8433970212936401
vt 0.6237524747848511 0.8433970212936401
vt 0.6587129831314087 0.8433970212936401
vt 0.6587129831314087 0.8227829933166504
vt 0.6587129831314087 0.8433970212936401
vt 0.6587129831314087 0.8227829933166504
vt 0.6904144883155823 0.8433970212936401
vt 0.6904144883155823 0.8433970212936401
vt 0.6904144883155823 0.8227819800376892
vt 0.6587129831314087 0.8227829933166504
vt 0.6904144883155823 0.8227819800376892
vt 0.6904144883155823 0.8433970212936401
vt 0.7254869937896729 0.8433970212936401
vt 0.7254869937896729 0.8433970212936401
vt 0.7254869937896729 0.8227819800376892
vt 0.6904144883155823 0.8227819800376892
vt 0.755545973777771 0.8227819800376892
vt 0.7254869937896729 0.8227819800376892
vt 0.7254869937896729 0.8433970212936401
vt 0.7254869937896729 0.8433970212936401
vt 0.755545973777771 0.8433970212936401
vt 0.755545973777771 0.8227819800376892
vt 0.8173581957817078 0.843140721321106
vt 0.8173581957817078 0.843140721321106
vt 0.81735759973526 0.8226600885391235
vt 0.755545973777771 0.8227819800376892
vt 0.9114588499069214 0.8435024619102478
vt 0.81735759973526 0.8226600885391235
vt 0.8173581957817078 0.843140721321106
vt 0.9114946126937866 0.8228920102119446
vt 0.9114588499069214 0.8435024619102478
vt 0.81735759973526 0.8226600885391235
vt 0.994966983795166 0.8227829933166504
vt 0.9114588499069214 0.8435024619102478
vt 0.994966983795166 0.8433970212936401
vt 0.994966983795166 0.8227829933166504
vt 0.994966983795166 0.8227829933166504
vt 0.994966983795166 0.8433970212936401
vt 0.9114588499069214 0.8435024619102478
vt 0.9114588499069214 0.8435024619102478
vt 0.9114946126937866 0.8228920102119446
vt 0.994966983795166 0.8227829933166504
vt 0.81735759973526 0.8226600885391235
vt 0.9114946126937866 0.8228920102119446
vt 0.9114588499069214 0.8435024619102478
vt 0.9114588499069214 0.8435024619102478
vt 0.81735759973526 0.8226600885391235
vt 0.8173581957817078 0.843140721321106
vt 0.755545973777771 0.8227819800376892
vt 0.81735759973526 0.8226600885391235
vt 0.8173581957817078 0.843140721321106
vt 0.8173581957817078 0.843140721321106
vt 0.755545973777771 0.8433970212936401
vt 0.755545973777771 0.8227819800376892
vt 0.7254869937896729 0.8433970212936401
vt 0.7254869937896729 0.8433970212936401
vt 0.7254869937896729 0.8227819800376892
vt 0.755545973777771 0.8227819800376892
vt 0.6904144883155823 0.8227819800376892
vt 0.7254869937896729 0.8227819800376892
vt 0.7254869937896729 0.8433970212936401
vt 0.7254869937896729 0.8433970212936401
vt 0.6904144883155823 0.8227819800376892
vt 0.6904144883155823 0.8433970212936401
vt 0.6587129831314087 0.8227829933166504
vt 0.6904144883155823 0.8227819800376892
vt 0.6904144883155823 0.8433970212936401
vt 0.6904144883155823 0.8433970212936401
vt 0.6587129831314087 0.8433970212936401
vt 0.6587129831314087 0.8227829933166504
vt 0.6587129831314087 0.8227829933166504
vt 0.6587129831314087 0.8433970212936401
vt 0.6237524747848511 0.8433970212936401
vt 0.6237524747848511 0.8433970212936401
vt 0.6237524747848511 0.8227825164794922
vt 0.6587129831314087 0.8227829933166504
vt 0.6237524747848511 0.8227825164794922
vt 0.6237524747848511 0.8433970212936401
vt 0.5870810151100159 0.8433979749679565
vt 0.5870810151100159 0.8433979749679565
vt 0.6237524747848511 0.8227825164794922
vt 0.5870810151100159 0.8227829933166504
vt 0.5870810151100159 0.8227829933166504
vt 0.5870810151100159 0.8433979749679565
vt 0.4937230050563812 0.8433970212936401
vt 0.4937230050563812 0.8433970212936401
vt 0.49372398853302 0.8227829933166504
vt 0.5870810151100159 0.8227829933166504
vt 0.49372398853302 0.8227829933166504
vt 0.4937230050563812 0.8433970212936401
vt 0.3518019914627075 0.8433970212936401
vt 0.49372398853302 0.8227829933166504
vt 0.3518019914627075 0.8433970212936401
vt 0.3518019914627075 0.8227829933166504
vt 0.3433080017566681 0.8739529848098755
vt 0.3433080017566681 0.8547095060348511
vt 0.5007169842720032 0.8547095060348511
vt 0.5007169842720032 0.8739529848098755
vt 0.5997139811515808 0.8547104597091675
vt 0.5997139811515808 0.8739529848098755
vt 0.636511504650116 0.8547095060348511
vt 0.636511504650116 0.8739529848098755
vt 0.6757720112800598 0.8547095060348511
vt 0.6757720112800598 0.8739529848098755
vt 0.7102992534637451 0.8547095060348511
vt 0.7102987766265869 0.8739529848098755
vt 0.7489349842071533 0.8739527463912964
vt 0.7489352226257324 0.8547095060348511
vt 0.7791150212287903 0.8547095060348511
vt 0.7791150212287903 0.8739529848098755
vt 0.8345018625259399 0.8737199306488037
vt 0.83481365442276 0.8544667959213257
vt 0.9172906875610352 0.8737640380859375
vt 0.9170332551002502 0.854478120803833
vt 0.994966983795166 0.8547095060348511
vt 0.994966983795166 0.8739529848098755
vt 0.9172906875610352 0.8737640380859375
vt 0.9170332551002502 0.854478120803833
vt 0.83481365442276 0.8544667959213257
vt 0.8345018625259399 0.8737199306488037
vt 0.7791150212287903 0.8547095060348511
vt 0.7791150212287903 0.8739529848098755
vt 0.7489349842071533 0.8739527463912964
vt 0.7489352226257324 0.8547095060348511
vt 0.7102992534637451 0.8547095060348511
vt 0.7102987766265869 0.8739529848098755
vt 0.6757720112800598 0.8739529848098755
vt 0.6757720112800598 0.8547095060348511
vt 0.636511504650116 0.8739529848098755
vt 0.636511504650116 0.8547095060348511
vt 0.5997139811515808 0.8739529848098755
vt 0.5997139811515808 0.8547104597091675
vt 0.5007169842720032 0.8739529848098755
vt 0.5007169842720032 0.8547095060348511
vt 0.3433080017566681 0.8739529848098755
vt 0.3433080017566681 0.8547095060348511
vt 0.994966983795166 0.7874569892883301
vt 0.994966983795166 0.8078490495681763
vt 0.8535419702529907 0.8078479766845703
vt 0.8535419702529907 0.7874569892883301
vt 0.7673900127410889 0.8078485131263733
vt 0.7673900127410889 0.7874569892883301
vt 0.716092586517334 0.8078479766845703
vt 0.7157877683639526 0.7874563336372375
vt 0.6740187406539917 0.8078479766845703
vt 0.6722691059112549 0.7874563336372375
vt 0.6331180334091187 0.8078479766845703
vt 0.6320744752883911 0.7874563336372375
vt 0.5934865474700928 0.8078479766845703
vt 0.593487024307251 0.7874563336372375
vt 0.5595234632492065 0.7874563336372375
vt 0.5595234632492065 0.8078485131263733
vt 0.5254349708557129 0.8078485131263733
vt 0.5254349708557129 0.7874574661254883
vt 0.49199798703193665 0.8078479766845703
vt 0.49199798703193665 0.7874569892883301
vt 0.45688000321388245 0.8078485131263733
vt 0.45688000321388245 0.7874569892883301
vt 0.49199798703193665 0.7874569892883301
vt 0.49199798703193665 0.8078479766845703
vt 0.5254349708557129 0.7874574661254883
vt 0.5254349708557129 0.8078485131263733
vt 0.5595234632492065 0.7874563336372375
vt 0.5595234632492065 0.8078485131263733
vt 0.5934865474700928 0.8078479766845703
vt 0.593487024307251 0.7874563336372375
vt 0.6320744752883911 0.7874563336372375
vt 0.6331180334091187 0.8078479766845703
vt 0.6722691059112549 0.7874563336372375
vt 0.6740187406539917 0.8078479766845703
vt 0.7157877683639526 0.7874563336372375
vt 0.716092586517334 0.8078479766845703
vt 0.7673900127410889 0.7874569892883301
vt 0.7673900127410889 0.8078485131263733
vt 0.8535419702529907 0.7874569892883301
vt 0.8535419702529907 0.8078479766845703
vt 0.994966983795166 0.7874569892883301
vt 0.994966983795166 0.8078490495681763
vt 0.994966983795166 0.7650854587554932
vt 0.994966983795166 0.7874569892883301
vt 0.8535419702529907 0.7874569892883301
vt 0.8535419702529907 0.7650854587554932
vt 0.7673900127410889 0.7874569892883301
vt 0.7673900127410889 0.7650859951972961
vt 0.7157853841781616 0.7650859951972961
vt 0.7157877683639526 0.7874563336372375
vt 0.6722323894500732 0.7650859951972961
vt 0.6722691059112549 0.7874563336372375
vt 0.6320393085479736 0.7650859951972961
vt 0.6320744752883911 0.7874563336372375
vt 0.593487024307251 0.7650859951972961
vt 0.593487024307251 0.7874563336372375
vt 0.5595239996910095 0.765084981918335
vt 0.5595234632492065 0.7874563336372375
vt 0.5254349708557129 0.7874574661254883
vt 0.5254349708557129 0.765084981918335
vt 0.49199798703193665 0.7874569892883301
vt 0.49199798703193665 0.765084981918335
vt 0.45688000321388245 0.7874569892883301
vt 0.45687949657440186 0.7650854587554932
vt 0.49199798703193665 0.765084981918335
vt 0.49199798703193665 0.7874569892883301
vt 0.5254349708557129 0.765084981918335
vt 0.5254349708557129 0.7874574661254883
vt 0.5595239996910095 0.765084981918335
vt 0.5595234632492065 0.7874563336372375
vt 0.593487024307251 0.7874563336372375
vt 0.593487024307251 0.7650859951972961
vt 0.6320744752883911 0.7874563336372375
vt 0.6320393085479736 0.7650859951972961
vt 0.6722691059112549 0.7874563336372375
vt 0.6722323894500732 0.7650859951972961
vt 0.7157877683639526 0.7874563336372375
vt 0.7157853841781616 0.7650859951972961
vt 0.7673900127410889 0.7874569892883301
vt 0.7673900127410889 0.7650859951972961
vt 0.8535419702529907 0.7650854587554932
vt 0.8535419702529907 0.7874569892883301
vt 0.994966983795166 0.7650854587554932
vt 0.994966983795166 0.7874569892883301
vt 0.8836598992347717 0.007600009441375732
vt 0.906089186668396 0.007600009441375732
vt 0.906089186668396 0.07449984550476074
vt 0.8836598992347717 0.07449376583099365
vt 0.906089186668396 0.1267693042755127
vt 0.906089186668396 0.07449984550476074
vt 0.8836598992347717 0.07449376583099365
vt 0.8836598992347717 0.07449376583099365
vt 0.8836598992347717 0.12691164016723633
vt 0.906089186668396 0.1267693042755127
vt 0.906089186668396 0.1267693042755127
vt 0.8836598992347717 0.12691164016723633
vt 0.883471667766571 0.16653603315353394
vt 0.883471667766571 0.16653603315353394
vt 0.9062404632568359 0.166359543800354
vt 0.906089186668396 0.1267693042755127
vt 0.8837445378303528 0.2013196349143982
vt 0.9062404632568359 0.166359543800354
vt 0.883471667766571 0.16653603315353394
vt 0.9061912894248962 0.20140022039413452
vt 0.8837445378303528 0.2013196349143982
vt 0.9062404632568359 0.166359543800354
vt 0.8832755088806152 0.23146313428878784
vt 0.9061912894248962 0.20140022039413452
vt 0.8837445378303528 0.2013196349143982
vt 0.9059648513793945 0.2312588095664978
vt 0.906089186668396 0.2604449391365051
vt 0.8832755088806152 0.23146313428878784
vt 0.9061912894248962 0.20140022039413452
vt 0.8836598992347717 0.26064950227737427
vt 0.8832755088806152 0.23146313428878784
vt 0.906089186668396 0.2604449391365051
vt 0.906089186668396 0.2604449391365051
vt 0.8836598992347717 0.26064950227737427
vt 0.906089186668396 0.29782992601394653
vt 0.8836598992347717 0.26064950227737427
vt 0.8836598992347717 0.297915518283844
vt 0.906089186668396 0.29782992601394653
vt 0.906089186668396 0.29782992601394653
vt 0.8836598992347717 0.297915518283844
vt 0.8836598992347717 0.3509114980697632
vt 0.8836598992347717 0.3509114980697632
vt 0.9058650135993958 0.3509114980697632
vt 0.906089186668396 0.29782992601394653
vt 0.9058650135993958 0.3509114980697632
vt 0.9055901169776917 0.4170752763748169
vt 0.8836598992347717 0.3509114980697632
vt 0.8836598992347717 0.3509114980697632
vt 0.9055901169776917 0.4170752763748169
vt 0.8830935955047607 0.4131357669830322
vt 0.9044192433357239 0.4809924364089966
vt 0.9055901169776917 0.4170752763748169
vt 0.8830935955047607 0.4131357669830322
vt 0.8830935955047607 0.4131357669830322
vt 0.8831720352172852 0.4677755832672119
vt 0.9044192433357239 0.4809924364089966
vt 0.9063663482666016 0.5370404720306396
vt 0.9044192433357239 0.4809924364089966
vt 0.8831720352172852 0.4677755832672119
vt 0.8831720352172852 0.4677755832672119
vt 0.8836953043937683 0.5371246337890625
vt 0.9063663482666016 0.5370404720306396
vt 0.9058650135993958 0.5712289810180664
vt 0.9063663482666016 0.5370404720306396
vt 0.8836953043937683 0.5371246337890625
vt 0.8836953043937683 0.5371246337890625
vt 0.8831949830055237 0.5712289810180664
vt 0.9058650135993958 0.5712289810180664
vt 0.9058650135993958 0.5712289810180664
vt 0.8831949830055237 0.5712289810180664
vt 0.8831387758255005 0.5914552211761475
vt 0.8831387758255005 0.5914552211761475
vt 0.9057665467262268 0.5914751887321472
vt 0.9058650135993958 0.5712289810180664
vt 0.9057934284210205 0.6181694269180298
vt 0.9057665467262268 0.5914751887321472
vt 0.8831387758255005 0.5914552211761475
vt 0.8831387758255005 0.5914552211761475
vt 0.9057934284210205 0.6181694269180298
vt 0.8833041191101074 0.6181625127792358
vt 0.9058650135993958 0.6491979956626892
vt 0.9057934284210205 0.6181694269180298
vt 0.8833041191101074 0.6181625127792358
vt 0.8833041191101074 0.6181625127792358
vt 0.9058650135993958 0.6491979956626892
vt 0.8831949830055237 0.6491979956626892
vt 0.8831949830055237 0.6491979956626892
vt 0.8831949830055237 0.7272059917449951
vt 0.9058650135993958 0.7272059917449951
vt 0.9058650135993958 0.6491979956626892
vt 0.35351601243019104 0.9514880180358887
vt 0.35351601243019104 0.9288190007209778
vt 0.41453200578689575 0.9288179874420166
vt 0.35351601243019104 0.9514880180358887
vt 0.41453099250793457 0.9514880180358887
vt 0.41453200578689575 0.9288179874420166
vt 0.46900099515914917 0.9288179874420166
vt 0.41453200578689575 0.9288179874420166
vt 0.41453099250793457 0.9514880180358887
vt 0.41453099250793457 0.9514880180358887
vt 0.46900200843811035 0.9514880180358887
vt 0.46900099515914917 0.9288179874420166
vt 0.46900099515914917 0.9288179874420166
vt 0.46900200843811035 0.9514880180358887
vt 0.5196160078048706 0.9288169741630554
vt 0.5196160078048706 0.9288169741630554
vt 0.46900200843811035 0.9514880180358887
vt 0.5196160078048706 0.9514880180358887
vt 0.5535475015640259 0.9288190007209778
vt 0.5196160078048706 0.9288169741630554
vt 0.5196160078048706 0.9514880180358887
vt 0.5196160078048706 0.9514880180358887
vt 0.5535475015640259 0.9514880180358887
vt 0.581142008304596 0.9514880180358887
vt 0.5535475015640259 0.9288190007209778
vt 0.581142008304596 0.9288179874420166
vt 0.6087859869003296 0.9288179874420166
vt 0.581142008304596 0.9514880180358887
vt 0.5535475015640259 0.9288190007209778
vt 0.6087864637374878 0.9514880180358887
vt 0.581142008304596 0.9514880180358887
vt 0.6087859869003296 0.9288179874420166
vt 0.6087859869003296 0.9288179874420166
vt 0.6087864637374878 0.9514880180358887
vt 0.6501129865646362 0.9288190007209778
vt 0.6087864637374878 0.9514880180358887
vt 0.6501129865646362 0.9514880180358887
vt 0.6501129865646362 0.9288190007209778
vt 0.7291330099105835 0.9288179874420166
vt 0.6501129865646362 0.9288190007209778
vt 0.6501129865646362 0.9514880180358887
vt 0.6501129865646362 0.9514880180358887
vt 0.7291330099105835 0.9514880180358887
vt 0.7291330099105835 0.9288179874420166
vt 0.7291330099105835 0.9288179874420166
vt 0.7291330099105835 0.9514880180358887
vt 0.8587560057640076 0.9514880180358887
vt 0.8587560057640076 0.9288179874420166
vt 0.994966983795166 0.9288179874420166
vt 0.994966983795166 0.9514880180358887
vt 0.7773774862289429 0.007462978363037109
vt 0.793175995349884 0.007462978363037109
vt 0.7930115461349487 0.15675950050354004
vt 0.7769545316696167 0.15681999921798706
vt 0.7931079864501953 0.30062901973724365
vt 0.7774674892425537 0.30094802379608154
vt 0.7932599782943726 0.3866170048713684
vt 0.7755985260009766 0.3872934579849243
vt 0.7930437326431274 0.4305639863014221
vt 0.7734967470169067 0.4307374954223633
vt 0.7721279859542847 0.46208250522613525
vt 0.7929325103759766 0.46147799491882324
vt 0.7930802702903748 0.48979097604751587
vt 0.7724490165710449 0.4899117350578308
vt 0.7932020425796509 0.5229915380477905
vt 0.7737419605255127 0.5223665237426758
vt 0.7931710481643677 0.5670505166053772
vt 0.7739830017089844 0.5667029619216919
vt 0.7741914987564087 0.6129404902458191
vt 0.7932084798812866 0.6130355000495911
vt 0.7932050228118896 0.6644970178604126
vt 0.7742300033569336 0.6644970178604126
vt 0.7512580156326294 0.6644970178604126
vt 0.7302564978599548 0.6644970178604126
vt 0.7302324771881104 0.6128619909286499
vt 0.7510280013084412 0.6121125221252441
vt 0.7302570343017578 0.5668779611587524
vt 0.7509484887123108 0.5640510320663452
vt 0.7513535022735596 0.5190664529800415
vt 0.7304005026817322 0.5227655172348022
vt 0.7539242506027222 0.4867590069770813
vt 0.7304725646972656 0.4902404546737671
vt 0.7547985315322876 0.4632145166397095
vt 0.7307604551315308 0.4620884656906128
vt 0.730705738067627 0.4317842721939087
vt 0.7514037489891052 0.4318940043449402
vt 0.7307095527648926 0.38776451349258423
vt 0.748869001865387 0.3863685131072998
vt 0.7473659515380859 0.30149751901626587
vt 0.7308290004730225 0.30151301622390747
vt 0.7470904588699341 0.15724003314971924
vt 0.7307544946670532 0.15740597248077393
vt 0.7308155298233032 0.007462978363037109
vt 0.7483144998550415 0.007462978363037109
vt 0.8246095180511475 0.7333120107650757
vt 0.8071639537811279 0.7333120107650757
vt 0.8069629669189453 0.647534966468811
vt 0.8251075148582458 0.6469860076904297
vt 0.8071074485778809 0.6111658811569214
vt 0.8270378112792969 0.6095463037490845
vt 0.8071074485778809 0.5792827606201172
vt 0.829527735710144 0.5774868726730347
vt 0.8290024995803833 0.5584059953689575
vt 0.8071074485778809 0.5559260249137878
vt 0.8264780044555664 0.5220573544502258
vt 0.8063229322433472 0.5191808342933655
vt 0.8054308295249939 0.46448349952697754
vt 0.8249447345733643 0.4630171060562134
vt 0.806045651435852 0.40356647968292236
vt 0.8257440328598022 0.4022830128669739
vt 0.806681215763092 0.34075725078582764
vt 0.8262050151824951 0.33934497833251953
vt 0.8064196109771729 0.28963345289230347
vt 0.8260048627853394 0.2895893454551697
vt 0.806378960609436 0.2527956962585449
vt 0.8263443112373352 0.2513500452041626
vt 0.8008232712745667 0.22205889225006104
vt 0.8277758359909058 0.2199934720993042
vt 0.8292577862739563 0.18947988748550415
vt 0.8042027354240417 0.1901114583015442
vt 0.8058743476867676 0.15245985984802246
vt 0.8296334147453308 0.15449905395507812
vt 0.8064939975738525 0.1145886778831482
vt 0.8291646242141724 0.11458039283752441
vt 0.8277121186256409 0.06634438037872314
vt 0.8064855933189392 0.06707501411437988
vt 0.8276280164718628 0.0069029927253723145
vt 0.8066259622573853 0.0069029927253723145
vt 0.8536015152931213 0.7333124876022339
vt 0.8246095180511475 0.7333120107650757
vt 0.8251075148582458 0.6469860076904297
vt 0.8512594699859619 0.6452920436859131
vt 0.8270378112792969 0.6095463037490845
vt 0.8506491780281067 0.6099126935005188
vt 0.829527735710144 0.5774868726730347
vt 0.8504917621612549 0.5787273645401001
vt 0.8290024995803833 0.5584059953689575
vt 0.8501185178756714 0.5571575164794922
vt 0.8264780044555664 0.5220573544502258
vt 0.8503598570823669 0.5222998857498169
vt 0.8249447345733643 0.4630171060562134
vt 0.8509649038314819 0.4674946069717407
vt 0.8504434823989868 0.40644776821136475
vt 0.8257440328598022 0.4022830128669739
vt 0.8499935269355774 0.3430889844894409
vt 0.8262050151824951 0.33934497833251953
vt 0.8260048627853394 0.2895893454551697
vt 0.8497463464736938 0.2927866578102112
vt 0.8492321968078613 0.2527753710746765
vt 0.8263443112373352 0.2513500452041626
vt 0.8277758359909058 0.2199934720993042
vt 0.8523561358451843 0.21732908487319946
vt 0.8292577862739563 0.18947988748550415
vt 0.8507312536239624 0.186423659324646
vt 0.8296334147453308 0.15449905395507812
vt 0.8497921824455261 0.15157383680343628
vt 0.8291646242141724 0.11458039283752441
vt 0.8507769703865051 0.11261910200119019
vt 0.8277121186256409 0.06634438037872314
vt 0.8508602976799011 0.06680172681808472
vt 0.8276280164718628 0.0069029927253723145
vt 0.850600004196167 0.0069029927253723145
vt 0.619350016117096 0.5988799929618835
vt 0.5348590016365051 0.5657610297203064
vt 0.5598594546318054 0.5256122350692749
vt 0.6194005608558655 0.5481725931167603
vt 0.5673589706420898 0.4934369921684265
vt 0.619350016117096 0.4993480443954468
vt 0.5766779780387878 0.42143702507019043
vt 0.619350016117096 0.42489200830459595
vt 0.6193647384643555 0.30342257022857666
vt 0.5779334902763367 0.3035414218902588
vt 0.5792779922485352 0.1761760115623474
vt 0.619350016117096 0.17243200540542603
vt 0.5722309947013855 0.09643799066543579
vt 0.619350016117096 0.08719700574874878
vt 0.5545691251754761 0.053306519985198975
vt 0.6194642782211304 0.052711308002471924
vt 0.6193510293960571 0.012401998043060303
vt 0.8536015152931213 0.7333124876022339
vt 0.8695235252380371 0.7333120107650757
vt 0.8695240020751953 0.6463980078697205
vt 0.8512594699859619 0.6452920436859131
vt 0.8692910075187683 0.6112768650054932
vt 0.8506491780281067 0.6099126935005188
vt 0.8504917621612549 0.5787273645401001
vt 0.8692910075187683 0.5798234939575195
vt 0.8692910075187683 0.5573660135269165
vt 0.8501185178756714 0.5571575164794922
vt 0.8697447776794434 0.521699070930481
vt 0.8503598570823669 0.5222998857498169
vt 0.8672970533370972 0.4640636444091797
vt 0.8509649038314819 0.4674946069717407
vt 0.8504434823989868 0.40644776821136475
vt 0.8659507036209106 0.40273308753967285
vt 0.869829535484314 0.3434692621231079
vt 0.8499935269355774 0.3430889844894409
vt 0.8699488043785095 0.29120492935180664
vt 0.8497463464736938 0.2927866578102112
vt 0.8492321968078613 0.2527753710746765
vt 0.8699700832366943 0.2527545094490051
vt 0.8720031976699829 0.22080004215240479
vt 0.8523561358451843 0.21732908487319946
vt 0.8507312536239624 0.186423659324646
vt 0.8707845211029053 0.18798112869262695
vt 0.8715142011642456 0.15050852298736572
vt 0.8497921824455261 0.15157383680343628
vt 0.8507769703865051 0.11261910200119019
vt 0.8697105646133423 0.11351990699768066
vt 0.8697283267974854 0.06688857078552246
vt 0.8508602976799011 0.06680172681808472
vt 0.8695745468139648 0.0069029927253723145
vt 0.850600004196167 0.0069029927253723145
vt 0.8276280164718628 0.0069029927253723145
vt 0.8066259622573853 0.0069029927253723145
vt 0.8064855933189392 0.06707501411437988
vt 0.8277121186256409 0.06634438037872314
vt 0.8064939975738525 0.1145886778831482
vt 0.8291646242141724 0.11458039283752441
vt 0.8296334147453308 0.15449905395507812
vt 0.8058743476867676 0.15245985984802246
vt 0.8292577862739563 0.18947988748550415
vt 0.8042027354240417 0.1901114583015442
vt 0.8008232712745667 0.22205889225006104
vt 0.8277758359909058 0.2199934720993042
vt 0.8263443112373352 0.2513500452041626
vt 0.806378960609436 0.2527956962585449
vt 0.8260048627853394 0.2895893454551697
vt 0.8064196109771729 0.28963345289230347
vt 0.8262050151824951 0.33934497833251953
vt 0.806681215763092 0.34075725078582764
vt 0.8257440328598022 0.4022830128669739
vt 0.806045651435852 0.40356647968292236
vt 0.8249447345733643 0.4630171060562134
vt 0.8054308295249939 0.46448349952697754
vt 0.8264780044555664 0.5220573544502258
vt 0.8063229322433472 0.5191808342933655
vt 0.8071074485778809 0.5559260249137878
vt 0.8290024995803833 0.5584059953689575
vt 0.8071074485778809 0.5792827606201172
vt 0.829527735710144 0.5774868726730347
vt 0.8270378112792969 0.6095463037490845
vt 0.8071074485778809 0.6111658811569214
vt 0.8251075148582458 0.6469860076904297
vt 0.8069629669189453 0.647534966468811
vt 0.8246095180511475 0.7333120107650757
vt 0.8071639537811279 0.7333120107650757
vt 0.15440300107002258 0.9691849946975708
vt 0.18313199281692505 0.9631780385971069
vt 0.1697264313697815 0.9321292042732239
vt 0.15392528474330902 0.932894229888916
vt 0.1663341522216797 0.906773567199707
vt 0.15400201082229614 0.9070615768432617
vt 0.1538284569978714 0.8836384415626526
vt 0.16537725925445557 0.8829854726791382
vt 0.16529320180416107 0.859826922416687
vt 0.15383246541023254 0.8597883582115173
vt 0.15344732999801636 0.8358539938926697
vt 0.16567200422286987 0.8365499377250671
vt 0.15438701212406158 0.804925799369812
vt 0.16690124571323395 0.805895209312439
vt 0.16809943318367004 0.7688119411468506
vt 0.15434898436069489 0.7681605219841003
vt 0.15440300107002258 0.7228435277938843
vt 0.1686842441558838 0.7231122255325317
vt 0.16884230077266693 0.6564306616783142
vt 0.15424899756908417 0.6559944152832031
vt 0.1693887561559677 0.5913971662521362
vt 0.15403802692890167 0.5910369753837585
vt 0.16762137413024902 0.5170813798904419
vt 0.15448041260242462 0.5169259309768677
vt 0.1677899956703186 0.4400694966316223
vt 0.15440300107002258 0.43928349018096924
vt 0.15440300107002258 0.38093501329421997
vt 0.16857999563217163 0.37786948680877686
vt 0.1544310599565506 0.32628411054611206
vt 0.1697205901145935 0.32621145248413086
vt 0.1544189602136612 0.27751821279525757
vt 0.16993293166160583 0.2771413326263428
vt 0.16969871520996094 0.22308695316314697
vt 0.15439127385616302 0.22326409816741943
vt 0.15433081984519958 0.12083947658538818
vt 0.17058424651622772 0.12083733081817627
vt 0.17668350040912628 0.013504981994628906
vt 0.15440300107002258 0.014400005340576172
vt 0.15433081984519958 0.12083947658538818
vt 0.17058424651622772 0.12083733081817627
vt 0.16969871520996094 0.22308695316314697
vt 0.15439127385616302 0.22326409816741943
vt 0.1544189602136612 0.27751821279525757
vt 0.16993293166160583 0.2771413326263428
vt 0.1697205901145935 0.32621145248413086
vt 0.1544310599565506 0.32628411054611206
vt 0.16857999563217163 0.37786948680877686
vt 0.15440300107002258 0.38093501329421997
vt 0.1677899956703186 0.4400694966316223
vt 0.15440300107002258 0.43928349018096924
vt 0.15448041260242462 0.5169259309768677
vt 0.16762137413024902 0.5170813798904419
vt 0.15403802692890167 0.5910369753837585
vt 0.1693887561559677 0.5913971662521362
vt 0.15424899756908417 0.6559944152832031
vt 0.16884230077266693 0.6564306616783142
vt 0.15440300107002258 0.7228435277938843
vt 0.1686842441558838 0.7231122255325317
vt 0.16809943318367004 0.7688119411468506
vt 0.15434898436069489 0.7681605219841003
vt 0.15438701212406158 0.804925799369812
vt 0.16690124571323395 0.805895209312439
vt 0.16567200422286987 0.8365499377250671
vt 0.15344732999801636 0.8358539938926697
vt 0.16529320180416107 0.859826922416687
vt 0.15383246541023254 0.8597883582115173
vt 0.1538284569978714 0.8836384415626526
vt 0.16537725925445557 0.8829854726791382
vt 0.1663341522216797 0.906773567199707
vt 0.15400201082229614 0.9070615768432617
vt 0.15392528474330902 0.932894229888916
vt 0.1697264313697815 0.9321292042732239
vt 0.15440300107002258 0.9691849946975708
vt 0.18313199281692505 0.9631780385971069
vt 0.4063825011253357 0.01641601324081421
vt 0.3849700093269348 0.012401998043060303
vt 0.38487207889556885 0.042475879192352295
vt 0.4009753465652466 0.04402893781661987
vt 0.38480544090270996 0.06838124990463257
vt 0.39959144592285156 0.06868904829025269
vt 0.3997894823551178 0.10386139154434204
vt 0.3848607838153839 0.10430049896240234
vt 0.4000508785247803 0.1642584204673767
vt 0.3850093483924866 0.16403698921203613
vt 0.3849700093269348 0.23289203643798828
vt 0.4001529812812805 0.23312199115753174
vt 0.40039098262786865 0.2933725118637085
vt 0.3849700093269348 0.29323697090148926
vt 0.3999345004558563 0.3507170081138611
vt 0.3849700093269348 0.350724995136261
vt 0.3996545076370239 0.4099864959716797
vt 0.3849700093269348 0.41011399030685425
vt 0.3992149829864502 0.4712449908256531
vt 0.3849700093269348 0.4715930223464966
vt 0.3849700093269348 0.5185700058937073
vt 0.3995569944381714 0.5184504985809326
vt 0.3999055027961731 0.5608505010604858
vt 0.3849700093269348 0.5607979893684387
vt 0.3849700093269348 0.6032549738883972
vt 0.399991512298584 0.6034635305404663
vt 0.3849700093269348 0.6442239880561829
vt 0.39993149042129517 0.6443564891815186
vt 0.40016400814056396 0.6954845190048218
vt 0.3849700093269348 0.6954799890518188
vt 0.40119248628616333 0.7402744889259338
vt 0.3849700093269348 0.7404710054397583
vt 0.3849700093269348 0.7811560034751892
vt 0.405241996049881 0.7820420265197754
vt 0.40119248628616333 0.7402744889259338
vt 0.3849700093269348 0.7404710054397583
vt 0.3849700093269348 0.6954799890518188
vt 0.40016400814056396 0.6954845190048218
vt 0.3849700093269348 0.6442239880561829
vt 0.39993149042129517 0.6443564891815186
vt 0.399991512298584 0.6034635305404663
vt 0.3849700093269348 0.6032549738883972
vt 0.3999055027961731 0.5608505010604858
vt 0.3849700093269348 0.5607979893684387
vt 0.3849700093269348 0.5185700058937073
vt 0.3995569944381714 0.5184504985809326
vt 0.3992149829864502 0.4712449908256531
vt 0.3849700093269348 0.4715930223464966
vt 0.3849700093269348 0.41011399030685425
vt 0.3996545076370239 0.4099864959716797
vt 0.3849700093269348 0.350724995136261
vt 0.3999345004558563 0.3507170081138611
vt 0.3849700093269348 0.29323697090148926
vt 0.40039098262786865 0.2933725118637085
vt 0.3849700093269348 0.23289203643798828
vt 0.4001529812812805 0.23312199115753174
vt 0.4000508785247803 0.1642584204673767
vt 0.3850093483924866 0.16403698921203613
vt 0.3848607838153839 0.10430049896240234
vt 0.3997894823551178 0.10386139154434204
vt 0.38480544090270996 0.06838124990463257
vt 0.39959144592285156 0.06868904829025269
vt 0.4009753465652466 0.04402893781661987
vt 0.38487207889556885 0.042475879192352295
vt 0.4063825011253357 0.01641601324081421
vt 0.3849700093269348 0.012401998043060303
vt 0.6194642782211304 0.052711308002471924
vt 0.6193510293960571 0.012401998043060303
vt 0.5545691251754761 0.053306519985198975
vt 0.619350016117096 0.08719700574874878
vt 0.5722309947013855 0.09643799066543579
vt 0.619350016117096 0.17243200540542603
vt 0.5792779922485352 0.1761760115623474
vt 0.6193647384643555 0.30342257022857666
vt 0.5779334902763367 0.3035414218902588
vt 0.5766779780387878 0.42143702507019043
vt 0.619350016117096 0.42489200830459595
vt 0.619350016117096 0.4993480443954468
vt 0.5673589706420898 0.4934369921684265
vt 0.6194005608558655 0.5481725931167603
vt 0.5598594546318054 0.5256122350692749
vt 0.619350016117096 0.5988799929618835
vt 0.5348590016365051 0.5657610297203064
vt 0.3112109899520874 0.7042660117149353
vt 0.30595099925994873 0.8107575178146362
vt 0.30447298288345337 0.8087899684906006
vt 0.3076069951057434 0.7042649984359741
vt 0.30595099925994873 0.8107575178146362
vt 0.30447298288345337 0.8087899684906006
vt 0.3076069951057434 0.7042649984359741
vt 0.30447298288345337 0.8087899684906006
vt 0.2466830015182495 0.7932485342025757
vt 0.24404700100421906 0.7042649984359741
vt 0.30447298288345337 0.8087899684906006
vt 0.2466830015182495 0.7932485342025757
vt 0.9583824872970581 0.9918544888496399
vt 0.9768175482749939 0.9638476371765137
vt 0.9932515025138855 0.9667885303497314
vt 0.9589873552322388 0.964634895324707
vt 0.9457045197486877 0.9877829551696777
vt 0.933318018913269 0.9658524990081787
vt 0.9299764633178711 0.9879869818687439
vt 0.8082989454269409 0.9662129878997803
vt 0.8093634843826294 0.988039493560791
vt 0.7143654823303223 0.9880279898643494
vt 0.7132470011711121 0.9661535024642944
vt 0.594013512134552 0.9879430532455444
vt 0.5923149585723877 0.9662519693374634
vt 0.48194900155067444 0.9663469791412354
vt 0.48417651653289795 0.9878804683685303
vt 0.3490782380104065 0.9890921711921692
vt 0.33958205580711365 0.9679577350616455
vt 0.28322166204452515 0.9677813053131104
vt 0.29410120844841003 0.9890066385269165
vt 0.24617990851402283 0.9889849424362183
vt 0.2369288206100464 0.9670594930648804
vt 0.20426499843597412 0.9708800315856934
vt 0.21782100200653076 0.9909504652023315
vt 0.24617990851402283 0.9889849424362183
vt 0.2369288206100464 0.9670594930648804
vt 0.28322166204452515 0.9677813053131104
vt 0.29410120844841003 0.9890066385269165
vt 0.3490782380104065 0.9890921711921692
vt 0.33958205580711365 0.9679577350616455
vt 0.48194900155067444 0.9663469791412354
vt 0.48417651653289795 0.9878804683685303
vt 0.594013512134552 0.9879430532455444
vt 0.5923149585723877 0.9662519693374634
vt 0.7132470011711121 0.9661535024642944
vt 0.7143654823303223 0.9880279898643494
vt 0.8082989454269409 0.9662129878997803
vt 0.8093634843826294 0.988039493560791
vt 0.9299764633178711 0.9879869818687439
vt 0.933318018913269 0.9658524990081787
vt 0.9457045197486877 0.9877829551696777
vt 0.9589873552322388 0.964634895324707
vt 0.9583824872970581 0.9918544888496399
vt 0.9768175482749939 0.9638476371765137
vt 0.9932515025138855 0.9667885303497314
vt 0.0165570005774498 0.5058770179748535
vt 0.01466749981045723 0.4950200319290161
vt 0.011819000355899334 0.49667203426361084
vt 0.011819000355899334 0.5063999891281128
vt 0.01687600091099739 0.521032452583313
vt 0.011818000115454197 0.5211889743804932
vt 0.016730500385165215 0.5459400415420532
vt 0.011818000115454197 0.5459100008010864
vt 0.011819000355899334 0.579023003578186
vt 0.015819499269127846 0.5810924768447876
vt 0.9493110179901123 0.6953150033950806
vt 0.9493110179901123 0.7069820165634155
vt 0.951786994934082 0.7078934907913208
vt 0.9528254866600037 0.6952300071716309
vt 0.9493110179901123 0.5798360109329224
vt 0.9535170197486877 0.5794520378112793
vt 0.9493110179901123 0.4804750084877014
vt 0.9533145427703857 0.4799234867095947
vt 0.9493110179901123 0.3470349907875061
vt 0.9531040191650391 0.3463605046272278
vt 0.9493110179901123 0.22766900062561035
vt 0.9527429938316345 0.2271994948387146
vt 0.9514492750167847 0.08994060754776001
vt 0.9491677284240723 0.09015297889709473
vt 0.9493109583854675 0.0504910945892334
vt 0.9520359039306641 0.05010116100311279
vt 0.9493119716644287 0.026399970054626465
vt 0.949923038482666 0.025347471237182617
vt 0.8695240020751953 0.6463980078697205
vt 0.8695235252380371 0.7333120107650757
vt 0.8536015152931213 0.7333124876022339
vt 0.8512594699859619 0.6452920436859131
vt 0.8692910075187683 0.6112768650054932
vt 0.8506491780281067 0.6099126935005188
vt 0.8504917621612549 0.5787273645401001
vt 0.8692910075187683 0.5798234939575195
vt 0.8692910075187683 0.5573660135269165
vt 0.8501185178756714 0.5571575164794922
vt 0.8697447776794434 0.521699070930481
vt 0.8503598570823669 0.5222998857498169
vt 0.8672970533370972 0.4640636444091797
vt 0.8509649038314819 0.4674946069717407
vt 0.8504434823989868 0.40644776821136475
vt 0.8659507036209106 0.40273308753967285
vt 0.869829535484314 0.3434692621231079
vt 0.8499935269355774 0.3430889844894409
vt 0.8699488043785095 0.29120492935180664
vt 0.8497463464736938 0.2927866578102112
vt 0.8492321968078613 0.2527753710746765
vt 0.8699700832366943 0.2527545094490051
vt 0.8720031976699829 0.22080004215240479
vt 0.8523561358451843 0.21732908487319946
vt 0.8507312536239624 0.186423659324646
vt 0.8707845211029053 0.18798112869262695
vt 0.8715142011642456 0.15050852298736572
vt 0.8497921824455261 0.15157383680343628
vt 0.8507769703865051 0.11261910200119019
vt 0.8697105646133423 0.11351990699768066
vt 0.8697283267974854 0.06688857078552246
vt 0.8508602976799011 0.06680172681808472
vt 0.8695745468139648 0.0069029927253723145
vt 0.850600004196167 0.0069029927253723145
vt 0.906089186668396 0.07449984550476074
vt 0.906089186668396 0.007600009441375732
vt 0.8836598992347717 0.007600009441375732
vt 0.8836598992347717 0.07449376583099365
vt 0.8836598992347717 0.07449376583099365
vt 0.906089186668396 0.07449984550476074
vt 0.906089186668396 0.1267693042755127
vt 0.906089186668396 0.1267693042755127
vt 0.8836598992347717 0.12691164016723633
vt 0.8836598992347717 0.07449376583099365
vt 0.883471667766571 0.16653603315353394
vt 0.8836598992347717 0.12691164016723633
vt 0.906089186668396 0.1267693042755127
vt 0.906089186668396 0.1267693042755127
vt 0.9062404632568359 0.166359543800354
vt 0.883471667766571 0.16653603315353394
vt 0.8837445378303528 0.2013196349143982
vt 0.883471667766571 0.16653603315353394
vt 0.9062404632568359 0.166359543800354
vt 0.9062404632568359 0.166359543800354
vt 0.9061912894248962 0.20140022039413452
vt 0.8837445378303528 0.2013196349143982
vt 0.8832755088806152 0.23146313428878784
vt 0.8837445378303528 0.2013196349143982
vt 0.9061912894248962 0.20140022039413452
vt 0.9059648513793945 0.2312588095664978
vt 0.906089186668396 0.2604449391365051
vt 0.9061912894248962 0.20140022039413452
vt 0.8832755088806152 0.23146313428878784
vt 0.8836598992347717 0.26064950227737427
vt 0.906089186668396 0.2604449391365051
vt 0.8832755088806152 0.23146313428878784
vt 0.8836598992347717 0.26064950227737427
vt 0.906089186668396 0.2604449391365051
vt 0.906089186668396 0.29782992601394653
vt 0.906089186668396 0.29782992601394653
vt 0.8836598992347717 0.297915518283844
vt 0.8836598992347717 0.26064950227737427
vt 0.8836598992347717 0.3509114980697632
vt 0.8836598992347717 0.297915518283844
vt 0.906089186668396 0.29782992601394653
vt 0.906089186668396 0.29782992601394653
vt 0.9058650135993958 0.3509114980697632
vt 0.8836598992347717 0.3509114980697632
vt 0.9058650135993958 0.3509114980697632
vt 0.9055901169776917 0.4170752763748169
vt 0.8836598992347717 0.3509114980697632
vt 0.8836598992347717 0.3509114980697632
vt 0.9055901169776917 0.4170752763748169
vt 0.8830935955047607 0.4131357669830322
vt 0.8830935955047607 0.4131357669830322
vt 0.9055901169776917 0.4170752763748169
vt 0.9044192433357239 0.4809924364089966
vt 0.9044192433357239 0.4809924364089966
vt 0.8831720352172852 0.4677755832672119
vt 0.8830935955047607 0.4131357669830322
vt 0.8831720352172852 0.4677755832672119
vt 0.9044192433357239 0.4809924364089966
vt 0.9063663482666016 0.5370404720306396
vt 0.9063663482666016 0.5370404720306396
vt 0.8836953043937683 0.5371246337890625
vt 0.8831720352172852 0.4677755832672119
vt 0.8836953043937683 0.5371246337890625
vt 0.9063663482666016 0.5370404720306396
vt 0.9058650135993958 0.5712289810180664
vt 0.9058650135993958 0.5712289810180664
vt 0.8831949830055237 0.5712289810180664
vt 0.8836953043937683 0.5371246337890625
vt 0.8831387758255005 0.5914552211761475
vt 0.8831949830055237 0.5712289810180664
vt 0.9058650135993958 0.5712289810180664
vt 0.9058650135993958 0.5712289810180664
vt 0.9057665467262268 0.5914751887321472
vt 0.8831387758255005 0.5914552211761475
vt 0.8831387758255005 0.5914552211761475
vt 0.9057665467262268 0.5914751887321472
vt 0.9057934284210205 0.6181694269180298
vt 0.8833041191101074 0.6181625127792358
vt 0.9057934284210205 0.6181694269180298
vt 0.8831387758255005 0.5914552211761475
vt 0.8833041191101074 0.6181625127792358
vt 0.9057934284210205 0.6181694269180298
vt 0.9058650135993958 0.6491979956626892
vt 0.9058650135993958 0.6491979956626892
vt 0.8833041191101074 0.6181625127792358
vt 0.8831949830055237 0.6491979956626892
vt 0.8831949830055237 0.6491979956626892
vt 0.8831949830055237 0.7272059917449951
vt 0.9058650135993958 0.7272059917449951
vt 0.9058650135993958 0.6491979956626892
vt 0.41453200578689575 0.9288179874420166
vt 0.35351601243019104 0.9288190007209778
vt 0.35351601243019104 0.9514880180358887
vt 0.41453200578689575 0.9288179874420166
vt 0.41453099250793457 0.9514880180358887
vt 0.35351601243019104 0.9514880180358887
vt 0.41453099250793457 0.9514880180358887
vt 0.41453200578689575 0.9288179874420166
vt 0.46900099515914917 0.9288179874420166
vt 0.46900099515914917 0.9288179874420166
vt 0.46900200843811035 0.9514880180358887
vt 0.41453099250793457 0.9514880180358887
vt 0.46900099515914917 0.9288179874420166
vt 0.46900200843811035 0.9514880180358887
vt 0.5196160078048706 0.9288169741630554
vt 0.5196160078048706 0.9288169741630554
vt 0.46900200843811035 0.9514880180358887
vt 0.5196160078048706 0.9514880180358887
vt 0.5535475015640259 0.9288190007209778
vt 0.5196160078048706 0.9288169741630554
vt 0.5196160078048706 0.9514880180358887
vt 0.5196160078048706 0.9514880180358887
vt 0.5535475015640259 0.9514880180358887
vt 0.5535475015640259 0.9288190007209778
vt 0.581142008304596 0.9514880180358887
vt 0.5535475015640259 0.9288190007209778
vt 0.581142008304596 0.9288179874420166
vt 0.581142008304596 0.9514880180358887
vt 0.581142008304596 0.9514880180358887
vt 0.581142008304596 0.9288179874420166
vt 0.6087859869003296 0.9288179874420166
vt 0.6087864637374878 0.9514880180358887
vt 0.6087859869003296 0.9288179874420166
vt 0.581142008304596 0.9514880180358887
vt 0.6087864637374878 0.9514880180358887
vt 0.6087859869003296 0.9288179874420166
vt 0.6501129865646362 0.9288190007209778
vt 0.6501129865646362 0.9288190007209778
vt 0.6501129865646362 0.9514880180358887
vt 0.6087864637374878 0.9514880180358887
vt 0.6501129865646362 0.9514880180358887
vt 0.6501129865646362 0.9288190007209778
vt 0.7291330099105835 0.9288179874420166
vt 0.7291330099105835 0.9288179874420166
vt 0.7291330099105835 0.9514880180358887
vt 0.6501129865646362 0.9514880180358887
vt 0.7291330099105835 0.9288179874420166
vt 0.7291330099105835 0.9514880180358887
vt 0.8587560057640076 0.9514880180358887
vt 0.8587560057640076 0.9288179874420166
vt 0.994966983795166 0.9288179874420166
vt 0.994966983795166 0.9514880180358887
vt 0.7930115461349487 0.15675950050354004
vt 0.793175995349884 0.007462978363037109
vt 0.7773774862289429 0.007462978363037109
vt 0.7769545316696167 0.15681999921798706
vt 0.7931079864501953 0.30062901973724365
vt 0.7774674892425537 0.30094802379608154
vt 0.7932599782943726 0.3866170048713684
vt 0.7755985260009766 0.3872934579849243
vt 0.7930437326431274 0.4305639863014221
vt 0.7734967470169067 0.4307374954223633
vt 0.7721279859542847 0.46208250522613525
vt 0.7929325103759766 0.46147799491882324
vt 0.7930802702903748 0.48979097604751587
vt 0.7724490165710449 0.4899117350578308
vt 0.7932020425796509 0.5229915380477905
vt 0.7737419605255127 0.5223665237426758
vt 0.7931710481643677 0.5670505166053772
vt 0.7739830017089844 0.5667029619216919
vt 0.7741914987564087 0.6129404902458191
vt 0.7932084798812866 0.6130355000495911
vt 0.7932050228118896 0.6644970178604126
vt 0.7742300033569336 0.6644970178604126
vt 0.7302324771881104 0.6128619909286499
vt 0.7302564978599548 0.6644970178604126
vt 0.7512580156326294 0.6644970178604126
vt 0.7510280013084412 0.6121125221252441
vt 0.7302570343017578 0.5668779611587524
vt 0.7509484887123108 0.5640510320663452
vt 0.7513535022735596 0.5190664529800415
vt 0.7304005026817322 0.5227655172348022
vt 0.7539242506027222 0.4867590069770813
vt 0.7304725646972656 0.4902404546737671
vt 0.7547985315322876 0.4632145166397095
vt 0.7307604551315308 0.4620884656906128
vt 0.730705738067627 0.4317842721939087
vt 0.7514037489891052 0.4318940043449402
vt 0.7307095527648926 0.38776451349258423
vt 0.748869001865387 0.3863685131072998
vt 0.7473659515380859 0.30149751901626587
vt 0.7308290004730225 0.30151301622390747
vt 0.7470904588699341 0.15724003314971924
vt 0.7307544946670532 0.15740597248077393
vt 0.7308155298233032 0.007462978363037109
vt 0.7483144998550415 0.007462978363037109
vt 0.8251075148582458 0.6469860076904297
vt 0.8246095180511475 0.7333120107650757
vt 0.8536015152931213 0.7333124876022339
vt 0.8512594699859619 0.6452920436859131
vt 0.8270378112792969 0.6095463037490845
vt 0.8506491780281067 0.6099126935005188
vt 0.829527735710144 0.5774868726730347
vt 0.8504917621612549 0.5787273645401001
vt 0.8290024995803833 0.5584059953689575
vt 0.8501185178756714 0.5571575164794922
vt 0.8264780044555664 0.5220573544502258
vt 0.8503598570823669 0.5222998857498169
vt 0.8249447345733643 0.4630171060562134
vt 0.8509649038314819 0.4674946069717407
vt 0.8504434823989868 0.40644776821136475
vt 0.8257440328598022 0.4022830128669739
vt 0.8499935269355774 0.3430889844894409
vt 0.8262050151824951 0.33934497833251953
vt 0.8260048627853394 0.2895893454551697
vt 0.8497463464736938 0.2927866578102112
vt 0.8492321968078613 0.2527753710746765
vt 0.8263443112373352 0.2513500452041626
vt 0.8277758359909058 0.2199934720993042
vt 0.8523561358451843 0.21732908487319946
vt 0.8292577862739563 0.18947988748550415
vt 0.8507312536239624 0.186423659324646
vt 0.8296334147453308 0.15449905395507812
vt 0.8497921824455261 0.15157383680343628
vt 0.8291646242141724 0.11458039283752441
vt 0.8507769703865051 0.11261910200119019
vt 0.8277121186256409 0.06634438037872314
vt 0.8508602976799011 0.06680172681808472
vt 0.8276280164718628 0.0069029927253723145
vt 0.850600004196167 0.0069029927253723145
vt 0.2466830015182495 0.7932485342025757
vt 0.24480599164962769 0.7956780195236206
vt 0.24044199287891388 0.7042649984359741
vt 0.24404700100421906 0.7042649984359741
vt 0.2466830015182495 0.7932485342025757
vt 0.24480599164962769 0.7956780195236206
vt 0.5218119621276855 0.6538900136947632
vt 0.5237025022506714 0.6617990136146545
vt 0.4678429961204529 0.6617990136146545
vt 0.46784400939941406 0.6538900136947632
vt 0.5218119621276855 0.6538900136947632
vt 0.5237025022506714 0.6617990136146545
vt 0.5740984678268433 0.6617990136146545
vt 0.5737509727478027 0.6538900136947632
vt 0.7162500023841858 0.653889000415802
vt 0.7162489891052246 0.6617990136146545
vt 0.5740984678268433 0.6617990136146545
vt 0.5737509727478027 0.6538900136947632
vt 0.29330816864967346 0.11865198612213135
vt 0.29475218057632446 0.11769247055053711
vt 0.24867719411849976 0.08029401302337646
vt 0.24699018895626068 0.08099299669265747
vt 0.24699120223522186 0.17857497930526733
vt 0.29333168268203735 0.18287253379821777
vt 0.016324501484632492 0.822457492351532
vt 0.018613500520586967 0.823112964630127
vt 0.018353000283241272 0.7583969831466675
vt 0.01632400043308735 0.7583969831466675
vt 0.016324501484632492 0.822457492351532
vt 0.018613500520586967 0.823112964630127
vt 0.9711052775382996 0.04072988033294678
vt 0.9711530208587646 0.010315001010894775
vt 0.9670414924621582 0.011123478412628174
vt 0.9688900709152222 0.04029881954193115
vt 0.9684399366378784 0.08443385362625122
vt 0.9711721539497375 0.08513879776000977
vt 0.967149019241333 0.22435051202774048
vt 0.9711530208587646 0.2249699831008911
vt 0.9671809673309326 0.345429003238678
vt 0.9711530208587646 0.3460179567337036
vt 0.9668020009994507 0.47899746894836426
vt 0.9711530208587646 0.47949302196502686
vt 0.966656506061554 0.5787774920463562
vt 0.9711520075798035 0.5789840221405029
vt 0.9711520075798035 0.7039710283279419
vt 0.968145489692688 0.7038594484329224
vt 0.9681980013847351 0.7247639894485474
vt 0.9711530208587646 0.7252510190010071
vt 0.01658324897289276 0.6670907735824585
vt 0.011818000115454197 0.667662501335144
vt 0.011819000355899334 0.7373570203781128
vt 0.01758899912238121 0.7373545169830322
vt 0.01658324897289276 0.6670907735824585
vt 0.011818000115454197 0.667662501335144
vt 0.24867719411849976 0.08029401302337646
vt 0.29475218057632446 0.11769247055053711
vt 0.29330816864967346 0.11865198612213135
vt 0.24699018895626068 0.08099299669265747
vt 0.24699120223522186 0.17857497930526733
vt 0.29333168268203735 0.18287253379821777
vt 0.9670414924621582 0.011123478412628174
vt 0.9711530208587646 0.010315001010894775
vt 0.9711052775382996 0.04072988033294678
vt 0.9688900709152222 0.04029881954193115
vt 0.9684399366378784 0.08443385362625122
vt 0.9711721539497375 0.08513879776000977
vt 0.967149019241333 0.22435051202774048
vt 0.9711530208587646 0.2249699831008911
vt 0.9671809673309326 0.345429003238678
vt 0.9711530208587646 0.3460179567337036
vt 0.9668020009994507 0.47899746894836426
vt 0.9711530208587646 0.47949302196502686
vt 0.966656506061554 0.5787774920463562
vt 0.9711520075798035 0.5789840221405029
vt 0.9711520075798035 0.7039710283279419
vt 0.968145489692688 0.7038594484329224
vt 0.9681980013847351 0.7247639894485474
vt 0.9711530208587646 0.7252510190010071
vt 0.5096650123596191 0.14468199014663696
vt 0.5096650123596191 0.006654024124145508
vt 0.5327379703521729 0.006654024124145508
vt 0.5327379703521729 0.14468199014663696
vt 0.5327370166778564 0.22764098644256592
vt 0.5096650123596191 0.2276419997215271
vt 0.5329359769821167 0.2766993045806885
vt 0.5097790956497192 0.27670061588287354
vt 0.5099726915359497 0.3165992498397827
vt 0.5325008630752563 0.3168891668319702
vt 0.532572865486145 0.35721123218536377
vt 0.5097346901893616 0.35712969303131104
vt 0.532572865486145 0.35721123218536377
vt 0.5097346901893616 0.35712969303131104
vt 0.5327370166778564 0.3991919755935669
vt 0.5097346901893616 0.35712969303131104
vt 0.5096650123596191 0.3991919755935669
vt 0.5327370166778564 0.3991919755935669
vt 0.5327370166778564 0.3991919755935669
vt 0.5096650123596191 0.3991919755935669
vt 0.5096650123596191 0.4371680021286011
vt 0.5096650123596191 0.4371680021286011
vt 0.5327370166778564 0.4371680021286011
vt 0.5327370166778564 0.3991919755935669
vt 0.5327370166778564 0.47526800632476807
vt 0.5327370166778564 0.4371680021286011
vt 0.5096650123596191 0.4371680021286011
vt 0.5096650123596191 0.4371680021286011
vt 0.509663999080658 0.47526800632476807
vt 0.5327370166778564 0.47526800632476807
vt 0.5327379703521729 0.5139129757881165
vt 0.5327370166778564 0.47526800632476807
vt 0.509663999080658 0.47526800632476807
vt 0.509663999080658 0.47526800632476807
vt 0.5096650123596191 0.5139129757881165
vt 0.5327379703521729 0.5139129757881165
vt 0.5096650123596191 0.5513169765472412
vt 0.5096650123596191 0.5513169765472412
vt 0.5327370166778564 0.5513179898262024
vt 0.5327379703521729 0.5139129757881165
vt 0.5327379703521729 0.5139129757881165
vt 0.5327370166778564 0.5513179898262024
vt 0.5096650123596191 0.5513169765472412
vt 0.5096650123596191 0.5513169765472412
vt 0.5096650123596191 0.5139129757881165
vt 0.5327379703521729 0.5139129757881165
vt 0.5327379703521729 0.5139129757881165
vt 0.5096650123596191 0.5139129757881165
vt 0.509663999080658 0.47526800632476807
vt 0.5327379703521729 0.5139129757881165
vt 0.509663999080658 0.47526800632476807
vt 0.5327370166778564 0.47526800632476807
vt 0.5327370166778564 0.47526800632476807
vt 0.509663999080658 0.47526800632476807
vt 0.5096650123596191 0.4371680021286011
vt 0.5096650123596191 0.4371680021286011
vt 0.5327370166778564 0.4371680021286011
vt 0.5327370166778564 0.47526800632476807
vt 0.5327370166778564 0.3991919755935669
vt 0.5327370166778564 0.4371680021286011
vt 0.5096650123596191 0.4371680021286011
vt 0.5096650123596191 0.4371680021286011
vt 0.5096650123596191 0.3991919755935669
vt 0.5327370166778564 0.3991919755935669
vt 0.5327370166778564 0.3991919755935669
vt 0.5096650123596191 0.3991919755935669
vt 0.5097346901893616 0.35712969303131104
vt 0.5097346901893616 0.35712969303131104
vt 0.5327370166778564 0.3991919755935669
vt 0.532572865486145 0.35721123218536377
vt 0.532572865486145 0.35721123218536377
vt 0.5097346901893616 0.35712969303131104
vt 0.5099726915359497 0.3165992498397827
vt 0.5099726915359497 0.3165992498397827
vt 0.5325008630752563 0.3168891668319702
vt 0.532572865486145 0.35721123218536377
vt 0.5325008630752563 0.3168891668319702
vt 0.5329359769821167 0.2766993045806885
vt 0.5097790956497192 0.27670061588287354
vt 0.5096650123596191 0.2276419997215271
vt 0.5327370166778564 0.22764098644256592
vt 0.5096650123596191 0.14468199014663696
vt 0.5327379703521729 0.14468199014663696
vt 0.5327379703521729 0.006654024124145508
vt 0.5096650123596191 0.006654024124145508
vt 0.5099726915359497 0.3165992498397827
vt 0.5099726915359497 0.3165992498397827
vt 0.8535419702529907 0.745842456817627
vt 0.994966983795166 0.745842456817627
vt 0.994966983795166 0.7650854587554932
vt 0.8535419702529907 0.7650854587554932
vt 0.7673900127410889 0.7650859951972961
vt 0.7673900127410889 0.745842456817627
vt 0.7157853841781616 0.7650859951972961
vt 0.716091513633728 0.745842456817627
vt 0.6722323894500732 0.7650859951972961
vt 0.6738079786300659 0.745842456817627
vt 0.6332381963729858 0.745842456817627
vt 0.6320393085479736 0.7650859951972961
vt 0.593487024307251 0.745842456817627
vt 0.593487024307251 0.7650859951972961
vt 0.5595239996910095 0.765084981918335
vt 0.5595234632492065 0.745842456817627
vt 0.5254349708557129 0.745842456817627
vt 0.5254349708557129 0.765084981918335
vt 0.49199798703193665 0.7458419799804688
vt 0.49199798703193665 0.765084981918335
vt 0.45688050985336304 0.7458419799804688
vt 0.45687949657440186 0.7650854587554932
vt 0.49199798703193665 0.765084981918335
vt 0.49199798703193665 0.7458419799804688
vt 0.5254349708557129 0.765084981918335
vt 0.5254349708557129 0.745842456817627
vt 0.5595239996910095 0.765084981918335
vt 0.5595234632492065 0.745842456817627
vt 0.593487024307251 0.745842456817627
vt 0.593487024307251 0.7650859951972961
vt 0.6320393085479736 0.7650859951972961
vt 0.6332381963729858 0.745842456817627
vt 0.6722323894500732 0.7650859951972961
vt 0.6738079786300659 0.745842456817627
vt 0.716091513633728 0.745842456817627
vt 0.7157853841781616 0.7650859951972961
vt 0.7673900127410889 0.745842456817627
vt 0.7673900127410889 0.7650859951972961
vt 0.8535419702529907 0.745842456817627
vt 0.8535419702529907 0.7650854587554932
vt 0.994966983795166 0.7650854587554932
vt 0.994966983795166 0.745842456817627
vt 0.3433080017566681 0.9167159795761108
vt 0.3433080017566681 0.8963245153427124
vt 0.5007169842720032 0.8963245153427124
vt 0.5007169842720032 0.9167155027389526
vt 0.5997139811515808 0.9167155027389526
vt 0.5997139811515808 0.8963249921798706
vt 0.636511504650116 0.8963242173194885
vt 0.636512041091919 0.9167159795761108
vt 0.6757720112800598 0.8963245153427124
vt 0.6757720112800598 0.9167155027389526
vt 0.710299015045166 0.8963247537612915
vt 0.7102994918823242 0.9167157411575317
vt 0.7489354610443115 0.8963247537612915
vt 0.7489352226257324 0.9167157411575317
vt 0.7791150212287903 0.8963249921798706
vt 0.7791150212287903 0.9167165160179138
vt 0.8344733715057373 0.8965138792991638
vt 0.8347972631454468 0.9170835018157959
vt 0.9170777797698975 0.9168908596038818
vt 0.9173972606658936 0.8964804410934448
vt 0.994966983795166 0.9167159795761108
vt 0.994966983795166 0.8963245153427124
vt 0.9173972606658936 0.8964804410934448
vt 0.9170777797698975 0.9168908596038818
vt 0.8344733715057373 0.8965138792991638
vt 0.8347972631454468 0.9170835018157959
vt 0.7791150212287903 0.9167165160179138
vt 0.7791150212287903 0.8963249921798706
vt 0.7489352226257324 0.9167157411575317
vt 0.7489354610443115 0.8963247537612915
vt 0.7102994918823242 0.9167157411575317
vt 0.710299015045166 0.8963247537612915
vt 0.6757720112800598 0.9167155027389526
vt 0.6757720112800598 0.8963245153427124
vt 0.636512041091919 0.9167159795761108
vt 0.636511504650116 0.8963242173194885
vt 0.5997139811515808 0.9167155027389526
vt 0.5997139811515808 0.8963249921798706
vt 0.5007169842720032 0.8963245153427124
vt 0.5007169842720032 0.9167155027389526
vt 0.3433080017566681 0.9167159795761108
vt 0.3433080017566681 0.8963245153427124
vt 0.5007169842720032 0.8963245153427124
vt 0.3433080017566681 0.8963245153427124
vt 0.3433080017566681 0.8739529848098755
vt 0.5007169842720032 0.8739529848098755
vt 0.5997139811515808 0.8739529848098755
vt 0.5997139811515808 0.8963249921798706
vt 0.636511504650116 0.8739529848098755
vt 0.636511504650116 0.8963242173194885
vt 0.6757720112800598 0.8739529848098755
vt 0.6757720112800598 0.8963245153427124
vt 0.710299015045166 0.8963247537612915
vt 0.7102987766265869 0.8739529848098755
vt 0.7489354610443115 0.8963247537612915
vt 0.7489349842071533 0.8739527463912964
vt 0.7791150212287903 0.8963249921798706
vt 0.7791150212287903 0.8739529848098755
vt 0.8344733715057373 0.8965138792991638
vt 0.8345018625259399 0.8737199306488037
vt 0.9172906875610352 0.8737640380859375
vt 0.9173972606658936 0.8964804410934448
vt 0.994966983795166 0.8739529848098755
vt 0.994966983795166 0.8963245153427124
vt 0.9173972606658936 0.8964804410934448
vt 0.9172906875610352 0.8737640380859375
vt 0.8344733715057373 0.8965138792991638
vt 0.8345018625259399 0.8737199306488037
vt 0.7791150212287903 0.8739529848098755
vt 0.7791150212287903 0.8963249921798706
vt 0.7489349842071533 0.8739527463912964
vt 0.7489354610443115 0.8963247537612915
vt 0.7102987766265869 0.8739529848098755
vt 0.710299015045166 0.8963247537612915
vt 0.6757720112800598 0.8739529848098755
vt 0.6757720112800598 0.8963245153427124
vt 0.636511504650116 0.8963242173194885
vt 0.636511504650116 0.8739529848098755
vt 0.5997139811515808 0.8963249921798706
vt 0.5997139811515808 0.8739529848098755
vt 0.5007169842720032 0.8963245153427124
vt 0.5007169842720032 0.8739529848098755
vt 0.3433080017566681 0.8739529848098755
vt 0.3433080017566681 0.8963245153427124
vt 0.7483144998550415 0.007462978363037109
vt 0.7773774862289429 0.007462978363037109
vt 0.7769545316696167 0.15681999921798706
vt 0.7470904588699341 0.15724003314971924
vt 0.7473659515380859 0.30149751901626587
vt 0.7774674892425537 0.30094802379608154
vt 0.7755985260009766 0.3872934579849243
vt 0.748869001865387 0.3863685131072998
vt 0.7734967470169067 0.4307374954223633
vt 0.7514037489891052 0.4318940043449402
vt 0.7721279859542847 0.46208250522613525
vt 0.7547985315322876 0.4632145166397095
vt 0.7724490165710449 0.4899117350578308
vt 0.7539242506027222 0.4867590069770813
vt 0.7737419605255127 0.5223665237426758
vt 0.7513535022735596 0.5190664529800415
vt 0.7509484887123108 0.5640510320663452
vt 0.7739830017089844 0.5667029619216919
vt 0.7510280013084412 0.6121125221252441
vt 0.7741914987564087 0.6129404902458191
vt 0.7742300033569336 0.6644970178604126
vt 0.7512580156326294 0.6644970178604126
vt 0.63373202085495 0.012401998043060303
vt 0.7089049816131592 0.031194984912872314
vt 0.6896820068359375 0.06889998912811279
vt 0.63373202085495 0.05519700050354004
vt 0.63373202085495 0.07616102695465088
vt 0.6856240034103394 0.08618801832199097
vt 0.6749140024185181 0.16588598489761353
vt 0.63373202085495 0.16127097606658936
vt 0.6740009784698486 0.2898179888725281
vt 0.63373202085495 0.2902029752731323
vt 0.6757784485816956 0.35335487127304077
vt 0.6337231993675232 0.35556507110595703
vt 0.677308976650238 0.40758204460144043
vt 0.63373202085495 0.4115220308303833
vt 0.63373202085495 0.48555099964141846
vt 0.6834729909896851 0.47908496856689453
vt 0.6335185170173645 0.5337777137756348
vt 0.6928964257240295 0.5057931542396545
vt 0.7192549705505371 0.5425689816474915
vt 0.63373202085495 0.5894690155982971
vt 0.7769545316696167 0.15681999921798706
vt 0.7773774862289429 0.007462978363037109
vt 0.7483144998550415 0.007462978363037109
vt 0.7470904588699341 0.15724003314971924
vt 0.7473659515380859 0.30149751901626587
vt 0.7774674892425537 0.30094802379608154
vt 0.7755985260009766 0.3872934579849243
vt 0.748869001865387 0.3863685131072998
vt 0.7734967470169067 0.4307374954223633
vt 0.7514037489891052 0.4318940043449402
vt 0.7721279859542847 0.46208250522613525
vt 0.7547985315322876 0.4632145166397095
vt 0.7724490165710449 0.4899117350578308
vt 0.7539242506027222 0.4867590069770813
vt 0.7737419605255127 0.5223665237426758
vt 0.7513535022735596 0.5190664529800415
vt 0.7509484887123108 0.5640510320663452
vt 0.7739830017089844 0.5667029619216919
vt 0.7510280013084412 0.6121125221252441
vt 0.7741914987564087 0.6129404902458191
vt 0.7742300033569336 0.6644970178604126
vt 0.7512580156326294 0.6644970178604126
vt 0.6896820068359375 0.06889998912811279
vt 0.7089049816131592 0.031194984912872314
vt 0.63373202085495 0.012401998043060303
vt 0.63373202085495 0.05519700050354004
vt 0.63373202085495 0.07616102695465088
vt 0.6856240034103394 0.08618801832199097
vt 0.6749140024185181 0.16588598489761353
vt 0.63373202085495 0.16127097606658936
vt 0.6740009784698486 0.2898179888725281
vt 0.63373202085495 0.2902029752731323
vt 0.6757784485816956 0.35335487127304077
vt 0.6337231993675232 0.35556507110595703
vt 0.677308976650238 0.40758204460144043
vt 0.63373202085495 0.4115220308303833
vt 0.63373202085495 0.48555099964141846
vt 0.6834729909896851 0.47908496856689453
vt 0.6335185170173645 0.5337777137756348
vt 0.6928964257240295 0.5057931542396545
vt 0.7192549705505371 0.5425689816474915
vt 0.63373202085495 0.5894690155982971
vt 0.03887199983000755 0.9947519898414612
vt 0.04126200079917908 0.9953160285949707
vt 0.04126099869608879 0.9766479730606079
vt 0.039983998984098434 0.9766259789466858
vt 0.04126200079917908 0.9619759917259216
vt 0.017096683382987976 0.9816253781318665
vt 0.039664000272750854 0.9619680047035217
vt 0.04126200079917908 0.9375889897346497
vt 0.01817299984395504 0.9714499711990356
vt 0.01632400043308735 0.9811909794807434
vt 0.016325000673532486 0.9712330102920532
vt 0.01817600056529045 0.9574199914932251
vt 0.016325000673532486 0.9573439955711365
vt 0.0395519994199276 0.9375839829444885
vt 0.04126200079917908 0.9056839942932129
vt 0.018122000619769096 0.9343699812889099
vt 0.016325000673532486 0.9343960285186768
vt 0.039639998227357864 0.9056800007820129
vt 0.04126200079917908 0.8256160020828247
vt 0.018703000620007515 0.9032999873161316
vt 0.016325000673532486 0.9036589860916138
vt 0.039455000311136246 0.8256199955940247
vt 0.04126200079917908 0.7583969831466675
vt 0.018613500520586967 0.823112964630127
vt 0.039250001311302185 0.7583969831466675
vt 0.018353000283241272 0.7583969831466675
vt 0.018613500520586967 0.823112964630127
vt 0.039455000311136246 0.8256199955940247
vt 0.04126200079917908 0.8256160020828247
vt 0.018703000620007515 0.9032999873161316
vt 0.039639998227357864 0.9056800007820129
vt 0.04126200079917908 0.9056839942932129
vt 0.016325000673532486 0.9343960285186768
vt 0.016325000673532486 0.9036589860916138
vt 0.0395519994199276 0.9375839829444885
vt 0.04126200079917908 0.9375889897346497
vt 0.018122000619769096 0.9343699812889099
vt 0.016325000673532486 0.9573439955711365
vt 0.01817600056529045 0.9574199914932251
vt 0.016325000673532486 0.9712330102920532
vt 0.039664000272750854 0.9619680047035217
vt 0.04126200079917908 0.9619759917259216
vt 0.01817299984395504 0.9714499711990356
vt 0.01632400043308735 0.9811909794807434
vt 0.017096683382987976 0.9816253781318665
vt 0.039983998984098434 0.9766259789466858
vt 0.04126099869608879 0.9766479730606079
vt 0.03887199983000755 0.9947519898414612
vt 0.04126200079917908 0.9953160285949707
vt 0.13685598969459534 0.9061428308486938
vt 0.09008622169494629 0.8866051435470581
vt 0.137940913438797 0.8733357787132263
vt 0.10712497681379318 0.8575263619422913
vt 0.08535356819629669 0.837323784828186
vt 0.13845187425613403 0.8484012484550476
vt 0.11206348240375519 0.830562949180603
vt 0.09043653309345245 0.8082088828086853
vt 0.13814133405685425 0.8256360292434692
vt 0.11244160681962967 0.8039094805717468
vt 0.13921961188316345 0.7967406511306763
vt 0.10816637426614761 0.7657943964004517
vt 0.08754800260066986 0.7686269879341125
vt 0.1389954686164856 0.7618195414543152
vt 0.0803385004401207 0.7161644697189331
vt 0.10382600128650665 0.7164520025253296
vt 0.1390630006790161 0.7173017263412476
vt 0.13882902264595032 0.6498336791992188
vt 0.09669225662946701 0.6462465524673462
vt 0.07073406130075455 0.6454657316207886
vt 0.13847841322422028 0.5842911601066589
vt 0.08937162905931473 0.5771459341049194
vt 0.060688018798828125 0.5756381154060364
vt 0.1389380395412445 0.5095497965812683
vt 0.08607347309589386 0.5128227472305298
vt 0.05765128508210182 0.5151780247688293
vt 0.13919800519943237 0.43117326498031616
vt 0.08212900161743164 0.4628300070762634
vt 0.05077499896287918 0.47008299827575684
vt 0.07126399874687195 0.4062179923057556
vt 0.03813299909234047 0.45024096965789795
vt 0.022005999460816383 0.4369019865989685
vt 0.004844000097364187 0.3574329614639282
vt 0.02895900048315525 0.34497499465942383
vt 0.04595400020480156 0.32927703857421875
vt 0.1390945017337799 0.3724440336227417
vt 0.06327050179243088 0.30554652214050293
vt 0.13878396153450012 0.31639862060546875
vt 0.138715922832489 0.26734936237335205
vt 0.077394999563694 0.27124398946762085
vt 0.08549626171588898 0.2101171612739563
vt 0.13889354467391968 0.21331214904785156
vt 0.08741369843482971 0.12032508850097656
vt 0.13891267776489258 0.11473935842514038
vt 0.13831549882888794 0.01307147741317749
vt 0.07997900247573853 0.034829020500183105
vt 0.08741369843482971 0.12032508850097656
vt 0.13891267776489258 0.11473935842514038
vt 0.13889354467391968 0.21331214904785156
vt 0.08549626171588898 0.2101171612739563
vt 0.138715922832489 0.26734936237335205
vt 0.077394999563694 0.27124398946762085
vt 0.06327050179243088 0.30554652214050293
vt 0.13878396153450012 0.31639862060546875
vt 0.1390945017337799 0.3724440336227417
vt 0.07126399874687195 0.4062179923057556
vt 0.04595400020480156 0.32927703857421875
vt 0.02895900048315525 0.34497499465942383
vt 0.004844000097364187 0.3574329614639282
vt 0.022005999460816383 0.4369019865989685
vt 0.03813299909234047 0.45024096965789795
vt 0.05077499896287918 0.47008299827575684
vt 0.13919800519943237 0.43117326498031616
vt 0.08212900161743164 0.4628300070762634
vt 0.05765128508210182 0.5151780247688293
vt 0.08607347309589386 0.5128227472305298
vt 0.1389380395412445 0.5095497965812683
vt 0.060688018798828125 0.5756381154060364
vt 0.08937162905931473 0.5771459341049194
vt 0.13847841322422028 0.5842911601066589
vt 0.07073406130075455 0.6454657316207886
vt 0.09669225662946701 0.6462465524673462
vt 0.13882902264595032 0.6498336791992188
vt 0.0803385004401207 0.7161644697189331
vt 0.10382600128650665 0.7164520025253296
vt 0.1390630006790161 0.7173017263412476
vt 0.1389954686164856 0.7618195414543152
vt 0.10816637426614761 0.7657943964004517
vt 0.08754800260066986 0.7686269879341125
vt 0.13921961188316345 0.7967406511306763
vt 0.09043653309345245 0.8082088828086853
vt 0.11244160681962967 0.8039094805717468
vt 0.13814133405685425 0.8256360292434692
vt 0.11206348240375519 0.830562949180603
vt 0.08535356819629669 0.837323784828186
vt 0.13845187425613403 0.8484012484550476
vt 0.10712497681379318 0.8575263619422913
vt 0.09008622169494629 0.8866051435470581
vt 0.137940913438797 0.8733357787132263
vt 0.13685598969459534 0.9061428308486938
vt 0.4009753465652466 0.04402893781661987
vt 0.4063825011253357 0.01641601324081421
vt 0.4446449875831604 0.03576099872589111
vt 0.43705999851226807 0.06778097152709961
vt 0.39959144592285156 0.06868904829025269
vt 0.48164719343185425 0.07378435134887695
vt 0.3997894823551178 0.10386139154434204
vt 0.4342358112335205 0.10950905084609985
vt 0.4696079194545746 0.12018156051635742
vt 0.4000508785247803 0.1642584204673767
vt 0.4273976683616638 0.1683456301689148
vt 0.4629765450954437 0.17275410890579224
vt 0.42419499158859253 0.23688501119613647
vt 0.4001529812812805 0.23312199115753174
vt 0.4564700126647949 0.24106401205062866
vt 0.4224419891834259 0.2962709665298462
vt 0.40039098262786865 0.2933725118637085
vt 0.45290499925613403 0.29845601320266724
vt 0.3999345004558563 0.3507170081138611
vt 0.42201098799705505 0.35199999809265137
vt 0.4503819942474365 0.35147202014923096
vt 0.449321985244751 0.4009549617767334
vt 0.42149901390075684 0.4067150354385376
vt 0.3996545076370239 0.4099864959716797
vt 0.42732399702072144 0.46089500188827515
vt 0.45652151107788086 0.44024187326431274
vt 0.3992149829864502 0.4712449908256531
vt 0.4770340025424957 0.46745097637176514
vt 0.3995569944381714 0.5184504985809326
vt 0.4453760087490082 0.5149499773979187
vt 0.5044990181922913 0.5601779818534851
vt 0.3999055027961731 0.5608505010604858
vt 0.4864901006221771 0.5812063217163086
vt 0.399991512298584 0.6034635305404663
vt 0.46436700224876404 0.6159520149230957
vt 0.4554539918899536 0.6505439877510071
vt 0.39993149042129517 0.6443564891815186
vt 0.44535601139068604 0.6943060159683228
vt 0.40016400814056396 0.6954845190048218
vt 0.40119248628616333 0.7402744889259338
vt 0.4418340027332306 0.7345499992370605
vt 0.4426090121269226 0.7728400230407715
vt 0.405241996049881 0.7820420265197754
vt 0.40119248628616333 0.7402744889259338
vt 0.4418340027332306 0.7345499992370605
vt 0.44535601139068604 0.6943060159683228
vt 0.40016400814056396 0.6954845190048218
vt 0.39993149042129517 0.6443564891815186
vt 0.4554539918899536 0.6505439877510071
vt 0.399991512298584 0.6034635305404663
vt 0.46436700224876404 0.6159520149230957
vt 0.4864901006221771 0.5812063217163086
vt 0.3999055027961731 0.5608505010604858
vt 0.4453760087490082 0.5149499773979187
vt 0.5044990181922913 0.5601779818534851
vt 0.3995569944381714 0.5184504985809326
vt 0.4770340025424957 0.46745097637176514
vt 0.42732399702072144 0.46089500188827515
vt 0.3992149829864502 0.4712449908256531
vt 0.45652151107788086 0.44024187326431274
vt 0.3996545076370239 0.4099864959716797
vt 0.449321985244751 0.4009549617767334
vt 0.42149901390075684 0.4067150354385376
vt 0.3999345004558563 0.3507170081138611
vt 0.42201098799705505 0.35199999809265137
vt 0.4503819942474365 0.35147202014923096
vt 0.45290499925613403 0.29845601320266724
vt 0.4224419891834259 0.2962709665298462
vt 0.40039098262786865 0.2933725118637085
vt 0.4564700126647949 0.24106401205062866
vt 0.4001529812812805 0.23312199115753174
vt 0.42419499158859253 0.23688501119613647
vt 0.4629765450954437 0.17275410890579224
vt 0.4000508785247803 0.1642584204673767
vt 0.4273976683616638 0.1683456301689148
vt 0.4696079194545746 0.12018156051635742
vt 0.4342358112335205 0.10950905084609985
vt 0.3997894823551178 0.10386139154434204
vt 0.48164719343185425 0.07378435134887695
vt 0.43705999851226807 0.06778097152709961
vt 0.39959144592285156 0.06868904829025269
vt 0.4446449875831604 0.03576099872589111
vt 0.4009753465652466 0.04402893781661987
vt 0.4063825011253357 0.01641601324081421
vt 0.21885399520397186 0.9289129972457886
vt 0.18313199281692505 0.9631780385971069
vt 0.1697264313697815 0.9321292042732239
vt 0.19847722351551056 0.9059416651725769
vt 0.1663341522216797 0.906773567199707
vt 0.23944038152694702 0.8857554793357849
vt 0.16537725925445557 0.8829854726791382
vt 0.18866053223609924 0.8816262483596802
vt 0.22052370011806488 0.8720327615737915
vt 0.16529320180416107 0.859826922416687
vt 0.1857679784297943 0.8561978340148926
vt 0.21010634303092957 0.848668098449707
vt 0.1867859959602356 0.8269014954566956
vt 0.16567200422286987 0.8365499377250671
vt 0.20960348844528198 0.8202847838401794
vt 0.16690124571323395 0.805895209312439
vt 0.19142299890518188 0.7834484577178955
vt 0.2164890021085739 0.7732669711112976
vt 0.16809943318367004 0.7688119411468506
vt 0.2244744896888733 0.7249264717102051
vt 0.1686842441558838 0.7231122255325317
vt 0.19600549340248108 0.7234485149383545
vt 0.16884230077266693 0.6564306616783142
vt 0.2012179046869278 0.6555719375610352
vt 0.23505611717700958 0.6546538472175598
vt 0.1693887561559677 0.5913971662521362
vt 0.2067243456840515 0.5886523723602295
vt 0.24476538598537445 0.5887683033943176
vt 0.20841608941555023 0.5170156955718994
vt 0.16762137413024902 0.5170813798904419
vt 0.2511692941188812 0.5220907330513
vt 0.1677899956703186 0.4400694966316223
vt 0.25819799304008484 0.4796910285949707
vt 0.21072900295257568 0.45607101917266846
vt 0.2687999904155731 0.46070098876953125
vt 0.22727499902248383 0.41290104389190674
vt 0.28599876165390015 0.4480828046798706
vt 0.2994759976863861 0.36886096000671387
vt 0.28054699301719666 0.35741400718688965
vt 0.2617189884185791 0.34246397018432617
vt 0.16857999563217163 0.37786948680877686
vt 0.24479851126670837 0.31550896167755127
vt 0.1697205901145935 0.32621145248413086
vt 0.16993293166160583 0.2771413326263428
vt 0.23022900521755219 0.28097599744796753
vt 0.22261497378349304 0.2196791172027588
vt 0.16969871520996094 0.22308695316314697
vt 0.22408311069011688 0.1299210786819458
vt 0.17058424651622772 0.12083733081817627
vt 0.17668350040912628 0.013504981994628906
vt 0.2424599975347519 0.04834902286529541
vt 0.22408311069011688 0.1299210786819458
vt 0.17058424651622772 0.12083733081817627
vt 0.16969871520996094 0.22308695316314697
vt 0.22261497378349304 0.2196791172027588
vt 0.16993293166160583 0.2771413326263428
vt 0.23022900521755219 0.28097599744796753
vt 0.24479851126670837 0.31550896167755127
vt 0.1697205901145935 0.32621145248413086
vt 0.16857999563217163 0.37786948680877686
vt 0.2617189884185791 0.34246397018432617
vt 0.22727499902248383 0.41290104389190674
vt 0.28054699301719666 0.35741400718688965
vt 0.2994759976863861 0.36886096000671387
vt 0.28599876165390015 0.4480828046798706
vt 0.2687999904155731 0.46070098876953125
vt 0.1677899956703186 0.4400694966316223
vt 0.21072900295257568 0.45607101917266846
vt 0.25819799304008484 0.4796910285949707
vt 0.20841608941555023 0.5170156955718994
vt 0.16762137413024902 0.5170813798904419
vt 0.2511692941188812 0.5220907330513
vt 0.1693887561559677 0.5913971662521362
vt 0.24476538598537445 0.5887683033943176
vt 0.2067243456840515 0.5886523723602295
vt 0.23505611717700958 0.6546538472175598
vt 0.2012179046869278 0.6555719375610352
vt 0.16884230077266693 0.6564306616783142
vt 0.2244744896888733 0.7249264717102051
vt 0.19600549340248108 0.7234485149383545
vt 0.1686842441558838 0.7231122255325317
vt 0.19142299890518188 0.7834484577178955
vt 0.2164890021085739 0.7732669711112976
vt 0.16809943318367004 0.7688119411468506
vt 0.20960348844528198 0.8202847838401794
vt 0.16690124571323395 0.805895209312439
vt 0.1867859959602356 0.8269014954566956
vt 0.16567200422286987 0.8365499377250671
vt 0.21010634303092957 0.848668098449707
vt 0.16529320180416107 0.859826922416687
vt 0.1857679784297943 0.8561978340148926
vt 0.22052370011806488 0.8720327615737915
vt 0.18866053223609924 0.8816262483596802
vt 0.16537725925445557 0.8829854726791382
vt 0.23944038152694702 0.8857554793357849
vt 0.19847722351551056 0.9059416651725769
vt 0.1663341522216797 0.906773567199707
vt 0.21885399520397186 0.9289129972457886
vt 0.1697264313697815 0.9321292042732239
vt 0.18313199281692505 0.9631780385971069
vt 0.30930137634277344 0.029581069946289062
vt 0.29031723737716675 0.06155133247375488
vt 0.27014070749282837 0.044444382190704346
vt 0.36712291836738586 0.030621707439422607
vt 0.3583100736141205 0.009238064289093018
vt 0.3217940032482147 0.06060898303985596
vt 0.3693374991416931 0.056303977966308594
vt 0.30190473794937134 0.09417712688446045
vt 0.37020984292030334 0.07578283548355103
vt 0.3260900676250458 0.09357929229736328
vt 0.3079656958580017 0.1401088833808899
vt 0.36902791261672974 0.09767389297485352
vt 0.32934650778770447 0.1354798674583435
vt 0.368699848651886 0.1294727325439453
vt 0.3689301609992981 0.18710386753082275
vt 0.3323841392993927 0.18838167190551758
vt 0.3124142587184906 0.190285325050354
vt 0.36893200874328613 0.2549934983253479
vt 0.3349049985408783 0.2567260265350342
vt 0.3174850046634674 0.2587040066719055
vt 0.338467001914978 0.3164460062980652
vt 0.36889398097991943 0.3151620030403137
vt 0.32064399123191833 0.3163740038871765
vt 0.3689674735069275 0.3717460036277771
vt 0.33763301372528076 0.3666180372238159
vt 0.31950700283050537 0.36421799659729004
vt 0.3367309868335724 0.41762101650238037
vt 0.36900198459625244 0.42988550662994385
vt 0.3196589946746826 0.41301900148391724
vt 0.3327830135822296 0.47039902210235596
vt 0.31179100275039673 0.45363152027130127
vt 0.3690304756164551 0.4898874759674072
vt 0.29005199670791626 0.47908997535705566
vt 0.32008400559425354 0.5372800230979919
vt 0.2681559920310974 0.5797539949417114
vt 0.3689975142478943 0.5365819931030273
vt 0.2793295383453369 0.5946956872940063
vt 0.3689740002155304 0.5783904790878296
vt 0.36897748708724976 0.6203460097312927
vt 0.3050349950790405 0.630295991897583
vt 0.31364700198173523 0.6651830077171326
vt 0.36900150775909424 0.6604120135307312
vt 0.32590100169181824 0.7083740234375
vt 0.36900150775909424 0.7103195190429688
vt 0.3689214885234833 0.7535580396652222
vt 0.32989200949668884 0.7476840019226074
vt 0.3267189860343933 0.7838519811630249
vt 0.36802101135253906 0.792701005935669
vt 0.3689214885234833 0.7535580396652222
vt 0.32989200949668884 0.7476840019226074
vt 0.32590100169181824 0.7083740234375
vt 0.36900150775909424 0.7103195190429688
vt 0.36900150775909424 0.6604120135307312
vt 0.31364700198173523 0.6651830077171326
vt 0.36897748708724976 0.6203460097312927
vt 0.3050349950790405 0.630295991897583
vt 0.2793295383453369 0.5946956872940063
vt 0.3689740002155304 0.5783904790878296
vt 0.3689975142478943 0.5365819931030273
vt 0.32008400559425354 0.5372800230979919
vt 0.2681559920310974 0.5797539949417114
vt 0.3690304756164551 0.4898874759674072
vt 0.29005199670791626 0.47908997535705566
vt 0.3327830135822296 0.47039902210235596
vt 0.31179100275039673 0.45363152027130127
vt 0.36900198459625244 0.42988550662994385
vt 0.3196589946746826 0.41301900148391724
vt 0.3367309868335724 0.41762101650238037
vt 0.3689674735069275 0.3717460036277771
vt 0.31950700283050537 0.36421799659729004
vt 0.33763301372528076 0.3666180372238159
vt 0.32064399123191833 0.3163740038871765
vt 0.338467001914978 0.3164460062980652
vt 0.36889398097991943 0.3151620030403137
vt 0.3174850046634674 0.2587040066719055
vt 0.36893200874328613 0.2549934983253479
vt 0.3349049985408783 0.2567260265350342
vt 0.3124142587184906 0.190285325050354
vt 0.3323841392993927 0.18838167190551758
vt 0.3689301609992981 0.18710386753082275
vt 0.3079656958580017 0.1401088833808899
vt 0.32934650778770447 0.1354798674583435
vt 0.368699848651886 0.1294727325439453
vt 0.36902791261672974 0.09767389297485352
vt 0.3260900676250458 0.09357929229736328
vt 0.30190473794937134 0.09417712688446045
vt 0.37020984292030334 0.07578283548355103
vt 0.3217940032482147 0.06060898303985596
vt 0.3693374991416931 0.056303977966308594
vt 0.29031723737716675 0.06155133247375488
vt 0.36712291836738586 0.030621707439422607
vt 0.30930137634277344 0.029581069946289062
vt 0.27014070749282837 0.044444382190704346
vt 0.3583100736141205 0.009238064289093018
vt 0.9943950176239014 0.029533982276916504
vt 0.9943950176239014 0.010315001010894775
vt 0.9930880069732666 0.010610997676849365
vt 0.9933609962463379 0.029555022716522217
vt 0.9928780198097229 0.16008996963500977
vt 0.9943950176239014 0.16020101308822632
vt 0.9798219799995422 0.03847002983093262
vt 0.9787939786911011 0.025703012943267822
vt 0.9782789945602417 0.026253998279571533
vt 0.9782789945602417 0.038763999938964844
vt 0.9782789945602417 0.1592949628829956
vt 0.9799849987030029 0.1593729853630066
vt 0.9782789945602417 0.26952695846557617
vt 0.980006992816925 0.2696080207824707
vt 0.9782789945602417 0.4111950397491455
vt 0.9926649928092957 0.2705259919166565
vt 0.9943950176239014 0.27062296867370605
vt 0.9799569845199585 0.41127800941467285
vt 0.9782789945602417 0.534995973110199
vt 0.9927170276641846 0.41216200590133667
vt 0.9943950176239014 0.4122430086135864
vt 0.9799730181694031 0.5350419878959656
vt 0.9772666692733765 0.6646073460578918
vt 0.9929630160331726 0.5374000072479248
vt 0.9943959712982178 0.5377410054206848
vt 0.9786038398742676 0.6647573113441467
vt 0.9782177209854126 0.6984246969223022
vt 0.9927213191986084 0.6688508987426758
vt 0.9943959712982178 0.6691734790802002
vt 0.9794071912765503 0.6985139846801758
vt 0.9782789945602417 0.7196040153503418
vt 0.9935071468353271 0.7063126564025879
vt 0.9943959712982178 0.7065790891647339
vt 0.9787630438804626 0.7200607061386108
vt 0.992920994758606 0.7302790284156799
vt 0.9943959712982178 0.7304559946060181
vt 0.9943959712982178 0.7065790891647339
vt 0.9935071468353271 0.7063126564025879
vt 0.9943959712982178 0.6691734790802002
vt 0.9794071912765503 0.6985139846801758
vt 0.9782177209854126 0.6984246969223022
vt 0.9927213191986084 0.6688508987426758
vt 0.9943959712982178 0.5377410054206848
vt 0.9786038398742676 0.6647573113441467
vt 0.9772666692733765 0.6646073460578918
vt 0.9929630160331726 0.5374000072479248
vt 0.9943950176239014 0.4122430086135864
vt 0.9799730181694031 0.5350419878959656
vt 0.9782789945602417 0.534995973110199
vt 0.9927170276641846 0.41216200590133667
vt 0.9943950176239014 0.27062296867370605
vt 0.9799569845199585 0.41127800941467285
vt 0.9782789945602417 0.4111950397491455
vt 0.9926649928092957 0.2705259919166565
vt 0.9943950176239014 0.16020101308822632
vt 0.980006992816925 0.2696080207824707
vt 0.9782789945602417 0.26952695846557617
vt 0.9928780198097229 0.16008996963500977
vt 0.9943950176239014 0.029533982276916504
vt 0.9799849987030029 0.1593729853630066
vt 0.9782789945602417 0.1592949628829956
vt 0.9933609962463379 0.029555022716522217
vt 0.9798219799995422 0.03847002983093262
vt 0.9782789945602417 0.038763999938964844
vt 0.9782789945602417 0.026253998279571533
vt 0.9787939786911011 0.025703012943267822
vt 0.9930880069732666 0.010610997676849365
vt 0.9943950176239014 0.010315001010894775
vt 0.5584236979484558 0.533889889717102
vt 0.6037035584449768 0.45745915174484253
vt 0.6810247302055359 0.5202317833900452
vt 0.7502219080924988 0.5850318670272827
vt 0.537463903427124 0.5942220091819763
vt 0.8226639032363892 0.6570779085159302
vt 0.5137242674827576 0.6725252866744995
vt 0.4965754747390747 0.7461034655570984
vt 0.8829781413078308 0.7283856868743896
vt 0.9303306937217712 0.7896714806556702
vt 0.4847415089607239 0.8047096133232117
vt 0.9734668135643005 0.854558527469635
vt 0.48538994789123535 0.8666070699691772
vt 1.0012538433074951 0.9104415774345398
vt 0.48726052045822144 0.9137659072875977
vt 0.9820757508277893 0.9483309388160706
vt 0.5132705569267273 0.9512506127357483
vt 0.9591328501701355 0.9835906624794006
vt 0.5377285480499268 0.9835897088050842
vt 0.5584236979484558 0.533889889717102
vt 0.6810247302055359 0.5202317833900452
vt 0.6037035584449768 0.45745915174484253
vt 0.7502219080924988 0.5850318670272827
vt 0.537463903427124 0.5942220091819763
vt 0.8226639032363892 0.6570779085159302
vt 0.5137242674827576 0.6725252866744995
vt 0.4965754747390747 0.7461034655570984
vt 0.8829781413078308 0.7283856868743896
vt 0.9303306937217712 0.7896714806556702
vt 0.4847415089607239 0.8047096133232117
vt 0.9734668135643005 0.854558527469635
vt 0.48538994789123535 0.8666070699691772
vt 1.0012538433074951 0.9104415774345398
vt 0.48726052045822144 0.9137659072875977
vt 0.9820757508277893 0.9483309388160706
vt 0.5132705569267273 0.9512506127357483
vt 0.9591328501701355 0.9835906624794006
vt 0.5377285480499268 0.9835897088050842
vt 0.08113499730825424 0.1888200044631958
vt 0.00725199980661273 0.044471025466918945
vt 0.15289099514484406 0.012583017349243164
vt 0.3791410028934479 0.20306700468063354
vt 0.3801940083503723 0.007121026515960693
vt 0.1349630057811737 0.31468796730041504
vt 0.6074240207672119 0.015025019645690918
vt 0.17122699320316315 0.4112880229949951
vt 0.7527139782905579 0.04847598075866699
vt 0.677282989025116 0.19202196598052979
vt 0.6221060156822205 0.31730496883392334
vt 0.5848060250282288 0.41350996494293213
vt 0.37764400243759155 0.4816589951515198
vt 0.22413399815559387 0.5513659715652466
vt 0.5303959846496582 0.5530110001564026
vt 0.3763499855995178 0.7227709889411926
vt 0.2870100140571594 0.7210180163383484
vt 0.4657000005245209 0.721979022026062
vt 0.3292365074157715 0.7804684638977051
vt 0.422837495803833 0.7809715270996094
vt 0.37594398856163025 0.7979090213775635
vt 0.9773935675621033 0.1157425045967102
vt 0.8061497807502747 0.07891333103179932
vt 0.9773935675621033 0.017148971557617188
vt 0.8061497211456299 0.07891333103179932
vt 0.765565037727356 0.1200486421585083
vt 0.7655649781227112 0.1200486421585083
vt 0.9773935675621033 0.6297354698181152
vt 0.8321424126625061 0.6228194236755371
vt 0.8321424126625061 0.6228194236755371
vt 0.8928626775741577 0.6819336414337158
vt 0.8928626775741577 0.6819336414337158
vt 0.9773935675621033 0.7145603895187378
vt 0.15964850783348083 0.9500960111618042
vt 0.15964850783348083 0.9157810211181641
vt 0.5101795196533203 0.9157810211181641
vt 0.5101795196533203 0.9500960111618042
vt 0.7539860010147095 0.7851470112800598
vt 0.7539860010147095 0.7375929951667786
vt 0.7766649723052979 0.7375929951667786
vt 0.776665985584259 0.7851470112800598
vt 0.504364013671875 0.8180299997329712
vt 0.504364013671875 0.8655830025672913
vt 0.48168399930000305 0.8655830025672913
vt 0.48168399930000305 0.8180299997329712
vt 0.6350910067558289 0.829043984413147
vt 0.6350910067558289 0.8622699975967407
vt 0.6124119758605957 0.8622710108757019
vt 0.6124119758605957 0.829043984413147
vt 0.28348299860954285 0.8477280139923096
vt 0.2608039975166321 0.8477270007133484
vt 0.2608039975166321 0.8334649801254272
vt 0.28348299860954285 0.8334649801254272
vt 0.44854500889778137 0.7859129905700684
vt 0.4485970139503479 0.7836290001869202
vt 0.4712420105934143 0.7803210020065308
vt 0.4712420105934143 0.7859129905700684
vt 0.8298590183258057 0.6747303009033203
vt 0.8298590183258057 0.652057409286499
vt 0.8454560041427612 0.6520344018936157
vt 0.8408200144767761 0.6747153997421265
vt 0.7539860010147095 0.7851470112800598
vt 0.7539860010147095 0.7375929951667786
vt 0.7766649723052979 0.7375929951667786
vt 0.776665985584259 0.7851470112800598
vt 0.504364013671875 0.8180299997329712
vt 0.504364013671875 0.8655830025672913
vt 0.48168399930000305 0.8655830025672913
vt 0.48168399930000305 0.8180299997329712
vt 0.6350910067558289 0.829043984413147
vt 0.6350910067558289 0.8622699975967407
vt 0.6124119758605957 0.8622710108757019
vt 0.6124119758605957 0.829043984413147
vt 0.28348299860954285 0.8477280139923096
vt 0.2608039975166321 0.8477270007133484
vt 0.2608039975166321 0.8334649801254272
vt 0.28348299860954285 0.8334649801254272
vt 0.44854500889778137 0.7859129905700684
vt 0.4485970139503479 0.7836290001869202
vt 0.4712420105934143 0.7803210020065308
vt 0.4712420105934143 0.7859129905700684
vt 0.8298590183258057 0.6747303009033203
vt 0.8298590183258057 0.652057409286499
vt 0.8454560041427612 0.6520344018936157
vt 0.8408200144767761 0.6747153997421265
vt 0.9891579747200012 0.06934100389480591
vt 0.995477020740509 0.08043301105499268
vt 0.7063145637512207 0.06934100389480591
vt 0.7063145637512207 0.06934100389480591
vt 0.6881720423698425 0.08037126064300537
vt 0.995477020740509 0.08043301105499268
vt 0.7126373052597046 0.059802114963531494
vt 0.6934609413146973 0.049091994762420654
vt 0.995477020740509 0.049091994762420654
vt 0.9898650050163269 0.059921979904174805
vt 0.4400379955768585 0.30278003215789795
vt 0.4515259861946106 0.31358301639556885
vt 0.32106301188468933 0.31358301639556885
vt 0.31731700897216797 0.30278003215789795
vt 0.933355987071991 0.8597260117530823
vt 0.6516799926757812 0.8597260117530823
vt 0.662539005279541 0.8497599959373474
vt 0.662539005279541 0.8497599959373474
vt 0.9313380122184753 0.8497599959373474
vt 0.933355987071991 0.8597260117530823
vt 0.674422025680542 0.8246409893035889
vt 0.8909209966659546 0.8246409893035889
vt 0.8909209966659546 0.8361669778823853
vt 0.6604464054107666 0.8361813426017761
vt 0.590133011341095 0.04015398025512695
vt 0.5858839750289917 0.02745300531387329
vt 0.995477020740509 0.02745300531387329
vt 0.995477020740509 0.04015398025512695
vt 0.995477020740509 0.019155025482177734
vt 0.5831490159034729 0.019155025482177734
vt 0.5874750018119812 0.006438016891479492
vt 0.995477020740509 0.006438016891479492
vt 0.44610700011253357 0.23383498191833496
vt 0.44305866956710815 0.2449830174446106
vt 0.22483499348163605 0.2449830174446106
vt 0.21294699609279633 0.23383498191833496
vt 0.6560119986534119 0.8132269978523254
vt 0.6438918709754944 0.8012635111808777
vt 0.9259830117225647 0.8008270263671875
vt 0.9206830263137817 0.8132269978523254
vt 0.45468199253082275 0.2896530032157898
vt 0.2760489881038666 0.2896519899368286
vt 0.44547900557518005 0.2776849865913391
vt 0.44547900557518005 0.2776849865913391
vt 0.2722409963607788 0.2776849865913391
vt 0.2760489881038666 0.2896519899368286
vt 0.6881721019744873 0.08037126064300537
vt 0.9954769611358643 0.08043301105499268
vt 0.7063145637512207 0.06934100389480591
vt 0.7063145637512207 0.06934100389480591
vt 0.9891579151153564 0.06934100389480591
vt 0.9954769611358643 0.08043301105499268
vt 0.7126373052597046 0.059802114963531494
vt 0.9898650646209717 0.059921979904174805
vt 0.9954769611358643 0.049091994762420654
vt 0.6934609413146973 0.049091994762420654
vt 0.44003796577453613 0.30278003215789795
vt 0.31731700897216797 0.30278003215789795
vt 0.3210630416870117 0.31358301639556885
vt 0.4515259265899658 0.31358301639556885
vt 0.9333560466766357 0.8597260117530823
vt 0.9313380718231201 0.8497599959373474
vt 0.662539005279541 0.8497599959373474
vt 0.662539005279541 0.8497599959373474
vt 0.6516799926757812 0.8597260117530823
vt 0.9333560466766357 0.8597260117530823
vt 0.674422025680542 0.8246409893035889
vt 0.6604464054107666 0.8361813426017761
vt 0.8909209966659546 0.8361669778823853
vt 0.8909209966659546 0.8246409893035889
vt 0.5901329517364502 0.04015398025512695
vt 0.9954769611358643 0.04015398025512695
vt 0.9954769611358643 0.02745300531387329
vt 0.5858839750289917 0.02745300531387329
vt 0.9954769611358643 0.019155025482177734
vt 0.9954769611358643 0.006438016891479492
vt 0.587475061416626 0.006438016891479492
vt 0.5831489562988281 0.019155025482177734
vt 0.44610702991485596 0.23383498191833496
vt 0.21294701099395752 0.23383498191833496
vt 0.22483503818511963 0.2449830174446106
vt 0.44305872917175293 0.2449830174446106
vt 0.6560120582580566 0.8132269978523254
vt 0.9206830263137817 0.8132269978523254
vt 0.9259829521179199 0.8008270263671875
vt 0.6438918113708496 0.8012635111808777
vt 0.2722409963607788 0.2776849865913391
vt 0.27604901790618896 0.2896519899368286
vt 0.44547903537750244 0.2776849865913391
vt 0.44547903537750244 0.2776849865913391
vt 0.45468199253082275 0.2896530032157898
vt 0.27604901790618896 0.2896519899368286
vt 0.8223345279693604 0.8728389739990234
vt 0.8223354816436768 0.907148003578186
vt 0.7982109785079956 0.9071409702301025
vt 0.7982105016708374 0.8728320002555847
vt 0.7913805246353149 0.9071419835090637
vt 0.7913805246353149 0.8728320002555847
vt 0.7030975222587585 0.9071409702301025
vt 0.7030975222587585 0.8728320002555847
vt 0.6381264925003052 0.872829020023346
vt 0.6381264925003052 0.9071440100669861
vt 0.5847504734992981 0.9500920176506042
vt 0.5847495198249817 0.915166974067688
vt 0.5929155349731445 0.9151690006256104
vt 0.5929155349731445 0.950094997882843
vt 0.6008394956588745 0.9151690006256104
vt 0.6008384823799133 0.950094997882843
vt 0.6090764999389648 0.915167510509491
vt 0.6090755462646484 0.9500930309295654
vt 0.6171990036964417 0.9151660203933716
vt 0.6171979904174805 0.9500899910926819
vt 0.6318445205688477 0.915166974067688
vt 0.6318424940109253 0.9500899910926819
vt 0.6458204984664917 0.915166974067688
vt 0.6458204984664917 0.9500910043716431
vt 0.663096010684967 0.9500910043716431
vt 0.663096010684967 0.9151674509048462
vt 0.6913794875144958 0.915166974067688
vt 0.6913800239562988 0.9500899910926819
vt 0.7049434781074524 0.9500899910926819
vt 0.704942524433136 0.915166974067688
vt 0.7168945074081421 0.9500899910926819
vt 0.7168945074081421 0.915166974067688
vt 0.7282285094261169 0.9500899910926819
vt 0.7282285094261169 0.915166974067688
vt 0.7352434992790222 0.9500899910926819
vt 0.735242486000061 0.9151660203933716
vt 0.7514395117759705 0.9500899910926819
vt 0.7514384984970093 0.9151660203933716
vt 0.764584481716156 0.9151660203933716
vt 0.7645854949951172 0.9500899910926819
vt 0.7757474780082703 0.9500790238380432
vt 0.7757465243339539 0.9151610136032104
vt 0.5191525220870972 0.9500939846038818
vt 0.5191525220870972 0.9157750010490417
vt 0.5270054936408997 0.9157710075378418
vt 0.5270044803619385 0.9500960111618042
vt 0.5450124740600586 0.9157710075378418
vt 0.5450124740600586 0.9500960111618042
vt 0.5760964751243591 0.9500960111618042
vt 0.5760964751243591 0.9157710075378418
vt 0.9906845092773438 0.8728299736976624
vt 0.9906845092773438 0.907148003578186
vt 0.98563152551651 0.9071450233459473
vt 0.98563152551651 0.8728280067443848
vt 0.9735255241394043 0.9071450233459473
vt 0.9735255241394043 0.8728280067443848
vt 0.832587480545044 0.9071400165557861
vt 0.832587480545044 0.8728299736976624
vt 0.8415334820747375 0.8728389739990234
vt 0.8415334820747375 0.907148003578186
vt 0.8571714758872986 0.8728389739990234
vt 0.8571714758872986 0.907148003578186
vt 0.963605523109436 0.8728389739990234
vt 0.963605523109436 0.907148003578186
vt 0.025692999362945557 0.03977048397064209
vt 0.08150500059127808 0.1111609935760498
vt 0.08723700046539307 0.11408603191375732
vt 0.026288000866770744 0.0334320068359375
vt 0.09757199883460999 0.11465001106262207
vt 0.04804199934005737 0.006415009498596191
vt 0.4307920038700104 0.11497598886489868
vt 0.09736400097608566 0.12530803680419922
vt 0.4381389915943146 0.11047601699829102
vt 0.3909650146961212 0.006415009498596191
vt 0.4458810091018677 0.09751498699188232
vt 0.42999449372291565 0.1384904980659485
vt 0.09547200053930283 0.13786602020263672
vt 0.09870199859142303 0.15301799774169922
vt 0.10250700265169144 0.15825998783111572
vt 0.42564499378204346 0.14342600107192993
vt 0.11191099882125854 0.16399699449539185
vt 0.34373098611831665 0.1708880066871643
vt 0.12239000201225281 0.16975802183151245
vt 0.34373098611831665 0.1708880066871643
vt 0.2801530063152313 0.1706629991531372
vt 0.12239000201225281 0.16975802183151245
vt 0.1301494985818863 0.18114250898361206
vt 0.12239000201225281 0.16975802183151245
vt 0.2801530063152313 0.1706629991531372
vt 0.2801530063152313 0.1706629991531372
vt 0.2799449861049652 0.1783580183982849
vt 0.1301494985818863 0.18114250898361206
vt 0.1301494985818863 0.18114250898361206
vt 0.2799449861049652 0.1783580183982849
vt 0.2730814814567566 0.19367647171020508
vt 0.1447179913520813 0.2053239941596985
vt 0.21632599830627441 0.20663899183273315
vt 0.24472999572753906 0.20345598459243774
vt 0.2116049975156784 0.20809900760650635
vt 0.22811700403690338 0.20765602588653564
vt 0.23261399567127228 0.22131198644638062
vt 0.24537250399589539 0.22134602069854736
vt 0.15958300232887268 0.21446800231933594
vt 0.19660399854183197 0.21703749895095825
vt 0.21177449822425842 0.21590501070022583
vt 0.20485199987888336 0.218114972114563
vt 0.1731940060853958 0.21804499626159668
vt 0.18807199597358704 0.21838051080703735
vt 0.8264999985694885 0.7824770212173462
vt 0.8078380227088928 0.7824770212173462
vt 0.8062555193901062 0.7334209680557251
vt 0.827921986579895 0.7334209680557251
vt 0.8046730160713196 0.7176499962806702
vt 0.8292760252952576 0.6953489780426025
vt 0.840237021446228 0.6953340172767639
vt 0.8313320279121399 0.7319089770317078
vt 0.8264999985694885 0.7824770212173462
vt 0.8078380227088928 0.7824770212173462
vt 0.8062555193901062 0.7334209680557251
vt 0.827921986579895 0.7334209680557251
vt 0.8046730160713196 0.7176499962806702
vt 0.8292760252952576 0.6953489780426025
vt 0.840237021446228 0.6953340172767639
vt 0.8313320279121399 0.7319089770317078
vt 0.13099350035190582 0.9724670052528381
vt 0.1296589970588684 0.9607470035552979
vt 0.43131598830223083 0.9607470035552979
vt 0.4333510100841522 0.972465991973877
vt 0.45461201667785645 0.9607470035552979
vt 0.45461300015449524 0.972465991973877
vt 0.7521960139274597 0.9607459902763367
vt 0.7525780200958252 0.972465991973877
vt 0.7719359993934631 0.9607470035552979
vt 0.7717530131340027 0.972465991973877
vt 0.784500002861023 0.972465991973877
vt 0.7851600050926208 0.9607470035552979
vt 0.9872745275497437 0.9607470035552979
vt 0.9875530004501343 0.972465991973877
vt 0.784500002861023 0.972465991973877
vt 0.7851600646972656 0.9607470035552979
vt 0.7719359397888184 0.9607470035552979
vt 0.7717530727386475 0.972465991973877
vt 0.7525780200958252 0.972465991973877
vt 0.7521960735321045 0.9607459902763367
vt 0.45461297035217285 0.972465991973877
vt 0.45461195707321167 0.9607470035552979
vt 0.4333510398864746 0.972465991973877
vt 0.4313160181045532 0.9607470035552979
vt 0.1309935450553894 0.9724670052528381
vt 0.1296589970588684 0.9607470035552979
vt 0.8488240242004395 0.09247201681137085
vt 0.843066930770874 0.10426199436187744
vt 0.8565109968185425 0.10426199436187744
vt 0.8619930744171143 0.09247201681137085
vt 0.9840120077133179 0.10426199436187744
vt 0.9954769611358643 0.09247201681137085
vt 0.2576899528503418 0.257532000541687
vt 0.2548699378967285 0.26809000968933105
vt 0.2655090093612671 0.26809096336364746
vt 0.2681419849395752 0.257532000541687
vt 0.2576899528503418 0.257532000541687
vt 0.2655090093612671 0.26809096336364746
vt 0.2655090093612671 0.26809096336364746
vt 0.2681419849395752 0.257532000541687
vt 0.44098198413848877 0.26809000968933105
vt 0.44098198413848877 0.26809000968933105
vt 0.45506298542022705 0.257532000541687
vt 0.2681419849395752 0.257532000541687
vt 0.4224032759666443 0.8351114988327026
vt 0.4201030135154724 0.8492980003356934
vt 0.4125629961490631 0.8515030145645142
vt 0.4125640094280243 0.8273329734802246
vt 0.355087012052536 0.8515030145645142
vt 0.355089008808136 0.8273320198059082
vt 0.34907498955726624 0.8295890092849731
vt 0.3463553488254547 0.8437750339508057
vt 0.9628084897994995 0.950094997882843
vt 0.9440054893493652 0.950094997882843
vt 0.9440054893493652 0.9157860279083252
vt 0.9628080129623413 0.9157860279083252
vt 0.9767749905586243 0.9500960111618042
vt 0.9767749905586243 0.9157860279083252
vt 0.9918234944343567 0.9157860279083252
vt 0.9918234944343567 0.950094997882843
vt 0.4381389915943146 0.11047601699829102
vt 0.3909650146961212 0.006415009498596191
vt 0.4458810091018677 0.09751498699188232
vt 0.04804199934005737 0.006415009498596191
vt 0.4307920038700104 0.11497598886489868
vt 0.09757199883460999 0.11465001106262207
vt 0.42999449372291565 0.1384904980659485
vt 0.08723700046539307 0.11408603191375732
vt 0.026288000866770744 0.0334320068359375
vt 0.025692500174045563 0.03977048397064209
vt 0.08150400221347809 0.1111609935760498
vt 0.09736400097608566 0.12530803680419922
vt 0.09547100216150284 0.13786602020263672
vt 0.09870199859142303 0.15301799774169922
vt 0.10250700265169144 0.15825998783111572
vt 0.42564499378204346 0.14342600107192993
vt 0.11191099882125854 0.16399800777435303
vt 0.34373098611831665 0.1708880066871643
vt 0.2801530063152313 0.1706629991531372
vt 0.12239000201225281 0.16975802183151245
vt 0.1301494985818863 0.18114250898361206
vt 0.2799449861049652 0.1783580183982849
vt 0.2730814814567566 0.19367676973342896
vt 0.1447179913520813 0.2053239941596985
vt 0.21632599830627441 0.20663899183273315
vt 0.24472999572753906 0.20345598459243774
vt 0.22811700403690338 0.20765602588653564
vt 0.23261399567127228 0.2213115096092224
vt 0.24537250399589539 0.22134602069854736
vt 0.2116049975156784 0.20809900760650635
vt 0.1595820039510727 0.21446800231933594
vt 0.18807199597358704 0.21838051080703735
vt 0.1731940060853958 0.21804499626159668
vt 0.19660449028015137 0.21703749895095825
vt 0.20485199987888336 0.218114972114563
vt 0.21177449822425842 0.21590501070022583
vt 0.8565109968185425 0.10426199436187744
vt 0.8430669903755188 0.10426199436187744
vt 0.8488240242004395 0.09247201681137085
vt 0.8619930148124695 0.09247201681137085
vt 0.9840120077133179 0.10426199436187744
vt 0.995477020740509 0.09247201681137085
vt 0.2655090093612671 0.26809096336364746
vt 0.2548699975013733 0.26809000968933105
vt 0.2576900124549866 0.257532000541687
vt 0.2681420147418976 0.257532000541687
vt 0.2655090093612671 0.26809096336364746
vt 0.2576900124549866 0.257532000541687
vt 0.2681420147418976 0.257532000541687
vt 0.2655090093612671 0.26809096336364746
vt 0.44098201394081116 0.26809000968933105
vt 0.44098201394081116 0.26809000968933105
vt 0.45506298542022705 0.257532000541687
vt 0.2681420147418976 0.257532000541687
vt 0.8703212141990662 0.7396460175514221
vt 0.8643482327461243 0.7438360452651978
vt 0.9636722207069397 0.8031930327415466
vt 0.975560188293457 0.799422025680542
vt 0.8802897334098816 0.730305016040802
vt 0.9904811978340149 0.785252571105957
vt 0.9945372343063354 0.7668920159339905
vt 0.8853312134742737 0.7199790477752686
vt 0.9733871817588806 0.6773620247840881
vt 0.8853201866149902 0.6650650501251221
vt 0.96871018409729 0.6658000349998474
vt 0.8850212097167969 0.6591269969940186
vt 0.9624236822128296 0.6459485292434692
vt 0.8811732530593872 0.6460084915161133
vt 0.9631361961364746 0.6267940402030945
vt 0.879108190536499 0.6357640027999878
vt 0.8844022154808044 0.5811070203781128
vt 0.992402195930481 0.5395800471305847
vt 0.4125629961490631 0.8515030145645142
vt 0.4201030135154724 0.8492980003356934
vt 0.4224032759666443 0.8351114988327026
vt 0.4125640094280243 0.8273329734802246
vt 0.355087012052536 0.8515030145645142
vt 0.355089008808136 0.8273320198059082
vt 0.34907498955726624 0.8295890092849731
vt 0.3463553488254547 0.8437750339508057
vt 0.8703212141990662 0.7396460175514221
vt 0.9636722207069397 0.8031930327415466
vt 0.8643482327461243 0.7438360452651978
vt 0.975560188293457 0.799422025680542
vt 0.8802897334098816 0.730305016040802
vt 0.9904811978340149 0.785252571105957
vt 0.9945372343063354 0.7668920159339905
vt 0.8853312134742737 0.7199790477752686
vt 0.9733871817588806 0.6773620247840881
vt 0.8853201866149902 0.6650650501251221
vt 0.96871018409729 0.6658000349998474
vt 0.8850212097167969 0.6591269969940186
vt 0.9624236822128296 0.6459485292434692
vt 0.8811732530593872 0.6460084915161133
vt 0.9631361961364746 0.6267940402030945
vt 0.879108190536499 0.6357640027999878
vt 0.8844022154808044 0.5811070203781128
vt 0.992402195930481 0.5395800471305847
vt 0.7936270236968994 0.9500859975814819
vt 0.7829775214195251 0.9500960111618042
vt 0.7829775214195251 0.915785014629364
vt 0.7936264872550964 0.9157800078392029
vt 0.8002715110778809 0.9157800078392029
vt 0.8002715110778809 0.9500859975814819
vt 0.8931804895401001 0.9157810211181641
vt 0.8931800127029419 0.9500870108604431
vt 0.8998785018920898 0.9157810211181641
vt 0.8998785018920898 0.9500870108604431
vt 0.9353355169296265 0.9500859975814819
vt 0.9353355169296265 0.9157800078392029
vt 0.9939029812812805 0.9833289980888367
vt 0.9939029812812805 0.995048999786377
vt 0.9812455177307129 0.995048999786377
vt 0.9806984663009644 0.9833295345306396
vt 0.8830524682998657 0.9833295345306396
vt 0.8841919898986816 0.995048999786377
vt 0.6552885174751282 0.995048999786377
vt 0.6547715067863464 0.9833295345306396
vt 0.48481398820877075 0.995048999786377
vt 0.4835985004901886 0.9833300113677979
vt 0.45385247468948364 0.995048999786377
vt 0.4537479877471924 0.9833289980888367
vt 0.42496198415756226 0.9833295345306396
vt 0.42333999276161194 0.995048999786377
vt 0.11579100042581558 0.9833300113677979
vt 0.11658599972724915 0.995048999786377
vt 0.1121010035276413 0.995048999786377
vt 0.1121010035276413 0.9833300113677979
vt 0.1157909631729126 0.9833300113677979
vt 0.11658596992492676 0.995048999786377
vt 0.42333996295928955 0.995048999786377
vt 0.42496198415756226 0.9833295345306396
vt 0.4538525342941284 0.995048999786377
vt 0.4537479877471924 0.9833289980888367
vt 0.483598530292511 0.9833300113677979
vt 0.48481398820877075 0.995048999786377
vt 0.6547715067863464 0.9833295345306396
vt 0.6552885174751282 0.995048999786377
vt 0.8830524682998657 0.9833295345306396
vt 0.8841919898986816 0.995048999786377
vt 0.9812455177307129 0.995048999786377
vt 0.9806984663009644 0.9833295345306396
vt 0.9939029216766357 0.9833289980888367
vt 0.9939029216766357 0.995048999786377
vt 0.6120344996452332 0.8758509755134583
vt 0.5913354754447937 0.8758509755134583
vt 0.6287565231323242 0.9043400287628174
vt 0.6063705086708069 0.9043400287628174
vt 0.5722000598907471 0.9043405055999756
vt 0.5737370252609253 0.8758500218391418
vt 0.5606924891471863 0.8758509755134583
vt 0.5448554754257202 0.9043400287628174
vt 0.45827949047088623 0.8758500218391418
vt 0.4476635158061981 0.9043400287628174
vt 0.4377174973487854 0.8758500218391418
vt 0.4272814989089966 0.9043400287628174
vt 0.3983890116214752 0.8758500218391418
vt 0.39612850546836853 0.9043400287628174
vt 0.35756951570510864 0.8758500218391418
vt 0.36552050709724426 0.9043400287628174
vt 0.21921150386333466 0.9043400287628174
vt 0.19844950735569 0.8758509755134583
vt 0.6120344996452332 0.8758509755134583
vt 0.6287565231323242 0.9043400287628174
vt 0.5913354754447937 0.8758509755134583
vt 0.6063705086708069 0.9043400287628174
vt 0.5722000598907471 0.9043405055999756
vt 0.5737370252609253 0.8758500218391418
vt 0.5606924891471863 0.8758509755134583
vt 0.5448554754257202 0.9043400287628174
vt 0.45827949047088623 0.8758500218391418
vt 0.4476635158061981 0.9043400287628174
vt 0.4377174973487854 0.8758500218391418
vt 0.4272814989089966 0.9043400287628174
vt 0.3983890116214752 0.8758500218391418
vt 0.39612850546836853 0.9043400287628174
vt 0.35756951570510864 0.8758500218391418
vt 0.36552050709724426 0.9043400287628174
vt 0.21921150386333466 0.9043400287628174
vt 0.19844950735569 0.8758509755134583
vt 0.5459150075912476 0.8628320097923279
vt 0.5272459983825684 0.8628320097923279
vt 0.525812029838562 0.8137609958648682
vt 0.5474715232849121 0.8137639760971069
vt 0.5490279793739319 0.7979879975318909
vt 0.5243769884109497 0.7757130265235901
vt 0.5087590217590332 0.7757109999656677
vt 0.5184879899024963 0.8122450113296509
vt 0.5459150075912476 0.8628320097923279
vt 0.5272459983825684 0.8628320097923279
vt 0.525812029838562 0.8137609958648682
vt 0.5474715232849121 0.8137639760971069
vt 0.5490279793739319 0.7979879975318909
vt 0.5243769884109497 0.7757130265235901
vt 0.5087590217590332 0.7757109999656677
vt 0.5184879899024963 0.8122450113296509
vt 0.07791449874639511 0.9450430274009705
vt 0.05964525043964386 0.9260292649269104
vt 0.10423500090837479 0.9399570226669312
vt 0.03626599907875061 0.6821619868278503
vt 0.012012999504804611 0.6692720055580139
vt 0.20089305937290192 0.8165690302848816
vt 0.22490674257278442 0.8289862871170044
vt 0.03342299908399582 0.667464017868042
vt 0.21154800057411194 0.8095830082893372
vt 0.22868557274341583 0.8041182160377502
vt 0.244937002658844 0.8002089858055115
vt 0.37836799025535583 0.5722079873085022
vt 0.4367472529411316 0.7692669630050659
vt 0.38607001304626465 0.5828940272331238
vt 0.5068569779396057 0.707377016544342
vt 0.521714448928833 0.724370002746582
vt 0.5294737815856934 0.7092387676239014
vt 0.5079699754714966 0.6935399770736694
vt 0.4492869973182678 0.4590519666671753
vt 0.39257198572158813 0.5712090134620667
vt 0.4660000205039978 0.4313620328903198
vt 0.44418999552726746 0.44350898265838623
vt 0.4565577507019043 0.4139517545700073
vt 0.24716907739639282 0.3213881254196167
vt 0.3852579891681671 0.5611550211906433
vt 0.22161650657653809 0.27086949348449707
vt 0.22953711450099945 0.3108781576156616
vt 0.20569700002670288 0.26128101348876953
vt 0.19388200342655182 0.2877979874610901
vt 0.1835239976644516 0.28203898668289185
vt 0.02888599969446659 0.6532319784164429
vt 0.19501951336860657 0.2558720111846924
vt 0.02097100019454956 0.1774594783782959
vt 0.00894249975681305 0.665184497833252
vt 0.019006000831723213 0.6437389850616455
vt 0.010537000373005867 0.6418589949607849
vt 0.019006013870239258 0.6437389850616455
vt 0.1835240125656128 0.28203898668289185
vt 0.19501954317092896 0.2558720111846924
vt 0.028885960578918457 0.6532319784164429
vt 0.20569705963134766 0.26128101348876953
vt 0.012012958526611328 0.6692720055580139
vt 0.19388198852539062 0.2877979874610901
vt 0.22953712940216064 0.3108781576156616
vt 0.22161650657653809 0.27086949348449707
vt 0.3783680200576782 0.5722079873085022
vt 0.24716901779174805 0.3213881254196167
vt 0.4565577805042267 0.4139517545700073
vt 0.03342294692993164 0.667464017868042
vt 0.22868561744689941 0.8041182160377502
vt 0.03626596927642822 0.6821619868278503
vt 0.21154797077178955 0.8095830082893372
vt 0.059645235538482666 0.9260292649269104
vt 0.22490671277046204 0.8289862871170044
vt 0.10423502326011658 0.9399570226669312
vt 0.07791447639465332 0.9450430274009705
vt 0.20089304447174072 0.8165690302848816
vt 0.24493694305419922 0.8002089858055115
vt 0.4367472231388092 0.7692669630050659
vt 0.38607001304626465 0.5828940272331238
vt 0.5068569183349609 0.707377016544342
vt 0.5217145085334778 0.724370002746582
vt 0.5294737219810486 0.7092387676239014
vt 0.5079699754714966 0.6935399770736694
vt 0.44928693771362305 0.4590519666671753
vt 0.39257192611694336 0.5712090134620667
vt 0.4660000205039978 0.4313620328903198
vt 0.44419002532958984 0.44350898265838623
vt 0.3852579593658447 0.5611550211906433
vt 0.4918542504310608 0.019245028495788574
vt 0.5194374918937683 0.017626523971557617
vt 0.4772990047931671 0.0423162579536438
vt 0.5067179799079895 0.28542500734329224
vt 0.4816964864730835 0.3097435235977173
vt 0.6498649716377258 0.11117100715637207
vt 0.6753649711608887 0.09207075834274292
vt 0.5062397122383118 0.3044847846031189
vt 0.6593919992446899 0.11673897504806519
vt 0.4955750107765198 0.3159250020980835
vt 0.479778528213501 0.31279098987579346
vt 0.6804559826850891 0.12053501605987549
vt 0.5019680261611938 0.32443201541900635
vt 0.6944370269775391 0.12186300754547119
vt 0.8672710061073303 0.32934099435806274
vt 0.8732242584228516 0.12820547819137573
vt 0.8692190051078796 0.32008999586105347
vt 0.9651250243186951 0.17309099435806274
vt 0.9770064949989319 0.1524145007133484
vt 0.986441969871521 0.16605377197265625
vt 0.965973973274231 0.19021499156951904
vt 0.7835407853126526 0.6195637583732605
vt 0.957073986530304 0.4178199768066406
vt 0.877843976020813 0.3278900384902954
vt 0.9823609590530396 0.441958487033844
vt 0.9571149945259094 0.4343219995498657
vt 0.9785822629928589 0.46058177947998047
vt 0.7863014936447144 0.6630585193634033
vt 0.7995861768722534 0.6038678288459778
vt 0.8737220168113708 0.3373450040817261
vt 0.7708150148391724 0.6800205111503601
vt 0.7509160041809082 0.6555200219154358
vt 0.7406030297279358 0.6648070216178894
vt 0.759842038154602 0.688949465751648
vt 0.6035892963409424 0.8085570335388184
vt 0.49516499042510986 0.33455395698547363
vt 0.4863179922103882 0.3386499881744385
vt 0.49516499042510986 0.33455395698547363
vt 0.740602970123291 0.6648070216178894
vt 0.759842038154602 0.688949465751648
vt 0.7708150148391724 0.6800205111503601
vt 0.7509160041809082 0.6555200219154358
vt 0.495574951171875 0.3159250020980835
vt 0.7835407257080078 0.6195637583732605
vt 0.4816964864730835 0.3097435235977173
vt 0.7863014936447144 0.6630585193634033
vt 0.5019680261611938 0.32443201541900635
vt 0.8672709465026855 0.32934099435806274
vt 0.7995861768722534 0.6038678288459778
vt 0.6804559230804443 0.12053501605987549
vt 0.9571149349212646 0.4343219995498657
vt 0.8737220764160156 0.3373450040817261
vt 0.9785822629928589 0.46058177947998047
vt 0.9823610186576843 0.441958487033844
vt 0.9570739269256592 0.4178199768066406
vt 0.9864420294761658 0.16605377197265625
vt 0.965973973274231 0.19021499156951904
vt 0.877843976020813 0.3278900384902954
vt 0.9651250839233398 0.17309099435806274
vt 0.9770064949989319 0.1524145007133484
vt 0.8732242584228516 0.12820547819137573
vt 0.8692190647125244 0.32008999586105347
vt 0.6944370269775391 0.12186300754547119
vt 0.6753649711608887 0.09207075834274292
vt 0.6593919992446899 0.11673897504806519
vt 0.649864912033081 0.11117100715637207
vt 0.506239652633667 0.3044847846031189
vt 0.5194374918937683 0.017626523971557617
vt 0.5067179203033447 0.28542500734329224
vt 0.4772990047931671 0.0423162579536438
vt 0.4918542206287384 0.019245028495788574
vt 0.4527119994163513 0.8535410165786743
vt 0.45702001452445984 0.8592879772186279
vt 0.4614444971084595 0.8297674655914307
vt 0.44039100408554077 0.8654450178146362
vt 0.45510798692703247 0.8311995267868042
vt 0.44039100408554077 0.859408974647522
vt 0.4433499872684479 0.8104419708251953
vt 0.3347809910774231 0.8654450178146362
vt 0.44081300497055054 0.8165460228919983
vt 0.3378570079803467 0.859408974647522
vt 0.3374980092048645 0.8104419708251953
vt 0.32356148958206177 0.844898521900177
vt 0.3382970094680786 0.8165460228919983
vt 0.31711700558662415 0.8468459844589233
vt 0.3259580135345459 0.8224149942398071
vt 0.32002800703048706 0.8185619711875916
vt 0.4527119994163513 0.8535410165786743
vt 0.45702001452445984 0.8592879772186279
vt 0.44039100408554077 0.8654450178146362
vt 0.4614444971084595 0.8297674655914307
vt 0.44039100408554077 0.859408974647522
vt 0.45510798692703247 0.8311995267868042
vt 0.3347809910774231 0.8654450178146362
vt 0.4433499872684479 0.8104419708251953
vt 0.3378570079803467 0.859408974647522
vt 0.44081300497055054 0.8165460228919983
vt 0.32356148958206177 0.844898521900177
vt 0.3374980092048645 0.8104419708251953
vt 0.31711700558662415 0.8468459844589233
vt 0.3382970094680786 0.8165460228919983
vt 0.32002800703048706 0.8185619711875916
vt 0.3259580135345459 0.8224149942398071
vn -0.11427078396081924 0.020441407337784767 0.9932393431663513
vn -0.11648402363061905 0.01814788579940796 0.9930267333984375
vn -0.11427078396081924 0.020441407337784767 0.9932393431663513
vn -0.11205637454986572 0.02273472025990486 0.9934417605400085
vn 0.655880331993103 -0.46802380681037903 0.5922624468803406
vn 0.6521967053413391 -0.48064419627189636 0.5861916542053223
vn 0.655880331993103 -0.46802380681037903 0.5922624468803406
vn 0.6594263911247253 -0.455305278301239 0.598209023475647
vn -0.2089828997850418 -0.1814056932926178 0.9609465599060059
vn -0.2059262990951538 -0.1778019666671753 0.9622789621353149
vn -0.2089828997850418 -0.1814056932926178 0.9609465599060059
vn -0.2120344191789627 -0.18500500917434692 0.9595908522605896
vn 0.6526261568069458 -0.4580613672733307 0.6035386323928833
vn 0.6518704891204834 -0.46078357100486755 0.6022818088531494
vn 0.6526261568069458 -0.4580613672733307 0.6035386323928833
vn 0.6533755660057068 -0.45533478260040283 0.6047897934913635
vn 0.6586800217628479 -0.45744824409484863 0.5973957777023315
vn 0.6581668257713318 -0.45902204513549805 0.5967539548873901
vn 0.6586800217628479 -0.45744824409484863 0.5973957777023315
vn 0.6591911911964417 -0.4558730125427246 0.5980357527732849
vn -0.13592323660850525 -0.21658168733119965 0.9667560458183289
vn -0.1369948536157608 -0.21913696825504303 0.9660286903381348
vn -0.13592323660850525 -0.21658168733119965 0.9667560458183289
vn -0.13485051691532135 -0.2140246331691742 0.9674755334854126
vn 0.5555359125137329 0.2575596868991852 0.790596604347229
vn 0.5552989840507507 0.26030221581459045 0.7898644208908081
vn 0.5555359125137329 0.2575596868991852 0.790596604347229
vn 0.5557682514190674 0.2548150420188904 0.7913222908973694
vn -0.5558790564537048 0.2577999532222748 -0.7902770042419434
vn -0.5552778840065002 0.2604643404483795 -0.7898259162902832
vn -0.5558790564537048 0.2577999532222748 -0.7902770042419434
vn -0.5564759969711304 0.25513359904289246 -0.790722131729126
vn 0.5742651224136353 0.00896414089947939 0.8186204433441162
vn 0.5737377405166626 0.004086730070412159 0.8190289735794067
vn 0.5742651224136353 0.00896414089947939 0.8186204433441162
vn 0.5747784972190857 0.01384133379906416 0.8181920051574707
vn -0.5751330852508545 0.002440237905830145 -0.8180562257766724
vn -0.5751333236694336 0.002448368351906538 -0.8180561065673828
vn -0.5751330852508545 0.002440237905830145 -0.8180562257766724
vn -0.5751328468322754 0.0024321076925843954 -0.8180564045906067
vn 0.5751330852508545 0.002440547337755561 0.8180562257766724
vn 0.5751335024833679 0.00243474543094635 0.8180559873580933
vn 0.5751330852508545 0.002440547337755561 0.8180562257766724
vn 0.5751326680183411 0.0024463492445647717 0.8180564641952515
vn -0.5751317739486694 0.0024402409326285124 -0.8180571794509888
vn -0.5751299262046814 0.002440383657813072 -0.8180585503578186
vn -0.5751317739486694 0.0024402409326285124 -0.8180571794509888
vn -0.5751336812973022 0.002440098440274596 -0.8180558681488037
vn 0.5751327276229858 0.002440778072923422 0.8180564641952515
vn 0.5751319527626038 0.0024407252203673124 0.8180570602416992
vn 0.5751327276229858 0.002440778072923422 0.8180564641952515
vn 0.5751335620880127 0.0024408306926488876 0.8180558681488037
vn -0.17147451639175415 -0.20056474208831787 0.9645569920539856
vn -0.13719162344932556 -0.21282468736171722 0.9674111008644104
vn -0.17147451639175415 -0.20056474208831787 0.9645569920539856
vn -0.20552876591682434 -0.18803735077381134 0.9604166150093079
vn 0.6559501886367798 -0.45723292231559753 0.6005558967590332
vn 0.6579684615135193 -0.45908284187316895 0.5969257950782776
vn 0.6559501886367798 -0.45723292231559753 0.6005558967590332
vn 0.6539183259010315 -0.4553735852241516 0.6041737198829651
vn 0.6605186462402344 -0.44463005661964417 0.6049953103065491
vn 0.6606613993644714 -0.4454832077026367 0.6042112708091736
vn 0.6605186462402344 -0.44463005661964417 0.6049953103065491
vn 0.6603749394416809 -0.44377633929252625 0.6057785749435425
vn -0.628693699836731 0.5273439884185791 -0.5715353488922119
vn -0.6286499500274658 0.5268262028694153 -0.5720606446266174
vn -0.628693699836731 0.5273439884185791 -0.5715353488922119
vn -0.6287370324134827 0.527861475944519 -0.5710097551345825
vn -0.9040135145187378 0.387803852558136 0.17991048097610474
vn -0.9075528979301453 0.3889144957065582 0.15840886533260345
vn -0.9040135145187378 0.387803852558136 0.17991048097610474
vn -0.9000438451766968 0.38650861382484436 0.20132645964622498
vn -0.7213231921195984 -0.05090652406215668 -0.6907252669334412
vn -0.6987435817718506 0.19947774708271027 -0.6869979500770569
vn -0.7213231921195984 -0.05090652406215668 -0.6907252669334412
vn -0.6983036994934082 -0.2980726361274719 -0.6507877707481384
vn -0.5713631510734558 -0.04863050952553749 -0.8192552924156189
vn -0.5663893818855286 -0.061957988888025284 -0.821805477142334
vn -0.5713631510734558 -0.04863050952553749 -0.8192552924156189
vn -0.576217532157898 -0.03529287129640579 -0.8165340423583984
vn 0.5784159898757935 -0.048727113753557205 0.8142853379249573
vn 0.5812787413597107 -0.03430837765336037 0.8129809498786926
vn 0.5784159898757935 -0.048727113753557205 0.8142853379249573
vn 0.5754272937774658 -0.06313525140285492 0.8154124021530151
vn -0.571711003780365 -0.03530076518654823 -0.8196952939033508
vn -0.5684139728546143 -0.04495666176080704 -0.8215135931968689
vn -0.571711003780365 -0.03530076518654823 -0.8196952939033508
vn -0.5749466419219971 -0.02564108744263649 -0.8177891373634338
vn 0.5764867663383484 -0.03559793904423714 0.8163306713104248
vn 0.5783836841583252 -0.02522457391023636 0.8153747916221619
vn 0.5764867663383484 -0.03559793904423714 0.8163306713104248
vn 0.5745252370834351 -0.04596731811761856 0.8171951174736023
vn 0.002069281879812479 0.22269268333911896 -0.9748865365982056
vn 0.0041476041078567505 0.21743792295455933 -0.9760653972625732
vn 0.002069281879812479 0.22269268333911896 -0.9748865365982056
vn -9.109076017921325e-06 0.22794003784656525 -0.9736752510070801
vn -0.02512834593653679 -0.18710751831531525 0.9820180535316467
vn -0.020557792857289314 -0.1586201786994934 0.9871256351470947
vn -0.02512834593653679 -0.18710751831531525 0.9820180535316467
vn -0.02967732772231102 -0.2154342383146286 0.9760673642158508
vn -0.8171218037605286 -0.18907476961612701 0.544575572013855
vn -0.810273289680481 -0.15839684009552002 0.5642407536506653
vn -0.8171218037605286 -0.18907476961612701 0.544575572013855
vn -0.8228471875190735 -0.21949279308319092 0.5241618156433105
vn -0.8963138461112976 -0.4431294798851013 -0.01606030762195587
vn -0.8963138461112976 -0.4431294798851013 -0.01606030762195587
vn -0.8963152170181274 -0.44312670826911926 -0.01605961285531521
vn -0.8963124752044678 -0.4431322515010834 -0.016061002388596535
vn 0.8963128924369812 0.4431312680244446 0.016060981899499893
vn 0.8963128924369812 0.4431312680244446 0.016060981899499893
vn 0.8963127136230469 0.44313159584999084 0.016060324385762215
vn 0.8963130712509155 0.4431309103965759 0.016061637550592422
vn -0.07133960723876953 0.1733773648738861 -0.9822682738304138
vn -0.07133960723876953 0.1733773648738861 -0.9822682738304138
vn -0.07134392857551575 0.1733779013156891 -0.9822678565979004
vn -0.07133527845144272 0.17337684333324432 -0.9822686910629272
vn 0.0713285580277443 -0.17338278889656067 0.982268214225769
vn 0.0713285580277443 -0.17338278889656067 0.982268214225769
vn 0.07132421433925629 -0.17338362336158752 0.9822682738304138
vn 0.0713328868150711 -0.17338192462921143 0.9822679758071899
vn 0.4365611672401428 -0.871713399887085 -0.2225535362958908
vn 0.4365611672401428 -0.871713399887085 -0.2225535362958908
vn 0.4365611672401428 -0.871713399887085 -0.2225535362958908
vn 0.43656638264656067 -0.8717102408409119 -0.2225561887025833
vn 0.43656638264656067 -0.8717102408409119 -0.2225561887025833
vn 0.43656638264656067 -0.8717102408409119 -0.2225561887025833
vn -0.43656066060066223 0.8717144727706909 0.22255074977874756
vn -0.43656066060066223 0.8717144727706909 0.22255074977874756
vn -0.43656066060066223 0.8717144727706909 0.22255074977874756
vn -0.43656155467033386 0.8717128038406372 0.22255545854568481
vn -0.43656155467033386 0.8717128038406372 0.22255545854568481
vn -0.43656155467033386 0.8717128038406372 0.22255545854568481
vn -0.5992861390113831 -0.800527811050415 0.0034131265711039305
vn -0.594821035861969 -0.8038293123245239 0.006826108321547508
vn -0.5992861390113831 -0.800527811050415 0.0034131265711039305
vn -0.6037256121635437 -0.7971922159194946 0.0
vn 0.592499852180481 0.8055706024169922 0.0
vn 0.5936659574508667 0.804711103439331 0.0008959593251347542
vn 0.5936659574508667 0.804711103439331 0.0008959593251347542
vn 0.594830334186554 0.8038493394851685 0.0017919160891324282
vn -0.0 0.0 -1.0
vn -0.0 0.0 -1.0
vn -0.0 0.0 -1.0
vn -0.0 0.0 -1.0
vn 0.005146940238773823 0.018792878836393356 0.9998102188110352
vn 0.005146940238773823 0.018792878836393356 0.9998102188110352
vn -0.002333290409296751 0.0017168803606182337 0.9999958276748657
vn 0.012625383213162422 0.03586234524846077 0.9992769956588745
vn 0.8049713373184204 -0.5933138132095337 0.0
vn 0.8049713373184204 -0.5933138132095337 0.0
vn 0.8049713373184204 -0.5933138132095337 0.0
vn 0.8049713373184204 -0.5933138132095337 0.0
vn 0.8049713373184204 -0.5933138132095337 0.0
vn 0.8049713373184204 -0.5933138132095337 0.0
vn -0.8049653172492981 0.593290388584137 -0.006115402560681105
vn -0.8049653172492981 0.593290388584137 -0.006115402560681105
vn -0.8049653172492981 0.593290388584137 -0.006115402560681105
vn -0.8050909042358398 0.593120276927948 -0.006083450745791197
vn -0.8050909042358398 0.593120276927948 -0.006083450745791197
vn -0.8050909042358398 0.593120276927948 -0.006083450745791197
vn -0.6204506754875183 -0.5307959914207458 0.5773186087608337
vn -0.6204506754875183 -0.5307959914207458 0.5773186087608337
vn -0.620388388633728 -0.5333242416381836 0.575050950050354
vn -0.620505690574646 -0.5282616019248962 0.5795795321464539
vn 0.6204517483711243 0.5307950377464294 -0.5773182511329651
vn 0.6204517483711243 0.5307950377464294 -0.5773182511329651
vn 0.6205102205276489 0.5282588601112366 -0.5795772075653076
vn 0.6203861236572266 0.5333250761032104 -0.5750525593757629
vn -0.6585333943367004 -0.04579475522041321 -0.7511569857597351
vn -0.6585333943367004 -0.04579475522041321 -0.7511569857597351
vn -0.6585392355918884 -0.045792996883392334 -0.7511519193649292
vn -0.6585274338722229 -0.045796509832143784 -0.7511619329452515
vn 0.6585268378257751 0.045794833451509476 0.7511626482009888
vn 0.6585274934768677 0.045795369893312454 0.7511621117591858
vn 0.6585268378257751 0.045794833451509476 0.7511626482009888
vn 0.6585262417793274 0.045794300734996796 0.7511632442474365
vn 0.429583340883255 -0.8449087142944336 -0.3187277615070343
vn 0.429583340883255 -0.8449087142944336 -0.3187277615070343
vn 0.429583340883255 -0.8449087142944336 -0.3187277615070343
vn 0.42958274483680725 -0.8449097275733948 -0.3187260031700134
vn 0.42958274483680725 -0.8449097275733948 -0.3187260031700134
vn 0.42958274483680725 -0.8449097275733948 -0.3187260031700134
vn -0.4295821785926819 0.8449100255966187 0.3187260329723358
vn -0.4295821785926819 0.8449100255966187 0.3187260329723358
vn -0.4295821785926819 0.8449100255966187 0.3187260329723358
vn -0.42958351969718933 0.844908595085144 0.31872791051864624
vn -0.42958351969718933 0.844908595085144 0.31872791051864624
vn -0.42958351969718933 0.844908595085144 0.31872791051864624
vn -0.24876222014427185 -0.943839430809021 -0.21745003759860992
vn -0.24876338243484497 -0.9438394904136658 -0.21744845807552338
vn -0.24876222014427185 -0.943839430809021 -0.21745003759860992
vn -0.24876108765602112 -0.943839430809021 -0.21745164692401886
vn 0.2846996486186981 0.9255654811859131 0.24954932928085327
vn 0.2846996486186981 0.9255654811859131 0.24954932928085327
vn 0.2847001552581787 0.925563633441925 0.24955524504184723
vn 0.28469911217689514 0.9255671501159668 0.24954333901405334
vn 0.6977948546409607 -0.35316380858421326 0.62318354845047
vn 0.6977967619895935 -0.35315629839897156 0.6231856346130371
vn 0.6977948546409607 -0.35316380858421326 0.62318354845047
vn 0.6977929472923279 -0.3531712591648102 0.6231814622879028
vn 0.664596676826477 -0.0032861637882888317 -0.7471951246261597
vn 0.6645984649658203 -0.0032852385193109512 -0.747193455696106
vn 0.6645984649658203 -0.0032852385193109512 -0.747193455696106
vn 0.6646003723144531 -0.003284313715994358 -0.7471917867660522
vn -0.6646085977554321 0.003265594132244587 0.7471845149993896
vn -0.6646085977554321 0.003265594132244587 0.7471845149993896
vn -0.6646085977554321 0.0032789823599159718 0.7471845149993896
vn -0.6646086573600769 0.003252206137403846 0.7471845746040344
vn -0.3528308868408203 -0.867221474647522 -0.35133668780326843
vn -0.3528308868408203 -0.867221474647522 -0.35133668780326843
vn -0.35283148288726807 -0.8672203421592712 -0.3513387441635132
vn -0.35283029079437256 -0.8672225475311279 -0.3513346016407013
vn 0.31888046860694885 0.8916771411895752 0.32128992676734924
vn 0.31888046860694885 0.8916771411895752 0.32128992676734924
vn 0.3188812732696533 0.8916778564453125 0.32128727436065674
vn 0.3188796639442444 0.8916764855384827 0.32129260897636414
vn -0.659695565700531 0.4730367660522461 -0.5839846134185791
vn -0.659695565700531 0.4730367660522461 -0.5839846134185791
vn -0.659692645072937 0.47304415702819824 -0.5839820504188538
vn -0.6596985459327698 0.4730294644832611 -0.5839872360229492
vn 0.6723309755325317 0.02561143785715103 -0.7398074865341187
vn 0.6723309755325317 0.02561143785715103 -0.7398074865341187
vn 0.6723408102989197 0.025620538741350174 -0.7397982478141785
vn 0.6723211407661438 0.02560233697295189 -0.7398167252540588
vn -0.6723318696022034 -0.025615936145186424 0.7398064732551575
vn -0.6723342537879944 -0.02562134899199009 0.739804208278656
vn -0.6723318696022034 -0.025615936145186424 0.7398064732551575
vn -0.6723296046257019 -0.025610530748963356 0.7398088574409485
vn -0.11427078396081924 0.020441407337784767 -0.9932393431663513
vn -0.11205637454986572 0.02273472025990486 -0.9934417605400085
vn -0.11427078396081924 0.020441407337784767 -0.9932393431663513
vn -0.11648402363061905 0.01814788579940796 -0.9930267333984375
vn 0.655880331993103 -0.46802380681037903 -0.5922624468803406
vn 0.6594263911247253 -0.455305278301239 -0.598209023475647
vn 0.655880331993103 -0.46802380681037903 -0.5922624468803406
vn 0.6521967053413391 -0.48064419627189636 -0.5861916542053223
vn -0.2089828997850418 -0.1814056932926178 -0.9609465599060059
vn -0.2120344191789627 -0.18500500917434692 -0.9595908522605896
vn -0.2089828997850418 -0.1814056932926178 -0.9609465599060059
vn -0.2059262990951538 -0.1778019666671753 -0.9622789621353149
vn 0.6526261568069458 -0.4580613672733307 -0.6035386323928833
vn 0.6533755660057068 -0.45533478260040283 -0.6047897934913635
vn 0.6526261568069458 -0.4580613672733307 -0.6035386323928833
vn 0.6518704891204834 -0.46078357100486755 -0.6022818088531494
vn 0.6586800217628479 -0.45744824409484863 -0.5973957777023315
vn 0.6591911911964417 -0.4558730125427246 -0.5980357527732849
vn 0.6586800217628479 -0.45744824409484863 -0.5973957777023315
vn 0.6581668257713318 -0.45902204513549805 -0.5967539548873901
vn -0.13592323660850525 -0.21658168733119965 -0.9667560458183289
vn -0.13485051691532135 -0.2140246331691742 -0.9674755334854126
vn -0.13592323660850525 -0.21658168733119965 -0.9667560458183289
vn -0.1369948536157608 -0.21913696825504303 -0.9660286903381348
vn 0.5555359125137329 0.2575596868991852 -0.790596604347229
vn 0.5557682514190674 0.2548150420188904 -0.7913222908973694
vn 0.5555359125137329 0.2575596868991852 -0.790596604347229
vn 0.5552989840507507 0.26030221581459045 -0.7898644208908081
vn -0.5558790564537048 0.2577999532222748 0.7902770042419434
vn -0.5564759969711304 0.25513359904289246 0.790722131729126
vn -0.5558790564537048 0.2577999532222748 0.7902770042419434
vn -0.5552778840065002 0.2604643404483795 0.7898259162902832
vn 0.5742651224136353 0.00896414089947939 -0.8186204433441162
vn 0.5747784972190857 0.01384133379906416 -0.8181920051574707
vn 0.5742651224136353 0.00896414089947939 -0.8186204433441162
vn 0.5737377405166626 0.004086730070412159 -0.8190289735794067
vn -0.5751330852508545 0.002440237905830145 0.8180562257766724
vn -0.5751328468322754 0.0024321076925843954 0.8180564045906067
vn -0.5751330852508545 0.002440237905830145 0.8180562257766724
vn -0.5751333236694336 0.002448368351906538 0.8180561065673828
vn 0.5751330852508545 0.002440547337755561 -0.8180562257766724
vn 0.5751326680183411 0.0024463492445647717 -0.8180564641952515
vn 0.5751330852508545 0.002440547337755561 -0.8180562257766724
vn 0.5751335024833679 0.00243474543094635 -0.8180559873580933
vn -0.5751317739486694 0.0024402409326285124 0.8180571794509888
vn -0.5751336812973022 0.002440098440274596 0.8180558681488037
vn -0.5751317739486694 0.0024402409326285124 0.8180571794509888
vn -0.5751299262046814 0.002440383657813072 0.8180585503578186
vn 0.5751327276229858 0.002440778072923422 -0.8180564641952515
vn 0.5751335620880127 0.0024408306926488876 -0.8180558681488037
vn 0.5751327276229858 0.002440778072923422 -0.8180564641952515
vn 0.5751319527626038 0.0024407252203673124 -0.8180570602416992
vn -0.17147451639175415 -0.20056474208831787 -0.9645569920539856
vn -0.20552876591682434 -0.18803735077381134 -0.9604166150093079
vn -0.17147451639175415 -0.20056474208831787 -0.9645569920539856
vn -0.13719162344932556 -0.21282468736171722 -0.9674111008644104
vn 0.6559501886367798 -0.45723292231559753 -0.6005558967590332
vn 0.6539183259010315 -0.4553735852241516 -0.6041737198829651
vn 0.6559501886367798 -0.45723292231559753 -0.6005558967590332
vn 0.6579684615135193 -0.45908284187316895 -0.5969257950782776
vn 0.6605186462402344 -0.44463005661964417 -0.6049953103065491
vn 0.6603749394416809 -0.44377633929252625 -0.6057785749435425
vn 0.6605186462402344 -0.44463005661964417 -0.6049953103065491
vn 0.6606613993644714 -0.4454832077026367 -0.6042112708091736
vn -0.628693699836731 0.5273439884185791 0.5715353488922119
vn -0.6287370324134827 0.527861475944519 0.5710097551345825
vn -0.628693699836731 0.5273439884185791 0.5715353488922119
vn -0.6286499500274658 0.5268262028694153 0.5720606446266174
vn -0.9040135145187378 0.387803852558136 -0.17991048097610474
vn -0.9000438451766968 0.38650861382484436 -0.20132645964622498
vn -0.9040135145187378 0.387803852558136 -0.17991048097610474
vn -0.9075528979301453 0.3889144957065582 -0.15840886533260345
vn -0.7213231921195984 -0.05090652406215668 0.6907252669334412
vn -0.6983036994934082 -0.2980726361274719 0.6507877707481384
vn -0.7213231921195984 -0.05090652406215668 0.6907252669334412
vn -0.6987435817718506 0.19947774708271027 0.6869979500770569
vn -0.5713631510734558 -0.04863050952553749 0.8192552924156189
vn -0.576217532157898 -0.03529287129640579 0.8165340423583984
vn -0.5713631510734558 -0.04863050952553749 0.8192552924156189
vn -0.5663893818855286 -0.061957988888025284 0.821805477142334
vn 0.5784159898757935 -0.048727113753557205 -0.8142853379249573
vn 0.5754272937774658 -0.06313525140285492 -0.8154124021530151
vn 0.5784159898757935 -0.048727113753557205 -0.8142853379249573
vn 0.5812787413597107 -0.03430837765336037 -0.8129809498786926
vn -0.571711003780365 -0.03530076518654823 0.8196952939033508
vn -0.5749466419219971 -0.02564108744263649 0.8177891373634338
vn -0.571711003780365 -0.03530076518654823 0.8196952939033508
vn -0.5684139728546143 -0.04495666176080704 0.8215135931968689
vn 0.5764867663383484 -0.03559793904423714 -0.8163306713104248
vn 0.5745252370834351 -0.04596731811761856 -0.8171951174736023
vn 0.5764867663383484 -0.03559793904423714 -0.8163306713104248
vn 0.5783836841583252 -0.02522457391023636 -0.8153747916221619
vn 0.002069281879812479 0.22269268333911896 0.9748865365982056
vn -9.109076017921325e-06 0.22794003784656525 0.9736752510070801
vn 0.002069281879812479 0.22269268333911896 0.9748865365982056
vn 0.0041476041078567505 0.21743792295455933 0.9760653972625732
vn -0.02512834593653679 -0.18710751831531525 -0.9820180535316467
vn -0.02967732772231102 -0.2154342383146286 -0.9760673642158508
vn -0.02512834593653679 -0.18710751831531525 -0.9820180535316467
vn -0.020557792857289314 -0.1586201786994934 -0.9871256351470947
vn -0.8171218037605286 -0.18907476961612701 -0.544575572013855
vn -0.8228471875190735 -0.21949279308319092 -0.5241618156433105
vn -0.8171218037605286 -0.18907476961612701 -0.544575572013855
vn -0.810273289680481 -0.15839684009552002 -0.5642407536506653
vn -0.8963137865066528 -0.44312965869903564 0.016060007736086845
vn -0.8963152170181274 -0.44312670826911926 0.016059206798672676
vn -0.8963137865066528 -0.44312965869903564 0.016060007736086845
vn -0.8963122367858887 -0.44313254952430725 0.016060808673501015
vn 0.8963134288787842 0.4431303143501282 -0.016060786321759224
vn 0.8963133096694946 0.44313064217567444 -0.01605992577970028
vn 0.8963134288787842 0.4431303143501282 -0.016060786321759224
vn 0.8963136076927185 0.4431299567222595 -0.01606164686381817
vn -0.07133784890174866 0.17337791621685028 0.9822683334350586
vn -0.07134275883436203 0.17337845265865326 0.9822678565979004
vn -0.07133784890174866 0.17337791621685028 0.9822683334350586
vn -0.07133293896913528 0.1733773797750473 0.982268750667572
vn 0.0713285580277443 -0.17338280379772186 -0.982268214225769
vn 0.07132413983345032 -0.1733834445476532 -0.9822683930397034
vn 0.0713285580277443 -0.17338280379772186 -0.982268214225769
vn 0.07133296877145767 -0.17338213324546814 -0.9822679758071899
vn 0.4365617632865906 -0.8717132806777954 0.22255298495292664
vn 0.4365617632865906 -0.8717132806777954 0.22255298495292664
vn 0.4365617632865906 -0.8717132806777954 0.22255298495292664
vn 0.43656691908836365 -0.8717100620269775 0.22255560755729675
vn 0.43656691908836365 -0.8717100620269775 0.22255560755729675
vn 0.43656691908836365 -0.8717100620269775 0.22255560755729675
vn -0.4365620017051697 0.8717137575149536 -0.22255098819732666
vn -0.4365620017051697 0.8717137575149536 -0.22255098819732666
vn -0.4365620017051697 0.8717137575149536 -0.22255098819732666
vn -0.43656161427497864 0.8717129230499268 -0.22255507111549377
vn -0.43656161427497864 0.8717129230499268 -0.22255507111549377
vn -0.43656161427497864 0.8717129230499268 -0.22255507111549377
vn -0.5992860198020935 -0.8005278706550598 -0.0034130827989429235
vn -0.5992860198020935 -0.8005278706550598 -0.0034130827989429235
vn -0.5948209166526794 -0.8038293719291687 -0.006826020777225494
vn -0.6037256121635437 -0.7971922159194946 0.0
vn 0.5925002694129944 0.8055703639984131 0.0
vn 0.5936657786369324 0.8047112822532654 -0.000895978941116482
vn 0.5936657786369324 0.8047112822532654 -0.000895978941116482
vn 0.5948294997215271 0.8038498759269714 -0.0017919550882652402
vn 2.2282620193436742e-11 0.0 1.0
vn 9.370402949571144e-06 0.0 1.0
vn 2.2282620193436742e-11 0.0 1.0
vn -9.370359293825459e-06 0.0 1.0
vn 0.0051446277648210526 0.018792899325489998 -0.9998101592063904
vn -0.002337923739105463 0.0017168766353279352 -0.9999958872795105
vn 0.0051446277648210526 0.018792899325489998 -0.9998101592063904
vn 0.012625390663743019 0.03586238995194435 -0.9992770552635193
vn 0.8049713373184204 -0.5933138132095337 0.0
vn 0.8049713373184204 -0.5933138132095337 0.0
vn 0.8049713373184204 -0.5933138132095337 0.0
vn 0.8049713373184204 -0.5933138132095337 0.0
vn 0.8049713373184204 -0.5933138132095337 0.0
vn 0.8049713373184204 -0.5933138132095337 0.0
vn -0.8049650192260742 0.5932907462120056 0.006115249823778868
vn -0.8049650192260742 0.5932907462120056 0.006115249823778868
vn -0.8049650192260742 0.5932907462120056 0.006115249823778868
vn -0.8050920367240906 0.5931189060211182 0.006083459593355656
vn -0.8050920367240906 0.5931189060211182 0.006083459593355656
vn -0.8050920367240906 0.5931189060211182 0.006083459593355656
vn -0.6204506158828735 -0.5307957530021667 -0.5773187279701233
vn -0.6203886270523071 -0.5333240628242493 -0.5750507712364197
vn -0.6204506158828735 -0.5307957530021667 -0.5773187279701233
vn -0.6205053925514221 -0.5282613039016724 -0.5795801281929016
vn 0.6204517483711243 0.5307950973510742 0.5773182511329651
vn 0.6205101609230042 0.5282589197158813 0.5795771479606628
vn 0.6204517483711243 0.5307950973510742 0.5773182511329651
vn 0.6203861236572266 0.5333251357078552 0.5750525593757629
vn -0.6585333943367004 -0.04579475149512291 0.7511569857597351
vn -0.6585392355918884 -0.04579337313771248 0.7511519193649292
vn -0.6585333943367004 -0.04579475149512291 0.7511569857597351
vn -0.6585274934768677 -0.04579612985253334 0.751162052154541
vn 0.658525824546814 0.04579468071460724 -0.7511634826660156
vn 0.658525824546814 0.04579468071460724 -0.7511634826660156
vn 0.6585274934768677 0.045795369893312454 -0.7511621117591858
vn 0.6585241556167603 0.04579399153590202 -0.7511650323867798
vn 0.42958351969718933 -0.844908595085144 0.31872791051864624
vn 0.42958351969718933 -0.844908595085144 0.31872791051864624
vn 0.42958351969718933 -0.844908595085144 0.31872791051864624
vn 0.42958253622055054 -0.8449097871780396 0.3187263011932373
vn 0.42958253622055054 -0.8449097871780396 0.3187263011932373
vn 0.42958253622055054 -0.8449097871780396 0.3187263011932373
vn -0.4295821785926819 0.8449100255966187 -0.3187260329723358
vn -0.4295821785926819 0.8449100255966187 -0.3187260329723358
vn -0.4295821785926819 0.8449100255966187 -0.3187260329723358
vn -0.42958351969718933 0.844908595085144 -0.31872791051864624
vn -0.42958351969718933 0.844908595085144 -0.31872791051864624
vn -0.42958351969718933 0.844908595085144 -0.31872791051864624
vn -0.2487620711326599 -0.9438397884368896 0.217448890209198
vn -0.2487620711326599 -0.9438397884368896 0.217448890209198
vn -0.24876320362091064 -0.9438398480415344 0.21744710206985474
vn -0.24876092374324799 -0.9438396692276001 0.21745069324970245
vn 0.2847000062465668 0.925565242767334 -0.2495497465133667
vn 0.284701406955719 0.9255633354187012 -0.24955517053604126
vn 0.2847000062465668 0.925565242767334 -0.2495497465133667
vn 0.28469860553741455 0.9255670309066772 -0.24954430758953094
vn 0.697793185710907 -0.35316312313079834 -0.6231857538223267
vn 0.697793185710907 -0.35316312313079834 -0.6231857538223267
vn 0.697794497013092 -0.3531559407711029 -0.6231883764266968
vn 0.6977918744087219 -0.3531703054904938 -0.6231831908226013
vn 0.6645963788032532 -0.003289230400696397 0.7471953630447388
vn 0.6645978689193726 -0.003286773804575205 0.7471940517425537
vn 0.6645978689193726 -0.003286773804575205 0.7471940517425537
vn 0.6645993590354919 -0.0032843174412846565 0.7471926808357239
vn -0.6646081805229187 0.0032653091475367546 -0.7471849322319031
vn -0.6646087169647217 0.003281018463894725 -0.7471844553947449
vn -0.6646081805229187 0.0032653091475367546 -0.7471849322319031
vn -0.6646077036857605 0.0032496005296707153 -0.747185468673706
vn -0.3528321385383606 -0.8672207593917847 0.35133716464042664
vn -0.3528324365615845 -0.8672192692756653 0.3513404130935669
vn -0.3528321385383606 -0.8672207593917847 0.35133716464042664
vn -0.3528318405151367 -0.8672221899032593 0.35133394598960876
vn 0.3188799023628235 0.8916774988174438 -0.3212893605232239
vn 0.31888067722320557 0.8916781544685364 -0.3212869167327881
vn 0.3188799023628235 0.8916774988174438 -0.3212893605232239
vn 0.3188791275024414 0.8916769027709961 -0.32129180431365967
vn -0.6596949100494385 0.47303545475006104 0.5839863419532776
vn -0.6596922278404236 0.47304266691207886 0.5839835405349731
vn -0.6596949100494385 0.47303545475006104 0.5839863419532776
vn -0.6596976518630981 0.4730282127857208 0.583989143371582
vn 0.672333300113678 0.025607280433177948 0.7398055791854858
vn 0.6723408102989197 0.025620538741350174 0.7397982478141785
vn 0.672333300113678 0.025607280433177948 0.7398055791854858
vn 0.6723257899284363 0.025594020262360573 0.7398128509521484
vn -0.6723340749740601 -0.025619953870773315 -0.7398043870925903
vn -0.6723340749740601 -0.025619953870773315 -0.7398043870925903
vn -0.6723342537879944 -0.02562134899199009 -0.739804208278656
vn -0.6723339557647705 -0.025618568062782288 -0.7398046255111694
vn -0.8156070113182068 0.24529744684696198 0.5240366458892822
vn -0.8150857090950012 0.24601516127586365 0.5245109796524048
vn -0.8758255243301392 0.3355191946029663 0.346924364566803
vn -0.8991946578025818 0.41315630078315735 0.1440516710281372
vn -0.8266650438308716 0.5109107494354248 -0.23578587174415588
vn -0.7376683950424194 0.5328472852706909 -0.4146312177181244
vn -0.279388427734375 0.56541508436203 -0.7760463953018188
vn -0.28039076924324036 0.5645031332969666 -0.7763486504554749
vn 0.2784559428691864 0.45650729537010193 -0.8450226187705994
vn 0.44383978843688965 0.393347829580307 -0.8051607012748718
vn 0.7431840896606445 0.2204160839319229 -0.6317389607429504
vn 0.8677942752838135 0.10462238639593124 -0.48578518629074097
vn 0.9461781978607178 -0.010072004981338978 -0.3234895169734955
vn 0.9452310800552368 -0.012707156129181385 -0.3261544406414032
vn -0.8222149014472961 0.2529726028442383 0.509870171546936
vn -0.8219684362411499 0.25349050760269165 0.5100102424621582
vn -0.8809314370155334 0.3458344340324402 0.32304519414901733
vn -0.8985087871551514 0.4249905049800873 0.1098410040140152
vn -0.8155394792556763 0.5151777267456055 -0.26360422372817993
vn -0.7306115031242371 0.533545732498169 -0.4260702133178711
vn -0.30462518334388733 0.565977156162262 -0.7660765647888184
vn -0.30499210953712463 0.5653983354568481 -0.766357958316803
vn 0.23977972567081451 0.4696750342845917 -0.8496534824371338
vn 0.4190727472305298 0.40415093302726746 -0.8130437135696411
vn 0.7512157559394836 0.21445219218730927 -0.624247670173645
vn 0.8886153101921082 0.08089543879032135 -0.4514627456665039
vn 0.9639217853546143 -0.049054622650146484 -0.261626660823822
vn 0.9635455012321472 -0.05111994594335556 -0.26261547207832336
vn -0.9923862814903259 0.013527031056582928 0.12241948395967484
vn -0.9922892451286316 0.014393981546163559 0.12310542166233063
vn -0.9715642929077148 -0.005312249064445496 0.23671643435955048
vn -0.9368588924407959 -0.025021521374583244 0.3488112986087799
vn -0.8181816935539246 -0.04388983175158501 0.5732820630073547
vn -0.8180763125419617 -0.044675059616565704 0.573371946811676
vn -0.588708758354187 -0.013360761106014252 0.808234691619873
vn -0.589156985282898 -0.013238189741969109 0.8079102635383606
vn -0.42395201325416565 0.01738554798066616 0.9055178165435791
vn -0.42355215549468994 0.01812463067471981 0.9056904911994934
vn 0.9365209937095642 0.3344726860523224 -0.10515013337135315
vn 0.9372969269752502 0.33268922567367554 -0.10388597100973129
vn 0.9158905744552612 0.33648112416267395 -0.21891729533672333
vn 0.8817071914672852 0.33521920442581177 -0.3319946825504303
vn 0.7599140405654907 0.3312326967716217 -0.5592991709709167
vn 0.7596157789230347 0.33221960067749023 -0.5591190457344055
vn 0.5332963466644287 0.33545076847076416 -0.7765743732452393
vn 0.5324326157569885 0.33588409423828125 -0.7769796252250671
vn 0.383634477853775 0.33331188559532166 -0.8612362742424011
vn 0.38514095544815063 0.33152106404304504 -0.8612551689147949
vn -0.9577241539955139 -0.21758894622325897 -0.18820074200630188
vn -0.9561437964439392 -0.22093184292316437 -0.19229766726493835
vn -0.9681479334831238 -0.24914564192295074 -0.02481772005558014
vn -0.9510042071342468 -0.272095263004303 0.1468168944120407
vn -0.7770556807518005 -0.30105969309806824 0.5527635216712952
vn -0.7776445746421814 -0.29908204078674316 0.553009033203125
vn -0.45336705446243286 -0.2715928554534912 0.8489380478858948
vn -0.3002634048461914 -0.24886420369148254 0.9208194017410278
vn -0.1458873152732849 -0.21767449378967285 0.9650569558143616
vn -0.14193305373191833 -0.2208007127046585 0.9649362564086914
vn 0.11040156334638596 0.3939562439918518 -0.9124746918678284
vn 0.11431578546762466 0.39221253991127014 -0.912743866443634
vn 0.24739566445350647 0.44730404019355774 -0.8594850301742554
vn 0.3790099620819092 0.4920440912246704 -0.7837372422218323
vn 0.6712762117385864 0.5428528189659119 -0.5046772360801697
vn 0.6705628037452698 0.5441312789916992 -0.5042485594749451
vn 0.8532308340072632 0.5028391480445862 -0.1383828967809677
vn 0.8874698281288147 0.4606292247772217 0.014760652557015419
vn 0.8973686695098877 0.40891748666763306 0.16587957739830017
vn 0.8988807201385498 0.4069920778274536 0.1623910814523697
vn -0.9679091572761536 -0.24911610782146454 -0.033060017973184586
vn -0.9573656916618347 -0.22292007505893707 -0.18373239040374756
vn -0.9601393938064575 -0.26704126596450806 0.08259154856204987
vn -0.9125489592552185 -0.28843361139297485 0.2899318039417267
vn -0.8038609027862549 -0.2997676432132721 0.5137578248977661
vn -0.7232051491737366 -0.2990400791168213 0.6225346326828003
vn -0.4755181670188904 -0.2772182524204254 0.834884762763977
vn -0.5633224248886108 -0.2883014380931854 0.7743061184883118
vn -0.2820322513580322 -0.24654927849769592 0.9271846413612366
vn -0.14956195652484894 -0.2225896418094635 0.9633718132972717
vn -0.8189908862113953 0.24944962561130524 0.5167483687400818
vn -0.8156827092170715 0.24665559828281403 0.523280918598175
vn -0.8773011565208435 0.33850499987602234 0.3402312099933624
vn -0.8988285660743713 0.4203483760356903 0.12415485829114914
vn -0.820808470249176 0.5134426355361938 -0.2502998411655426
vn -0.730678141117096 0.5335456132888794 -0.4259559214115143
vn -0.29247331619262695 0.5659143328666687 -0.7708438634872437
vn -0.3041721284389496 0.5653750896453857 -0.7667008638381958
vn 0.2565351724624634 0.4643104076385498 -0.8477060794830322
vn 0.4377211928367615 0.396093487739563 -0.8071617484092712
vn 0.7540295720100403 0.21228210628032684 -0.6215913891792297
vn 0.8796546459197998 0.09090038388967514 -0.4668455719947815
vn 0.9559504985809326 -0.030843041837215424 -0.2919028103351593
vn 0.9470164775848389 -0.01599886082112789 -0.32078617811203003
vn -0.85228431224823 -0.11222344636917114 0.510898768901825
vn -0.8522689342498779 -0.1122129037976265 0.5109267234802246
vn -0.9537316560745239 -0.06446155905723572 0.293667733669281
vn -0.9990396499633789 -0.009297432377934456 0.04281584545969963
vn -0.9158124327659607 0.08632436394691467 -0.3922189772129059
vn -0.8044925332069397 0.1274755746126175 -0.5801221132278442
vn -0.35064050555229187 0.20355124771595 -0.9141214489936829
vn -0.3506127893924713 0.2006886750459671 -0.9147648215293884
vn 0.006111181806772947 0.21947892010211945 -0.9755980968475342
vn 0.006507233716547489 0.22463688254356384 -0.9744208455085754
vn 0.034508414566516876 0.22523139417171478 -0.9736940264701843
vn 0.03340068832039833 0.23534663021564484 -0.9713374972343445
vn -0.20853900909423828 0.21767914295196533 -0.9534816145896912
vn -0.45344632863998413 0.1916913092136383 -0.8704256415367126
vn -0.8030034899711609 0.12801949679851532 -0.5820622444152832
vn -0.9169055819511414 0.08564398437738419 -0.38980671763420105
vn -0.998777449131012 -0.010778173804283142 0.04824235290288925
vn -0.9527332782745361 -0.0654028058052063 0.29668498039245605
vn -0.8515863418579102 -0.11281827092170715 0.5119304656982422
vn -0.8515892028808594 -0.11280239373445511 0.5119292140007019
vn -0.8519609570503235 -0.11220690608024597 0.5114412903785706
vn -0.8516407608985901 -0.11229778081178665 0.5119544863700867
vn -0.9528986215591431 -0.06501489132642746 0.29623866081237793
vn -0.99892258644104 -0.010078733786940575 0.045299939811229706
vn -0.9159157872200012 0.08580461889505386 -0.3920917510986328
vn -0.8032073378562927 0.12745362520217896 -0.5819050669670105
vn -0.34268978238105774 0.20722408592700958 -0.9163088798522949
vn -0.35067862272262573 0.2006635069847107 -0.9147452116012573
vn 0.019962118938565254 0.22539913654327393 -0.9740619659423828
vn 0.033389657735824585 0.23643596470355988 -0.9710732698440552
vn -0.3139597475528717 0.9493299126625061 0.014216565527021885
vn -0.30829548835754395 0.9511948823928833 0.013499725610017776
vn -0.21295280754566193 0.9769478440284729 0.014966551214456558
vn -0.1108940988779068 0.9936456680297852 0.01925354078412056
vn 0.09051021188497543 0.9955968856811523 0.024386713281273842
vn 0.08689634501934052 0.9958661794662476 0.02645326405763626
vn 0.18483693897724152 0.9823853969573975 0.027467235922813416
vn 0.19123707711696625 0.9811314940452576 0.02844991348683834
vn -0.9672868847846985 0.25368303060531616 0.0010341402376070619
vn -0.9681106805801392 0.2505187690258026 0.0014684785855934024
vn -0.9865825772285461 0.163260817527771 -0.0009411160135641694
vn -0.99760502576828 0.06916706264019012 -0.00035546664730645716
vn -0.9996716976165771 -0.025609781965613365 -0.0008282887865789235
vn -0.9995617270469666 -0.02942913956940174 0.0032108034938573837
vn 0.0003450030926615 -0.9999997615814209 0.0006237254710868001
vn 0.00037107159732840955 -0.9999997615814209 0.0006568208918906748
vn 0.00046326007577590644 -0.9999996423721313 0.0007350744563154876
vn 0.0006062955944798887 -0.999999463558197 0.0008791313739493489
vn 0.0006755307549610734 -0.9999992847442627 0.000973113055806607
vn 0.000747384678106755 -0.9999992847442627 0.001039917697198689
vn 0.0006010856595821679 -0.999999463558197 0.0009228442795574665
vn 0.000507580058183521 -0.9999995827674866 0.0008548448095098138
vn 0.3444233536720276 0.060682136565446854 -0.9368512630462646
vn 0.3514477014541626 0.05852188915014267 -0.9343767166137695
vn 0.467910498380661 0.06876339018344879 -0.8810967206954956
vn 0.5858893990516663 0.0751635879278183 -0.8068976998329163
vn 0.7666637897491455 0.07963728159666061 -0.6370906233787537
vn 0.830669105052948 0.08035275340080261 -0.5509376525878906
vn 0.9700102210044861 0.07250780612230301 -0.23199714720249176
vn 0.9699820876121521 0.07525058090686798 -0.23124057054519653
vn 0.9981401562690735 0.06003272160887718 0.010600460693240166
vn 0.9983282089233398 0.05774252489209175 0.0025837223511189222
vn 0.34912896156311035 0.06949039548635483 -0.9344946146011353
vn 0.3555789589881897 0.06740125268697739 -0.9322128891944885
vn 0.47664985060691833 0.07788139581680298 -0.8756365776062012
vn 0.5977396368980408 0.08449535816907883 -0.7972251176834106
vn 0.7796109914779663 0.0888216644525528 -0.6199333071708679
vn 0.8428537845611572 0.08912431448698044 -0.5307111144065857
vn 0.9712664484977722 0.08100835978984833 -0.22378404438495636
vn 0.9713441133499146 0.08339614421129227 -0.22256644070148468
vn 0.9976169466972351 0.06898517906665802 0.0012863186420872808
vn 0.9977448582649231 0.06679898500442505 -0.006564061623066664
vn -0.3319128751754761 -0.9433087706565857 -0.0015724612167105079
vn -0.3319128751754761 -0.9433087706565857 -0.0015724612167105079
vn -0.3319128751754761 -0.9433087706565857 -0.0015724612167105079
vn -0.3318125009536743 -0.9433409571647644 -0.0029003904201090336
vn -0.3318997025489807 -0.9433141350746155 -0.0010555003536865115
vn -0.33203479647636414 -0.9432653188705444 -0.0018665494862943888
vn -0.3320693075656891 -0.9432546496391296 -0.000824536313302815
vn -0.33214518427848816 -0.9432281851768494 -0.000468249898403883
vn -0.33208510279655457 -0.9432416558265686 0.003835707902908325
vn -0.33202823996543884 -0.9432365894317627 0.00788003858178854
vn -0.331880658864975 -0.9432688355445862 0.009964702650904655
vn -0.3318146765232086 -0.9433419704437256 -0.0022321902215480804
vn -0.9758442640304565 -0.04906357079744339 -0.21288657188415527
vn -0.9797927141189575 -0.021749529987573624 -0.1988297551870346
vn -0.9115475416183472 -0.012805150821805 -0.41099533438682556
vn -0.7951290011405945 0.011418654583394527 -0.6063328385353088
vn -0.33883294463157654 0.09296124428510666 -0.9362427592277527
vn -0.3371570408344269 0.07407528907060623 -0.9385296702384949
vn 0.020978396758437157 0.11902245879173279 -0.992669939994812
vn 0.02368485927581787 0.14702288806438446 -0.9888495802879333
vn -2.7759921067627147e-05 -1.0 -2.9814866138622165e-05
vn -7.666716555831954e-05 -1.0 -0.00011613756214501336
vn -1.1811127478722483e-05 -1.0 -1.7649921346674091e-06
vn 7.001327503530774e-06 -1.0 3.1132702133618295e-05
vn -5.932973181188572e-06 -1.0 8.986246029962786e-06
vn -4.649800757761113e-06 -1.0 1.910852915898431e-06
vn -2.066892193397507e-05 -1.0 -9.930361557053402e-06
vn -1.3145836419425905e-06 -1.0 9.660750947659835e-06
vn 1.5287498172256164e-05 -1.0 2.559686436143238e-05
vn 6.899321306264028e-05 -1.0 8.003952098079026e-05
vn -6.686054985038936e-05 -1.0 -8.300439367303625e-05
vn -0.00013895731535740197 -1.0 -0.00021106396161485463
vn -1.9724113371921703e-05 -1.0 -6.190302428876748e-06
vn 3.000128890562337e-05 -1.0 6.980964099057019e-05
vn 4.2383828258607537e-05 -1.0 8.218687435146421e-05
vn 1.0218890565738548e-05 -1.0 1.6935868188738823e-05
vn 3.832756920019165e-05 -1.0 6.31452930974774e-05
vn -3.95295319322031e-05 -1.0 -2.6265246560797095e-05
vn -3.51535200024955e-05 -1.0 -2.8086229576729238e-05
vn -3.246718188165687e-05 -1.0 -3.295584610896185e-05
vn 5.145559407537803e-05 -1.0 5.768235132563859e-05
vn -1.099315340979956e-06 -1.0 2.2399151930585504e-05
vn -6.00778639636701e-06 -1.0 -0.00044429750414565206
vn -3.954462954425253e-06 -0.9999999403953552 -0.0004744380130432546
vn -7.064124474709388e-06 -1.0 -0.00021864565496798605
vn -8.380979124922305e-06 -1.0 1.2597807653946802e-05
vn -8.540913768229075e-06 -1.0 0.00022597516363020986
vn -7.905028724053409e-06 -1.0 0.00021929238573648036
vn -7.676285349589307e-06 -1.0 -0.00010737852426245809
vn -7.676285349589307e-06 -1.0 -0.00010737852426245809
vn -7.676285349589307e-06 -1.0 -0.00010737852426245809
vn -7.793153599777725e-06 -1.0 -0.00010472064604982734
vn -7.793153599777725e-06 -1.0 -0.00010472064604982734
vn -7.793153599777725e-06 -1.0 -0.00010472064604982734
vn -7.527093202952528e-06 -1.0 0.00024185107031371444
vn -7.527093202952528e-06 -1.0 0.00024185107031371444
vn -7.527093202952528e-06 -1.0 0.00024185107031371444
vn -4.069187980348943e-06 -1.0 0.0002889951574616134
vn -4.069187980348943e-06 -1.0 0.0002889951574616134
vn -4.069187980348943e-06 -1.0 0.0002889951574616134
vn 0.9532971978187561 0.16730915009975433 0.2514597773551941
vn 0.9546313881874084 0.1762094795703888 0.24006079137325287
vn 0.8497207164764404 0.31677863001823425 0.4214569330215454
vn 0.6797541975975037 0.45113039016723633 0.5782868266105652
vn 0.2439766824245453 0.6329160332679749 0.7347739338874817
vn 0.2435537874698639 0.6329987049102783 0.7348428964614868
vn -0.31697365641593933 0.6657087206840515 0.6755439639091492
vn -0.31798255443573 0.6641036868095398 0.6766486167907715
vn -0.6749464273452759 0.6181322336196899 0.40293917059898376
vn -0.7303501963615417 0.6335411667823792 0.2553709149360657
vn -0.7802063822746277 0.5992140769958496 -0.1795007884502411
vn -0.7780130505561829 0.6036593914031982 -0.17404350638389587
vn -0.7260262966156006 0.5219593048095703 -0.4477100968360901
vn -0.723085880279541 0.5245429873466492 -0.4494458734989166
vn 0.9639217853546143 -0.049054622650146484 0.261626660823822
vn 0.9635455012321472 -0.05111994594335556 0.26261547207832336
vn 0.8886153101921082 0.08089543879032135 0.4514627456665039
vn 0.7512157559394836 0.21445219218730927 0.6242477297782898
vn 0.4190727472305298 0.40415093302726746 0.8130437731742859
vn 0.23977971076965332 0.4696750342845917 0.8496534824371338
vn -0.30462518334388733 0.565977156162262 0.7660766243934631
vn -0.30499210953712463 0.5653983354568481 0.766357958316803
vn -0.7306113839149475 0.533545732498169 0.4260702133178711
vn -0.8155394792556763 0.5151777267456055 0.2636042535305023
vn -0.8985087871551514 0.42499053478240967 -0.1098410114645958
vn -0.880931556224823 0.3458344340324402 -0.32304516434669495
vn -0.8222149014472961 0.2529726028442383 -0.509870171546936
vn -0.8219684362411499 0.25349050760269165 -0.5100102424621582
vn 0.9559504985809326 -0.030843041837215424 0.2919028103351593
vn 0.9470164775848389 -0.01599886082112789 0.32078617811203003
vn 0.8796546459197998 0.09090038388967514 0.4668455719947815
vn 0.7540295720100403 0.21228210628032684 0.6215913891792297
vn 0.43772125244140625 0.396093487739563 0.8071617484092712
vn 0.2565351724624634 0.4643104076385498 0.8477060794830322
vn -0.29247337579727173 0.5659143328666687 0.7708439230918884
vn -0.3041721284389496 0.5653750896453857 0.7667008638381958
vn -0.730678141117096 0.5335456728935242 0.4259559214115143
vn -0.820808470249176 0.5134426355361938 0.2502998411655426
vn -0.8988285660743713 0.4203483760356903 -0.12415484338998795
vn -0.8773011565208435 0.33850499987602234 -0.3402312099933624
vn -0.8189908862113953 0.24944962561130524 -0.5167483687400818
vn -0.8156827092170715 0.24665559828281403 -0.523280918598175
vn 0.8973686695098877 0.40891748666763306 -0.16587957739830017
vn 0.8988807201385498 0.4069920778274536 -0.1623910814523697
vn 0.8874698281288147 0.4606292247772217 -0.014760647900402546
vn 0.8532309532165527 0.5028390884399414 0.1383828967809677
vn 0.6712762117385864 0.5428528189659119 0.5046772956848145
vn 0.6705628037452698 0.5441312789916992 0.5042485594749451
vn 0.3790099322795868 0.4920440912246704 0.7837371826171875
vn 0.24739566445350647 0.44730404019355774 0.8594851493835449
vn 0.11040156334638596 0.3939562439918518 0.9124746918678284
vn 0.11431578546762466 0.39221253991127014 0.912743866443634
vn -0.1458873152732849 -0.21767449378967285 -0.9650569558143616
vn -0.14193305373191833 -0.2208007127046585 -0.9649362564086914
vn -0.3002634048461914 -0.24886420369148254 -0.9208194017410278
vn -0.45336711406707764 -0.2715928256511688 -0.8489380478858948
vn -0.7770556807518005 -0.30105969309806824 -0.5527635216712952
vn -0.7776445746421814 -0.29908204078674316 -0.553009033203125
vn -0.9510042071342468 -0.272095263004303 -0.14681687951087952
vn -0.9681479334831238 -0.24914561212062836 0.02481771633028984
vn -0.9577241539955139 -0.21758894622325897 0.18820074200630188
vn -0.9561437964439392 -0.22093184292316437 0.19229766726493835
vn 0.890626072883606 0.45353633165359497 -0.033015452325344086
vn 0.8691268563270569 0.4850989282131195 0.0964239314198494
vn 0.8625400066375732 0.49354031682014465 0.11154653131961823
vn 0.8408498764038086 0.5111629962921143 0.17799967527389526
vn 0.7214395999908447 0.5426182150840759 0.43022140860557556
vn 0.6460689306259155 0.5424512624740601 0.5369744896888733
vn 0.40213632583618164 0.4963816702365875 0.7693449258804321
vn 0.3171245753765106 0.4726448655128479 0.8222157955169678
vn 0.23751647770404816 0.44213244318962097 0.8649306297302246
vn 0.3565184473991394 0.4770525097846985 0.8033153414726257
vn 0.006433234084397554 0.006607442162930965 -0.9999575614929199
vn 0.010071031749248505 0.007369550876319408 -0.9999222159385681
vn 0.15916727483272552 0.2201118767261505 -0.9624014496803284
vn 0.29179227352142334 0.40944239497184753 -0.8644155263900757
vn 0.500433087348938 0.7031302452087402 -0.5051479935646057
vn 0.48826882243156433 0.6868779063224792 -0.5383234620094299
vn 0.5787161588668823 0.8145902752876282 -0.0391203947365284
vn 0.5778204798698425 0.815132200717926 -0.041023992002010345
vn 0.5111422538757324 0.7176133394241333 0.4730376899242401
vn 0.5012580752372742 0.7040805816650391 0.5030017495155334
vn 0.2905252277851105 0.4072789251804352 0.8658631443977356
vn 0.1563999354839325 0.21611329913139343 0.9637604355812073
vn -0.10312371701002121 -0.06684499979019165 0.9924198389053345
vn -0.23185110092163086 -0.15233789384365082 0.9607488512992859
vn -0.5294061303138733 -0.34664082527160645 0.7743186950683594
vn -0.5549761652946472 -0.3635971248149872 0.7481968402862549
vn -0.7649208307266235 -0.49820664525032043 0.40827250480651855
vn -0.7535250782966614 -0.4901834726333618 0.43808674812316895
vn -0.8365455865859985 -0.5443442463874817 0.06229691579937935
vn -0.8363301753997803 -0.5424411296844482 0.07943228632211685
vn -0.8082422614097595 -0.5270721912384033 -0.2625631093978882
vn -0.7381360530853271 -0.4839321970939636 -0.47006887197494507
vn -0.5200232267379761 -0.3419651389122009 -0.7827105522155762
vn -0.4998164772987366 -0.32895296812057495 -0.8012325167655945
vn -0.3492346704006195 -0.2305501401424408 -0.9082300066947937
vn -0.36710473895072937 -0.24364073574543 -0.8977044820785522
vn -0.37853941321372986 -0.08789564669132233 -0.9214023947715759
vn -0.3769623935222626 -0.09024214744567871 -0.9218220710754395
vn -0.514473557472229 -0.11879552900791168 -0.8492375612258911
vn -0.6425226926803589 -0.14459212124347687 -0.7525008916854858
vn -0.8657635450363159 -0.19319018721580505 -0.4616612195968628
vn -0.9456624984741211 -0.20733319222927094 -0.2504701614379883
vn -0.9727630615234375 -0.21284067630767822 0.0918203815817833
vn -0.9731168150901794 -0.21126621961593628 0.09170801192522049
vn -0.9127504825592041 -0.19982661306858063 0.35630860924720764
vn -0.8515025973320007 -0.18954119086265564 0.48889410495758057
vn -0.665014922618866 -0.14869822561740875 0.7318770289421082
vn -0.5298764109611511 -0.12176939845085144 0.8392874002456665
vn -0.19129948318004608 -0.036515723913908005 0.9808522462844849
vn -0.19066624343395233 -0.04412669315934181 0.9806626439094543
vn 0.1680770069360733 0.18987621366977692 0.9673144221305847
vn 0.32378092408180237 0.36385872960090637 0.8733686208724976
vn 0.5874925255775452 0.6482671499252319 0.4843575656414032
vn 0.5882906317710876 0.6474915146827698 0.48442620038986206
vn 0.670861542224884 0.7400946617126465 -0.046952925622463226
vn 0.6698660254478455 0.7410040497779846 -0.046823710203170776
vn 0.6031820774078369 0.6675087809562683 -0.436581552028656
vn 0.5401971936225891 0.5978109240531921 -0.5922912955284119
vn 0.2532300651073456 0.2840205132961273 -0.9247739911079407
vn 0.2535135746002197 0.28979605436325073 -0.9229025840759277
vn 0.010967963375151157 0.01768234558403492 -0.9997835755348206
vn 0.010071111842989922 0.0054666949436068535 -0.9999344348907471
vn 0.002716498449444771 0.004077174700796604 -0.9999880194664001
vn 0.002795314649119973 0.0025313422083854675 -0.9999929070472717
vn 0.138456791639328 0.19325575232505798 -0.9713299870491028
vn 0.2726607620716095 0.38282713294029236 -0.8826661109924316
vn 0.4567452073097229 0.6408365964889526 -0.6170188188552856
vn 0.5142572522163391 0.7241417169570923 -0.4595195949077606
vn 0.578834056854248 0.8146032691001892 -0.037048935890197754
vn 0.5780088305473328 0.8151955604553223 -0.036907512694597244
vn 0.5281432867050171 0.7428633570671082 0.41136205196380615
vn 0.46769243478775024 0.6554511785507202 0.5929986834526062
vn 0.27619871497154236 0.3873407542705536 0.8795915842056274
vn 0.1401684284210205 0.19552813470363617 0.9706294536590576
vn -0.10481949150562286 -0.06801396608352661 0.9921627640724182
vn -0.21345379948616028 -0.14041762053966522 0.9668093323707581
vn -0.4400520920753479 -0.28955018520355225 0.8500087857246399
vn -0.5575078129768372 -0.3637217581272125 0.74625164270401
vn -0.723275899887085 -0.47039368748664856 0.5055708885192871
vn -0.7794750332832336 -0.5045198798179626 0.37131959199905396
vn -0.8380709290504456 -0.5438316464424133 0.043409910053014755
vn -0.8387463092803955 -0.5426682829856873 0.044897083193063736
vn -0.7929583191871643 -0.5161817669868469 -0.32368728518486023
vn -0.7266606092453003 -0.47592392563819885 -0.49543994665145874
vn -0.550628125667572 -0.36105653643608093 -0.7526265978813171
vn -0.44355320930480957 -0.2924228012561798 -0.8472009301185608
vn -0.3300405442714691 -0.2177124321460724 -0.9185176491737366
vn -0.32891055941581726 -0.21820014715194702 -0.9188072085380554
vn 0.9461781978607178 -0.010072004981338978 0.3234895169734955
vn 0.9452310800552368 -0.012707156129181385 0.3261544406414032
vn 0.8677942752838135 0.10462237149477005 0.48578518629074097
vn 0.7431840896606445 0.22041606903076172 0.6317389607429504
vn 0.4438397288322449 0.3933477997779846 0.8051607012748718
vn 0.2784559726715088 0.45650726556777954 0.8450226783752441
vn -0.279388427734375 0.56541508436203 0.7760463953018188
vn -0.28039076924324036 0.5645031332969666 0.7763486504554749
vn -0.7376683950424194 0.5328472852706909 0.4146312177181244
vn -0.8266651034355164 0.5109108090400696 0.23578590154647827
vn -0.8991946578025818 0.41315630078315735 -0.1440516859292984
vn -0.8758255243301392 0.3355191946029663 -0.346924364566803
vn -0.8156070113182068 0.24529744684696198 -0.5240366458892822
vn -0.8150857090950012 0.24601516127586365 -0.5245109796524048
vn 0.7373335957527161 0.46861976385116577 0.4865538477897644
vn 0.7396439909934998 0.47203099727630615 0.4797016382217407
vn 0.8385193347930908 0.47055113315582275 0.2747127115726471
vn 0.895448625087738 0.44376569986343384 0.035267364233732224
vn 0.8517656922340393 0.3254179060459137 -0.41060730814933777
vn 0.7551984190940857 0.23398853838443756 -0.6123108863830566
vn 0.4421761929988861 0.01868733949959278 -0.8967335224151611
vn 0.21847829222679138 -0.10576924681663513 -0.9700928926467896
vn -0.0059480322524905205 -0.21589776873588562 -0.9763978719711304
vn -0.006063985172659159 -0.21448914706707 -0.9767076373100281
vn -0.014949674718081951 -0.21780931949615479 -0.9758769273757935
vn -0.015220771543681622 -0.21522094309329987 -0.976446807384491
vn 0.21786558628082275 -0.10467298328876495 -0.9703494906425476
vn 0.45177754759788513 0.02390602044761181 -0.8918102383613586
vn 0.7624660730361938 0.23801371455192566 -0.6016601324081421
vn 0.853702962398529 0.32496944069862366 -0.40692269802093506
vn 0.8635460138320923 0.4629470705986023 0.19992034137248993
vn 0.8641141653060913 0.46216678619384766 0.1992701292037964
vn 0.68458092212677 0.45706814527511597 0.5678361058235168
vn 0.6829530000686646 0.45815205574035645 0.5689217448234558
vn -0.01038501039147377 -0.2158650904893875 -0.9763680696487427
vn -0.014711220748722553 -0.21428193151950836 -0.9766610264778137
vn 0.22074246406555176 -0.10304144024848938 -0.9698737859725952
vn 0.44861987233161926 0.02212608978152275 -0.8934487700462341
vn 0.7588530778884888 0.23627261817455292 -0.6068914532661438
vn 0.8517614006996155 0.3246627748012543 -0.4112135171890259
vn 0.8683974742889404 0.46277332305908203 0.17812013626098633
vn 0.8737244606018066 0.4600420892238617 0.1580091118812561
vn 0.7102981209754944 0.4634755849838257 0.5297799706459045
vn 0.6844770908355713 0.4603298306465149 0.5653209090232849
vn -0.6918420791625977 -0.04448347166180611 -0.7206773161888123
vn -0.6834798455238342 -0.04600755125284195 -0.7285181283950806
vn -0.8110800981521606 -0.05420868843793869 -0.5824177265167236
vn -0.9067732691764832 -0.06203370541334152 -0.4170299470424652
vn -0.9969695806503296 -0.0711212009191513 -0.031518254429101944
vn -0.9969074726104736 -0.07132549583911896 -0.032988835126161575
vn -0.9204842448234558 -0.06378881633281708 0.3855382800102234
vn -0.8134679198265076 -0.05488501861691475 0.5790144205093384
vn -0.3677709698677063 -0.023046176880598068 0.9296307563781738
vn -0.3603294789791107 -0.01343788392841816 0.9327282905578613
vn 0.2059069722890854 0.06772108376026154 0.9762254953384399
vn 0.4345860779285431 0.14827083051204681 0.88834148645401
vn 0.8102788329124451 0.3094295859336853 0.4976962208747864
vn 0.815831184387207 0.3197466731071472 0.48185208439826965
vn 0.9276814460754395 0.37170207500457764 -0.03528100252151489
vn 0.9256230592727661 0.3767479956150055 -0.035817451775074005
vn 0.7978589534759521 0.30041810870170593 -0.5226567983627319
vn 0.8042924404144287 0.3092767596244812 -0.5074065923690796
vn 0.3364470899105072 0.11852272599935532 -0.9342139363288879
vn 0.32796135544776917 0.09618028998374939 -0.9397822022438049
vn -0.004182793665677309 0.0025208494625985622 -0.9999880790710449
vn -0.006710621528327465 0.018970098346471786 -0.999797523021698
vn 0.9875084161758423 -0.09273037314414978 0.1273900866508484
vn 0.985496461391449 -0.08721683919429779 0.1455676555633545
vn 0.956963062286377 0.008700876496732235 0.2900794446468353
vn 0.8921011090278625 0.11087530106306076 0.43802088499069214
vn 0.6719757914543152 0.2975815534591675 0.6781546473503113
vn 0.5224066376686096 0.3800663352012634 0.7633091807365417
vn 0.3587738275527954 0.446628212928772 0.819636881351471
vn 0.3480173945426941 0.4473039209842682 0.8238950967788696
vn 0.7217730283737183 -0.025460153818130493 -0.6916614174842834
vn 0.7316598296165466 -0.052899159491062164 -0.6796143651008606
vn 0.8552838563919067 0.051344115287065506 -0.5156097412109375
vn 0.9558215141296387 0.13428007066249847 -0.2614844739437103
vn 0.963350772857666 0.21353556215763092 0.16235075891017914
vn 0.8978068232536316 0.21986964344978333 0.38157597184181213
vn 0.6885673403739929 0.24722985923290253 0.6817275285720825
vn 0.5071996450424194 0.238149493932724 0.8282712697982788
vn 0.3328050971031189 0.23503071069717407 0.9132367372512817
vn 0.3116111755371094 0.22051221132278442 0.924268901348114
vn -3.246718188165687e-05 -1.0 3.295584610896185e-05
vn 5.145559407537803e-05 -1.0 -5.768235132563859e-05
vn -3.5153523640474305e-05 -1.0 2.8086227757739834e-05
vn -3.952952829422429e-05 -1.0 2.6265250198775902e-05
vn -1.099315340979956e-06 -1.0 -2.2399151930585504e-05
vn 3.832756920019165e-05 -1.0 -6.31452930974774e-05
vn 1.0218890565738548e-05 -1.0 -1.6935868188738823e-05
vn 3.000128890562337e-05 -1.0 -6.980964099057019e-05
vn -1.9724115190911107e-05 -1.0 6.190302428876748e-06
vn -6.686054985038936e-05 -1.0 8.300439367303625e-05
vn -0.00013895731535740197 -1.0 0.00021106396161485463
vn 4.2383828258607537e-05 -1.0 -8.218687435146421e-05
vn 1.5287498172256164e-05 -1.0 -2.559686436143238e-05
vn 6.899321306264028e-05 -1.0 -8.003952098079026e-05
vn -1.3145848924978054e-06 -1.0 -9.660750947659835e-06
vn -2.066892193397507e-05 -1.0 9.930361557053402e-06
vn -5.932973181188572e-06 -1.0 -8.986246029962786e-06
vn -4.649800757761113e-06 -1.0 -1.910852915898431e-06
vn 7.001327503530774e-06 -1.0 -3.1132702133618295e-05
vn -1.1811127478722483e-05 -1.0 1.7649921346674091e-06
vn -2.7759921067627147e-05 -1.0 2.9814866138622165e-05
vn -7.666716555831954e-05 -1.0 0.00011613756214501336
vn -0.6906761527061462 0.09771254658699036 -0.7165325284004211
vn -0.6938155293464661 0.09998809546232224 -0.7131777405738831
vn -0.8286166787147522 0.11539915204048157 -0.5477932095527649
vn -0.9305928945541382 0.12747828662395477 -0.3431415855884552
vn -0.9892163872718811 0.13626474142074585 0.05369297415018082
vn -0.9891522526741028 0.13484127819538116 0.05827205255627632
vn -0.8689755201339722 0.12273658066987991 0.4793927073478699
vn -0.8706698417663574 0.12458872050046921 0.47582730650901794
vn -0.3897371292114258 0.05571877211332321 0.9192389845848083
vn -0.38998159766197205 0.05566788092255592 0.9191384315490723
vn 0.3586268424987793 -0.05841418355703354 0.9316514730453491
vn 0.35943281650543213 -0.05821695923805237 0.9313532114028931
vn 0.8450894355773926 -0.13950282335281372 0.5161035060882568
vn 0.8427350521087646 -0.1376674622297287 0.5204280614852905
vn 0.9856467843055725 -0.16524909436702728 0.0345434844493866
vn 0.985227644443512 -0.16804035007953644 0.032996661961078644
vn 0.9068227410316467 -0.15136775374412537 -0.39339590072631836
vn 0.7956059575080872 -0.13020597398281097 -0.5916565656661987
vn 0.4620267450809479 -0.07522429525852203 -0.8836699724197388
vn 0.22940392792224884 -0.03732423856854439 -0.9726154208183289
vn -0.0015858809929341078 -0.0005217300495132804 -0.9999986290931702
vn -0.0015860865823924541 -0.0005219492595642805 -0.9999986886978149
vn 0.6532032489776611 0.14654766023159027 -0.7428656220436096
vn 0.6598231792449951 0.14856712520122528 -0.7365875244140625
vn 0.7752186059951782 0.24158263206481934 -0.583672821521759
vn 0.8590866923332214 0.3282740116119385 -0.3926907479763031
vn 0.8963306546211243 0.4420407712459564 0.03451800346374512
vn 0.8434266448020935 0.4670087695121765 0.2655831277370453
vn 0.7480892539024353 0.4652450680732727 0.47319096326828003
vn 0.745714545249939 0.4630618989467621 0.4790443181991577
vn -0.826309323310852 0.11973574012517929 0.5503421425819397
vn -0.8242358565330505 0.12157578021287918 0.553041398525238
vn -0.9403234124183655 0.06930234283208847 0.33315014839172363
vn -0.9975323677062988 0.0057539683766663074 0.0699719786643982
vn -0.9223175048828125 -0.0943244993686676 -0.3747442364692688
vn -0.8064080476760864 -0.1408822387456894 -0.5743327140808105
vn -0.35405272245407104 -0.2107820361852646 -0.9111626744270325
vn -0.34819671511650085 -0.21431905031204224 -0.9125932455062866
vn 0.0005687170196324587 -0.22104346752166748 -0.975263774394989
vn 0.0015167058445513248 -0.21833358705043793 -0.9758731126785278
vn 0.6928080916404724 0.09879665821790695 -0.7143222689628601
vn 0.6762611865997314 0.09917807579040527 -0.7299551367759705
vn 0.8168368935585022 0.15656113624572754 -0.5552170872688293
vn 0.9090800881385803 0.20967431366443634 -0.3600142002105713
vn 0.954567015171051 0.2882521450519562 0.07558168470859528
vn 0.8951740264892578 0.3130488395690918 0.3172758221626282
vn 0.7848179340362549 0.3138972818851471 0.5343493223190308
vn 0.7918018698692322 0.32212206721305847 0.5189288854598999
vn -0.33202823996543884 -0.9432365894317627 -0.00788003858178854
vn -0.331880658864975 -0.9432688355445862 -0.009964702650904655
vn -0.33208510279655457 -0.9432416558265686 -0.0038357076700776815
vn -0.33214518427848816 -0.9432281851768494 0.000468249898403883
vn -0.33203479647636414 -0.9432653188705444 0.001866549369879067
vn -0.3320693075656891 -0.9432546496391296 0.000824536313302815
vn -0.3318997025489807 -0.9433141350746155 0.0010555003536865115
vn -0.3318473994731903 -0.9433308839797974 0.0020122805144637823
vn -0.33186277747154236 -0.9433251023292542 0.002236426342278719
vn -0.3319128751754761 -0.9433087706565857 0.0015724612167105079
vn 0.8497207164764404 0.31677863001823425 -0.4214569330215454
vn 0.9546313881874084 0.1762094795703888 -0.24006079137325287
vn 0.9532971978187561 0.16730915009975433 -0.2514597773551941
vn 0.6797541975975037 0.45113039016723633 -0.5782868266105652
vn 0.2439766824245453 0.6329160332679749 -0.7347739338874817
vn 0.2435537874698639 0.6329987049102783 -0.7348428964614868
vn -0.31697365641593933 0.6657087206840515 -0.6755439639091492
vn -0.31798255443573 0.6641036868095398 -0.6766486167907715
vn -0.6749464273452759 0.6181322336196899 -0.40293917059898376
vn -0.7303501963615417 0.6335411667823792 -0.2553709149360657
vn -0.7802063822746277 0.5992140769958496 0.1795007884502411
vn -0.7780130505561829 0.6036593914031982 0.17404350638389587
vn -0.7260262966156006 0.5219593048095703 0.4477100968360901
vn -0.723085880279541 0.5245429873466492 0.4494458734989166
vn 0.8625400066375732 0.49354031682014465 -0.11154653131961823
vn 0.8691268563270569 0.4850989282131195 -0.0964239314198494
vn 0.890626072883606 0.45353633165359497 0.033015452325344086
vn 0.8408498764038086 0.5111629962921143 -0.17799967527389526
vn 0.7214395999908447 0.5426182150840759 -0.43022140860557556
vn 0.6460689306259155 0.5424512624740601 -0.5369744896888733
vn 0.40213632583618164 0.4963816702365875 -0.7693449258804321
vn 0.3171245753765106 0.4726448655128479 -0.8222157955169678
vn 0.23751647770404816 0.44213244318962097 -0.8649306297302246
vn 0.3565184473991394 0.4770525097846985 -0.8033153414726257
vn 0.15916727483272552 0.2201118767261505 0.9624014496803284
vn 0.010071031749248505 0.007369550876319408 0.9999222159385681
vn 0.006433234084397554 0.006607442162930965 0.9999575614929199
vn 0.29179227352142334 0.40944239497184753 0.8644155263900757
vn 0.500433087348938 0.7031302452087402 0.5051479935646057
vn 0.48826882243156433 0.6868779063224792 0.5383234620094299
vn 0.5787161588668823 0.8145902752876282 0.0391203947365284
vn 0.5778204798698425 0.815132200717926 0.041023992002010345
vn 0.5111422538757324 0.7176133394241333 -0.4730376899242401
vn 0.5012580752372742 0.7040805816650391 -0.5030017495155334
vn 0.2905252277851105 0.4072789251804352 -0.8658631443977356
vn 0.1563999354839325 0.21611329913139343 -0.9637604355812073
vn -0.10312371701002121 -0.06684499979019165 -0.9924198389053345
vn -0.23185110092163086 -0.15233789384365082 -0.9607488512992859
vn -0.5294061303138733 -0.34664082527160645 -0.7743186950683594
vn -0.5549761652946472 -0.3635971248149872 -0.7481968402862549
vn -0.7649208307266235 -0.49820664525032043 -0.40827250480651855
vn -0.7535250782966614 -0.4901834726333618 -0.43808674812316895
vn -0.8365455865859985 -0.5443442463874817 -0.06229691579937935
vn -0.8363301753997803 -0.5424411296844482 -0.07943228632211685
vn -0.8082422614097595 -0.5270721912384033 0.2625631093978882
vn -0.7381360530853271 -0.4839321970939636 0.47006887197494507
vn -0.5200232267379761 -0.3419651389122009 0.7827105522155762
vn -0.4998164772987366 -0.32895296812057495 0.8012325167655945
vn -0.3492346704006195 -0.2305501401424408 0.9082300066947937
vn -0.36710473895072937 -0.24364073574543 0.8977044820785522
vn -0.514473557472229 -0.11879552900791168 0.8492375612258911
vn -0.3769623935222626 -0.09024214744567871 0.9218220710754395
vn -0.37853941321372986 -0.08789564669132233 0.9214023947715759
vn -0.6425226926803589 -0.14459212124347687 0.7525008916854858
vn -0.8657635450363159 -0.19319018721580505 0.4616612195968628
vn -0.9456624984741211 -0.20733319222927094 0.2504701614379883
vn -0.9727630615234375 -0.21284067630767822 -0.0918203815817833
vn -0.9731168150901794 -0.21126621961593628 -0.09170801192522049
vn -0.9127504825592041 -0.19982661306858063 -0.35630860924720764
vn -0.8515025973320007 -0.18954119086265564 -0.48889410495758057
vn -0.665014922618866 -0.14869822561740875 -0.7318770289421082
vn -0.5298764109611511 -0.12176939845085144 -0.8392874002456665
vn -0.19129948318004608 -0.036515723913908005 -0.9808522462844849
vn -0.19066624343395233 -0.04412669315934181 -0.9806626439094543
vn 0.1680770069360733 0.18987621366977692 -0.9673144221305847
vn 0.32378092408180237 0.36385872960090637 -0.8733686208724976
vn 0.5874925255775452 0.6482671499252319 -0.4843575656414032
vn 0.5882906317710876 0.6474915146827698 -0.48442620038986206
vn 0.670861542224884 0.7400946617126465 0.046952925622463226
vn 0.6698660254478455 0.7410040497779846 0.046823710203170776
vn 0.6031820774078369 0.6675087809562683 0.436581552028656
vn 0.5401971936225891 0.5978109240531921 0.5922912955284119
vn 0.2532300651073456 0.2840205132961273 0.9247739911079407
vn 0.2535135746002197 0.28979605436325073 0.9229025840759277
vn 0.010967963375151157 0.01768234558403492 0.9997835755348206
vn 0.010071111842989922 0.0054666949436068535 0.9999344348907471
vn 0.138456791639328 0.19325575232505798 0.9713299870491028
vn 0.002795314649119973 0.0025313422083854675 0.9999929070472717
vn 0.002716498449444771 0.004077174700796604 0.9999880194664001
vn 0.2726607620716095 0.38282713294029236 0.8826661109924316
vn 0.4567452073097229 0.6408365964889526 0.6170188188552856
vn 0.5142572522163391 0.7241417169570923 0.4595195949077606
vn 0.578834056854248 0.8146032691001892 0.037048935890197754
vn 0.5780088305473328 0.8151955604553223 0.036907512694597244
vn 0.5281432867050171 0.7428633570671082 -0.41136205196380615
vn 0.46769243478775024 0.6554511785507202 -0.5929986834526062
vn 0.27619871497154236 0.3873407542705536 -0.8795915842056274
vn 0.1401684284210205 0.19552813470363617 -0.9706294536590576
vn -0.10481949150562286 -0.06801396608352661 -0.9921627640724182
vn -0.21345379948616028 -0.14041762053966522 -0.9668093323707581
vn -0.4400520920753479 -0.28955018520355225 -0.8500087857246399
vn -0.5575078129768372 -0.3637217581272125 -0.74625164270401
vn -0.723275899887085 -0.47039368748664856 -0.5055708885192871
vn -0.7794750332832336 -0.5045198798179626 -0.37131959199905396
vn -0.8380709290504456 -0.5438316464424133 -0.043409910053014755
vn -0.8387463092803955 -0.5426682829856873 -0.044897083193063736
vn -0.7929583191871643 -0.5161817669868469 0.32368728518486023
vn -0.7266606092453003 -0.47592392563819885 0.49543994665145874
vn -0.550628125667572 -0.36105653643608093 0.7526265978813171
vn -0.44355320930480957 -0.2924228012561798 0.8472009301185608
vn -0.3300405442714691 -0.2177124321460724 0.9185176491737366
vn -0.32891055941581726 -0.21820014715194702 0.9188072085380554
vn 0.8385193347930908 0.47055113315582275 -0.2747127115726471
vn 0.7396439909934998 0.47203099727630615 -0.4797016382217407
vn 0.7373335957527161 0.46861976385116577 -0.4865538477897644
vn 0.895448625087738 0.44376569986343384 -0.035267364233732224
vn 0.8517656922340393 0.3254179060459137 0.41060730814933777
vn 0.7551984190940857 0.23398853838443756 0.6123108863830566
vn 0.4421761929988861 0.01868733949959278 0.8967335224151611
vn 0.21847829222679138 -0.10576924681663513 0.9700928926467896
vn -0.0059480322524905205 -0.21589776873588562 0.9763978719711304
vn -0.006063985172659159 -0.21448914706707 0.9767076373100281
vn 0.21786558628082275 -0.10467298328876495 0.9703494906425476
vn -0.015220771543681622 -0.21522094309329987 0.976446807384491
vn -0.014949674718081951 -0.21780931949615479 0.9758769273757935
vn 0.45177754759788513 0.02390602044761181 0.8918102383613586
vn 0.7624660730361938 0.23801371455192566 0.6016601324081421
vn 0.853702962398529 0.32496944069862366 0.40692269802093506
vn 0.8635460138320923 0.4629470705986023 -0.19992034137248993
vn 0.8641141653060913 0.46216678619384766 -0.1992701292037964
vn 0.68458092212677 0.45706814527511597 -0.5678361058235168
vn 0.6829530000686646 0.45815205574035645 -0.5689217448234558
vn 0.22074246406555176 -0.10304144024848938 0.9698737859725952
vn -0.014711220748722553 -0.21428193151950836 0.9766610264778137
vn -0.01038501039147377 -0.2158650904893875 0.9763680696487427
vn 0.44861987233161926 0.02212608978152275 0.8934487700462341
vn 0.7588530778884888 0.23627261817455292 0.6068914532661438
vn 0.8517614006996155 0.3246627748012543 0.4112135171890259
vn 0.8683974742889404 0.46277332305908203 -0.17812013626098633
vn 0.8737244606018066 0.4600420892238617 -0.1580091118812561
vn 0.7102981209754944 0.4634755849838257 -0.5297799706459045
vn 0.6844770908355713 0.4603298306465149 -0.5653209090232849
vn -0.8110800981521606 -0.05420868843793869 0.5824177265167236
vn -0.6834798455238342 -0.04600755125284195 0.7285181283950806
vn -0.6918420791625977 -0.04448347166180611 0.7206773161888123
vn -0.9067732691764832 -0.06203370541334152 0.4170299470424652
vn -0.9969695806503296 -0.0711212009191513 0.031518254429101944
vn -0.9969074726104736 -0.07132549583911896 0.032988835126161575
vn -0.9204842448234558 -0.06378881633281708 -0.3855382800102234
vn -0.8134679198265076 -0.05488501861691475 -0.5790144205093384
vn -0.3677709698677063 -0.023046176880598068 -0.9296307563781738
vn -0.3603294789791107 -0.01343788392841816 -0.9327282905578613
vn 0.2059069722890854 0.06772108376026154 -0.9762254953384399
vn 0.4345860779285431 0.14827083051204681 -0.88834148645401
vn 0.8102788329124451 0.3094295859336853 -0.4976962208747864
vn 0.815831184387207 0.3197466731071472 -0.48185208439826965
vn 0.9276814460754395 0.37170207500457764 0.03528100252151489
vn 0.9256230592727661 0.3767479956150055 0.035817451775074005
vn 0.7978586554527283 0.30041828751564026 0.5226571559906006
vn 0.8042920827865601 0.30927717685699463 0.5074070692062378
vn 0.336446613073349 0.11852285265922546 0.934214174747467
vn 0.3279610276222229 0.09618020057678223 0.9397823810577393
vn -0.004182793665677309 0.0025208494625985622 0.9999880790710449
vn -0.006710621528327465 0.018970098346471786 0.999797523021698
vn 0.956963062286377 0.008700876496732235 -0.2900794446468353
vn 0.985496461391449 -0.08721683919429779 -0.1455676555633545
vn 0.9875084161758423 -0.09273037314414978 -0.1273900866508484
vn 0.8921011090278625 0.11087530106306076 -0.43802088499069214
vn 0.6719757914543152 0.2975815534591675 -0.6781546473503113
vn 0.5224066376686096 0.3800663352012634 -0.7633091807365417
vn 0.3587738275527954 0.446628212928772 -0.819636881351471
vn 0.3480173945426941 0.4473039209842682 -0.8238950967788696
vn 0.8552838563919067 0.051344115287065506 0.5156097412109375
vn 0.7316598296165466 -0.052899159491062164 0.6796143651008606
vn 0.7217730283737183 -0.025460153818130493 0.6916614174842834
vn 0.9558215141296387 0.13428007066249847 0.2614844739437103
vn 0.963350772857666 0.21353556215763092 -0.16235075891017914
vn 0.8978068232536316 0.21986964344978333 -0.38157597184181213
vn 0.6885673403739929 0.24722985923290253 -0.6817275285720825
vn 0.5071996450424194 0.238149493932724 -0.8282712697982788
vn 0.3328050971031189 0.23503071069717407 -0.9132367372512817
vn 0.3116111755371094 0.22051221132278442 -0.924268901348114
vn -0.8286166787147522 0.11539915204048157 0.5477932095527649
vn -0.6938155293464661 0.09998809546232224 0.7131777405738831
vn -0.6906761527061462 0.09771254658699036 0.7165325284004211
vn -0.9305928945541382 0.12747828662395477 0.3431415855884552
vn -0.9892163872718811 0.13626474142074585 -0.05369297415018082
vn -0.9891522526741028 0.13484127819538116 -0.05827205255627632
vn -0.8689755201339722 0.12273658066987991 -0.4793927073478699
vn -0.8706698417663574 0.12458872050046921 -0.47582730650901794
vn -0.3897371292114258 0.05571877211332321 -0.9192389845848083
vn -0.38998159766197205 0.05566788092255592 -0.9191384315490723
vn 0.3586268424987793 -0.05841418355703354 -0.9316514730453491
vn 0.35943281650543213 -0.05821695923805237 -0.9313532114028931
vn 0.8450894355773926 -0.13950282335281372 -0.5161035060882568
vn 0.8427350521087646 -0.1376674622297287 -0.5204280614852905
vn 0.9856467843055725 -0.16524909436702728 -0.0345434844493866
vn 0.985227644443512 -0.16804035007953644 -0.032996661961078644
vn 0.9068227410316467 -0.15136775374412537 0.39339590072631836
vn 0.7956059575080872 -0.13020597398281097 0.5916565656661987
vn 0.4620267450809479 -0.07522429525852203 0.8836699724197388
vn 0.22940392792224884 -0.03732423856854439 0.9726154208183289
vn -0.0015858809929341078 -0.0005217300495132804 0.9999986290931702
vn -0.0015860865823924541 -0.0005219492595642805 0.9999986886978149
vn 0.7752186059951782 0.24158263206481934 0.583672821521759
vn 0.6598231792449951 0.14856712520122528 0.7365875244140625
vn 0.6532032489776611 0.14654766023159027 0.7428656220436096
vn 0.8590866923332214 0.3282740116119385 0.3926907479763031
vn 0.8963306546211243 0.4420407712459564 -0.03451800346374512
vn 0.8434266448020935 0.4670087695121765 -0.2655831277370453
vn 0.7480892539024353 0.4652450680732727 -0.47319096326828003
vn 0.745714545249939 0.4630618989467621 -0.4790443181991577
vn -0.9403234124183655 0.06930234283208847 -0.33315014839172363
vn -0.8242358565330505 0.12157578021287918 -0.553041398525238
vn -0.826309323310852 0.11973574012517929 -0.5503421425819397
vn -0.9975323677062988 0.0057539683766663074 -0.0699719786643982
vn -0.9223175048828125 -0.0943244993686676 0.3747442364692688
vn -0.8064080476760864 -0.1408822387456894 0.5743327140808105
vn -0.35405272245407104 -0.2107820361852646 0.9111626744270325
vn -0.34819671511650085 -0.21431905031204224 0.9125932455062866
vn 0.0005687170196324587 -0.22104346752166748 0.975263774394989
vn 0.0015167058445513248 -0.21833358705043793 0.9758731126785278
vn 0.8168368935585022 0.15656113624572754 0.5552170872688293
vn 0.6762611865997314 0.09917807579040527 0.7299551367759705
vn 0.6928080916404724 0.09879665821790695 0.7143222689628601
vn 0.9090800881385803 0.20967431366443634 0.3600142002105713
vn 0.954567015171051 0.2882521450519562 -0.07558168470859528
vn 0.8951740264892578 0.3130488395690918 -0.3172758221626282
vn 0.7848179340362549 0.3138972818851471 -0.5343493223190308
vn 0.7918018698692322 0.32212206721305847 -0.5189288854598999
vn -0.9715642929077148 -0.005312249064445496 -0.23671643435955048
vn -0.9922892451286316 0.014393981546163559 -0.12310542166233063
vn -0.9923862814903259 0.013527031056582928 -0.12241948395967484
vn -0.9368588924407959 -0.025021521374583244 -0.3488112986087799
vn -0.8181816935539246 -0.04388983175158501 -0.5732820630073547
vn -0.8180763125419617 -0.044675059616565704 -0.573371946811676
vn -0.588708758354187 -0.013360761106014252 -0.808234691619873
vn -0.589156985282898 -0.013238189741969109 -0.8079102635383606
vn -0.42395201325416565 0.01738554798066616 -0.9055178165435791
vn -0.42355215549468994 0.01812463067471981 -0.9056904911994934
vn 0.9158905744552612 0.33648112416267395 0.21891729533672333
vn 0.9372969269752502 0.33268922567367554 0.10388597100973129
vn 0.9365209937095642 0.3344726860523224 0.10515013337135315
vn 0.8817071914672852 0.33521920442581177 0.3319946825504303
vn 0.7599140405654907 0.3312326967716217 0.5592991709709167
vn 0.7596157789230347 0.33221960067749023 0.5591190457344055
vn 0.5332963466644287 0.33545076847076416 0.7765743732452393
vn 0.5324326157569885 0.33588409423828125 0.7769796252250671
vn 0.383634477853775 0.33331188559532166 0.8612362742424011
vn 0.38514095544815063 0.33152106404304504 0.8612551689147949
vn -0.9601393938064575 -0.26704126596450806 -0.08259154856204987
vn -0.9573656916618347 -0.22292007505893707 0.18373239040374756
vn -0.9679091572761536 -0.24911610782146454 0.033060017973184586
vn -0.9125489592552185 -0.28843361139297485 -0.2899318039417267
vn -0.8038609027862549 -0.2997676432132721 -0.5137578248977661
vn -0.7232051491737366 -0.2990400791168213 -0.6225346326828003
vn -0.4755181670188904 -0.2772182524204254 -0.834884762763977
vn -0.5633224248886108 -0.2883014380931854 -0.7743061184883118
vn -0.2820322513580322 -0.24654927849769592 -0.9271846413612366
vn -0.14956195652484894 -0.2225896418094635 -0.9633718132972717
vn -0.9537316560745239 -0.06446155905723572 -0.293667733669281
vn -0.8522689342498779 -0.1122129037976265 -0.5109267234802246
vn -0.85228431224823 -0.11222344636917114 -0.510898768901825
vn -0.9990396499633789 -0.009297432377934456 -0.04281584545969963
vn -0.9158124327659607 0.08632436394691467 0.3922189772129059
vn -0.8044925332069397 0.1274755746126175 0.5801221132278442
vn -0.35064050555229187 0.20355124771595 0.9141214489936829
vn -0.3506127893924713 0.2006886750459671 0.9147648215293884
vn 0.006111181806772947 0.21947892010211945 0.9755980968475342
vn 0.006507233716547489 0.22463688254356384 0.9744208455085754
vn -0.20853900909423828 0.21767914295196533 0.9534816145896912
vn 0.03340068832039833 0.23534663021564484 0.9713374972343445
vn 0.034508414566516876 0.22523139417171478 0.9736940264701843
vn -0.45344632863998413 0.1916913092136383 0.8704256415367126
vn -0.8030034899711609 0.12801949679851532 0.5820622444152832
vn -0.9169055819511414 0.08564398437738419 0.38980671763420105
vn -0.998777449131012 -0.010778173804283142 -0.04824235290288925
vn -0.9527332782745361 -0.0654028058052063 -0.29668498039245605
vn -0.8515863418579102 -0.11281827092170715 -0.5119304656982422
vn -0.8515892028808594 -0.11280239373445511 -0.5119292140007019
vn -0.9528986215591431 -0.06501489132642746 -0.29623866081237793
vn -0.8516407608985901 -0.11229778081178665 -0.5119544863700867
vn -0.8519609570503235 -0.11220690608024597 -0.5114412903785706
vn -0.99892258644104 -0.010078733786940575 -0.045299939811229706
vn -0.9159157872200012 0.08580461889505386 0.3920917510986328
vn -0.8032073378562927 0.12745362520217896 0.5819050669670105
vn -0.3426898717880249 0.2072240710258484 0.9163088798522949
vn -0.3506786525249481 0.2006635069847107 0.9147452116012573
vn 0.019961999729275703 0.22539912164211273 0.9740619659423828
vn 0.03338947147130966 0.2364359349012375 0.9710733294487
vn -0.21295280754566193 0.9769478440284729 -0.014966551214456558
vn -0.30829548835754395 0.9511948823928833 -0.013499725610017776
vn -0.3139597475528717 0.9493299126625061 -0.014216565527021885
vn -0.1108940988779068 0.9936456680297852 -0.01925354078412056
vn 0.09051021188497543 0.9955968856811523 -0.024386713281273842
vn 0.08689634501934052 0.9958661794662476 -0.02645326405763626
vn 0.18483693897724152 0.9823853969573975 -0.027467235922813416
vn 0.19123707711696625 0.9811314940452576 -0.02844991348683834
vn -0.9865825772285461 0.163260817527771 0.0009411160135641694
vn -0.9681106805801392 0.2505187690258026 -0.0014684785855934024
vn -0.9672868847846985 0.25368303060531616 -0.0010341402376070619
vn -0.99760502576828 0.06916706264019012 0.00035546664730645716
vn -0.9996716976165771 -0.025609781965613365 0.0008282887865789235
vn -0.9995617270469666 -0.02942913956940174 -0.0032108034938573837
vn 0.00046326007577590644 -0.9999996423721313 -0.0007350744563154876
vn 0.00037107159732840955 -0.9999997615814209 -0.0006568208918906748
vn 0.0003450030926615 -0.9999997615814209 -0.0006237254710868001
vn 0.0006062955944798887 -0.999999463558197 -0.0008791313739493489
vn 0.0006755307549610734 -0.9999992847442627 -0.000973113055806607
vn 0.000747384678106755 -0.9999992847442627 -0.001039917697198689
vn 0.0006010856595821679 -0.999999463558197 -0.0009228442795574665
vn 0.000507580058183521 -0.9999995827674866 -0.0008548448095098138
vn 0.467910498380661 0.06876339018344879 0.8810967206954956
vn 0.3514477014541626 0.05852188915014267 0.9343767166137695
vn 0.3444233536720276 0.060682136565446854 0.9368512630462646
vn 0.5858893990516663 0.0751635879278183 0.8068976998329163
vn 0.7666637897491455 0.07963728159666061 0.6370906233787537
vn 0.830669105052948 0.08035275340080261 0.5509376525878906
vn 0.9700102210044861 0.07250780612230301 0.23199714720249176
vn 0.9699820876121521 0.07525058090686798 0.23124057054519653
vn 0.9981401562690735 0.06003272160887718 -0.010600460693240166
vn 0.9983282089233398 0.05774252489209175 -0.0025837223511189222
vn 0.47664985060691833 0.07788139581680298 0.8756365776062012
vn 0.3555789589881897 0.06740125268697739 0.9322128891944885
vn 0.34912896156311035 0.06949039548635483 0.9344946146011353
vn 0.5977396368980408 0.08449535816907883 0.7972251176834106
vn 0.7796109914779663 0.0888216644525528 0.6199333071708679
vn 0.8428537845611572 0.08912431448698044 0.5307111144065857
vn 0.9712664484977722 0.08100835978984833 0.22378404438495636
vn 0.9713441133499146 0.08339614421129227 0.22256644070148468
vn 0.9976169466972351 0.06898517906665802 -0.0012863186420872808
vn 0.9977448582649231 0.06679898500442505 0.006564061623066664
vn -0.9115475416183472 -0.012805150821805 0.41099533438682556
vn -0.9797927141189575 -0.021749529987573624 0.1988297551870346
vn -0.9758442640304565 -0.04906357079744339 0.21288657188415527
vn -0.7951290011405945 0.011418654583394527 0.6063328385353088
vn -0.33883294463157654 0.09296124428510666 0.9362427592277527
vn -0.3371570408344269 0.07407528907060623 0.9385296702384949
vn 0.020978396758437157 0.11902245879173279 0.992669939994812
vn 0.02368485927581787 0.14702288806438446 0.9888495802879333
vn -7.064124474709388e-06 -1.0 0.00021864565496798605
vn -3.954462954425253e-06 -0.9999999403953552 0.0004744380130432546
vn -6.00778639636701e-06 -1.0 0.00044429750414565206
vn -8.380979124922305e-06 -1.0 -1.2597807653946802e-05
vn -8.540913768229075e-06 -1.0 -0.00022597516363020986
vn -7.905028724053409e-06 -1.0 -0.00021929238573648036
vn -7.676285349589307e-06 -1.0 0.00010737852426245809
vn -7.676285349589307e-06 -1.0 0.00010737852426245809
vn -7.676285349589307e-06 -1.0 0.00010737852426245809
vn -7.793153599777725e-06 -1.0 0.00010472064604982734
vn -7.793153599777725e-06 -1.0 0.00010472064604982734
vn -7.793153599777725e-06 -1.0 0.00010472064604982734
vn -7.527093202952528e-06 -1.0 -0.00024185107031371444
vn -7.527093202952528e-06 -1.0 -0.00024185107031371444
vn -7.527093202952528e-06 -1.0 -0.00024185107031371444
vn -4.069187980348943e-06 -1.0 -0.0002889951574616134
vn -4.069187980348943e-06 -1.0 -0.0002889951574616134
vn -4.069187980348943e-06 -1.0 -0.0002889951574616134
vn 0.27277493476867676 0.6126230955123901 -0.7418131232261658
vn 0.09941713511943817 0.5435293316841125 -0.833482027053833
vn 0.09282840043306351 0.5369876623153687 -0.8384671211242676
vn 0.26732760667800903 0.6100886464118958 -0.7458738684654236
vn 0.5901572704315186 0.676474392414093 -0.4405640959739685
vn 0.5921072959899902 0.6756833791732788 -0.43915921449661255
vn 0.7866092324256897 0.6154175996780396 -0.05007161572575569
vn 0.7924563884735107 0.6085859537124634 -0.04044504091143608
vn 0.826107919216156 0.5429859757423401 0.15070483088493347
vn 0.8184993267059326 0.5592624545097351 0.13147050142288208
vn -0.11977444589138031 -0.2117883265018463 0.969948410987854
vn -0.1311122626066208 -0.22223785519599915 0.9661366939544678
vn -0.3592971861362457 -0.25979679822921753 0.8963320255279541
vn -0.35124853253364563 -0.2559538781642914 0.9006176590919495
vn -0.7768383622169495 -0.30930596590042114 0.5484997034072876
vn -0.7759757041931152 -0.3037636876106262 0.5528013706207275
vn -0.9503813982009888 -0.28471657633781433 0.12534603476524353
vn -0.9610770344734192 -0.2690551280975342 -0.0627707988023758
vn -0.8190107941627502 -0.12638668715953827 -0.5596853494644165
vn -0.8107359409332275 -0.14600732922554016 -0.5669119954109192
vn -0.5797865986824036 0.0033828008454293013 -0.8147614598274231
vn -0.5762192606925964 0.032625097781419754 -0.8166438341140747
vn 0.0024522768799215555 0.002226646291092038 0.9999945163726807
vn 0.003122979775071144 0.009222187101840973 0.9999526143074036
vn 0.20424288511276245 0.31893622875213623 0.9255077242851257
vn 0.21660152077674866 0.3230654001235962 0.9212559461593628
vn 0.43464383482933044 0.6891616582870483 0.5797765851020813
vn 0.47034192085266113 0.7669088840484619 0.4366111159324646
vn 0.5222514867782593 0.8521153926849365 0.033949922770261765
vn 0.5190407037734985 0.8539731502532959 0.036421120166778564
vn 0.48184141516685486 0.7851883172988892 -0.3889833986759186
vn 0.4434947967529297 0.7039976119995117 -0.5547069311141968
vn 0.2088889330625534 0.3243674039840698 -0.9225786328315735
vn 0.22012808918952942 0.3286811411380768 -0.9184292554855347
vn -0.1523430347442627 -0.0926271453499794 -0.9839775562286377
vn -0.14223036170005798 -0.09066314250230789 -0.9856727719306946
vn -0.41803476214408875 -0.24834968149662018 -0.8738245964050293
vn -0.5548146367073059 -0.3075938820838928 -0.7730244398117065
vn -0.7385023832321167 -0.3996414244174957 -0.5430478453636169
vn -0.8205820918083191 -0.4263814091682434 -0.380583792924881
vn -0.8870288729667664 -0.4614708125591278 -0.014983545988798141
vn -0.8900676369667053 -0.4555342495441437 -0.016374973580241203
vn -0.8229325413703918 -0.4303017556667328 0.3709750175476074
vn -0.7380320429801941 -0.3988259732723236 0.5442854762077332
vn -0.4950736165046692 -0.2767210006713867 0.8236063718795776
vn -0.47600775957107544 -0.266327828168869 0.8381444215774536
vn -0.3222781717777252 -0.18793092668056488 0.9278032183647156
vn -0.3405008018016815 -0.21121160686016083 0.9162144660949707
vn 0.8151394128799438 0.5787482261657715 0.0244591124355793
vn 0.8218051195144653 0.5693162083625793 0.022706836462020874
vn 0.8679207563400269 0.49607306718826294 0.024999629706144333
vn 0.8652676343917847 0.5006085634231567 0.02651245892047882
vn 0.9123489260673523 0.4086310863494873 0.02529960870742798
vn 0.9119483232498169 0.4095984399318695 0.024071088060736656
vn -0.6050416827201843 0.046494144946336746 0.7948351502418518
vn -0.5994253754615784 0.045364681631326675 0.7991440892219543
vn -0.3149169981479645 -0.12724287807941437 0.9405511617660522
vn -0.33192023634910583 -0.11543252319097519 0.9362181425094604
vn 0.018130844458937645 -0.2838195264339447 0.9587063789367676
vn 0.04779496788978577 -0.30326879024505615 0.9517057538032532
vn -0.4204601049423218 -0.37131771445274353 0.8278504610061646
vn -0.2342393696308136 -0.19619978964328766 0.9521752595901489
vn -0.17017433047294617 -0.24931518733501434 0.9533533453941345
vn -0.38631901144981384 -0.3721035420894623 0.843976616859436
vn -0.7183011174201965 -0.5077103972434998 0.47568222880363464
vn -0.7489782571792603 -0.5489469766616821 0.3710642457008362
vn -0.8212301731109619 -0.5556818842887878 0.1296098679304123
vn -0.831165075302124 -0.5420956611633301 0.12368091940879822
vn -0.831165075302124 -0.5420956611633301 0.12368091940879822
vn -0.831165075302124 -0.5420956611633301 0.12368091940879822
vn -0.9884172081947327 -0.14960087835788727 0.02551514096558094
vn -0.9881977438926697 -0.15156106650829315 0.022240156307816505
vn -0.9596987366676331 -0.16239677369594574 0.22935953736305237
vn -0.960605263710022 -0.15870192646980286 0.2281469702720642
vn -0.8107314109802246 -0.1701715886592865 0.5601394176483154
vn -0.8102408051490784 -0.17547398805618286 0.5592125058174133
vn -0.5241180062294006 -0.1613452285528183 0.8362224698066711
vn -0.5231091976165771 -0.15695683658123016 0.8376880288124084
vn -0.30652958154678345 -0.14544473588466644 0.9406835436820984
vn -0.30293500423431396 -0.14767181873321533 0.9415006041526794
vn -0.9906021356582642 -0.13365179300308228 0.029064800590276718
vn -0.9903692603111267 -0.1361723095178604 0.025020800530910492
vn -0.9587071537971497 -0.14568941295146942 0.24424396455287933
vn -0.9592827558517456 -0.14226442575454712 0.2440030574798584
vn -0.7989073991775513 -0.15205127000808716 0.5819169282913208
vn -0.7986869812011719 -0.1562572866678238 0.5811048150062561
vn -0.5205865502357483 -0.14341546595096588 0.8416779041290283
vn -0.5205325484275818 -0.13934925198554993 0.8423939943313599
vn -0.3180723190307617 -0.1300380378961563 0.9391060471534729
vn -0.3132486045360565 -0.13294392824172974 0.9403197765350342
vn 0.09282840043306351 0.5369876623153687 0.8384671211242676
vn 0.09941713511943817 0.5435293316841125 0.833482027053833
vn 0.27277493476867676 0.6126230955123901 0.7418131232261658
vn 0.26732760667800903 0.6100886464118958 0.7458738684654236
vn 0.5901572704315186 0.676474392414093 0.4405640959739685
vn 0.5921072959899902 0.6756833791732788 0.43915921449661255
vn 0.7866092324256897 0.6154175996780396 0.05007161572575569
vn 0.7924563884735107 0.6085859537124634 0.04044504091143608
vn 0.826107919216156 0.5429859757423401 -0.15070483088493347
vn 0.8184993267059326 0.5592624545097351 -0.13147050142288208
vn -0.3592971861362457 -0.25979679822921753 -0.8963320255279541
vn -0.1311122626066208 -0.22223785519599915 -0.9661366939544678
vn -0.11977444589138031 -0.2117883265018463 -0.969948410987854
vn -0.35124853253364563 -0.2559538781642914 -0.9006176590919495
vn -0.7768383622169495 -0.30930596590042114 -0.5484997034072876
vn -0.7759757041931152 -0.3037636876106262 -0.5528013706207275
vn -0.9503813982009888 -0.28471657633781433 -0.12534603476524353
vn -0.9610770344734192 -0.2690551280975342 0.0627707988023758
vn -0.8190107941627502 -0.12638668715953827 0.5596853494644165
vn -0.8107359409332275 -0.14600732922554016 0.5669119954109192
vn -0.5797865986824036 0.0033828008454293013 0.8147614598274231
vn -0.5762192606925964 0.032625097781419754 0.8166438341140747
vn 0.20424288511276245 0.31893622875213623 -0.9255077242851257
vn 0.003122979775071144 0.009222187101840973 -0.9999526143074036
vn 0.0024522768799215555 0.002226646291092038 -0.9999945163726807
vn 0.21660152077674866 0.3230654001235962 -0.9212559461593628
vn 0.43464383482933044 0.6891616582870483 -0.5797765851020813
vn 0.47034192085266113 0.7669088840484619 -0.4366111159324646
vn 0.5222514867782593 0.8521153926849365 -0.033949922770261765
vn 0.5190407037734985 0.8539731502532959 -0.036421120166778564
vn 0.48184141516685486 0.7851883172988892 0.3889833986759186
vn 0.4434947967529297 0.7039976119995117 0.5547069311141968
vn 0.2088889330625534 0.3243674039840698 0.9225786328315735
vn 0.22012808918952942 0.3286811411380768 0.9184292554855347
vn -0.1523430347442627 -0.0926271453499794 0.9839775562286377
vn -0.14223036170005798 -0.09066314250230789 0.9856727719306946
vn -0.41803476214408875 -0.24834968149662018 0.8738245964050293
vn -0.5548146367073059 -0.3075938820838928 0.7730244398117065
vn -0.7385023832321167 -0.3996414244174957 0.5430478453636169
vn -0.8205820918083191 -0.4263814091682434 0.380583792924881
vn -0.8870288729667664 -0.4614708125591278 0.014983545988798141
vn -0.8900676369667053 -0.4555342495441437 0.016374973580241203
vn -0.8229325413703918 -0.4303017556667328 -0.3709750175476074
vn -0.7380320429801941 -0.3988259732723236 -0.5442854762077332
vn -0.4950736165046692 -0.2767210006713867 -0.8236063718795776
vn -0.47600775957107544 -0.266327828168869 -0.8381444215774536
vn -0.3222781717777252 -0.18793092668056488 -0.9278032183647156
vn -0.3405008018016815 -0.21121160686016083 -0.9162144660949707
vn 0.8679207563400269 0.49607306718826294 -0.024999629706144333
vn 0.8218051195144653 0.5693162083625793 -0.022706836462020874
vn 0.8151394128799438 0.5787482261657715 -0.0244591124355793
vn 0.8652676343917847 0.5006085634231567 -0.02651245892047882
vn 0.9123489260673523 0.4086310863494873 -0.02529960870742798
vn 0.9119483232498169 0.4095984399318695 -0.024071088060736656
vn -0.3149169981479645 -0.12724287807941437 -0.9405511617660522
vn -0.5994253754615784 0.045364681631326675 -0.7991440892219543
vn -0.6050416827201843 0.046494144946336746 -0.7948351502418518
vn -0.33192023634910583 -0.11543252319097519 -0.9362181425094604
vn 0.018130844458937645 -0.2838195264339447 -0.9587063789367676
vn 0.04779496788978577 -0.30326879024505615 -0.9517057538032532
vn -0.17017433047294617 -0.24931518733501434 -0.9533533453941345
vn -0.2342393696308136 -0.19619978964328766 -0.9521752595901489
vn -0.4204601049423218 -0.37131771445274353 -0.8278504610061646
vn -0.38631901144981384 -0.3721035420894623 -0.843976616859436
vn -0.7183011174201965 -0.5077103972434998 -0.47568222880363464
vn -0.7489782571792603 -0.5489469766616821 -0.3710642457008362
vn -0.8212301731109619 -0.5556818842887878 -0.1296098679304123
vn -0.831165075302124 -0.5420956611633301 -0.12368091940879822
vn -0.831165075302124 -0.5420956611633301 -0.12368091940879822
vn -0.831165075302124 -0.5420956611633301 -0.12368091940879822
vn -0.9596987366676331 -0.16239677369594574 -0.22935953736305237
vn -0.9881977438926697 -0.15156106650829315 -0.022240156307816505
vn -0.9884172081947327 -0.14960087835788727 -0.02551514096558094
vn -0.960605263710022 -0.15870192646980286 -0.2281469702720642
vn -0.8107314109802246 -0.1701715886592865 -0.5601394176483154
vn -0.8102408051490784 -0.17547398805618286 -0.5592125058174133
vn -0.5241180062294006 -0.1613452285528183 -0.8362224698066711
vn -0.5231091976165771 -0.15695683658123016 -0.8376880288124084
vn -0.30652958154678345 -0.14544473588466644 -0.9406835436820984
vn -0.30293500423431396 -0.14767181873321533 -0.9415006041526794
vn -0.9587071537971497 -0.14568941295146942 -0.24424396455287933
vn -0.9903692603111267 -0.1361723095178604 -0.025020800530910492
vn -0.9906021356582642 -0.13365179300308228 -0.029064800590276718
vn -0.9592827558517456 -0.14226442575454712 -0.2440030574798584
vn -0.7989073991775513 -0.15205127000808716 -0.5819169282913208
vn -0.7986869812011719 -0.1562572866678238 -0.5811048150062561
vn -0.5205865502357483 -0.14341546595096588 -0.8416779041290283
vn -0.5205325484275818 -0.13934925198554993 -0.8423939943313599
vn -0.3180723190307617 -0.1300380378961563 -0.9391060471534729
vn -0.3132486045360565 -0.13294392824172974 -0.9403197765350342
vn 0.1686922013759613 0.6075713038444519 -0.7761443853378296
vn 0.15499740839004517 0.4453568756580353 -0.8818351626396179
vn 0.33047160506248474 0.5166844725608826 -0.7898263335227966
vn 0.21568767726421356 0.5044373273849487 -0.8360751867294312
vn 0.45174548029899597 0.3641655445098877 -0.8144380450248718
vn -0.18845947086811066 0.5691847801208496 -0.8003197908401489
vn 0.14736081659793854 0.24573181569576263 -0.9580712914466858
vn -0.45632168650627136 0.3685588836669922 -0.8098980188369751
vn -0.19355015456676483 0.34967565536499023 -0.9166598320007324
vn -0.3079390823841095 0.33352503180503845 -0.8910300731658936
vn -0.3043223023414612 0.17104972898960114 -0.9370859265327454
vn -0.5898959636688232 0.14537227153778076 -0.7942857146263123
vn -0.2694588601589203 0.2483281046152115 0.930443525314331
vn -0.19194474816322327 -0.015110628679394722 0.9812895059585571
vn -0.4812629222869873 0.05344143509864807 0.8749457597732544
vn -0.32147735357284546 0.09848519414663315 0.9417818188667297
vn -0.5835621953010559 -0.19093142449855804 0.7893036007881165
vn 0.07444296777248383 0.43134430050849915 0.8991107940673828
vn -0.19442598521709442 -0.22771991789340973 0.9541184902191162
vn 0.2599622309207916 0.1271238625049591 0.9572142362594604
vn 0.36394035816192627 0.3964177370071411 0.8428524732589722
vn 0.23524844646453857 -0.11193434149026871 0.9654682874679565
vn 0.5127504467964172 0.1838897168636322 0.8386128544807434
vn 0.4944348931312561 0.0399993434548378 0.868293821811676
vn 0.33047160506248474 0.5166844725608826 0.7898263335227966
vn 0.15499740839004517 0.4453568756580353 0.8818351626396179
vn 0.1686922013759613 0.6075713038444519 0.7761443853378296
vn 0.21568767726421356 0.5044373273849487 0.8360751867294312
vn 0.45174548029899597 0.3641655445098877 0.8144380450248718
vn -0.18845947086811066 0.5691847801208496 0.8003197908401489
vn 0.14736081659793854 0.24573181569576263 0.9580712914466858
vn -0.19355015456676483 0.34967565536499023 0.9166598320007324
vn -0.45632168650627136 0.3685588836669922 0.8098980188369751
vn -0.3079390823841095 0.33352503180503845 0.8910300731658936
vn -0.3043223023414612 0.17104972898960114 0.9370859265327454
vn -0.5898959636688232 0.14537227153778076 0.7942857146263123
vn -0.4812629222869873 0.05344143509864807 -0.8749457597732544
vn -0.19194474816322327 -0.015110628679394722 -0.9812895059585571
vn -0.2694588601589203 0.2483281046152115 -0.930443525314331
vn -0.32147735357284546 0.09848519414663315 -0.9417818188667297
vn -0.5835621953010559 -0.19093142449855804 -0.7893036007881165
vn 0.07444296777248383 0.43134430050849915 -0.8991107940673828
vn -0.19442598521709442 -0.22771991789340973 -0.9541184902191162
vn 0.2599622309207916 0.1271238625049591 -0.9572142362594604
vn 0.36394035816192627 0.3964177370071411 -0.8428524732589722
vn 0.23524844646453857 -0.11193434149026871 -0.9654682874679565
vn 0.5127504467964172 0.1838897168636322 -0.8386128544807434
vn 0.4944348931312561 0.0399993434548378 -0.868293821811676
vn -0.08563137799501419 -0.9961211085319519 -0.02024969458580017
vn -0.04335422441363335 -0.9971025586128235 -0.06250408291816711
vn -0.05247688665986061 -0.9978348612785339 -0.03964589908719063
vn -0.08035961538553238 -0.9960924386978149 0.03663776069879532
vn 0.05180537700653076 -0.9960404634475708 -0.07224640250205994
vn -0.038897376507520676 -0.997406005859375 0.0605660118162632
vn 0.05918588861823082 -0.9949083924293518 -0.08157380670309067
vn -0.03500773385167122 -0.9959614276885986 0.08267515897750854
vn 0.09927558898925781 -0.9948872923851013 -0.018536746501922607
vn 0.02000797539949417 -0.9971523880958557 0.07270940393209457
vn 0.09166580438613892 -0.9956167936325073 -0.018559033051133156
vn 0.05088077113032341 -0.997409462928772 0.05084913969039917
vn 0.08178231865167618 -0.9959573745727539 0.037155743688344955
vn -0.09370139986276627 -0.9936317801475525 -0.06257599592208862
vn -0.04190819337964058 -0.9935410618782043 -0.10545118153095245
vn -0.06324378401041031 -0.9943709373474121 -0.08500956743955612
vn -0.11274252831935883 -0.9936229586601257 -0.0016145461704581976
vn 0.06514162570238113 -0.9927677512168884 -0.10083937644958496
vn -0.106418676674366 -0.9938933253288269 0.02917216531932354
vn 0.07196648418903351 -0.9914384484291077 -0.10895273834466934
vn -0.06454630196094513 -0.9944442510604858 0.08315259218215942
vn 0.12598496675491333 -0.9917261004447937 -0.024638336151838303
vn -0.02852870337665081 -0.9959505200386047 0.08525680750608444
vn 0.12295644730329514 -0.992087185382843 -0.02539319172501564
vn 0.028485175222158432 -0.9953845739364624 0.09164155274629593
vn 0.1107604131102562 -0.9927356839179993 0.046989232301712036
vn 0.06758741289377213 -0.9956543445587158 0.06406589597463608
vn -0.08563147485256195 -0.9961210489273071 0.02024969831109047
vn -0.052476923912763596 -0.9978348612785339 0.039645902812480927
vn -0.04335431754589081 -0.9971025586128235 0.06250408291816711
vn -0.0803595557808876 -0.9960923194885254 -0.03663862869143486
vn 0.05180537700653076 -0.9960404634475708 0.07224640250205994
vn -0.038897328078746796 -0.9974059462547302 -0.06056666374206543
vn 0.05918588861823082 -0.9949083924293518 0.08157380670309067
vn -0.03500764071941376 -0.9959613680839539 -0.08267645537853241
vn 0.09927558898925781 -0.9948872923851013 0.018536746501922607
vn 0.020007887855172157 -0.9971523880958557 -0.07271017134189606
vn 0.09166580438613892 -0.9956167936325073 0.018559033051133156
vn 0.050880689173936844 -0.9974093437194824 -0.05084991455078125
vn 0.08178223669528961 -0.9959573745727539 -0.03715651109814644
vn -0.09370128065347672 -0.9936317801475525 0.06257594376802444
vn -0.06324373930692673 -0.9943709373474121 0.08500954508781433
vn -0.04190807417035103 -0.9935410618782043 0.10545113682746887
vn -0.11274252831935883 -0.9936229586601257 0.0016145461704581976
vn 0.06514162570238113 -0.9927677512168884 0.10083937644958496
vn -0.106418676674366 -0.9938933253288269 -0.02917216531932354
vn 0.07196648418903351 -0.9914384484291077 0.10895273834466934
vn -0.06454630196094513 -0.9944442510604858 -0.08315259218215942
vn 0.12598496675491333 -0.9917261004447937 0.024638336151838303
vn -0.02852870337665081 -0.9959505200386047 -0.08525680750608444
vn 0.12295644730329514 -0.992087185382843 0.02539319172501564
vn 0.028485199436545372 -0.9953844547271729 -0.09164349734783173
vn 0.11076044291257858 -0.9927355647087097 -0.04699118062853813
vn 0.06758744269609451 -0.9956541657447815 -0.06406784057617188
vn -0.0 1.0 0.0
vn -0.0 1.0 0.0
vn -0.0 1.0 3.9042099331254576e-08
vn -0.0 1.0 0.0
vn -0.0 1.0 -1.1814570655133139e-08
vn -0.0 1.0 -3.805279220614466e-07
vn -0.0 1.0 -1.1814570655133139e-08
vn -0.0 1.0 -3.805279220614466e-07
vn -4.5696333472733386e-07 1.0 4.016189336653042e-07
vn -0.0 1.0 -3.805279220614466e-07
vn -8.111736065075092e-07 1.0 1.578933165546914e-06
vn 9.638233677833341e-07 1.0 6.821853162364278e-07
vn -1.6408464489359176e-06 1.0 1.3320093330548843e-06
vn 6.969029442416286e-08 1.0 0.0
vn 4.953722623213253e-07 1.0 1.9217618500988465e-06
vn 1.8764555989037035e-06 1.0 3.190227744198637e-06
vn -4.369755060906755e-06 1.0 2.8471235964389052e-06
vn -4.668298061005771e-06 1.0 3.5840280361298937e-06
vn -2.9780958357150666e-06 1.0 3.882057626469759e-06
vn -5.51755783817498e-06 1.0 8.115592891044798e-07
vn -1.7001556216200697e-06 1.0 2.2293943402473815e-06
vn -5.574365331995068e-06 1.0 7.487032860353793e-08
vn -5.161306262380094e-07 1.0 1.0389740054961294e-06
vn -4.716988314612536e-06 1.0 -2.510070999051095e-06
vn 1.3742941007421905e-07 1.0 0.0
vn -3.909794031642377e-06 1.0 -3.640331442511524e-06
vn -1.744341204812372e-07 1.0 1.6818080439406913e-06
vn -1.746668090163439e-06 1.0 -4.655722477764357e-06
vn -5.40770884072117e-07 1.0 4.869355052505853e-07
vn -1.1382949196558911e-06 1.0 -5.331532975105802e-06
vn -1.6301015648423345e-07 1.0 1.5475975487788673e-06
vn -3.3049069259050157e-08 1.0 -2.831880919984542e-06
vn 7.462718087936082e-08 1.0 2.078127636195859e-06
vn -4.488444460548635e-07 1.0 -1.0710609785746783e-06
vn 2.1872416766655078e-07 1.0 -4.642183739633765e-07
vn 1.623590151211829e-09 1.0 2.6698970145844214e-07
vn -0.00012664374662563205 0.9999997615814209 -0.0007862147758714855
vn -0.00012537774455267936 0.9999997615814209 -0.000774491811171174
vn 0.00014276901492848992 0.9999997019767761 -0.0008210588130168617
vn -0.00040327286114916205 0.9999997019767761 -0.000634536612778902
vn 0.0002954541123472154 0.9999995231628418 -0.0008367515983991325
vn -0.00040292530320584774 0.9999997615814209 -0.0006302592228166759
vn 0.0005862280377186835 0.9999996423721313 -0.0006688321591354907
vn -0.0006408071494661272 0.9999998211860657 -0.00036116669070906937
vn 0.0007431567646563053 0.9999996423721313 -0.0005136072286404669
vn -0.0006331183831207454 0.9999997615814209 -0.00036978768184781075
vn 0.0008586096228100359 0.9999997019767761 4.70697705168277e-05
vn -0.0007556034252047539 0.9999997019767761 -2.1060550352558494e-05
vn 0.0008678046287968755 0.9999997019767761 4.7416229790542275e-05
vn -0.0007512287702411413 0.9999998211860657 -1.4368657502927817e-05
vn 0.0007009438122622669 0.9999995231628418 0.0005669993697665632
vn -0.0006818605470471084 0.9999997615814209 0.00037179086939431727
vn 0.0005546024185605347 0.9999996423721313 0.0006827278411947191
vn -0.0006962493644095957 0.9999997615814209 0.0003681143862195313
vn 0.0002807847340591252 0.9999996423721313 0.0008106128661893308
vn -0.00048542182776145637 0.9999997019767761 0.0006590530974790454
vn 0.0001356705033686012 0.9999997019767761 0.0008158727432601154
vn -0.00038717256393283606 0.9999997019767761 0.0007249413756653666
vn -9.528549708193168e-05 0.9999997019767761 0.0008150901412591338
vn -0.0001921761140692979 0.9999997019767761 0.0008100892300717533
vn -0.0 -1.0 2.8897181891807122e-06
vn -0.0 -1.0 3.3313344829366542e-06
vn -0.0 -1.0 5.016212298869505e-07
vn -0.0 -1.0 1.003242459773901e-06
vn -0.0 -1.0 0.0
vn -0.0 -1.0 0.0
vn -0.0 -1.0 0.0
vn -0.0 -1.0 6.6626689658733085e-06
vn -0.0 -1.0 0.0
vn -0.0 -1.0 0.0
vn -0.0 -1.0 0.0
vn -0.0 -1.0 0.0
vn -0.0 -1.0 0.0
vn -0.0 -1.0 0.0
vn -0.0 -1.0 0.0
vn -0.0 -1.0 0.0
vn -0.0 -1.0 0.0
vn -0.0 -1.0 0.0
vn -0.0 -1.0 0.0
vn -0.0 -1.0 0.0
vn -0.0 -1.0 0.0
vn -0.0 -1.0 0.0
vn -0.0 -1.0 0.0
vn -0.0 -1.0 0.0
vn -0.0 -1.0 0.0
vn -0.0 -1.0 0.0
vn -0.0 -1.0 0.0
vn -0.0 -1.0 0.0
vn -0.0 -1.0 0.0
vn -0.0 -1.0 0.0
vn -0.0 -1.0 0.0
vn -0.0 -1.0 0.0
vn 9.638233677833341e-07 1.0 -6.821853162364278e-07
vn 6.969029442416286e-08 1.0 0.0
vn -0.0 1.0 3.805279220614466e-07
vn 4.953723191647441e-07 1.0 -1.9217618500988465e-06
vn -0.0 1.0 3.805279220614466e-07
vn 1.8764555989037035e-06 1.0 -3.190227744198637e-06
vn -0.0 1.0 3.805279220614466e-07
vn -8.111735496640904e-07 1.0 -1.578933165546914e-06
vn -0.0 1.0 0.0
vn -1.6408464489359176e-06 1.0 -1.3320093330548843e-06
vn -0.0 1.0 0.0
vn -4.5696333472733386e-07 1.0 -4.016189336653042e-07
vn -0.0 1.0 0.0
vn -0.0 1.0 1.1814570655133139e-08
vn -0.0 1.0 -3.9042099331254576e-08
vn -0.0 1.0 1.1814570655133139e-08
vn -1.7466679764766013e-06 1.0 4.655722477764357e-06
vn -1.1382949196558911e-06 1.0 5.331532975105802e-06
vn -3.909794031642377e-06 1.0 3.640331442511524e-06
vn -3.3049069259050157e-08 1.0 2.831880919984542e-06
vn -4.716988314612536e-06 1.0 2.510070999051095e-06
vn -4.488444460548635e-07 1.0 1.0710609785746783e-06
vn -5.574365331995068e-06 1.0 -7.487032860353793e-08
vn 2.1872416766655078e-07 1.0 4.642183739633765e-07
vn -5.51755783817498e-06 1.0 -8.115592891044798e-07
vn 1.623590151211829e-09 1.0 -2.6698970145844214e-07
vn -4.369755060906755e-06 1.0 -2.8471235964389052e-06
vn -1.6301014227337873e-07 1.0 -1.547597662465705e-06
vn -4.668298061005771e-06 1.0 -3.5840280361298937e-06
vn 7.462718087936082e-08 1.0 -2.078127636195859e-06
vn -2.9780958357150666e-06 1.0 -3.882057626469759e-06
vn -1.7443409205952776e-07 1.0 -1.6818080439406913e-06
vn -1.7001556216200697e-06 1.0 -2.2293943402473815e-06
vn -5.40770884072117e-07 1.0 -4.869355052505853e-07
vn -5.161306262380094e-07 1.0 -1.0389740054961294e-06
vn 1.3742941007421905e-07 1.0 0.0
vn -0.0006818604888394475 0.9999997019767761 -0.0003717907820828259
vn -0.0006962493644095957 0.9999997615814209 -0.0003681143862195313
vn -0.00048542182776145637 0.9999997019767761 -0.0006590530974790454
vn -0.0007556034834124148 0.9999997019767761 2.1060546714579687e-05
vn -0.00038717256393283606 0.9999997019767761 -0.0007249413756653666
vn -0.0007512287702411413 0.9999998211860657 1.4368657502927817e-05
vn -0.0001921761140692979 0.9999997019767761 -0.0008100892300717533
vn -0.0006408070330508053 0.9999997615814209 0.0003611666616052389
vn -9.528549708193168e-05 0.9999997019767761 -0.0008150901412591338
vn -0.0006331183831207454 0.9999997615814209 0.00036978768184781075
vn 0.0001356705033686012 0.9999997019767761 -0.0008158728014677763
vn -0.00040327286114916205 0.9999997019767761 0.000634536612778902
vn 0.00028078476316295564 0.9999996423721313 -0.0008106128661893308
vn -0.00040292530320584774 0.9999997615814209 0.0006302592228166759
vn 0.0005546024185605347 0.9999996423721313 -0.0006827278411947191
vn -0.00012664373207371682 0.9999997019767761 0.0007862148340791464
vn 0.000700943754054606 0.9999995231628418 -0.0005669993697665632
vn -0.00012537774455267936 0.9999997615814209 0.000774491811171174
vn 0.0008586096810176969 0.9999997019767761 -4.70697705168277e-05
vn 0.00014276901492848992 0.9999997019767761 0.0008210588130168617
vn 0.0008678046287968755 0.9999997019767761 -4.7416229790542275e-05
vn 0.0002954541123472154 0.9999995231628418 0.0008367515983991325
vn 0.0007431567646563053 0.9999996423721313 0.0005136072286404669
vn 0.0005862280377186835 0.9999996423721313 0.0006688321591354907
vn -0.0 -1.0 0.0
vn -0.0 -1.0 0.0
vn -0.0 -1.0 0.0
vn -0.0 -1.0 0.0
vn -0.0 -1.0 0.0
vn -0.0 -1.0 0.0
vn -0.0 -1.0 0.0
vn -0.0 -1.0 0.0
vn -0.0 -1.0 0.0
vn -0.0 -1.0 0.0
vn -0.0 -1.0 -2.220889655291103e-06
vn -0.0 -1.0 -3.3313344829366542e-06
vn -0.0 -1.0 -2.220889655291103e-06
vn -0.0 -1.0 0.0
vn -0.0 -1.0 0.0
vn -0.0 -1.0 0.0
vn -0.0 -1.0 0.0
vn -0.0 -1.0 0.0
vn -0.0 -1.0 0.0
vn -0.0 -1.0 0.0
vn -0.0 -1.0 0.0
vn -0.0 -1.0 0.0
vn -0.0 -1.0 0.0
vn -0.0 -1.0 0.0
vn -0.0 -1.0 0.0
vn -0.0 -1.0 -2.006484919547802e-06
vn -0.0 -1.0 -2.006484919547802e-06
vn -0.0 -1.0 -2.006484919547802e-06
vn 0.16063867509365082 -0.4492511749267578 -0.8788449764251709
vn 0.15284617245197296 -0.3079104423522949 -0.9390577077865601
vn 0.16063867509365082 -0.4492511749267578 -0.8788449764251709
vn 0.1646299511194229 -0.5799611806869507 -0.7978358864784241
vn 0.1104036495089531 0.2612837553024292 -0.9589274525642395
vn 0.11227119714021683 0.3528445065021515 -0.9289219379425049
vn 0.1104036495089531 0.2612837553024292 -0.9589274525642395
vn 0.1075107604265213 0.16729645431041718 -0.9800271987915039
vn 0.16166868805885315 -0.4455256462097168 0.8805510997772217
vn 0.17023174464702606 -0.3009994924068451 0.9383072853088379
vn 0.16166868805885315 -0.4455256462097168 0.8805510997772217
vn 0.14917756617069244 -0.5792268514633179 0.8014002442359924
vn 0.1104036495089531 0.2612837553024292 0.9589274525642395
vn 0.1075107604265213 0.16729645431041718 0.9800271987915039
vn 0.1104036495089531 0.2612837553024292 0.9589274525642395
vn 0.11227119714021683 0.3528445065021515 0.9289219379425049
vn -0.05148056522011757 -0.499760240316391 -0.8646325469017029
vn -0.04193069785833359 -0.5666281580924988 -0.8229060173034668
vn -0.05148056522011757 -0.499760240316391 -0.8646325469017029
vn -0.06070592254400253 -0.42974206805229187 -0.9009088277816772
vn 0.9716481566429138 -0.2311028689146042 -0.04991327226161957
vn 0.9274791479110718 -0.3711775243282318 -0.044829417020082474
vn 0.9716481566429138 -0.2311028689146042 -0.04991327226161957
vn 0.994831919670105 -0.08603695034980774 -0.053919125348329544
vn -0.0931803435087204 0.003686983371153474 -0.9956424832344055
vn -0.09062941372394562 -0.005526961758732796 -0.9958693981170654
vn -0.0931803435087204 0.003686983371153474 -0.9956424832344055
vn -0.0957227572798729 0.012900592759251595 -0.9953244924545288
vn 0.5805032253265381 0.3959747552871704 0.7114913463592529
vn 0.5673251152038574 0.42371267080307007 0.7061231732368469
vn 0.5805032253265381 0.3959747552871704 0.7114913463592529
vn 0.593117356300354 0.3678520619869232 0.7161681056022644
vn 0.8667988181114197 0.49648377299308777 -0.04651566594839096
vn 0.8649625778198242 0.49963223934173584 -0.046983908861875534
vn 0.8667988181114197 0.49648377299308777 -0.04651566594839096
vn 0.8686234354972839 0.493328720331192 -0.046046800911426544
vn -0.1427517980337143 0.9896907806396484 0.011579319834709167
vn -0.1426137536764145 0.9897119402885437 0.01147533766925335
vn -0.1427517980337143 0.9896907806396484 0.011579319834709167
vn -0.1428898572921753 0.989669680595398 0.011683303862810135
vn -0.05148056522011757 -0.499760240316391 0.8646325469017029
vn -0.06070592254400253 -0.42974206805229187 0.9009088277816772
vn -0.05148056522011757 -0.499760240316391 0.8646325469017029
vn -0.04193069785833359 -0.5666281580924988 0.8229060173034668
vn 0.9716481566429138 -0.2311028689146042 0.04991327226161957
vn 0.994831919670105 -0.08603695034980774 0.053919125348329544
vn 0.9716481566429138 -0.2311028689146042 0.04991327226161957
vn 0.9274791479110718 -0.3711775243282318 0.044829417020082474
vn -0.0931803435087204 0.003686983371153474 0.9956424832344055
vn -0.0957227572798729 0.012900592759251595 0.9953244924545288
vn -0.0931803435087204 0.003686983371153474 0.9956424832344055
vn -0.09062941372394562 -0.005526961758732796 0.9958693981170654
vn 0.5805032253265381 0.3959747552871704 -0.7114913463592529
vn 0.5673251152038574 0.42371267080307007 -0.7061231732368469
vn 0.5805032253265381 0.3959747552871704 -0.7114913463592529
vn 0.593117356300354 0.3678520619869232 -0.7161681056022644
vn 0.8667988181114197 0.49648377299308777 0.04651566594839096
vn 0.8686234354972839 0.493328720331192 0.046046800911426544
vn 0.8667988181114197 0.49648377299308777 0.04651566594839096
vn 0.8649625778198242 0.49963223934173584 0.046983908861875534
vn -0.1427517980337143 0.9896907806396484 -0.011579319834709167
vn -0.1428898572921753 0.989669680595398 -0.011683303862810135
vn -0.1427517980337143 0.9896907806396484 -0.011579319834709167
vn -0.1426137536764145 0.9897119402885437 -0.01147533766925335
vn -0.13855932652950287 0.9903424978256226 -0.004826426040381193
vn -0.1330089271068573 0.9911134243011475 -0.0016773147508502007
vn -0.14041021466255188 0.9900902509689331 -0.0024910918436944485
vn -0.1401197612285614 0.9901341795921326 0.0008624842157587409
vn -0.13812264800071716 0.990401029586792 0.0052814665250480175
vn -0.13213074207305908 0.9911969304084778 0.008383144624531269
vn -0.3675960898399353 -0.008263586089015007 -0.9299488067626953
vn -0.3675180673599243 -0.008531926199793816 -0.9299772381782532
vn -0.16928648948669434 -0.0015192393912002444 -0.985565721988678
vn 0.045036233961582184 0.008068663999438286 -0.9989528059959412
vn 0.32781752943992615 0.022847086191177368 -0.9444647431373596
vn 0.3270686864852905 0.022602504119277 -0.944730281829834
vn 0.4238511621952057 0.03585023805499077 -0.905022144317627
vn 0.4244973361492157 0.03495935723185539 -0.9047539830207825
vn 0.4084404706954956 0.045029789209365845 -0.9116736054420471
vn 0.40835803747177124 0.04347991198301315 -0.9117858409881592
vn 0.36967942118644714 0.05765337496995926 -0.9273690581321716
vn 0.3708057105541229 0.05661960691213608 -0.9269829988479614
vn 0.36090773344039917 0.06968282163143158 -0.929994523525238
vn 0.354522168636322 0.07788300514221191 -0.9317983984947205
vn 0.34587332606315613 0.07752303779125214 -0.9350730776786804
vn 0.33835405111312866 0.08478417992591858 -0.9371916651725769
vn 0.3488959074020386 0.09530460834503174 -0.9323028326034546
vn 0.3521662950515747 0.1285429745912552 -0.9270684123039246
vn 0.4235442876815796 0.1803310215473175 -0.8877448439598083
vn 0.4448682367801666 0.27634549140930176 -0.8518951535224915
vn 0.598495602607727 0.4822228252887726 -0.639737606048584
vn 0.5843195915222168 0.4919146001338959 -0.6454382538795471
vn 0.7388644814491272 0.6738541722297668 8.263252304629987e-09
vn 0.6972811222076416 0.7167977094650269 0.0
vn 0.598495602607727 0.4822228252887726 0.6397375464439392
vn 0.5843195915222168 0.4919146001338959 0.6454382538795471
vn 0.4448682963848114 0.27634549140930176 0.8518951535224915
vn 0.4235442876815796 0.1803310215473175 0.8877448439598083
vn 0.3521662950515747 0.1285429745912552 0.9270684123039246
vn 0.34889599680900574 0.09530461579561234 0.9323028326034546
vn 0.33835408091545105 0.08478417247533798 0.9371916651725769
vn 0.34587332606315613 0.07752304524183273 0.9350730776786804
vn 0.35452213883399963 0.07788300514221191 0.9317983984947205
vn 0.36090773344039917 0.06968282908201218 0.929994523525238
vn 0.36967942118644714 0.05765337496995926 0.9273690581321716
vn 0.3708057105541229 0.05661960691213608 0.9269829988479614
vn 0.40844038128852844 0.045029785484075546 0.9116735458374023
vn 0.40835803747177124 0.04347991198301315 0.9117858409881592
vn 0.4238511323928833 0.03585023805499077 0.905022144317627
vn 0.4244973361492157 0.03495935723185539 0.9047539830207825
vn 0.32781755924224854 0.022847086191177368 0.9444647431373596
vn 0.3270686864852905 0.022602504119277 0.944730281829834
vn 0.045036230236291885 0.008068663999438286 0.9989528059959412
vn -0.16928651928901672 -0.0015192391583696008 0.985565721988678
vn -0.3675960898399353 -0.008263586089015007 0.9299488067626953
vn -0.3675180673599243 -0.008531926199793816 0.9299772381782532
vn -0.8229173421859741 -0.007815495133399963 -0.5681074261665344
vn -0.8224145174026489 -0.010294124484062195 -0.5687956213951111
vn -0.9052197337150574 -0.008042455650866032 -0.4248676300048828
vn -0.9642693400382996 -0.0034605716355144978 -0.26490122079849243
vn -0.9969090223312378 -0.0005597553681582212 -0.07856283336877823
vn -0.9985200762748718 0.005121431779116392 -0.05414358898997307
vn -0.9995315074920654 0.007168738637119532 -0.029753930866718292
vn -0.9995222687721252 0.0096572395414114 -0.029358668252825737
vn -0.9999511241912842 0.00988746341317892 -4.658585739392151e-10
vn -0.999944269657135 0.010549593716859818 0.0
vn -0.9995222687721252 0.0096572395414114 0.029358671978116035
vn -0.9995315074920654 0.007168739102780819 0.029753930866718292
vn -0.9985200762748718 0.005121431313455105 0.05414358898997307
vn -0.9969090223312378 -0.0005597553681582212 0.07856283336877823
vn -0.9642692804336548 -0.0034605718683451414 0.2649012506008148
vn -0.9052197337150574 -0.008042455650866032 0.4248676300048828
vn -0.8229173421859741 -0.007815495133399963 0.5681074261665344
vn -0.8224145174026489 -0.010294124484062195 0.5687956213951111
vn 0.8540815114974976 0.018594393506646156 0.5198068022727966
vn 0.8550261855125427 0.024067314341664314 0.5180262327194214
vn 0.9074060320854187 0.017570752650499344 0.41988757252693176
vn 0.9492650628089905 0.010966102592647076 0.3142857551574707
vn 0.992569625377655 0.005442960653454065 0.12155602872371674
vn 0.9925179481506348 0.0045231725089251995 0.12201506644487381
vn 0.9995555877685547 -0.0011359811760485172 0.029788756743073463
vn 0.9995579719543457 -0.002166267018765211 0.02965105138719082
vn 0.9999939799308777 -0.0034453864209353924 0.0
vn 0.9999887943267822 -0.004720406606793404 0.0
vn 0.9995555877685547 -0.0011359810596331954 -0.029788756743073463
vn 0.9995579719543457 -0.002166267018765211 -0.02965105138719082
vn 0.9925695657730103 0.005442959722131491 -0.12155601382255554
vn 0.9925179481506348 0.0045231725089251995 -0.12201506644487381
vn 0.9492650628089905 0.010966100730001926 -0.3142857253551483
vn 0.9074060320854187 0.017570752650499344 -0.4198875427246094
vn 0.8540815114974976 0.018594393506646156 -0.5198068022727966
vn 0.8550261855125427 0.024067314341664314 -0.5180262327194214
vn 0.38543257117271423 0.011064651422202587 -0.9226697683334351
vn 0.38638657331466675 0.008897594176232815 -0.922294020652771
vn 0.189978688955307 0.0016331181395798922 -0.9817869067192078
vn -0.022710207849740982 -0.008110996335744858 -0.9997091889381409
vn -0.3319203555583954 -0.028376581147313118 -0.9428805708885193
vn -0.3317631483078003 -0.0268735159188509 -0.9429799318313599
vn -0.4057396352291107 -0.0410597063601017 -0.9130659103393555
vn -0.40654897689819336 -0.038654543459415436 -0.9128109812736511
vn -0.3695293068885803 -0.05279535800218582 -0.9277181029319763
vn -0.36944344639778137 -0.051609449088573456 -0.927819013595581
vn -0.3581255078315735 -0.06424328684806824 -0.9314606785774231
vn -0.3524884283542633 -0.07255054265260696 -0.9329996705055237
vn -0.34257692098617554 -0.07183002680540085 -0.9367398023605347
vn -0.3339650630950928 -0.08220348507165909 -0.9389940500259399
vn -0.34410014748573303 -0.09676846861839294 -0.9339330196380615
vn -0.3572770059108734 -0.1223890408873558 -0.9259448647499084
vn -0.4452528655529022 -0.16943427920341492 -0.8792280554771423
vn -0.5131039023399353 -0.2050761580467224 -0.8334674835205078
vn -0.6950857639312744 -0.27854466438293457 -0.6627734303474426
vn -0.7960524559020996 -0.30935540795326233 -0.52019202709198
vn -0.9320999383926392 -0.3622012734413147 0.0
vn -0.9359586834907532 -0.35210996866226196 0.0
vn -0.7960524559020996 -0.30935540795326233 0.52019202709198
vn -0.6950857639312744 -0.27854466438293457 0.6627734303474426
vn -0.5131039023399353 -0.2050761580467224 0.8334675431251526
vn -0.44525280594825745 -0.16943426430225372 0.8792280554771423
vn -0.3572770059108734 -0.1223890408873558 0.9259448647499084
vn -0.3441002070903778 -0.09676848351955414 0.9339330792427063
vn -0.3339650332927704 -0.08220348507165909 0.9389940500259399
vn -0.34257692098617554 -0.07183002680540085 0.9367398023605347
vn -0.3524884283542633 -0.07255054265260696 0.9329996705055237
vn -0.3581254780292511 -0.06424328684806824 0.9314606785774231
vn -0.36952927708625793 -0.05279535800218582 0.9277181029319763
vn -0.36944344639778137 -0.051609449088573456 0.927819013595581
vn -0.40573960542678833 -0.0410597063601017 0.9130659103393555
vn -0.40654897689819336 -0.038654543459415436 0.9128109812736511
vn -0.331920325756073 -0.028376581147313118 0.9428805708885193
vn -0.3317631483078003 -0.0268735159188509 0.9429799318313599
vn -0.02271021343767643 -0.008110996335744858 0.9997091889381409
vn 0.189978688955307 0.0016331181395798922 0.9817869067192078
vn 0.38543257117271423 0.011064651422202587 0.9226697683334351
vn 0.38638657331466675 0.008897594176232815 0.922294020652771
vn -0.014772661030292511 0.9998904466629028 0.0010204941499978304
vn -0.022567862644791603 0.9997370839118958 -0.004054478369653225
vn -0.014313829131424427 0.9998975992202759 1.7174726963276044e-05
vn -0.007086602505296469 0.9999717473983765 0.0025028905365616083
vn -0.005167941562831402 0.9999866485595703 0.0001734067191137001
vn 0.0009664089302532375 0.9999988079071045 0.001229794230312109
vn 0.00418200483545661 0.9999912977218628 5.293855429044925e-05
vn 0.005009573418647051 0.9999871253967285 0.0008891673060134053
vn 0.006470820866525173 0.9999791383743286 0.0
vn 0.007929060608148575 0.9999686479568481 0.0
vn 0.004182005301117897 0.9999913573265076 -5.2938557928428054e-05
vn 0.005009573418647051 0.9999871253967285 -0.0008891673060134053
vn 0.0009664089302532375 0.9999988079071045 -0.001229794230312109
vn -0.005167941562831402 0.9999866485595703 -0.0001734066754579544
vn -0.007086603436619043 0.9999717473983765 -0.0025028905365616083
vn -0.014313829131424427 0.9998975992202759 -1.7174726963276044e-05
vn -0.014772661030292511 0.9998904466629028 -0.0010204941499978304
vn -0.022567862644791603 0.9997370839118958 0.004054478369653225
vn 0.029133565723896027 -0.9995470643043518 0.007547667715698481
vn 0.02306423708796501 -0.9997231960296631 0.004651457536965609
vn 0.03200394660234451 -0.9994524717330933 0.008396927267313004
vn 0.04650019109249115 -0.9988567233085632 0.011095424182713032
vn 0.052321288734674454 -0.9985255599021912 0.014464874751865864
vn 0.06769166886806488 -0.9976990818977356 0.003795074066147208
vn 0.06251829862594604 -0.9980438351631165 0.00037596080801449716
vn 0.09677167236804962 -0.9952136278152466 -0.013606258668005466
vn 0.11604883521795273 -0.9931438565254211 -0.014068949967622757
vn 0.1694841980934143 -0.985325276851654 -0.02023010328412056
vn 0.16667236387729645 -0.985815703868866 -0.01969134621322155
vn 0.22958232462406158 -0.9730339646339417 -0.022289179265499115
vn 0.23279032111167908 -0.9723269939422607 -0.01972135528922081
vn 0.27738523483276367 -0.959711492061615 -0.044847384095191956
vn 0.28421550989151 -0.9582883715629578 -0.03008127585053444
vn 0.29687830805778503 -0.9519192576408386 -0.07558503746986389
vn 0.2939040958881378 -0.9517356753349304 -0.0884285643696785
vn 0.29263758659362793 -0.9531228542327881 -0.07694271206855774
vn 0.29083743691444397 -0.9546552896499634 -0.06361546367406845
vn 0.2807839810848236 -0.9589627981185913 -0.039379145950078964
vn 0.28181907534599304 -0.9590969085693359 -0.026666929945349693
vn 0.2797231376171112 -0.9600806832313538 0.0
vn 0.2862224876880646 -0.9581631422042847 0.0
vn 0.28181907534599304 -0.9590969085693359 0.026666929945349693
vn 0.2807839810848236 -0.9589627981185913 0.039379145950078964
vn 0.29083743691444397 -0.9546552896499634 0.06361546367406845
vn 0.2926376163959503 -0.9531228542327881 0.07694271206855774
vn 0.2939040958881378 -0.9517356753349304 0.0884285643696785
vn 0.29687830805778503 -0.9519192576408386 0.0755850300192833
vn 0.27738523483276367 -0.959711492061615 0.04484738036990166
vn 0.28421550989151 -0.9582883715629578 0.03008127585053444
vn 0.2295823097229004 -0.9730339646339417 0.022289181128144264
vn 0.23279032111167908 -0.9723269939422607 0.01972135528922081
vn 0.1694841980934143 -0.985325276851654 0.02023010514676571
vn 0.16667236387729645 -0.985815703868866 0.01969134621322155
vn 0.11604885011911392 -0.9931438565254211 0.014068949967622757
vn 0.09677167236804962 -0.9952136278152466 0.013606258668005466
vn 0.06769166886806488 -0.9976990818977356 -0.003795074066147208
vn 0.06251829862594604 -0.9980438351631165 -0.00037596080801449716
vn 0.04650019481778145 -0.9988566637039185 -0.011095423251390457
vn 0.052321288734674454 -0.9985255599021912 -0.014464874751865864
vn 0.03200395405292511 -0.9994524717330933 -0.008396928198635578
vn 0.02913358062505722 -0.9995471239089966 -0.0075476705096662045
vn 0.0230642631649971 -0.9997231960296631 -0.004651462659239769
vn 0.014731436967849731 -0.9998915195465088 -6.047598071745597e-05
vn 0.011271339841187 -0.9998944997787476 -0.009167988784611225
vn 0.012420037761330605 -0.9999218583106995 -0.0013889102265238762
vn 0.010575679130852222 -0.9999433755874634 0.0011691388208419085
vn 0.004807717632502317 -0.9999872446060181 -0.0015401099808514118
vn 0.005824142601341009 -0.9999829530715942 -0.00039262595237232745
vn 0.0005619227304123342 -0.9999998211860657 -0.00019488985708449036
vn -0.0002177791902795434 -0.9999995231628418 -0.001032730913721025
vn -0.0017235788982361555 -0.9999985098838806 0.0
vn -0.00322631630115211 -0.9999948143959045 0.0
vn 0.0005619229050353169 -0.9999998807907104 0.00019488988618832082
vn -0.0002177791902795434 -0.9999995231628418 0.001032730913721025
vn 0.00480771716684103 -0.9999872446060181 0.0015401100972667336
vn 0.005824142601341009 -0.9999829530715942 0.00039262595237232745
vn 0.010575680062174797 -0.9999433755874634 -0.0011691388208419085
vn 0.012420037761330605 -0.9999218583106995 0.0013889102265238762
vn 0.014731436967849731 -0.9998915195465088 6.047598071745597e-05
vn 0.011271339841187 -0.9998944997787476 0.009167988784611225
vn -0.027100790292024612 0.9982514977455139 0.052530575543642044
vn -0.044961392879486084 0.9970764517784119 0.06178196519613266
vn -0.03968218341469765 0.9980394840240479 0.04839801788330078
vn -0.04627954214811325 0.998076319694519 0.04125477001070976
vn -0.09076350927352905 0.9947296380996704 0.04769541323184967
vn -0.08800200372934341 0.9947543740272522 0.05214572697877884
vn -0.13754725456237793 0.9885802268981934 0.06156220659613609
vn -0.16168786585330963 0.9848731160163879 0.06230558082461357
vn -0.1993841528892517 0.9768780469894409 0.07717113196849823
vn -0.22022931277751923 0.972243070602417 0.07901003211736679
vn -0.24710671603679657 0.9649273157119751 0.088620126247406
vn -0.2654561996459961 0.961115837097168 0.07608746737241745
vn -0.2855222523212433 0.9557428956031799 0.07094062119722366
vn -0.30282679200172424 0.9512789845466614 0.05800189450383186
vn -0.3086949586868286 0.9497911334037781 0.05103040114045143
vn -0.31242915987968445 0.9490601420402527 0.040899474173784256
vn -0.3105246126651764 0.9505654573440552 0.0
vn -0.3132449984550476 0.9496724009513855 0.0
vn -0.31242915987968445 0.9490601420402527 -0.040899474173784256
vn -0.3086949586868286 0.9497911334037781 -0.05103040114045143
vn -0.30282676219940186 0.9512789845466614 -0.058001887053251266
vn -0.2855222523212433 0.9557428956031799 -0.07094062864780426
vn -0.2654562294483185 0.961115837097168 -0.07608746737241745
vn -0.24710670113563538 0.9649273157119751 -0.088620126247406
vn -0.22022931277751923 0.972243070602417 -0.07901003211736679
vn -0.1993841528892517 0.9768780469894409 -0.07717113196849823
vn -0.16168788075447083 0.9848731160163879 -0.06230558082461357
vn -0.13754723966121674 0.9885802268981934 -0.06156220659613609
vn -0.09076350182294846 0.9947296380996704 -0.04769541695713997
vn -0.08800200372934341 0.9947543740272522 -0.05214572697877884
vn -0.04627954214811325 0.998076319694519 -0.04125477001070976
vn -0.03968218341469765 0.9980394840240479 -0.048398010432720184
vn -0.027100790292024612 0.9982514977455139 -0.052530575543642044
vn -0.044961392879486084 0.9970764517784119 -0.06178196519613266
vn -0.07274962961673737 0.996121883392334 -0.04948406666517258
vn -0.07367732375860214 0.9963846206665039 -0.0423014797270298
vn -0.07881911098957062 0.9960481524467468 -0.04093494266271591
vn -0.08528251200914383 0.9956377148628235 -0.03784717991948128
vn -0.09482502937316895 0.9952031970024109 -0.02405705116689205
vn -0.09967097640037537 0.9947493076324463 -0.023230427876114845
vn -0.10433465242385864 0.9943920969963074 -0.017278289422392845
vn -0.10501603782176971 0.9943395256996155 -0.016139503568410873
vn -0.10444358736276627 0.9944688677787781 -0.011110501363873482
vn -0.10791381448507309 0.9941151142120361 -0.009469224140048027
vn -0.11376381665468216 0.9934981465339661 -0.00438235979527235
vn -0.12818121910095215 0.9917436838150024 -0.0037433933466672897
vn -0.13353122770786285 0.9910447001457214 0.0
vn -0.1469775289297104 0.9891399145126343 0.0
vn -0.12818121910095215 0.9917436838150024 0.0037433933466672897
vn -0.11376380175352097 0.9934981465339661 0.004382359329611063
vn -0.10791381448507309 0.9941151142120361 0.009469225071370602
vn -0.10444358736276627 0.9944688677787781 0.011110500432550907
vn -0.10501603782176971 0.9943395256996155 0.016139503568410873
vn -0.10433465987443924 0.9943920969963074 0.017278289422392845
vn -0.09967097640037537 0.9947493076324463 0.023230427876114845
vn -0.09482503682374954 0.9952032566070557 0.0240570567548275
vn -0.08528250455856323 0.9956377148628235 0.03784717991948128
vn -0.07881911844015121 0.9960481524467468 0.04093493893742561
vn -0.07274962961673737 0.996121883392334 0.04948406666517258
vn -0.07367732375860214 0.9963846206665039 0.0423014797270298
vn -0.8180426359176636 0.12125171720981598 -0.5622314810752869
vn -0.8175115585327148 0.14920787513256073 -0.5562481880187988
vn -0.8871234059333801 0.1159655824303627 -0.44672590494155884
vn -0.9413707256317139 0.09646435081958771 -0.3232892155647278
vn -0.9821109771728516 0.09441250562667847 -0.16292423009872437
vn -0.9868625998497009 0.08996596932411194 -0.134195014834404
vn -0.9922358989715576 0.08794976770877838 -0.08793577551841736
vn -0.994396984577179 0.07721302658319473 -0.07220016419887543
vn -0.9965397715568542 0.06866531074047089 -0.04683476686477661
vn -0.9977964162826538 0.053823620080947876 -0.03879720717668533
vn -0.9986162185668945 0.04764517769217491 -0.022260457277297974
vn -0.9991481900215149 0.03832513839006424 -0.015297999605536461
vn -0.9993225336074829 0.036804236471652985 0.0
vn -0.9994829297065735 0.03215522691607475 0.0
vn -0.9991481900215149 0.03832513839006424 0.015298000536859035
vn -0.9986162185668945 0.04764517769217491 0.022260457277297974
vn -0.9977964162826538 0.053823620080947876 0.03879720717668533
vn -0.9965397715568542 0.06866531819105148 0.04683477059006691
vn -0.994396984577179 0.07721302658319473 0.07220016419887543
vn -0.9922358989715576 0.08794976770877838 0.08793577551841736
vn -0.9868625998497009 0.08996597677469254 0.134195014834404
vn -0.9821109771728516 0.09441249817609787 0.16292423009872437
vn -0.9413707256317139 0.09646435081958771 0.3232892155647278
vn -0.8871234059333801 0.1159655973315239 0.4467259645462036
vn -0.8180426359176636 0.12125171720981598 0.5622314810752869
vn -0.8175115585327148 0.14920787513256073 0.5562481880187988
vn 0.8236709237098694 0.16433225572109222 0.5427349805831909
vn 0.8236281871795654 0.16372497379779816 0.5429832935333252
vn 0.8732183575630188 0.16708563268184662 0.45779040455818176
vn 0.9147372245788574 0.1672111302614212 0.36782631278038025
vn 0.959223747253418 0.16567100584506989 0.22900409996509552
vn 0.9629210233688354 0.20670942962169647 0.17336224019527435
vn 0.9631035327911377 0.2614360749721527 0.06389570981264114
vn 0.955849289894104 0.288432240486145 0.05620422959327698
vn 0.9556119441986084 0.29455891251564026 0.0063966792076826096
vn 0.9532430171966553 0.3021157681941986 0.007342732511460781
vn 0.09124454110860825 0.1771494299173355 0.9799451231956482
vn 0.08623373508453369 0.15992766618728638 0.9833549857139587
vn -0.08111231029033661 0.18821197748184204 0.978773295879364
vn -0.2556595504283905 0.1775912642478943 0.950315535068512
vn -0.41445663571357727 0.1503007858991623 0.8975719809532166
vn -0.4093085825443268 0.12898726761341095 0.9032323956489563
vn -0.402084618806839 0.12937907874584198 0.9064155220985413
vn -0.3996070623397827 0.11823690682649612 0.9090291857719421
vn -0.3988061249256134 0.1067734807729721 0.9107980132102966
vn -0.3991488516330719 0.09340451657772064 0.9121161699295044
vn -0.42858439683914185 0.09105009585618973 0.8989022374153137
vn -0.4276970326900482 0.08715346455574036 0.8997107744216919
vn -0.5316736698150635 0.07508755475282669 0.8436142206192017
vn -0.5328527092933655 0.08467105031013489 0.8419613242149353
vn -0.7058722972869873 0.04515397548675537 0.7068983912467957
vn -0.7967715859413147 0.018739396706223488 0.6039900183677673
vn -0.8715382814407349 0.00461313221603632 0.4903058707714081
vn -0.87160724401474 -0.0037368908524513245 0.490190714597702
vn -0.14830954372882843 0.01062841434031725 0.9888838529586792
vn -0.15038488805294037 0.030130380764603615 0.9881683588027954
vn -0.13951319456100464 0.006520238239318132 0.9901987314224243
vn -0.1302569955587387 0.00136139418464154 0.9914793372154236
vn -0.1200694888830185 0.009916067123413086 0.9927159547805786
vn -0.11745035648345947 0.01797180250287056 0.9929161071777344
vn -0.11484087258577347 0.01962856575846672 0.9931899309158325
vn -0.11403600871562958 0.02247128263115883 0.9932225346565247
vn -0.0810607373714447 0.032806139439344406 0.9961692094802856
vn -0.0810607373714447 0.032806139439344406 0.9961692094802856
vn -0.0810607373714447 0.032806139439344406 0.9961692094802856
vn -0.07854092866182327 0.04142254963517189 0.9960499405860901
vn -0.07854092866182327 0.04142254963517189 0.9960499405860901
vn -0.07854092866182327 0.04142254963517189 0.9960499405860901
vn 0.012511057779192924 0.06996779143810272 0.9974707961082458
vn 0.012511057779192924 0.06996779143810272 0.9974707961082458
vn 0.012511057779192924 0.06996779143810272 0.9974707961082458
vn 0.05558865889906883 0.041206907480955124 0.997603178024292
vn 0.05558865889906883 0.041206907480955124 0.997603178024292
vn 0.05558865889906883 0.041206907480955124 0.997603178024292
vn 0.4090863764286041 0.1515302062034607 0.8998260498046875
vn 0.4090863764286041 0.1515302062034607 0.8998260498046875
vn 0.4090863764286041 0.1515302062034607 0.8998260498046875
vn 0.42903265357017517 0.13480320572853088 0.8931736350059509
vn 0.42903265357017517 0.13480320572853088 0.8931736350059509
vn 0.42903265357017517 0.13480320572853088 0.8931736350059509
vn 0.6937705278396606 0.20482277870178223 0.6904565095901489
vn 0.6937705278396606 0.20482277870178223 0.6904565095901489
vn 0.6937705278396606 0.20482277870178223 0.6904565095901489
vn 0.7054842710494995 0.2528350353240967 0.6620924472808838
vn 0.7723046541213989 0.2672831416130066 0.5762858390808105
vn 0.7723046541213989 0.2672831416130066 0.5762858390808105
vn 0.829829216003418 0.2785140573978424 0.4835427403450012
vn 0.8384318351745605 0.26116257905960083 0.47835782170295715
vn 0.8384318351745605 0.26116257905960083 0.47835782170295715
vn 0.8384318351745605 0.26116257905960083 0.47835782170295715
vn 0.8832557797431946 0.267884761095047 0.3848339915275574
vn 0.8832557797431946 0.267884761095047 0.3848339915275574
vn 0.8832557797431946 0.267884761095047 0.3848339915275574
vn 0.9001837372779846 0.25651973485946655 0.35194721817970276
vn 0.9001837372779846 0.25651973485946655 0.35194721817970276
vn 0.8879265785217285 0.2549574077129364 0.3828619718551636
vn 0.9114432334899902 0.2577977478504181 0.32064247131347656
vn 0.9136745929718018 0.24281904101371765 0.3259412944316864
vn 0.9136745929718018 0.24281904101371765 0.3259412944316864
vn 0.9136745929718018 0.24281904101371765 0.3259412944316864
vn 0.9136745929718018 0.24281904101371765 -0.3259412944316864
vn 0.9136745929718018 0.24281904101371765 -0.3259412944316864
vn 0.9136745929718018 0.24281904101371765 -0.3259412944316864
vn 0.9114432334899902 0.2577977478504181 -0.32064247131347656
vn 0.9114432334899902 0.2577977478504181 -0.32064247131347656
vn 0.9114432334899902 0.2577977478504181 -0.32064247131347656
vn 0.8879265785217285 0.2549574077129364 -0.3828619718551636
vn 0.8879265785217285 0.2549574077129364 -0.3828619718551636
vn 0.8879265785217285 0.2549574077129364 -0.3828619718551636
vn 0.8832557797431946 0.267884761095047 -0.3848339915275574
vn 0.8832557797431946 0.267884761095047 -0.3848339915275574
vn 0.8832557797431946 0.267884761095047 -0.3848339915275574
vn 0.8384318351745605 0.26116257905960083 -0.47835782170295715
vn 0.8384318351745605 0.26116257905960083 -0.47835782170295715
vn 0.8384318351745605 0.26116257905960083 -0.47835782170295715
vn 0.829829216003418 0.2785140573978424 -0.4835427403450012
vn 0.7723046541213989 0.2672831416130066 -0.5762858390808105
vn 0.7723046541213989 0.2672831416130066 -0.5762858390808105
vn 0.7054842710494995 0.2528350353240967 -0.6620924472808838
vn 0.6937705278396606 0.20482277870178223 -0.6904565095901489
vn 0.6937705278396606 0.20482277870178223 -0.6904565095901489
vn 0.6937705278396606 0.20482277870178223 -0.6904565095901489
vn 0.42903265357017517 0.13480320572853088 -0.8931736350059509
vn 0.42903265357017517 0.13480320572853088 -0.8931736350059509
vn 0.42903265357017517 0.13480320572853088 -0.8931736350059509
vn 0.4090863764286041 0.1515302062034607 -0.8998260498046875
vn 0.4090863764286041 0.1515302062034607 -0.8998260498046875
vn 0.4090863764286041 0.1515302062034607 -0.8998260498046875
vn 0.05558865889906883 0.041206907480955124 -0.997603178024292
vn 0.05558865889906883 0.041206907480955124 -0.997603178024292
vn 0.05558865889906883 0.041206907480955124 -0.997603178024292
vn 0.012511057779192924 0.06996779143810272 -0.9974707961082458
vn 0.012511057779192924 0.06996779143810272 -0.9974707961082458
vn 0.012511057779192924 0.06996779143810272 -0.9974707961082458
vn -0.07854092866182327 0.04142254963517189 -0.9960499405860901
vn -0.07854092866182327 0.04142254963517189 -0.9960499405860901
vn -0.07854092866182327 0.04142254963517189 -0.9960499405860901
vn -0.0810607373714447 0.032806139439344406 -0.9961692094802856
vn -0.0810607373714447 0.032806139439344406 -0.9961692094802856
vn -0.0810607373714447 0.032806139439344406 -0.9961692094802856
vn -0.11403600871562958 0.02247128263115883 -0.9932225346565247
vn -0.11403600871562958 0.02247128263115883 -0.9932225346565247
vn -0.11403600871562958 0.02247128263115883 -0.9932225346565247
vn -0.11564475297927856 0.016785679385066032 -0.9931488633155823
vn -0.11564475297927856 0.016785679385066032 -0.9931488633155823
vn -0.11564475297927856 0.016785679385066032 -0.9931488633155823
vn -0.12266592681407928 0.014657773077487946 -0.9923397898674011
vn -0.12266592681407928 0.014657773077487946 -0.9923397898674011
vn -0.12266592681407928 0.014657773077487946 -0.9923397898674011
vn -0.12188372015953064 -0.0016964103560894728 -0.9925429224967957
vn -0.12188372015953064 -0.0016964103560894728 -0.9925429224967957
vn -0.12188372015953064 -0.0016964103560894728 -0.9925429224967957
vn -0.14617708325386047 -0.008877643384039402 -0.9892187118530273
vn -0.14617708325386047 -0.008877643384039402 -0.9892187118530273
vn -0.14617708325386047 -0.008877643384039402 -0.9892187118530273
vn -0.15038488805294037 0.030130380764603615 -0.9881683588027954
vn -0.15038488805294037 0.030130380764603615 -0.9881683588027954
vn -0.15038488805294037 0.030130380764603615 -0.9881683588027954
vn 0.2754361629486084 -0.9598091840744019 0.05386338382959366
vn 0.27551209926605225 -0.9598576426506042 0.05259636789560318
vn 0.28316938877105713 -0.9574035406112671 0.05651175230741501
vn 0.29095491766929626 -0.9546814560890198 0.06267812848091125
vn 0.30770719051361084 -0.9487879872322083 0.07153762876987457
vn 0.3164549171924591 -0.9454561471939087 0.07725858688354492
vn 0.32680460810661316 -0.9416363835334778 0.08074357360601425
vn 0.33326077461242676 -0.9378306865692139 0.09700938314199448
vn 0.33142244815826416 -0.9365935325622559 0.11380505561828613
vn 0.3376569151878357 -0.9295773506164551 0.14789806306362152
vn 0.3664124608039856 -0.9154607057571411 0.16635380685329437
vn 0.3737449645996094 -0.9104596972465515 0.17713820934295654
vn 0.39818862080574036 -0.9002870321273804 0.17586682736873627
vn 0.40034109354019165 -0.8987217545509338 0.17895902693271637
vn 0.3920333981513977 -0.9054311513900757 0.16280138492584229
vn 0.396108478307724 -0.9021149277687073 0.17113390564918518
vn 0.3780926764011383 -0.9133659601211548 0.1510252058506012
vn 0.35694098472595215 -0.9237086176872253 0.13912437856197357
vn 0.34445998072624207 -0.9286388754844666 0.13775759935379028
vn 0.33521759510040283 -0.9328268766403198 0.13214902579784393
vn 0.34286555647850037 -0.939384400844574 -3.758692024291577e-09
vn 0.34769973158836365 -0.9376059770584106 0.0
vn 0.34445998072624207 -0.9286389350891113 -0.13775759935379028
vn 0.33521759510040283 -0.9328268766403198 -0.13214902579784393
vn 0.35694098472595215 -0.9237086772918701 -0.13912437856197357
vn 0.3780926764011383 -0.9133659601211548 -0.1510252058506012
vn 0.3920333981513977 -0.9054311513900757 -0.1628013700246811
vn 0.396108478307724 -0.9021149277687073 -0.17113390564918518
vn 0.39818862080574036 -0.9002870321273804 -0.17586684226989746
vn 0.40034109354019165 -0.8987217545509338 -0.17895902693271637
vn 0.3664124608039856 -0.9154607057571411 -0.16635382175445557
vn 0.3737449645996094 -0.9104596972465515 -0.17713820934295654
vn 0.3376568853855133 -0.9295773506164551 -0.14789804816246033
vn 0.33142244815826416 -0.9365935325622559 -0.11380505561828613
vn 0.33326077461242676 -0.9378306865692139 -0.09700939804315567
vn 0.32680460810661316 -0.9416363835334778 -0.08074357360601425
vn 0.3164549469947815 -0.9454561471939087 -0.07725859433412552
vn 0.30770719051361084 -0.9487879872322083 -0.07153762131929398
vn 0.29095491766929626 -0.9546814560890198 -0.06267812848091125
vn 0.28316938877105713 -0.9574035406112671 -0.05651175230741501
vn 0.2754361629486084 -0.9598091840744019 -0.05386338382959366
vn 0.27551209926605225 -0.9598576426506042 -0.05259636789560318
vn -0.26270657777786255 0.959080696105957 -0.1055908203125
vn -0.26787474751472473 0.9595143795013428 -0.08703603595495224
vn -0.26429009437561035 0.9579171538352966 -0.1120062991976738
vn -0.26045235991477966 0.9561000466346741 -0.13430269062519073
vn -0.2754726707935333 0.9503499269485474 -0.14474014937877655
vn -0.2838839888572693 0.9452648758888245 -0.1608857810497284
vn -0.2936078608036041 0.9412429332733154 -0.1669020801782608
vn -0.2829917073249817 0.9423552751541138 -0.17855598032474518
vn -0.2764749825000763 0.9431052803993225 -0.18469969928264618
vn -0.2679538428783417 0.9436096549034119 -0.19442644715309143
vn -0.26532483100891113 0.9434583187103271 -0.19871899485588074
vn -0.262519896030426 0.9435082674026489 -0.20217667520046234
vn -0.27008524537086487 0.9424206614494324 -0.19722385704517365
vn -0.26695382595062256 0.9417448043823242 -0.20457887649536133
vn -0.2879467308521271 0.9404136538505554 -0.1808556169271469
vn -0.28156259655952454 0.9438790082931519 -0.17267028987407684
vn -0.3029019236564636 0.9394208192825317 -0.16043336689472198
vn -0.32209891080856323 0.9342411160469055 -0.15311996638774872
vn -0.32463395595550537 0.9376352429389954 -0.12431000918149948
vn -0.329912006855011 0.9381424784660339 -0.10510365664958954
vn -0.327274888753891 0.9449291229248047 1.8692691838850806e-09
vn -0.32692021131515503 0.945051908493042 0.0
vn -0.329912006855011 0.9381424784660339 0.10510365664958954
vn -0.324633926153183 0.9376352429389954 0.12431002408266068
vn -0.3220989406108856 0.9342411160469055 0.15311996638774872
vn -0.3029019236564636 0.9394208192825317 0.16043336689472198
vn -0.2879467010498047 0.9404136538505554 0.1808556169271469
vn -0.28156259655952454 0.9438790082931519 0.17267028987407684
vn -0.27008530497550964 0.9424207210540771 0.19722387194633484
vn -0.26695382595062256 0.9417448043823242 0.20457887649536133
vn -0.262519896030426 0.9435082674026489 0.20217667520046234
vn -0.26532477140426636 0.9434582591056824 0.19871895015239716
vn -0.2679538428783417 0.9436096549034119 0.19442644715309143
vn -0.2764749825000763 0.9431052803993225 0.18469969928264618
vn -0.2829917073249817 0.9423552751541138 0.17855598032474518
vn -0.29360783100128174 0.9412429332733154 0.1669020652770996
vn -0.2838839590549469 0.9452648162841797 0.1608857959508896
vn -0.2754727005958557 0.9503499269485474 0.14474014937877655
vn -0.2604523301124573 0.9561000466346741 0.13430269062519073
vn -0.26429009437561035 0.9579171538352966 0.1120062991976738
vn -0.26270657777786255 0.959080696105957 0.1055908203125
vn -0.26787474751472473 0.9595143795013428 0.08703603595495224
vn 0.1691661924123764 -0.07210076600313187 -0.9829467535018921
vn 0.16170725226402283 -0.05717151239514351 -0.9851813316345215
vn 0.17116998136043549 -0.07721595466136932 -0.9822110533714294
vn 0.1806497424840927 -0.09484411776065826 -0.9789638519287109
vn 0.18513654172420502 -0.11120270937681198 -0.9764007329940796
vn 0.18998880684375763 -0.11011634767055511 -0.9755914211273193
vn 0.22855450212955475 -0.114774689078331 -0.9667417407035828
vn 0.2669471204280853 -0.11654625087976456 -0.956637978553772
vn 0.3610089421272278 -0.09020470827817917 -0.9281893968582153
vn 0.41194501519203186 -0.08253388106822968 -0.9074631333351135
vn 0.5110362768173218 -0.04959600046277046 -0.858127236366272
vn 0.5566636919975281 -0.036181773990392685 -0.8299496173858643
vn 0.6752310395240784 0.0166527908295393 -0.7374182343482971
vn 0.7438766956329346 0.06140441074967384 -0.665489912033081
vn 0.8411194682121277 0.13963735103607178 -0.5225127935409546
vn 0.8463797569274902 0.14046932756900787 -0.5137213468551636
vn 0.8870226144790649 0.19338351488113403 -0.4192773401737213
vn 0.8909280896186829 0.2211717814207077 -0.396648645401001
vn 0.9239593744277954 0.2526402175426483 -0.2871794104576111
vn 0.9379034042358398 0.2723866403102875 -0.2148091048002243
vn 0.9586364030838013 0.2846336364746094 0.0
vn 0.9589735865592957 0.28349530696868896 0.0
vn 0.9379034042358398 0.2723866403102875 0.2148091048002243
vn 0.9239593744277954 0.2526402175426483 0.2871794104576111
vn 0.8909280896186829 0.2211717814207077 0.396648645401001
vn 0.8870227336883545 0.19338352978229523 0.4192773401737213
vn 0.8411194682121277 0.13963735103607178 0.5225127339363098
vn 0.8463797569274902 0.14046932756900787 0.5137213468551636
vn 0.7438766956329346 0.06140441074967384 0.665489912033081
vn 0.6752310395240784 0.0166527908295393 0.7374182343482971
vn 0.5566636919975281 -0.036181773990392685 0.8299496173858643
vn 0.511036217212677 -0.049595993012189865 0.8581271767616272
vn 0.4119449555873871 -0.08253388106822968 0.9074631333351135
vn 0.3610089421272278 -0.09020470827817917 0.9281893968582153
vn 0.2669471204280853 -0.11654625087976456 0.956637978553772
vn 0.22855451703071594 -0.11477470397949219 0.9667417407035828
vn 0.18513651192188263 -0.11120270192623138 0.9764007329940796
vn 0.18998880684375763 -0.11011634767055511 0.9755914211273193
vn 0.1806497424840927 -0.09484411776065826 0.9789638519287109
vn 0.17116998136043549 -0.07721595466136932 0.9822110533714294
vn 0.1691661924123764 -0.07210076600313187 0.9829467535018921
vn 0.16170725226402283 -0.05717151239514351 0.9851813316345215
vn -0.8515552282333374 0.11248711496591568 0.512054979801178
vn -0.8557174801826477 0.08143258094787598 0.5109955668449402
vn -0.8515552282333374 0.11248711496591568 0.512054979801178
vn -0.8465561866760254 0.14343111217021942 0.5126112699508667
vn -0.8189911842346191 0.15788044035434723 0.5516587495803833
vn -0.8189911842346191 0.15788044035434723 0.5516587495803833
vn -0.8189911842346191 0.15788044035434723 0.5516587495803833
vn -0.8103911876678467 0.19000127911567688 0.5542253851890564
vn -0.8103911876678467 0.19000127911567688 0.5542253851890564
vn -0.8103911876678467 0.19000127911567688 0.5542253851890564
vn -0.7619948983192444 0.2111811488866806 0.6121817827224731
vn -0.7619948983192444 0.2111811488866806 0.6121817827224731
vn -0.7619948983192444 0.2111811488866806 0.6121817827224731
vn -0.7612001895904541 0.20940685272216797 0.613777756690979
vn -0.7612001895904541 0.20940685272216797 0.613777756690979
vn -0.7612001895904541 0.20940685272216797 0.613777756690979
vn -0.5710309743881226 0.2591210603713989 0.7789607644081116
vn -0.5710309743881226 0.2591210603713989 0.7789607644081116
vn -0.5710309743881226 0.2591210603713989 0.7789607644081116
vn -0.5458457469940186 0.21402418613433838 0.810090184211731
vn -0.5458457469940186 0.21402418613433838 0.810090184211731
vn -0.5458457469940186 0.21402418613433838 0.810090184211731
vn -0.07201392203569412 0.2449139505624771 0.9668667316436768
vn -0.07201392203569412 0.2449139505624771 0.9668667316436768
vn -0.07201392203569412 0.2449139505624771 0.9668667316436768
vn 0.09164991229772568 0.19553658366203308 0.9764044880867004
vn 0.21825024485588074 0.18858307600021362 0.9574984312057495
vn 0.09164991229772568 0.19553658366203308 0.9764044880867004
vn -0.03645654395222664 0.19927677512168884 0.9792649149894714
vn 0.2023668885231018 0.1705968976020813 0.9643362164497375
vn 0.2023668885231018 0.1705968976020813 0.9643362164497375
vn 0.2023668885231018 0.1705968976020813 0.9643362164497375
vn 0.4952857792377472 0.16667994856834412 0.8525901436805725
vn 0.4952857792377472 0.16667994856834412 0.8525901436805725
vn 0.4952857792377472 0.16667994856834412 0.8525901436805725
vn 0.5010883212089539 0.17976026237010956 0.8465203642845154
vn 0.5010883212089539 0.17976026237010956 0.8465203642845154
vn 0.5010883212089539 0.17976026237010956 0.8465203642845154
vn 0.6125809550285339 0.18329507112503052 0.7688611745834351
vn 0.6125809550285339 0.18329507112503052 0.7688611745834351
vn 0.6125809550285339 0.18329507112503052 0.7688611745834351
vn 0.5957891941070557 0.21125593781471252 0.7748588919639587
vn 0.5957891941070557 0.21125593781471252 0.7748588919639587
vn 0.5957891941070557 0.21125593781471252 0.7748588919639587
vn 0.676328182220459 0.2175084948539734 0.7037544846534729
vn 0.676328182220459 0.2175084948539734 0.7037544846534729
vn 0.676328182220459 0.2175084948539734 0.7037544846534729
vn 0.6683362126350403 0.07036956399679184 0.7405233979225159
vn 0.6683362126350403 0.07036956399679184 0.7405233979225159
vn 0.6683362126350403 0.07036956399679184 0.7405233979225159
vn 0.7232535481452942 0.08757593482732773 0.6850070953369141
vn 0.7232535481452942 0.08757593482732773 0.6850070953369141
vn 0.7232535481452942 0.08757593482732773 0.6850070953369141
vn 0.7276842594146729 0.20043839514255524 0.6559727191925049
vn 0.7276842594146729 0.20043839514255524 0.6559727191925049
vn 0.7276842594146729 0.20043839514255524 0.6559727191925049
vn 0.7418028712272644 0.20131191611289978 0.6396890878677368
vn 0.7418028712272644 0.20131191611289978 0.6396890878677368
vn 0.7418028712272644 0.20131191611289978 0.6396890878677368
vn 0.7416934967041016 0.2938085198402405 0.6029654145240784
vn 0.7416934967041016 0.2938085198402405 0.6029654145240784
vn 0.7416934967041016 0.2938085198402405 0.6029654145240784
vn 0.8126466870307922 0.296301007270813 0.5018078088760376
vn 0.8126466870307922 0.296301007270813 0.5018078088760376
vn 0.8126466870307922 0.296301007270813 0.5018078088760376
vn 0.8134728670120239 0.3067578673362732 0.49412697553634644
vn 0.8134728670120239 0.3067578673362732 0.49412697553634644
vn 0.8134728670120239 0.3067578673362732 0.49412697553634644
vn 0.9671517610549927 0.2541623115539551 0.00436025857925415
vn 0.9671517610549927 0.2541623115539551 0.00436025857925415
vn 0.9671517610549927 0.2541623115539551 0.00436025857925415
vn 0.9683120250701904 0.2497437596321106 0.0002676952281035483
vn 0.9683120250701904 0.2497437596321106 0.0002676952281035483
vn 0.9683120250701904 0.2497437596321106 0.0002676952281035483
vn 0.8441441059112549 0.11480143666267395 -0.5236806273460388
vn 0.8441441059112549 0.11480143666267395 -0.5236806273460388
vn 0.8441441059112549 0.11480143666267395 -0.5236806273460388
vn 0.8553998470306396 0.10316436737775803 -0.5075907111167908
vn 0.8553998470306396 0.10316436737775803 -0.5075907111167908
vn 0.8553998470306396 0.10316436737775803 -0.5075907111167908
vn 0.5587967038154602 -0.03692447021603584 -0.8284822702407837
vn 0.5587967038154602 -0.03692447021603584 -0.8284822702407837
vn 0.5587967038154602 -0.03692447021603584 -0.8284822702407837
vn 0.5735915899276733 -0.04860485717654228 -0.8176981806755066
vn 0.5735915899276733 -0.04860485717654228 -0.8176981806755066
vn 0.5735915899276733 -0.04860485717654228 -0.8176981806755066
vn 0.3068787753582001 -0.14037922024726868 -0.9413390755653381
vn 0.30661752820014954 -0.14851683378219604 -0.9401746988296509
vn 0.30633559823036194 -0.15664443373680115 -0.9389468431472778
vn 0.30661752820014954 -0.14851683378219604 -0.9401746988296509
vn -0.8666497468948364 0.07472026348114014 0.4932902455329895
vn -0.8666497468948364 0.07472026348114014 0.4932902455329895
vn -0.8666497468948364 0.07472026348114014 0.4932902455329895
vn -0.8721718788146973 0.024478767067193985 0.4885869324207306
vn -0.8721718788146973 0.024478767067193985 0.4885869324207306
vn -0.8721718788146973 0.024478767067193985 0.4885869324207306
vn -0.8673076629638672 0.02794821932911873 0.4969874322414398
vn -0.8673076629638672 0.02794821932911873 0.4969874322414398
vn -0.8673076629638672 0.02794821932911873 0.4969874322414398
vn -0.8711801171302795 -0.016078146174550056 0.4907004237174988
vn -0.8711801171302795 -0.016078146174550056 0.4907004237174988
vn -0.8711801171302795 -0.016078146174550056 0.4907004237174988
vn -0.8864284753799438 -0.02792194113135338 0.4620228111743927
vn -0.8864284753799438 -0.02792194113135338 0.4620228111743927
vn -0.8864284753799438 -0.02792194113135338 0.4620228111743927
vn -0.8880557417869568 -0.0629049763083458 0.45541176199913025
vn -0.8880557417869568 -0.0629049763083458 0.45541176199913025
vn -0.8880557417869568 -0.0629049763083458 0.45541176199913025
vn -0.9664713740348816 -0.1552005410194397 0.20456312596797943
vn -0.9664713740348816 -0.1552005410194397 0.20456312596797943
vn -0.9664713740348816 -0.1552005410194397 0.20456312596797943
vn -0.9639530181884766 -0.1841125786304474 0.19208654761314392
vn -0.9679938554763794 -0.25092411041259766 -0.004988940432667732
vn -0.9301024675369263 -0.306865930557251 -0.20184828341007233
vn -0.9679938554763794 -0.25092411041259766 -0.004988940432667732
vn -0.7551772594451904 -0.368467777967453 -0.542161226272583
vn -0.466436505317688 -0.37404584884643555 -0.801577627658844
vn -0.7551772594451904 -0.368467777967453 -0.542161226272583
vn -0.9301134943962097 -0.3073619306087494 -0.20104165375232697
vn -0.4750087559223175 -0.3672710955142975 -0.7996741533279419
vn -0.4750087559223175 -0.3672710955142975 -0.7996741533279419
vn -0.4750087559223175 -0.3672710955142975 -0.7996741533279419
vn -0.11783913522958755 -0.32257580757141113 -0.9391799569129944
vn -0.11783913522958755 -0.32257580757141113 -0.9391799569129944
vn -0.11783913522958755 -0.32257580757141113 -0.9391799569129944
vn -0.12772031128406525 -0.31373509764671326 -0.9408814311027527
vn -0.12772031128406525 -0.31373509764671326 -0.9408814311027527
vn -0.12772031128406525 -0.31373509764671326 -0.9408814311027527
vn 0.0760803371667862 -0.27232474088668823 -0.9591929912567139
vn 0.0760803371667862 -0.27232474088668823 -0.9591929912567139
vn 0.0760803371667862 -0.27232474088668823 -0.9591929912567139
vn 0.06380657106637955 -0.25394341349601746 -0.9651122093200684
vn 0.06380657106637955 -0.25394341349601746 -0.9651122093200684
vn 0.06380657106637955 -0.25394341349601746 -0.9651122093200684
vn 0.17081721127033234 -0.21742700040340424 -0.9610134959220886
vn 0.17101819813251495 -0.22838661074638367 -0.9584323167800903
vn 0.1984853595495224 -0.2017115354537964 -0.9591225385665894
vn 0.19964292645454407 -0.19891299307346344 -0.9594666957855225
vn 0.22595064342021942 -0.18579183518886566 -0.9562572240829468
vn 0.22338421642780304 -0.18037262558937073 -0.9578962922096252
vn 0.24817964434623718 -0.9550091624259949 0.16237160563468933
vn 0.24843114614486694 -0.9553169012069702 0.16016153991222382
vn 0.24454808235168457 -0.9559083580970764 0.1625901758670807
vn 0.2398606687784195 -0.9536133408546448 0.18190263211727142
vn 0.23936252295970917 -0.9501237273216248 0.19992601871490479
vn 0.24334648251533508 -0.9426655769348145 0.22839462757110596
vn 0.25642359256744385 -0.9367985725402832 0.23802393674850464
vn 0.2629406154155731 -0.9337148070335388 0.24297897517681122
vn 0.2671923041343689 -0.9340952634811401 0.23680032789707184
vn 0.26537078619003296 -0.9353553056716919 0.23385681211948395
vn 0.25057074427604675 -0.9363651275634766 0.24583470821380615
vn 0.25762197375297546 -0.9351919889450073 0.24299603700637817
vn 0.23224464058876038 -0.9394278526306152 0.25206702947616577
vn 0.20832562446594238 -0.942704975605011 0.2605911195278168
vn 0.19199982285499573 -0.9461748003959656 0.2605557441711426
vn 0.1631302684545517 -0.9456143975257874 0.2814282774925232
vn 0.1310078650712967 -0.9462921023368835 0.29558101296424866
vn 0.13760524988174438 -0.9430539608001709 0.3028434216976166
vn 0.07621680945158005 -0.9443941712379456 0.3198603391647339
vn 0.07271856814622879 -0.9484255313873291 0.30854669213294983
vn 0.045791227370500565 -0.9424377083778381 0.33123132586479187
vn 0.02130759507417679 -0.9335805177688599 0.3577337861061096
vn 0.03252808749675751 0.9279431104660034 -0.371299684047699
vn 0.07396209985017776 0.9239266514778137 -0.3753521740436554
vn 0.022860923781991005 0.9320347309112549 -0.3616470396518707
vn -0.026164982467889786 0.9368911385536194 -0.3486405909061432
vn -0.06677919626235962 0.9448275566101074 -0.32068899273872375
vn -0.07188274711370468 0.9401420950889587 -0.3331151604652405
vn -0.10840891301631927 0.9494036436080933 -0.2947544455528259
vn -0.14346329867839813 0.9533398747444153 -0.2656339108943939
vn -0.16204732656478882 0.9549403786659241 -0.24865542352199554
vn -0.18460701406002045 0.9563083052635193 -0.22670398652553558
vn -0.20909859240055084 0.9578336477279663 -0.19705970585346222
vn -0.21269649267196655 0.9581692218780518 -0.19149897992610931
vn -0.24168817698955536 0.9548709988594055 -0.17265067994594574
vn -0.2543996572494507 0.9517473578453064 -0.1716325432062149
vn -0.2562147080898285 0.953901469707489 -0.1562882959842682
vn -0.2574511766433716 0.9523809552192688 -0.16336916387081146
vn -0.24485163390636444 0.9591584205627441 -0.14164304733276367
vn -0.24424992501735687 0.962438702583313 -0.11854798346757889
vn -0.2562791407108307 0.9614510536193848 -0.09966383874416351
vn -0.25511765480041504 0.9622159600257874 -0.09516027569770813
vn -0.2676602303981781 0.9595814347267151 -0.0869569182395935
vn -0.2704842686653137 0.9596222639083862 -0.0772237777709961
vn -0.2941610515117645 0.9524034857749939 -0.07998050004243851
vn -0.2926709055900574 0.9525789618492126 -0.08328918367624283
vn -0.2981209456920624 0.9511609077453613 -0.0801050141453743
vn -0.3140091300010681 0.9467577338218689 -0.07104889303445816
vn -0.3315315842628479 0.941001832485199 -0.06784068793058395
vn -0.36759868264198303 0.9278348088264465 -0.06319550424814224
vn -0.4023759961128235 0.9107058644294739 -0.09331795573234558
vn -0.4154565632343292 0.904505729675293 -0.09625626355409622
vn -0.4246232211589813 0.8970481157302856 -0.12247368693351746
vn -0.4272824823856354 0.8956989645957947 -0.1230974867939949
vn -0.41613030433654785 0.900033175945282 -0.12952202558517456
vn -0.4201653301715851 0.8968890309333801 -0.1380261331796646
vn -0.39307984709739685 0.9095296263694763 -0.13507045805454254
vn -0.36659058928489685 0.9234771132469177 -0.11314281821250916
vn -0.3390064239501953 0.9344382882118225 -0.10908599197864532
vn -0.30834802985191345 0.9486314058303833 -0.07085305452346802
vn -0.2656092047691345 0.9615001678466797 -0.0704924613237381
vn -0.22090399265289307 0.9746250510215759 -0.03615916147828102
vn -0.15177437663078308 0.9870193004608154 -0.052510399371385574
vn -0.10468988865613937 0.9934284687042236 -0.04625772312283516
vn -0.03118472546339035 0.9963544011116028 -0.07940599322319031
vn 0.020208237692713737 0.9912498593330383 -0.13044342398643494
vn 0.08894924074411392 0.9673235416412354 -0.2374301552772522
vn 0.12439229339361191 0.9661197662353516 -0.22613978385925293
vn 0.1650172919034958 0.9231703281402588 -0.3471683859825134
vn 0.11158667504787445 0.9199845790863037 -0.37573474645614624
vn 0.22325442731380463 0.8889991044998169 -0.3997974991798401
vn 0.24401167035102844 0.8724727034568787 -0.4233788251876831
vn 0.21041926741600037 0.8782144784927368 -0.42949169874191284
vn 0.21441650390625 0.8719479441642761 -0.44015026092529297
vn 0.18004722893238068 0.8860839605331421 -0.427127867937088
vn 0.14035245776176453 0.9076898097991943 -0.39547494053840637
vn 0.12368276715278625 0.9121070504188538 -0.39084941148757935
vn 0.08752661943435669 0.9312078356742859 -0.3538237512111664
vn -0.2718496024608612 0.15561255812644958 0.9496749639511108
vn -0.27197983860969543 0.14138996601104736 0.9518592357635498
vn -0.3601832389831543 0.1357245296239853 0.9229555726051331
vn -0.44947052001953125 0.10563431680202484 0.887027382850647
vn -0.6469482779502869 0.017370447516441345 0.762336015701294
vn -0.7544499635696411 -0.08863005042076111 0.6503459811210632
vn -0.904252290725708 -0.2366882860660553 0.35539624094963074
vn -0.9341744184494019 -0.31919050216674805 0.1594848334789276
vn -0.9180746674537659 -0.3522879481315613 -0.18174763023853302
vn -0.8826700448989868 -0.3318101465702057 -0.332859605550766
vn -0.7873088121414185 -0.30703985691070557 -0.5346694588661194
vn -0.7599611878395081 -0.2860352098941803 -0.583646297454834
vn -0.7070250511169434 -0.26061534881591797 -0.657415509223938
vn -0.7105467915534973 -0.26122531294822693 -0.6533639430999756
vn -0.6864893436431885 -0.24310870468616486 -0.6852959394454956
vn -0.6837997436523438 -0.2241353988647461 -0.6943926811218262
vn -0.6446966528892517 -0.2016730010509491 -0.7373562455177307
vn -0.6384685635566711 -0.2053099274635315 -0.7417585849761963
vn -0.5534884333610535 -0.17546860873699188 -0.8141630291938782
vn -0.5604754686355591 -0.16586753726005554 -0.8113909959793091
vn -0.367576539516449 -0.2036542147397995 -0.907420814037323
vn -0.3787282109260559 -0.17761507630348206 -0.9083048701286316
vn -0.1461452841758728 -0.2542382478713989 -0.9560357928276062
vn -0.03655631095170975 -0.3184836804866791 -0.9472232460975647
vn 0.21025525033473969 -0.3406107425689697 -0.9163934588432312
vn 0.3863520622253418 -0.38128870725631714 -0.8398517966270447
vn 0.6068123579025269 -0.3602287173271179 -0.708529531955719
vn 0.6839458346366882 -0.36816078424453735 -0.6298220157623291
vn 0.775385320186615 -0.33549994230270386 -0.5349928736686707
vn 0.7972376942634583 -0.3015134632587433 -0.5229740142822266
vn 0.8326317667961121 -0.2538456320762634 -0.492226243019104
vn 0.8387192487716675 -0.200779989361763 -0.5061990022659302
vn 0.8522469997406006 -0.18414521217346191 -0.4896584451198578
vn 0.845645010471344 -0.1558522880077362 -0.5104846954345703
vn -0.28550490736961365 0.9361474514007568 -0.20521894097328186
vn -0.30802062153816223 0.9314264059066772 -0.19382503628730774
vn -0.26324737071990967 0.9417787790298462 -0.20917338132858276
vn -0.2579774856567383 0.9455283880233765 -0.19855374097824097
vn -0.25289466977119446 0.9506648778915405 -0.1796676218509674
vn -0.27134352922439575 0.9507854580879211 -0.1495983749628067
vn -0.26033157110214233 0.9569838047027588 -0.128099262714386
vn -0.2680017054080963 0.9550877213478088 -0.12642213702201843
vn -0.2621604800224304 0.9599175453186035 -0.0991469994187355
vn -0.2574932277202606 0.9611372947692871 -0.0995606929063797
vn -0.27483057975769043 0.9579209685325623 -0.08279915153980255
vn -0.28885209560394287 0.9545366168022156 -0.07364944368600845
vn -0.3104192316532135 0.9473845958709717 -0.07811737805604935
vn -0.3197980523109436 0.9439330697059631 -0.0819728672504425
vn -0.33588430285453796 0.9376645684242249 -0.08925745636224747
vn -0.33578774333000183 0.9374822378158569 -0.09150735288858414
vn -0.3479926288127899 0.9327710270881653 -0.09401774406433105
vn 0.2855387330055237 -0.945845365524292 -0.15441597998142242
vn 0.2795407474040985 -0.9454763531684875 -0.1671273112297058
vn 0.2881012558937073 -0.9457157254219055 -0.1503974348306656
vn 0.2966722249984741 -0.9447377324104309 -0.13948588073253632
vn 0.30995091795921326 -0.9420825839042664 -0.12810562551021576
vn 0.306548148393631 -0.9420840740203857 -0.1360362470149994
vn 0.3302764594554901 -0.9354394674301147 -0.1259775608778
vn 0.33414989709854126 -0.9356229901313782 -0.11381357908248901
vn 0.34606361389160156 -0.9307838082313538 -0.11781943589448929
vn 0.35318732261657715 -0.9299651384353638 -0.10209522396326065
vn 0.35524579882621765 -0.9307931661605835 -0.08616524934768677
vn 0.3428305387496948 -0.9366309642791748 -0.07203909009695053
vn 0.315185546875 -0.9474563002586365 -0.0546320378780365
vn 0.3161463141441345 -0.9475184082984924 -0.047545433044433594
vn 0.27354568243026733 -0.9614509344100952 -0.028012491762638092
vn 0.2730167508125305 -0.9612409472465515 -0.03844267502427101
vn 0.23148317635059357 -0.9726852178573608 -0.017290981486439705
vn 0.19781047105789185 -0.9802089929580688 0.007837226614356041
vn 0.12374239414930344 -0.9921688437461853 -0.016991589218378067
vn 0.12479683756828308 -0.9921581149101257 -0.006933942437171936
vn -0.0022483286447823048 -0.996902585029602 -0.0786147266626358
vn -0.0011602622689679265 -0.9985101222991943 -0.05455416813492775
vn -0.08509410172700882 -0.982032835483551 -0.16843530535697937
vn -0.10538285970687866 -0.9818927645683289 -0.15742021799087524
vn -0.12253733724355698 -0.9602523446083069 -0.2507988512516022
vn -0.08724065124988556 -0.9589280486106873 -0.26989996433258057
vn -0.14937500655651093 -0.9381013512611389 -0.31249475479125977
vn -0.17083638906478882 -0.9308318495750427 -0.32305872440338135
vn -0.1307341307401657 -0.9281572699546814 -0.3484719395637512
vn -0.1437525749206543 -0.9251775145530701 -0.35125771164894104
vn -0.09935326874256134 -0.9285038709640503 -0.35778406262397766
vn -0.051036737859249115 -0.9353954195976257 -0.34990090131759644
vn -0.03441271558403969 -0.9363288879394531 -0.3494335114955902
vn 0.008562251925468445 -0.941163957118988 -0.33784186840057373
vn 0.12368276715278625 0.9121070504188538 0.39084941148757935
vn 0.08752661943435669 0.9312078356742859 0.3538237512111664
vn 0.14035245776176453 0.9076898097991943 0.39547494053840637
vn 0.18004721403121948 0.8860839605331421 0.427127867937088
vn 0.21041926741600037 0.8782145380973816 0.42949169874191284
vn 0.21441650390625 0.8719479441642761 0.44015026092529297
vn 0.24401170015335083 0.8724727034568787 0.4233788251876831
vn 0.22325442731380463 0.8889991044998169 0.3997974991798401
vn 0.1650172919034958 0.923170268535614 0.3471683859825134
vn 0.11158667504787445 0.9199845790863037 0.37573474645614624
vn 0.08894924819469452 0.9673235416412354 0.2374301552772522
vn 0.12439229339361191 0.9661197662353516 0.22613978385925293
vn 0.020208235830068588 0.9912498593330383 0.13044342398643494
vn -0.0311847236007452 0.9963544011116028 0.07940597832202911
vn -0.10468988865613937 0.9934284687042236 0.04625772312283516
vn -0.15177440643310547 0.987019419670105 0.05251040682196617
vn -0.22090399265289307 0.9746250510215759 0.03615916147828102
vn -0.2656092047691345 0.9615001678466797 0.0704924613237381
vn -0.30834802985191345 0.9486312866210938 0.07085305452346802
vn -0.33900636434555054 0.9344382286071777 0.10908596962690353
vn -0.36659058928489685 0.9234771132469177 0.11314281821250916
vn -0.39307984709739685 0.9095296263694763 0.13507044315338135
vn -0.41613030433654785 0.9000331163406372 0.12952204048633575
vn -0.4201653301715851 0.8968890309333801 0.1380261331796646
vn -0.4272824823856354 0.8956989645957947 0.1230974793434143
vn -0.4246232211589813 0.8970481157302856 0.12247368693351746
vn -0.4023759961128235 0.9107058644294739 0.09331795573234558
vn -0.4154565632343292 0.904505729675293 0.09625626355409622
vn -0.36759865283966064 0.9278348088264465 0.06319550424814224
vn -0.3315315842628479 0.941001832485199 0.06784068793058395
vn -0.3140091598033905 0.9467577338218689 0.07104889303445816
vn -0.2981209456920624 0.9511608481407166 0.0801050066947937
vn -0.2941610515117645 0.9524034857749939 0.07998050004243851
vn -0.2926709055900574 0.9525789618492126 0.08328918367624283
vn 0.2990841269493103 -0.724478542804718 0.6210311055183411
vn 0.2577383518218994 -0.7499247193336487 0.6092485785484314
vn 0.19951413571834564 -0.6877610087394714 0.6979820132255554
vn 0.14531828463077545 -0.6074517965316772 0.7809513807296753
vn -0.04669613391160965 -0.44577381014823914 0.8939268589019775
vn -0.0189682487398386 -0.4559161067008972 0.8898206353187561
vn -0.17562276124954224 -0.26295819878578186 0.9486883282661438
vn -0.19337661564350128 -0.24794398248195648 0.9492782354354858
vn -0.25497785210609436 -0.1398080438375473 0.9567862749099731
vn -0.23389117419719696 -0.13914188742637634 0.9622548222541809
vn -0.3328057527542114 -0.07333650439977646 0.9401394128799438
vn -0.3715612292289734 -0.04734322428703308 0.9272006154060364
vn -0.4635782539844513 -0.051278579980134964 0.8845710158348083
vn -0.4612219035625458 -0.037937115877866745 0.8864733576774597
vn -0.5362493395805359 -0.10104668140411377 0.837989330291748
vn -0.5497573614120483 -0.09343811124563217 0.8300820589065552
vn -0.5593202710151672 -0.1886022686958313 0.8072112202644348
vn -0.5506266951560974 -0.18730641901493073 0.8134658336639404
vn -0.5632867813110352 -0.2523748278617859 0.7867750525474548
vn -0.552588701248169 -0.3049243986606598 0.7756718993186951
vn -0.5569559931755066 -0.33222469687461853 0.7612008452415466
vn -0.5540202856063843 -0.37498733401298523 0.7432671785354614
vn -0.6023085713386536 -0.4103687107563019 0.6847056746482849
vn -0.6380932927131653 -0.4424397945404053 0.6301460862159729
vn -0.7237486839294434 -0.46061888337135315 0.5138269066810608
vn -0.7214556336402893 -0.46460166573524475 0.5134656429290771
vn -0.774624228477478 -0.46600502729415894 0.42754724621772766
vn -0.7835038304328918 -0.4684346914291382 0.4082776606082916
vn -0.7916330695152283 -0.474155455827713 0.3853486478328705
vn -0.7963822484016418 -0.469527006149292 0.3812084197998047
vn -0.8089039325714111 -0.4535340666770935 0.37414073944091797
vn -0.8087684512138367 -0.45792126655578613 0.36905521154403687
vn -0.8286709189414978 -0.41981610655784607 0.3702147603034973
vn -0.8254063129425049 -0.42266884446144104 0.3742399513721466
vn -0.8631972074508667 -0.37125861644744873 0.3421366810798645
vn -0.8635600209236145 -0.3747948706150055 0.3373321294784546
vn -0.9325681924819946 -0.3609938323497772 -7.852782424322413e-09
vn -0.9444212913513184 -0.32873770594596863 0.0
vn -0.8631972074508667 -0.37125858664512634 -0.3421366512775421
vn -0.8635600209236145 -0.3747948706150055 -0.3373321294784546
vn -0.8286709189414978 -0.41981610655784607 -0.3702147603034973
vn -0.8254063129425049 -0.42266884446144104 -0.3742399513721466
vn -0.8089039921760559 -0.4535340666770935 -0.37414073944091797
vn -0.8087684512138367 -0.45792126655578613 -0.36905521154403687
vn -0.7963822484016418 -0.469527006149292 -0.3812083899974823
vn -0.7916330695152283 -0.474155455827713 -0.3853486478328705
vn -0.7835038304328918 -0.4684346914291382 -0.4082776606082916
vn -0.774624228477478 -0.46600502729415894 -0.42754724621772766
vn -0.7237486839294434 -0.46061888337135315 -0.5138269066810608
vn -0.7214556336402893 -0.46460166573524475 -0.5134656429290771
vn -0.6380932927131653 -0.4424397945404053 -0.6301460862159729
vn -0.6023085713386536 -0.4103687107563019 -0.6847056746482849
vn -0.5540202856063843 -0.37498733401298523 -0.7432671785354614
vn -0.5569559931755066 -0.33222469687461853 -0.7612008452415466
vn -0.552588701248169 -0.3049243986606598 -0.7756719589233398
vn -0.5632867813110352 -0.2523748278617859 -0.7867750525474548
vn -0.5593202710151672 -0.1886022537946701 -0.8072112202644348
vn -0.5506266951560974 -0.18730641901493073 -0.8134658336639404
vn -0.5362493395805359 -0.10104668140411377 -0.837989330291748
vn -0.5497573614120483 -0.09343811124563217 -0.8300820589065552
vn -0.4635781943798065 -0.05127856880426407 -0.8845709562301636
vn -0.4612219035625458 -0.037937115877866745 -0.8864733576774597
vn -0.3715612292289734 -0.04734322801232338 -0.9272006154060364
vn -0.3328057527542114 -0.07333650439977646 -0.9401394128799438
vn -0.25497785210609436 -0.1398080438375473 -0.9567862749099731
vn -0.23389117419719696 -0.13914188742637634 -0.9622548222541809
vn -0.17562276124954224 -0.26295819878578186 -0.9486883282661438
vn -0.19337661564350128 -0.24794398248195648 -0.9492782354354858
vn -0.04669613763689995 -0.44577378034591675 -0.8939268589019775
vn -0.0189682487398386 -0.4559161067008972 -0.8898206353187561
vn 0.14531826972961426 -0.6074516773223877 -0.7809513211250305
vn 0.19951413571834564 -0.6877610087394714 -0.6979820132255554
vn 0.2990841269493103 -0.724478542804718 -0.6210311055183411
vn 0.2577383518218994 -0.7499247193336487 -0.6092485785484314
vn 0.5187506675720215 -0.7512794733047485 0.40801581740379333
vn 0.4973794221878052 -0.767483651638031 0.4044536352157593
vn 0.5649998188018799 -0.7427855134010315 0.3592282235622406
vn 0.6111041903495789 -0.7288219332695007 0.3088206648826599
vn 0.6859047412872314 -0.6952377557754517 0.2148931622505188
vn 0.6784645915031433 -0.70729660987854 0.19853800535202026
vn 0.7413876056671143 -0.6507576107978821 0.16388724744319916
vn 0.770370602607727 -0.6076520681381226 0.1931011974811554
vn 0.8140752911567688 -0.5421655178070068 0.20817777514457703
vn 0.8077205419540405 -0.5477123260498047 0.21817153692245483
vn 0.8589990139007568 -0.4472883641719818 0.24910618364810944
vn 0.8648838400840759 -0.4419461190700531 0.23803290724754333
vn 0.8801169395446777 -0.3830175995826721 0.2805202901363373
vn 0.8848651051521301 -0.3252388834953308 0.3335167169570923
vn 0.8961706161499023 -0.28522810339927673 0.33988702297210693
vn 0.9028039574623108 -0.21472135186195374 0.3726119101047516
vn 0.9187957644462585 -0.16599321365356445 0.35813501477241516
vn 0.9184668660163879 -0.09670256078243256 0.3834935426712036
vn 0.9294833540916443 -0.024287747219204903 0.3680635988712311
vn 0.9238671660423279 -0.020709723234176636 0.38215237855911255
vn 0.9327101707458496 0.06155050918459892 0.35533544421195984
vn 0.935575544834137 0.06793852150440216 0.34652963280677795
vn 0.9279344081878662 0.1265529990196228 0.35060250759124756
vn 0.9244514107704163 0.12452596426010132 0.36039260029792786
vn 0.9242693185806274 0.16687609255313873 0.34333476424217224
vn 0.92193603515625 0.1988021731376648 0.33243295550346375
vn 0.9274280667304993 0.23092983663082123 0.2941913604736328
vn 0.9287290573120117 0.232019305229187 0.2891874313354492
vn 0.9343303442001343 0.2670779824256897 0.23600046336650848
vn 0.9314117431640625 0.29301130771636963 0.21590901911258698
vn 0.9351924061775208 0.32163000106811523 0.14822010695934296
vn 0.9324710965156555 0.32729703187942505 0.15288695693016052
vn 0.9404829144477844 0.3398408889770508 0.0
vn 0.9394900798797607 0.34257617592811584 0.0
vn 0.9351924061775208 0.3216300308704376 -0.14822010695934296
vn 0.9324710965156555 0.32729703187942505 -0.15288695693016052
vn 0.931411623954773 0.29301124811172485 -0.2159089893102646
vn 0.9343303442001343 0.2670780122280121 -0.23600050806999207
vn 0.9274280667304993 0.23092982172966003 -0.2941913604736328
vn 0.9287290573120117 0.232019305229187 -0.2891874313354492
vn 0.92193603515625 0.1988021731376648 -0.33243295550346375
vn 0.9242693185806274 0.16687606275081635 -0.34333476424217224
vn 0.9279344081878662 0.1265529990196228 -0.35060250759124756
vn 0.9244514107704163 0.12452596426010132 -0.36039260029792786
vn 0.9327101707458496 0.061550505459308624 -0.35533541440963745
vn 0.935575544834137 0.06793852150440216 -0.34652963280677795
vn 0.9294832944869995 -0.024287747219204903 -0.36806362867355347
vn 0.9238671660423279 -0.020709723234176636 -0.38215237855911255
vn 0.9184668660163879 -0.09670256078243256 -0.3834935426712036
vn 0.9187957644462585 -0.16599321365356445 -0.35813501477241516
vn 0.9028039574623108 -0.21472135186195374 -0.3726119101047516
vn 0.8961706161499023 -0.28522810339927673 -0.33988702297210693
vn 0.8848651647567749 -0.3252389132976532 -0.3335167169570923
vn 0.8801169395446777 -0.3830175995826721 -0.2805202901363373
vn 0.8589989542961121 -0.4472883939743042 -0.24910619854927063
vn 0.8648838400840759 -0.4419461190700531 -0.23803290724754333
vn 0.8140752911567688 -0.5421655178070068 -0.20817777514457703
vn 0.8077205419540405 -0.5477123260498047 -0.21817153692245483
vn 0.770370602607727 -0.6076520681381226 -0.1931011974811554
vn 0.7413876056671143 -0.6507575511932373 -0.16388723254203796
vn 0.6859047412872314 -0.6952378749847412 -0.21489317715168
vn 0.6784645915031433 -0.70729660987854 -0.19853800535202026
vn 0.6111042499542236 -0.7288219332695007 -0.3088206648826599
vn 0.5649997591972351 -0.7427855134010315 -0.3592282235622406
vn 0.5187506675720215 -0.7512794733047485 -0.40801581740379333
vn 0.4973794221878052 -0.767483651638031 -0.4044536352157593
vn -0.3357878625392914 0.9374822378158569 0.09150730818510056
vn -0.34799283742904663 0.9327710270881653 0.09401765465736389
vn -0.3358843922615051 0.9376645684242249 0.08925742655992508
vn -0.3197980523109436 0.9439330697059631 0.0819728672504425
vn -0.3104192316532135 0.9473845958709717 0.07811737805604935
vn -0.28885209560394287 0.9545366168022156 0.07364945113658905
vn -0.27483052015304565 0.9579209089279175 0.08279913663864136
vn -0.2621605098247528 0.9599176049232483 0.0991470068693161
vn -0.2574932277202606 0.9611372947692871 0.0995606929063797
vn -0.26033157110214233 0.9569838643074036 0.12809927761554718
vn -0.2680017054080963 0.9550877213478088 0.12642213702201843
vn -0.27134352922439575 0.9507854580879211 0.1495983749628067
vn -0.25289466977119446 0.9506648778915405 0.1796676218509674
vn -0.2579774856567383 0.9455283880233765 0.19855377078056335
vn -0.26324737071990967 0.9417787790298462 0.20917338132858276
vn -0.28550490736961365 0.9361474514007568 0.20521894097328186
vn -0.30802062153816223 0.9314264059066772 0.19382503628730774
vn -0.8230282664299011 -0.5678259134292603 -0.014074238948523998
vn -0.9267855882644653 -0.3721243143081665 -0.050912730395793915
vn -0.8527485728263855 -0.5205800533294678 -0.04261765256524086
vn -0.8237829804420471 -0.5666632652282715 0.016561690717935562
vn -0.8538789749145508 -0.5188003778457642 0.04167700931429863
vn -0.9287713766098022 -0.3685111105442047 0.03979121521115303
vn 0.05879253149032593 -0.9982700943946838 -0.0005940740229561925
vn 0.061189837753772736 -0.9981260895729065 0.00033953695674426854
vn 0.05939188227057457 -0.9982345104217529 -0.0007973487372510135
vn 0.05892127379775047 -0.9982625842094421 -2.1722467863583006e-05
vn 0.059584975242614746 -0.998222827911377 0.0009345341240987182
vn 0.06157586723566055 -0.9981002807617188 0.00205658795312047
vn -0.03309682384133339 0.9994171261787415 0.008364192210137844
vn -0.02921273186802864 0.9995439052581787 0.007656823378056288
vn -0.023191509768366814 0.9997196197509766 0.004779118113219738
vn -0.0418132022023201 0.9990661144256592 0.010877315886318684
vn -0.046077661216259 0.9988665580749512 0.011936977505683899
vn -0.06005989760160446 0.9981455206871033 0.009924574755132198
vn -0.0712331011891365 0.9974340796470642 0.0071471137925982475
vn -0.11051172763109207 0.9938698410987854 -0.003129383781924844
vn -0.10672997683286667 0.9942532181739807 -0.008325306698679924
vn -0.15877410769462585 0.9871991872787476 -0.015118456445634365
vn -0.18703007698059082 0.9823179244995117 -0.008441491052508354
vn -0.23295287787914276 0.9723943471908569 -0.013496462255716324
vn -0.23618055880069733 0.9716474413871765 -0.010947656817734241
vn -0.2898549437522888 0.9569989442825317 -0.011705266311764717
vn -0.2842612862586975 0.9585496783256531 -0.01944422721862793
vn -0.3367111384868622 0.9415649771690369 0.009000462479889393
vn -0.34151002764701843 0.9398655295372009 0.0048636095598340034
vn -0.36625754833221436 0.92982017993927 0.035916782915592194
vn -0.36079543828964233 0.9313698410987854 0.04875348508358002
vn -0.39503052830696106 0.9180732369422913 0.0330510213971138
vn -0.3988758623600006 0.9164698719978333 0.031319476664066315
vn -0.40959519147872925 0.9122673869132996 0.0
vn -0.4147086441516876 0.9099541902542114 0.0
vn -0.39503049850463867 0.9180732369422913 -0.0330510213971138
vn -0.3988758623600006 0.9164698719978333 -0.031319476664066315
vn -0.36625751852989197 0.92982017993927 -0.035916779190301895
vn -0.36079543828964233 0.9313698410987854 -0.04875348508358002
vn -0.3367111384868622 0.9415649771690369 -0.009000461548566818
vn -0.34151002764701843 0.9398655295372009 -0.0048636095598340034
vn -0.2898549437522888 0.9569989442825317 0.011705266311764717
vn -0.2842612862586975 0.9585496783256531 0.01944422721862793
vn -0.23295289278030396 0.9723943471908569 0.013496463187038898
vn -0.23618055880069733 0.9716474413871765 0.010947656817734241
vn -0.18703007698059082 0.9823179244995117 0.008441491052508354
vn -0.15877410769462585 0.9871991872787476 0.01511845551431179
vn -0.11051173508167267 0.9938699007034302 0.0031293844804167747
vn -0.10672997683286667 0.9942532181739807 0.008325306698679924
vn -0.0712331011891365 0.9974340796470642 -0.0071471137925982475
vn -0.06005989760160446 0.9981455206871033 -0.009924574755132198
vn -0.0460776649415493 0.9988665580749512 -0.011936979368329048
vn -0.0418132022023201 0.9990661144256592 -0.010877315886318684
vn -0.033096808940172195 0.9994171261787415 -0.008364440873265266
vn -0.02921270951628685 0.9995439052581787 -0.007657195907086134
vn -0.023191463202238083 0.9997196197509766 -0.004779862705618143
vn 0.8732183575630188 0.16708563268184662 -0.45779040455818176
vn 0.8236281871795654 0.16372497379779816 -0.5429832935333252
vn 0.8236709237098694 0.16433225572109222 -0.5427349805831909
vn 0.9147372245788574 0.1672111302614212 -0.36782631278038025
vn 0.959223747253418 0.16567100584506989 -0.22900409996509552
vn 0.9629210233688354 0.20670942962169647 -0.17336224019527435
vn 0.9631035327911377 0.2614360749721527 -0.06389570981264114
vn 0.955849289894104 0.288432240486145 -0.05620422959327698
vn 0.9556119441986084 0.29455891251564026 -0.0063966792076826096
vn 0.9532430171966553 0.3021157681941986 -0.007342732511460781
vn -0.08111231029033661 0.18821197748184204 -0.978773295879364
vn 0.08623373508453369 0.15992766618728638 -0.9833549857139587
vn 0.09124454110860825 0.1771494299173355 -0.9799451231956482
vn -0.2556595504283905 0.1775912642478943 -0.950315535068512
vn -0.41445663571357727 0.1503007858991623 -0.8975719809532166
vn -0.4093085825443268 0.12898726761341095 -0.9032323956489563
vn -0.402084618806839 0.12937907874584198 -0.9064155220985413
vn -0.3996070623397827 0.11823690682649612 -0.9090291857719421
vn -0.3988061249256134 0.1067734807729721 -0.9107980132102966
vn -0.3991488516330719 0.09340451657772064 -0.9121161699295044
vn -0.42858439683914185 0.09105009585618973 -0.8989022374153137
vn -0.4276970326900482 0.08715346455574036 -0.8997107744216919
vn -0.5316736698150635 0.07508755475282669 -0.8436142206192017
vn -0.5328527092933655 0.08467105031013489 -0.8419613242149353
vn -0.7058722972869873 0.04515397548675537 -0.7068983912467957
vn -0.7967715859413147 0.018739396706223488 -0.6039900183677673
vn -0.8715382814407349 0.00461313221603632 -0.4903058707714081
vn -0.87160724401474 -0.0037368908524513245 -0.490190714597702
vn 0.2881012558937073 -0.9457157254219055 0.1503974348306656
vn 0.2795407474040985 -0.9454763531684875 0.1671273112297058
vn 0.2855387330055237 -0.945845365524292 0.15441597998142242
vn 0.2966722249984741 -0.9447377324104309 0.13948588073253632
vn 0.30995091795921326 -0.9420825839042664 0.12810562551021576
vn 0.306548148393631 -0.9420840740203857 0.1360362470149994
vn 0.3302764594554901 -0.9354394674301147 0.1259775608778
vn 0.33414989709854126 -0.9356229901313782 0.11381357908248901
vn 0.34606361389160156 -0.9307838082313538 0.11781943589448929
vn 0.35318732261657715 -0.9299651384353638 0.10209522396326065
vn 0.35524579882621765 -0.9307931661605835 0.08616524934768677
vn 0.3428305387496948 -0.9366309642791748 0.07203909009695053
vn 0.315185546875 -0.9474563002586365 0.0546320378780365
vn 0.3161463141441345 -0.9475184082984924 0.047545433044433594
vn 0.27354568243026733 -0.9614509344100952 0.028012491762638092
vn 0.2730167508125305 -0.9612409472465515 0.03844267502427101
vn 0.23148317635059357 -0.9726852178573608 0.017290981486439705
vn 0.19781047105789185 -0.9802089929580688 -0.007837226614356041
vn 0.12374239414930344 -0.9921688437461853 0.016991589218378067
vn 0.12479683756828308 -0.9921581149101257 0.006933942437171936
vn -0.0022483286447823048 -0.996902585029602 0.0786147266626358
vn -0.0011602622689679265 -0.9985101222991943 0.05455416813492775
vn -0.08509410172700882 -0.982032835483551 0.16843530535697937
vn -0.10538285970687866 -0.9818927645683289 0.15742021799087524
vn -0.12253733724355698 -0.9602523446083069 0.2507988512516022
vn -0.08724065124988556 -0.9589280486106873 0.26989996433258057
vn -0.14937500655651093 -0.9381013512611389 0.31249475479125977
vn -0.17083638906478882 -0.9308318495750427 0.32305872440338135
vn -0.1307341307401657 -0.9281572699546814 0.3484719395637512
vn -0.1437525749206543 -0.9251775145530701 0.35125771164894104
vn -0.09935326874256134 -0.9285038709640503 0.35778406262397766
vn -0.051036737859249115 -0.9353954195976257 0.34990090131759644
vn -0.03441271558403969 -0.9363288879394531 0.3494335114955902
vn 0.008562251925468445 -0.941163957118988 0.33784186840057373
vn -0.8515552282333374 0.11248711496591568 -0.512054979801178
vn -0.8557174801826477 0.08143258094787598 -0.5109955668449402
vn -0.8515552282333374 0.11248711496591568 -0.512054979801178
vn -0.8465561866760254 0.14343111217021942 -0.5126112699508667
vn -0.8189911842346191 0.15788044035434723 -0.5516587495803833
vn -0.8189911842346191 0.15788044035434723 -0.5516587495803833
vn -0.8189911842346191 0.15788044035434723 -0.5516587495803833
vn -0.8103911876678467 0.19000127911567688 -0.5542253851890564
vn -0.8103911876678467 0.19000127911567688 -0.5542253851890564
vn -0.8103911876678467 0.19000127911567688 -0.5542253851890564
vn -0.7619948983192444 0.2111811488866806 -0.6121817827224731
vn -0.7619948983192444 0.2111811488866806 -0.6121817827224731
vn -0.7619948983192444 0.2111811488866806 -0.6121817827224731
vn -0.7612001895904541 0.20940685272216797 -0.613777756690979
vn -0.7612001895904541 0.20940685272216797 -0.613777756690979
vn -0.7612001895904541 0.20940685272216797 -0.613777756690979
vn -0.5710309743881226 0.2591210603713989 -0.7789607644081116
vn -0.5710309743881226 0.2591210603713989 -0.7789607644081116
vn -0.5710309743881226 0.2591210603713989 -0.7789607644081116
vn -0.5458457469940186 0.21402418613433838 -0.810090184211731
vn -0.5458457469940186 0.21402418613433838 -0.810090184211731
vn -0.5458457469940186 0.21402418613433838 -0.810090184211731
vn -0.07201392203569412 0.2449139505624771 -0.9668667316436768
vn -0.07201392203569412 0.2449139505624771 -0.9668667316436768
vn -0.07201392203569412 0.2449139505624771 -0.9668667316436768
vn 0.09164991229772568 0.19553658366203308 -0.9764044880867004
vn 0.21825024485588074 0.18858307600021362 -0.9574984312057495
vn -0.03645654395222664 0.19927677512168884 -0.9792649149894714
vn 0.09164991229772568 0.19553658366203308 -0.9764044880867004
vn 0.2023668885231018 0.1705968976020813 -0.9643362164497375
vn 0.2023668885231018 0.1705968976020813 -0.9643362164497375
vn 0.2023668885231018 0.1705968976020813 -0.9643362164497375
vn 0.4952857792377472 0.16667994856834412 -0.8525901436805725
vn 0.4952857792377472 0.16667994856834412 -0.8525901436805725
vn 0.4952857792377472 0.16667994856834412 -0.8525901436805725
vn 0.5010883212089539 0.17976026237010956 -0.8465203642845154
vn 0.5010883212089539 0.17976026237010956 -0.8465203642845154
vn 0.5010883212089539 0.17976026237010956 -0.8465203642845154
vn 0.6125809550285339 0.18329507112503052 -0.7688611745834351
vn 0.6125809550285339 0.18329507112503052 -0.7688611745834351
vn 0.6125809550285339 0.18329507112503052 -0.7688611745834351
vn 0.5957891941070557 0.21125593781471252 -0.7748588919639587
vn 0.5957891941070557 0.21125593781471252 -0.7748588919639587
vn 0.5957891941070557 0.21125593781471252 -0.7748588919639587
vn 0.676328182220459 0.2175084948539734 -0.7037544846534729
vn 0.676328182220459 0.2175084948539734 -0.7037544846534729
vn 0.676328182220459 0.2175084948539734 -0.7037544846534729
vn 0.6683362126350403 0.07036956399679184 -0.7405233979225159
vn 0.6683362126350403 0.07036956399679184 -0.7405233979225159
vn 0.6683362126350403 0.07036956399679184 -0.7405233979225159
vn 0.7232535481452942 0.08757593482732773 -0.6850070953369141
vn 0.7232535481452942 0.08757593482732773 -0.6850070953369141
vn 0.7232535481452942 0.08757593482732773 -0.6850070953369141
vn 0.7276842594146729 0.20043839514255524 -0.6559727191925049
vn 0.7276842594146729 0.20043839514255524 -0.6559727191925049
vn 0.7276842594146729 0.20043839514255524 -0.6559727191925049
vn 0.7418028712272644 0.20131191611289978 -0.6396890878677368
vn 0.7418028712272644 0.20131191611289978 -0.6396890878677368
vn 0.7418028712272644 0.20131191611289978 -0.6396890878677368
vn 0.7416934967041016 0.2938085198402405 -0.6029654145240784
vn 0.7416934967041016 0.2938085198402405 -0.6029654145240784
vn 0.7416934967041016 0.2938085198402405 -0.6029654145240784
vn 0.8126466870307922 0.296301007270813 -0.5018078088760376
vn 0.8126466870307922 0.296301007270813 -0.5018078088760376
vn 0.8126466870307922 0.296301007270813 -0.5018078088760376
vn 0.8134728670120239 0.3067578673362732 -0.49412697553634644
vn 0.8134728670120239 0.3067578673362732 -0.49412697553634644
vn 0.8134728670120239 0.3067578673362732 -0.49412697553634644
vn 0.9671517610549927 0.2541623115539551 -0.00436025857925415
vn 0.9671517610549927 0.2541623115539551 -0.00436025857925415
vn 0.9671517610549927 0.2541623115539551 -0.00436025857925415
vn 0.9683120250701904 0.2497437596321106 -0.0002676952281035483
vn 0.9683120250701904 0.2497437596321106 -0.0002676952281035483
vn 0.9683120250701904 0.2497437596321106 -0.0002676952281035483
vn 0.8441441059112549 0.11480143666267395 0.5236806273460388
vn 0.8441441059112549 0.11480143666267395 0.5236806273460388
vn 0.8441441059112549 0.11480143666267395 0.5236806273460388
vn 0.8553998470306396 0.10316436737775803 0.5075907111167908
vn 0.8553998470306396 0.10316436737775803 0.5075907111167908
vn 0.8553998470306396 0.10316436737775803 0.5075907111167908
vn 0.5587967038154602 -0.03692447021603584 0.8284822702407837
vn 0.5587967038154602 -0.03692447021603584 0.8284822702407837
vn 0.5587967038154602 -0.03692447021603584 0.8284822702407837
vn 0.5735915899276733 -0.04860485717654228 0.8176981806755066
vn 0.5735915899276733 -0.04860485717654228 0.8176981806755066
vn 0.5735915899276733 -0.04860485717654228 0.8176981806755066
vn 0.3068787753582001 -0.14037922024726868 0.9413390755653381
vn 0.30661752820014954 -0.14851683378219604 0.9401746988296509
vn 0.30633559823036194 -0.15664443373680115 0.9389468431472778
vn 0.30661752820014954 -0.14851683378219604 0.9401746988296509
vn -0.8666497468948364 0.07472026348114014 -0.4932902455329895
vn -0.8666497468948364 0.07472026348114014 -0.4932902455329895
vn -0.8666497468948364 0.07472026348114014 -0.4932902455329895
vn -0.8721718788146973 0.024478767067193985 -0.4885869324207306
vn -0.8721718788146973 0.024478767067193985 -0.4885869324207306
vn -0.8721718788146973 0.024478767067193985 -0.4885869324207306
vn -0.8673076629638672 0.02794821932911873 -0.4969874322414398
vn -0.8673076629638672 0.02794821932911873 -0.4969874322414398
vn -0.8673076629638672 0.02794821932911873 -0.4969874322414398
vn -0.8711801171302795 -0.016078146174550056 -0.4907004237174988
vn -0.8711801171302795 -0.016078146174550056 -0.4907004237174988
vn -0.8711801171302795 -0.016078146174550056 -0.4907004237174988
vn -0.8864284753799438 -0.02792194113135338 -0.4620228111743927
vn -0.8864284753799438 -0.02792194113135338 -0.4620228111743927
vn -0.8864284753799438 -0.02792194113135338 -0.4620228111743927
vn -0.8880557417869568 -0.0629049763083458 -0.45541176199913025
vn -0.8880557417869568 -0.0629049763083458 -0.45541176199913025
vn -0.8880557417869568 -0.0629049763083458 -0.45541176199913025
vn -0.9664713740348816 -0.1552005410194397 -0.20456312596797943
vn -0.9664713740348816 -0.1552005410194397 -0.20456312596797943
vn -0.9664713740348816 -0.1552005410194397 -0.20456312596797943
vn -0.9639530181884766 -0.1841125786304474 -0.19208654761314392
vn -0.9679938554763794 -0.25092411041259766 0.004988940432667732
vn -0.9679938554763794 -0.25092411041259766 0.004988940432667732
vn -0.9301024675369263 -0.306865930557251 0.20184828341007233
vn -0.9301134943962097 -0.3073619306087494 0.20104165375232697
vn -0.9301134943962097 -0.3073619306087494 0.20104165375232697
vn -0.9301134943962097 -0.3073619306087494 0.20104165375232697
vn -0.466436505317688 -0.37404584884643555 0.801577627658844
vn -0.466436505317688 -0.37404584884643555 0.801577627658844
vn -0.466436505317688 -0.37404584884643555 0.801577627658844
vn -0.4750087559223175 -0.3672710955142975 0.7996741533279419
vn -0.4750087559223175 -0.3672710955142975 0.7996741533279419
vn -0.4750087559223175 -0.3672710955142975 0.7996741533279419
vn -0.11783913522958755 -0.32257580757141113 0.9391799569129944
vn -0.11783913522958755 -0.32257580757141113 0.9391799569129944
vn -0.11783913522958755 -0.32257580757141113 0.9391799569129944
vn -0.12772031128406525 -0.31373509764671326 0.9408814311027527
vn -0.12772031128406525 -0.31373509764671326 0.9408814311027527
vn -0.12772031128406525 -0.31373509764671326 0.9408814311027527
vn 0.0760803371667862 -0.27232474088668823 0.9591929912567139
vn 0.0760803371667862 -0.27232474088668823 0.9591929912567139
vn 0.0760803371667862 -0.27232474088668823 0.9591929912567139
vn 0.06380657106637955 -0.25394341349601746 0.9651122093200684
vn 0.06380657106637955 -0.25394341349601746 0.9651122093200684
vn 0.06380657106637955 -0.25394341349601746 0.9651122093200684
vn 0.17081721127033234 -0.21742700040340424 0.9610134959220886
vn 0.17101819813251495 -0.22838661074638367 0.9584323167800903
vn 0.1984853595495224 -0.2017115354537964 0.9591225385665894
vn 0.19964292645454407 -0.19891299307346344 0.9594666957855225
vn 0.22595064342021942 -0.18579183518886566 0.9562572240829468
vn 0.22338421642780304 -0.18037262558937073 0.9578962922096252
vn 0.24454808235168457 -0.9559083580970764 -0.1625901758670807
vn 0.24843114614486694 -0.9553169012069702 -0.16016153991222382
vn 0.24817964434623718 -0.9550091624259949 -0.16237160563468933
vn 0.2398606687784195 -0.9536133408546448 -0.18190263211727142
vn 0.23936252295970917 -0.9501237273216248 -0.19992601871490479
vn 0.24334648251533508 -0.9426655769348145 -0.22839462757110596
vn 0.25642359256744385 -0.9367985725402832 -0.23802393674850464
vn 0.2629406154155731 -0.9337148070335388 -0.24297897517681122
vn 0.2671923041343689 -0.9340952634811401 -0.23680032789707184
vn 0.26537078619003296 -0.9353553056716919 -0.23385681211948395
vn 0.25057074427604675 -0.9363651275634766 -0.24583470821380615
vn 0.25762197375297546 -0.9351919889450073 -0.24299603700637817
vn 0.23224464058876038 -0.9394278526306152 -0.25206702947616577
vn 0.20832562446594238 -0.942704975605011 -0.2605911195278168
vn 0.19199982285499573 -0.9461748003959656 -0.2605557441711426
vn 0.1631302684545517 -0.9456143975257874 -0.2814282774925232
vn 0.1310078650712967 -0.9462921023368835 -0.29558101296424866
vn 0.13760524988174438 -0.9430539608001709 -0.3028434216976166
vn 0.07621680945158005 -0.9443941712379456 -0.3198603391647339
vn 0.07271856814622879 -0.9484255313873291 -0.30854669213294983
vn 0.045791227370500565 -0.9424377083778381 -0.33123132586479187
vn 0.02130759507417679 -0.9335805177688599 -0.3577337861061096
vn 0.022860923781991005 0.9320347309112549 0.3616470396518707
vn 0.07396209985017776 0.9239266514778137 0.3753521740436554
vn 0.03252808749675751 0.9279431104660034 0.371299684047699
vn -0.026164982467889786 0.9368911385536194 0.3486405909061432
vn -0.06677919626235962 0.9448275566101074 0.32068899273872375
vn -0.07188274711370468 0.9401420950889587 0.3331151604652405
vn -0.10840891301631927 0.9494036436080933 0.2947544455528259
vn -0.14346329867839813 0.9533398747444153 0.2656339108943939
vn -0.16204732656478882 0.9549403786659241 0.24865542352199554
vn -0.18460701406002045 0.9563083052635193 0.22670398652553558
vn -0.20909859240055084 0.9578336477279663 0.19705970585346222
vn -0.21269649267196655 0.9581692218780518 0.19149897992610931
vn -0.24168817698955536 0.9548709988594055 0.17265067994594574
vn -0.2543996572494507 0.9517473578453064 0.1716325432062149
vn -0.2562147080898285 0.953901469707489 0.1562882959842682
vn -0.2574511766433716 0.9523809552192688 0.16336916387081146
vn -0.24485163390636444 0.9591584205627441 0.14164304733276367
vn -0.24424992501735687 0.962438702583313 0.11854798346757889
vn -0.2562791407108307 0.9614510536193848 0.09966383874416351
vn -0.25511765480041504 0.9622159600257874 0.09516027569770813
vn -0.2676602303981781 0.9595814347267151 0.0869569182395935
vn -0.2704842686653137 0.9596222639083862 0.0772237777709961
vn -0.3601832389831543 0.1357245296239853 -0.9229555726051331
vn -0.27197983860969543 0.14138996601104736 -0.9518592357635498
vn -0.2718496024608612 0.15561255812644958 -0.9496749639511108
vn -0.44947052001953125 0.10563431680202484 -0.887027382850647
vn -0.6469482779502869 0.017370447516441345 -0.762336015701294
vn -0.7544499635696411 -0.08863005042076111 -0.6503459811210632
vn -0.904252290725708 -0.2366882860660553 -0.35539624094963074
vn -0.9341744184494019 -0.31919050216674805 -0.1594848334789276
vn -0.9180746674537659 -0.3522879481315613 0.18174763023853302
vn -0.8826700448989868 -0.3318101465702057 0.332859605550766
vn -0.7873088121414185 -0.30703985691070557 0.5346694588661194
vn -0.7599611878395081 -0.2860352098941803 0.583646297454834
vn -0.7070250511169434 -0.26061534881591797 0.657415509223938
vn -0.7105467915534973 -0.26122531294822693 0.6533639430999756
vn -0.6864893436431885 -0.24310870468616486 0.6852959394454956
vn -0.6837997436523438 -0.2241353988647461 0.6943926811218262
vn -0.6446966528892517 -0.2016730010509491 0.7373562455177307
vn -0.6384685635566711 -0.2053099274635315 0.7417585849761963
vn -0.5534884333610535 -0.17546860873699188 0.8141630291938782
vn -0.5604754686355591 -0.16586753726005554 0.8113909959793091
vn -0.367576539516449 -0.2036542147397995 0.907420814037323
vn -0.3787282109260559 -0.17761507630348206 0.9083048701286316
vn -0.1461452841758728 -0.2542382478713989 0.9560357928276062
vn -0.03655631095170975 -0.3184836804866791 0.9472232460975647
vn 0.21025525033473969 -0.3406107425689697 0.9163934588432312
vn 0.3863520622253418 -0.38128870725631714 0.8398517966270447
vn 0.6068123579025269 -0.3602287173271179 0.708529531955719
vn 0.6839458346366882 -0.36816078424453735 0.6298220157623291
vn 0.775385320186615 -0.33549994230270386 0.5349928736686707
vn 0.7972376942634583 -0.3015134632587433 0.5229740142822266
vn 0.8326317667961121 -0.2538456320762634 0.492226243019104
vn 0.8387192487716675 -0.200779989361763 0.5061990022659302
vn 0.8522469997406006 -0.18414521217346191 0.4896584451198578
vn 0.845645010471344 -0.1558522880077362 0.5104846954345703
vn 0.939125120639801 -0.3419301509857178 -0.03358164802193642
vn 0.9730218052864075 -0.22738805413246155 -0.039031192660331726
vn 0.939655065536499 -0.3421231210231781 9.385581201115656e-10
vn 0.8921416401863098 -0.45175597071647644 0.0
vn 0.939125120639801 -0.3419301509857178 0.03358164802193642
vn 0.9730218052864075 -0.22738805413246155 0.039031192660331726
vn 0.801163911819458 0.5974453687667847 -0.034574851393699646
vn 0.8067615628242493 0.5899259448051453 -0.03351568058133125
vn 0.8016431331634521 0.5978027582168579 9.319212068703564e-10
vn 0.7960004210472107 0.6052958965301514 0.0
vn 0.801163911819458 0.5974453687667847 0.034574851393699646
vn 0.8067615628242493 0.5899259448051453 0.03351568058133125
vn -0.9589489102363586 0.27976781129837036 -0.04633714631199837
vn -0.976455569267273 0.2093389481306076 -0.05207444354891777
vn -0.9599800109863281 0.28006863594055176 0.0
vn -0.9371234774589539 0.34899821877479553 0.0
vn -0.9589489102363586 0.27976781129837036 0.04633714631199837
vn -0.976455569267273 0.2093389481306076 0.05207444354891777
vn 0.3527548015117645 -0.8614487051963806 0.3653356730937958
vn 0.5684880018234253 -0.5170921087265015 0.6398728489875793
vn 0.5716184377670288 -0.5089966058731079 0.6435642838478088
vn 0.35387107729911804 -0.8591273427009583 0.3696964383125305
vn 0.04588019847869873 -0.998938798904419 -0.004040832165628672
vn 0.04864487797021866 -0.9987962245941162 -0.006324973423033953
vn 0.7977410554885864 -0.6026140451431274 -0.02157546393573284
vn 0.8148504495620728 -0.5792180895805359 -0.022919723764061928
vn 0.7979268431663513 -0.6027543544769287 0.0
vn 0.7801195383071899 -0.6256304383277893 0.0
vn 0.7977410554885864 -0.6026140451431274 0.02157546393573284
vn 0.8148504495620728 -0.5792180895805359 0.022919723764061928
vn 0.6308761239051819 0.32013779878616333 0.7067581415176392
vn 0.7632923126220703 0.389395147562027 0.5155155658721924
vn 0.7797759175300598 0.35953930020332336 0.5125240087509155
vn 0.6322359442710876 0.32775160670280457 0.7020373940467834
vn 0.4087204039096832 0.2455892711877823 0.8789957165718079
vn 0.3938337564468384 0.16392560303211212 0.9044464230537415
vn 0.36254701018333435 0.11099031567573547 0.92533278465271
vn 0.3671475350856781 0.0750710740685463 0.9271283745765686
vn 0.3578769266605377 0.09051769226789474 0.929371178150177
vn 0.352911114692688 0.11496187001466751 0.9285674095153809
vn 0.36001425981521606 0.12411580979824066 0.924653947353363
vn 0.36896657943725586 0.11735094338655472 0.9220045208930969
vn 0.40551692247390747 0.08891627192497253 0.909752607345581
vn 0.40540480613708496 0.08761230111122131 0.9099292159080505
vn 0.2648093104362488 0.08171788603067398 0.9608319997787476
vn 0.26413315534591675 0.042074404656887054 0.9635680913925171
vn 0.08882615715265274 0.09317142516374588 0.9916799664497375
vn 0.09247773140668869 0.1495661586523056 0.9844175577163696
vn 0.9859868288040161 0.16355514526367188 -0.03285859525203705
vn 0.9884106516838074 0.14844055473804474 -0.031779270619153976
vn 0.9865195751190186 0.1636435091495514 0.0
vn 0.9838973879814148 0.17873413860797882 0.0
vn 0.9859868288040161 0.16355514526367188 0.03285859525203705
vn 0.9884106516838074 0.14844055473804474 0.031779270619153976
vn 0.5716184377670288 -0.5089966058731079 -0.6435642838478088
vn 0.5684880018234253 -0.5170921087265015 -0.6398728489875793
vn 0.3527548015117645 -0.8614487051963806 -0.3653356730937958
vn 0.35387107729911804 -0.8591273427009583 -0.3696964383125305
vn 0.04588019847869873 -0.998938798904419 0.004040832165628672
vn 0.04864487797021866 -0.9987962245941162 0.006324973423033953
vn 0.7797759175300598 0.35953930020332336 -0.5125240087509155
vn 0.7632923126220703 0.389395147562027 -0.5155155658721924
vn 0.6308761239051819 0.32013779878616333 -0.7067581415176392
vn 0.6322359442710876 0.32775160670280457 -0.7020373940467834
vn 0.4087204039096832 0.2455892711877823 -0.8789957165718079
vn 0.3938337564468384 0.16392560303211212 -0.9044464230537415
vn 0.36254701018333435 0.11099031567573547 -0.92533278465271
vn 0.3671475350856781 0.0750710740685463 -0.9271283745765686
vn 0.3578769266605377 0.09051769226789474 -0.929371178150177
vn 0.352911114692688 0.11496187001466751 -0.9285674095153809
vn 0.36001425981521606 0.12411580979824066 -0.924653947353363
vn 0.36896657943725586 0.11735094338655472 -0.9220045208930969
vn 0.40551692247390747 0.08891627192497253 -0.909752607345581
vn 0.40540480613708496 0.08761230111122131 -0.9099292159080505
vn 0.2648093104362488 0.08171788603067398 -0.9608319997787476
vn 0.26413315534591675 0.042074404656887054 -0.9635680913925171
vn 0.08882615715265274 0.09317142516374588 -0.9916799664497375
vn 0.09247773140668869 0.1495661586523056 -0.9844175577163696
vn -0.1624685525894165 0.03681426867842674 0.9860267639160156
vn -0.15931423008441925 0.027551112696528435 0.986843466758728
vn -0.1647004336118698 0.0380776971578598 0.9856083989143372
vn -0.16494959592819214 0.05007489025592804 0.9850299954414368
vn -0.16939598321914673 0.02764672227203846 0.985160231590271
vn -0.17668232321739197 0.02622240222990513 0.9839184880256653
vn -0.24102532863616943 0.01933703012764454 0.9703261852264404
vn -0.24092158675193787 0.02934667281806469 0.9701008200645447
vn -0.3843308985233307 -0.02289198525249958 0.9229115843772888
vn -0.38272640109062195 -0.02273889072239399 0.9235817790031433
vn -0.46839725971221924 -0.05461009591817856 0.8818286657333374
vn -0.46894019842147827 -0.05716139078140259 0.8813783526420593
vn -0.596139132976532 -0.1031108871102333 0.7962327003479004
vn -0.596139132976532 -0.1031108871102333 0.7962327003479004
vn -0.596139132976532 -0.1031108871102333 0.7962327003479004
vn -0.59688401222229 -0.10843725502490997 0.794965922832489
vn -0.59688401222229 -0.10843725502490997 0.794965922832489
vn -0.59688401222229 -0.10843725502490997 0.794965922832489
vn -0.7865660786628723 -0.18411223590373993 0.58942049741745
vn -0.7865660786628723 -0.18411223590373993 0.58942049741745
vn -0.7865660786628723 -0.18411223590373993 0.58942049741745
vn -0.7783947587013245 -0.19280941784381866 0.5974330902099609
vn -0.7783947587013245 -0.19280941784381866 0.5974330902099609
vn -0.7783947587013245 -0.19280941784381866 0.5974330902099609
vn -0.8566849827766418 -0.2267591804265976 0.46332627534866333
vn -0.8566849827766418 -0.2267591804265976 0.46332627534866333
vn -0.8566849827766418 -0.2267591804265976 0.46332627534866333
vn -0.8562445044517517 -0.24105480313301086 0.4568786919116974
vn -0.8562445044517517 -0.24105480313301086 0.4568786919116974
vn -0.8562445044517517 -0.24105480313301086 0.4568786919116974
vn -0.9010453820228577 -0.2616400420665741 0.3459216356277466
vn -0.9010453820228577 -0.2616400420665741 0.3459216356277466
vn -0.9010453820228577 -0.2616400420665741 0.3459216356277466
vn -0.8997990489006042 -0.2734927237033844 0.33994609117507935
vn -0.9252387881278992 -0.28461456298828125 0.25085416436195374
vn -0.9252387881278992 -0.28461456298828125 0.25085416436195374
vn -0.9426212310791016 -0.2932578921318054 0.15957766771316528
vn -0.9433284401893616 -0.29172956943511963 0.15819421410560608
vn -0.9433284401893616 -0.29172956943511963 0.15819421410560608
vn -0.9433284401893616 -0.29172956943511963 0.15819421410560608
vn -0.9433284401893616 -0.29172956943511963 -0.15819421410560608
vn -0.9433284401893616 -0.29172956943511963 -0.15819421410560608
vn -0.9433284401893616 -0.29172956943511963 -0.15819421410560608
vn -0.9426212310791016 -0.2932578921318054 -0.15957766771316528
vn -0.9426212310791016 -0.2932578921318054 -0.15957766771316528
vn -0.9426212310791016 -0.2932578921318054 -0.15957766771316528
vn -0.8997990489006042 -0.2734927237033844 -0.33994609117507935
vn -0.8997990489006042 -0.2734927237033844 -0.33994609117507935
vn -0.8997990489006042 -0.2734927237033844 -0.33994609117507935
vn -0.9010453820228577 -0.2616400420665741 -0.3459216356277466
vn -0.9010453820228577 -0.2616400420665741 -0.3459216356277466
vn -0.9010453820228577 -0.2616400420665741 -0.3459216356277466
vn -0.8562445044517517 -0.24105480313301086 -0.4568786919116974
vn -0.8562445044517517 -0.24105480313301086 -0.4568786919116974
vn -0.8562445044517517 -0.24105480313301086 -0.4568786919116974
vn -0.8566849827766418 -0.2267591804265976 -0.46332627534866333
vn -0.8566849827766418 -0.2267591804265976 -0.46332627534866333
vn -0.8566849827766418 -0.2267591804265976 -0.46332627534866333
vn -0.7783947587013245 -0.19280941784381866 -0.5974330902099609
vn -0.7783947587013245 -0.19280941784381866 -0.5974330902099609
vn -0.7783947587013245 -0.19280941784381866 -0.5974330902099609
vn -0.7865660786628723 -0.18411223590373993 -0.58942049741745
vn -0.7865660786628723 -0.18411223590373993 -0.58942049741745
vn -0.7865660786628723 -0.18411223590373993 -0.58942049741745
vn -0.59688401222229 -0.10843725502490997 -0.794965922832489
vn -0.59688401222229 -0.10843725502490997 -0.794965922832489
vn -0.59688401222229 -0.10843725502490997 -0.794965922832489
vn -0.596139132976532 -0.1031108871102333 -0.7962327003479004
vn -0.596139132976532 -0.1031108871102333 -0.7962327003479004
vn -0.596139132976532 -0.1031108871102333 -0.7962327003479004
vn -0.46894019842147827 -0.05716139078140259 -0.8813783526420593
vn -0.46894019842147827 -0.05716139078140259 -0.8813783526420593
vn -0.46894019842147827 -0.05716139078140259 -0.8813783526420593
vn -0.46785107254981995 -0.05205843225121498 -0.8822728991508484
vn -0.46785107254981995 -0.05205843225121498 -0.8822728991508484
vn -0.46785107254981995 -0.05205843225121498 -0.8822728991508484
vn -0.2938464283943176 0.006803763099014759 -0.9558284878730774
vn -0.24102534353733063 0.01933702826499939 -0.9703261852264404
vn -0.24092158675193787 0.02934667281806469 -0.9701008200645447
vn -0.17668232321739197 0.02622240222990513 -0.9839184880256653
vn -0.16939598321914673 0.02764672227203846 -0.985160231590271
vn -0.1624685525894165 0.03681427240371704 -0.9860267639160156
vn -0.16494959592819214 0.05007489025592804 -0.9850299954414368
vn -0.1647004336118698 0.0380776971578598 -0.9856083989143372
vn -0.15931423008441925 0.027551112696528435 -0.986843466758728
vn -0.29651278257369995 0.009049671702086926 -0.954986035823822
vn -0.29651278257369995 0.009049671702086926 -0.954986035823822
vn 0.2786695659160614 -0.9559938311576843 0.09175556898117065
vn 0.27722492814064026 -0.9593498110771179 0.052860673516988754
vn 0.2705049216747284 -0.9595568776130676 0.07795889675617218
vn 0.27520057559013367 -0.9557401537895203 0.10404502600431442
vn 0.28991392254829407 -0.9511814117431641 0.10584838688373566
vn 0.294964075088501 -0.946587324142456 0.13026410341262817
vn 0.28628009557724 -0.9460843801498413 0.15155243873596191
vn 0.2743247151374817 -0.9445313811302185 0.18057259917259216
vn 0.25993385910987854 -0.9465805292129517 0.19083938002586365
vn 0.26244401931762695 -0.9450854659080505 0.1947735697031021
vn 0.2580244839191437 -0.9448305368423462 0.20178832113742828
vn 0.25650689005851746 -0.9446919560432434 0.20435556769371033
vn 0.2657468616962433 -0.9430953860282898 0.1998744010925293
vn 0.2623192071914673 -0.9424413442611694 0.20734751224517822
vn 0.2858087122440338 -0.9405850768089294 0.18333826959133148
vn 0.28053492307662964 -0.9437641501426697 0.17495565116405487
vn 0.30154189467430115 -0.9398508667945862 0.1604767143726349
vn 0.3203279972076416 -0.935122549533844 0.1514464020729065
vn 0.3239447772502899 -0.9382554888725281 0.12139368057250977
vn 0.33024659752845764 -0.9383055567741394 0.10256711393594742
vn 0.3287124037742615 -0.9444301128387451 0.0
vn 0.32898688316345215 -0.9443345069885254 0.0
vn 0.33024659752845764 -0.9383055567741394 -0.10256711393594742
vn 0.3239447772502899 -0.9382554888725281 -0.12139368057250977
vn 0.3203279972076416 -0.935122549533844 -0.1514464020729065
vn 0.30154189467430115 -0.9398508667945862 -0.1604767143726349
vn 0.2858087122440338 -0.9405850768089294 -0.18333828449249268
vn 0.28053492307662964 -0.9437641501426697 -0.17495565116405487
vn 0.2657468020915985 -0.943095326423645 -0.19987435638904572
vn 0.2623192071914673 -0.9424413442611694 -0.20734751224517822
vn 0.25650694966316223 -0.9446920156478882 -0.2043556123971939
vn 0.25802454352378845 -0.9448305368423462 -0.20178832113742828
vn 0.25993385910987854 -0.9465805888175964 -0.19083938002586365
vn 0.26244401931762695 -0.9450854659080505 -0.1947735697031021
vn 0.2743247151374817 -0.9445313811302185 -0.18057259917259216
vn 0.2862801253795624 -0.9460843801498413 -0.1515524536371231
vn 0.294964075088501 -0.946587324142456 -0.13026410341262817
vn 0.2899138927459717 -0.9511814117431641 -0.10584838688373566
vn 0.2786695659160614 -0.9559938311576843 -0.09175557643175125
vn 0.27520057559013367 -0.9557401537895203 -0.10404502600431442
vn 0.2705049216747284 -0.9595568776130676 -0.07795889675617218
vn 0.27722492814064026 -0.9593498110771179 -0.052860673516988754
vn -0.28569456934928894 0.9550501108169556 -0.07910814881324768
vn -0.28287383913993835 0.9549950361251831 -0.08925841003656387
vn -0.2925800681114197 0.9533171057701111 -0.07472290098667145
vn -0.29399508237838745 0.9532155990600586 -0.07033399492502213
vn -0.30896079540252686 0.948397696018219 -0.07131073623895645
vn -0.30801910161972046 0.9486649036407471 -0.07182813435792923
vn -0.32878512144088745 0.9413818120956421 -0.07550252228975296
vn -0.3311917185783386 0.9391151070594788 -0.09151403605937958
vn -0.3476946949958801 0.931319534778595 -0.10840824246406555
vn -0.3451961278915405 0.9282206296920776 -0.1387300193309784
vn -0.37152695655822754 0.9163884520530701 -0.14899644255638123
vn -0.3816699981689453 0.9094673991203308 -0.16491512954235077
vn -0.39374229311943054 0.9033752083778381 -0.1699417531490326
vn -0.3855961561203003 0.9048227071762085 -0.1805863082408905
vn -0.38423165678977966 0.9059634804725647 -0.1777530312538147
vn -0.3824026584625244 0.9106047749519348 -0.15673913061618805
vn -0.36443859338760376 0.9207462072372437 -0.13932308554649353
vn -0.36907151341438293 0.9200223088264465 -0.13170157372951508
vn -0.33950042724609375 0.9318679571151733 -0.12791168689727783
vn -0.31531909108161926 0.9415067434310913 -0.11890686303377151
vn -0.3135150074958801 0.9495832324028015 0.0
vn -0.2950053811073303 0.9554956555366516 0.0
vn -0.31531909108161926 0.9415067434310913 0.11890686303377151
vn -0.33950042724609375 0.9318679571151733 0.12791168689727783
vn -0.36443865299224854 0.9207462072372437 0.13932308554649353
vn -0.36907151341438293 0.9200223088264465 0.13170157372951508
vn -0.3824026584625244 0.9106047749519348 0.15673913061618805
vn -0.38423165678977966 0.9059634804725647 0.1777530312538147
vn -0.3855960965156555 0.9048227071762085 0.1805863082408905
vn -0.39374229311943054 0.9033752083778381 0.1699417531490326
vn -0.3816699981689453 0.9094673991203308 0.16491514444351196
vn -0.37152695655822754 0.9163884520530701 0.14899642765522003
vn -0.3451961576938629 0.9282206296920776 0.1387300193309784
vn -0.34769466519355774 0.931319534778595 0.10840824246406555
vn -0.3311917185783386 0.9391151070594788 0.09151403605937958
vn -0.32878512144088745 0.9413818120956421 0.07550252228975296
vn -0.30896079540252686 0.948397696018219 0.07131073623895645
vn -0.30801910161972046 0.9486649036407471 0.07182813435792923
vn -0.2925800681114197 0.9533171057701111 0.07472290843725204
vn -0.29399508237838745 0.9532155990600586 0.07033399492502213
vn -0.28569456934928894 0.9550501108169556 0.07910814881324768
vn -0.28287383913993835 0.9549950361251831 0.08925841003656387
vn 0.16112454235553741 -0.040829550474882126 -0.9860892295837402
vn 0.17634430527687073 -0.05286400020122528 -0.9829080104827881
vn 0.17532090842723846 -0.042693886905908585 -0.9835852384567261
vn 0.16117532551288605 -0.036642804741859436 -0.986245334148407
vn 0.1477401703596115 -0.037936653941869736 -0.9882983565330505
vn 0.1500171422958374 -0.037603896111249924 -0.9879680275917053
vn 0.13638147711753845 -0.0446770042181015 -0.9896484017372131
vn 0.13281428813934326 -0.06149391084909439 -0.9892314672470093
vn 0.06979606300592422 -0.11417613923549652 -0.9910057187080383
vn 0.08089599758386612 -0.1092141792178154 -0.9907210469245911
vn -0.08641599863767624 -0.20332305133342743 -0.9752907156944275
vn -0.1926710456609726 -0.26456356048583984 -0.9449254870414734
vn -0.40586352348327637 -0.34453636407852173 -0.8465043306350708
vn -0.5143147110939026 -0.38200974464416504 -0.7678208947181702
vn -0.6718015074729919 -0.4179267883300781 -0.611571729183197
vn -0.729268491268158 -0.4140155017375946 -0.5447555780410767
vn -0.8133676052093506 -0.3981483280658722 -0.424159437417984
vn -0.80961674451828 -0.4004410207271576 -0.4291476309299469
vn -0.8575103878974915 -0.3730045258998871 -0.3543214499950409
vn -0.8766606450080872 -0.3506525456905365 -0.3294067680835724
vn -0.9314245581626892 -0.3639344871044159 7.826836068147713e-09
vn -0.9362627267837524 -0.3513006269931793 0.0
vn -0.8766606450080872 -0.3506525456905365 0.32940673828125
vn -0.8575103878974915 -0.3730045258998871 0.3543214499950409
vn -0.8133676052093506 -0.3981483280658722 0.424159437417984
vn -0.80961674451828 -0.4004410207271576 0.4291476309299469
vn -0.729268491268158 -0.414015531539917 0.5447555780410767
vn -0.6718015670776367 -0.4179267883300781 0.611571729183197
vn -0.5143147110939026 -0.38200974464416504 0.7678208947181702
vn -0.40586352348327637 -0.34453636407852173 0.8465043306350708
vn -0.1926710456609726 -0.26456356048583984 0.9449254870414734
vn -0.08641601353883743 -0.20332305133342743 0.9752906560897827
vn 0.06979606300592422 -0.11417614668607712 0.9910057187080383
vn 0.08089599758386612 -0.1092141792178154 0.9907210469245911
vn 0.13281428813934326 -0.06149391084909439 0.9892314672470093
vn 0.13638147711753845 -0.0446770042181015 0.9896484017372131
vn 0.1500171273946762 -0.037603896111249924 0.9879680275917053
vn 0.1477401852607727 -0.037936653941869736 0.9882983565330505
vn 0.16112452745437622 -0.040829550474882126 0.9860891699790955
vn 0.16117532551288605 -0.036642804741859436 0.986245334148407
vn 0.17532090842723846 -0.042693886905908585 0.9835852384567261
vn 0.17634430527687073 -0.05286400020122528 0.9829080104827881
vn -0.22116559743881226 0.1768471598625183 0.9590676426887512
vn -0.21999987959861755 0.15744315087795258 0.9627106189727783
vn -0.1944645196199417 0.1964595466852188 0.9610344767570496
vn -0.19391556084156036 0.2038366049528122 0.9596078991889954
vn -0.13626867532730103 0.23519083857536316 0.9623491764068604
vn -0.13787807524204254 0.22852586209774017 0.9637247323989868
vn -0.053202804177999496 0.275938481092453 0.9597017168998718
vn -0.0042504435405135155 0.2875294089317322 0.9577624201774597
vn 0.18106107413768768 0.3124139606952667 0.9325312376022339
vn 0.2991845905780792 0.269716739654541 0.9152821898460388
vn 0.6459296941757202 0.23327752947807312 0.7268812656402588
vn 0.83125901222229 0.15505459904670715 0.5338225960731506
vn 0.9870297908782959 0.10582207888364792 0.12072169780731201
vn 0.9946584701538086 0.0873182937502861 -0.05504607409238815
vn 0.9416840076446533 0.036326248198747635 -0.33453211188316345
vn 0.9418054819107056 0.051100097596645355 -0.33225175738334656
vn 0.8935103416442871 -0.010895292274653912 -0.4489104747772217
vn 0.8847148418426514 -0.051778554916381836 -0.46324801445007324
vn 0.8764745593070984 -0.0895305946469307 -0.4730502665042877
vn 0.8711252808570862 -0.09379921108484268 -0.482019305229187
vn 0.8742350935935974 -0.11529175937175751 -0.47161510586738586
vn 0.8802879452705383 -0.13460740447044373 -0.454943984746933
vn 0.342122882604599 -0.9340483546257019 0.10249648988246918
vn 0.343353807926178 -0.9334000945091248 0.10427083820104599
vn 0.331863135099411 -0.9382842779159546 0.09741484373807907
vn 0.3304670751094818 -0.938867449760437 0.09653770178556442
vn 0.3099476993083954 -0.9467474818229675 0.08718821406364441
vn 0.3110331594944 -0.9462932348251343 0.08824672549962997
vn 0.2887786030769348 -0.9541394710540771 0.07889680564403534
vn 0.27981486916542053 -0.9566411972045898 0.08087785542011261
vn 0.26395145058631897 -0.960938572883606 0.08322668075561523
vn 0.2609789967536926 -0.9605218768119812 0.09637220203876495
vn 0.2525079846382141 -0.9620768427848816 0.10318925231695175
vn 0.2549479901790619 -0.9597842693328857 0.1175401583313942
vn 0.25862231850624084 -0.9567399024963379 0.13327863812446594
vn 0.26722708344459534 -0.9547393918037415 0.13062383234500885
vn 0.2729295790195465 -0.9500027298927307 0.15167179703712463
vn 0.2739255130290985 -0.9476288557052612 0.1642082929611206
vn 0.2674587368965149 -0.9476818442344666 0.17425529658794403
vn 0.2598399221897125 -0.9498788714408875 0.17381970584392548
vn 0.2505815029144287 -0.9506893754005432 0.18275292217731476
vn 0.2616020441055298 -0.9469300508499146 0.18678338825702667
vn -0.1944645196199417 0.1964595466852188 -0.9610344767570496
vn -0.21999987959861755 0.15744315087795258 -0.9627106189727783
vn -0.22116559743881226 0.1768471598625183 -0.9590676426887512
vn -0.19391556084156036 0.2038366049528122 -0.9596078991889954
vn -0.13626867532730103 0.23519083857536316 -0.9623491764068604
vn -0.13787807524204254 0.22852586209774017 -0.9637247323989868
vn -0.053202804177999496 0.275938481092453 -0.9597017168998718
vn -0.0042504435405135155 0.2875294089317322 -0.9577624201774597
vn 0.18106107413768768 0.3124139606952667 -0.9325312376022339
vn 0.2991845905780792 0.269716739654541 -0.9152821898460388
vn 0.6459296941757202 0.23327752947807312 -0.7268812656402588
vn 0.83125901222229 0.15505459904670715 -0.5338225960731506
vn 0.9870297908782959 0.10582207888364792 -0.12072169780731201
vn 0.9946584701538086 0.0873182937502861 0.05504607409238815
vn 0.9416840076446533 0.036326248198747635 0.33453211188316345
vn 0.9418054819107056 0.051100097596645355 0.33225175738334656
vn 0.8935103416442871 -0.010895292274653912 0.4489104747772217
vn 0.8847148418426514 -0.051778554916381836 0.46324801445007324
vn 0.8764745593070984 -0.0895305946469307 0.4730502665042877
vn 0.8711252808570862 -0.09379921108484268 0.482019305229187
vn 0.8742350935935974 -0.11529175937175751 0.47161510586738586
vn 0.8802879452705383 -0.13460740447044373 0.454943984746933
vn 0.331863135099411 -0.9382842779159546 -0.09741484373807907
vn 0.343353807926178 -0.9334000945091248 -0.10427083820104599
vn 0.342122882604599 -0.9340483546257019 -0.10249648988246918
vn 0.3304670751094818 -0.938867449760437 -0.09653770178556442
vn 0.3099476993083954 -0.9467474818229675 -0.08718821406364441
vn 0.3110331594944 -0.9462932348251343 -0.08824672549962997
vn 0.2887786030769348 -0.9541394710540771 -0.07889680564403534
vn 0.27981486916542053 -0.9566411972045898 -0.08087785542011261
vn 0.26395145058631897 -0.960938572883606 -0.08322668075561523
vn 0.2609789967536926 -0.9605218768119812 -0.09637220203876495
vn 0.2525079846382141 -0.9620768427848816 -0.10318925231695175
vn 0.2549479901790619 -0.9597842693328857 -0.1175401583313942
vn 0.25862231850624084 -0.9567399024963379 -0.13327863812446594
vn 0.26722708344459534 -0.9547393918037415 -0.13062383234500885
vn 0.2729295790195465 -0.9500027298927307 -0.15167179703712463
vn 0.2739255130290985 -0.9476288557052612 -0.1642082929611206
vn 0.2674587368965149 -0.9476818442344666 -0.17425529658794403
vn 0.2598399221897125 -0.9498788714408875 -0.17381970584392548
vn 0.2505815029144287 -0.9506893754005432 -0.18275292217731476
vn 0.2616020441055298 -0.9469300508499146 -0.18678338825702667
vn -0.36944299936294556 -0.8894999623298645 0.26888978481292725
vn -0.5356016755104065 -0.7557446360588074 0.37680378556251526
vn -0.5855495929718018 -0.7531097531318665 0.2999288737773895
vn -0.30643996596336365 -0.9456136226654053 0.10913015156984329
vn -0.6550477743148804 -0.7482820749282837 0.10481555759906769
vn 0.27392634749412537 -0.9494933485984802 -0.15305794775485992
vn -0.3277515769004822 -0.9438638687133789 0.04122988507151604
vn -0.6569189429283142 -0.7516250014305115 0.05930798873305321
vn 0.39085936546325684 -0.901619017124176 -0.1852349489927292
vn 0.6423872113227844 -0.6547273993492126 -0.3983350694179535
vn 0.6919012069702148 -0.671367347240448 -0.2655906677246094
vn 0.41876184940338135 -0.9029590487480164 -0.0964544266462326
vn 0.7459010481834412 -0.6524022817611694 -0.13417446613311768
vn -0.3201565742492676 -0.9470836520195007 0.02307264506816864
vn -0.6499175429344177 -0.7591241002082825 0.0365745946764946
vn 0.45878782868385315 -0.8875312805175781 -0.04245060309767723
vn 0.7991342544555664 -0.5997123718261719 -0.041587378829717636
vn -0.30397409200668335 -0.9525494575500488 0.015784936025738716
vn -0.641277015209198 -0.7670696377754211 0.01918492466211319
vn 0.4149901270866394 -0.9098005294799805 -0.006801435258239508
vn 0.820997953414917 -0.5708276629447937 -0.010877215303480625
vn -0.2857433259487152 -0.9582546949386597 0.00992658268660307
vn -0.6319440007209778 -0.7750141024589539 0.0
vn 0.12716905772686005 -0.9918787479400635 0.0021243204828351736
vn -0.12871646881103516 -0.9916815161705017 0.0
vn 0.14954401552677155 -0.9887551665306091 0.0
vn 0.12716905772686005 -0.9918787479400635 -0.0021243204828351736
vn -0.2857433259487152 -0.9582546949386597 -0.009926583617925644
vn -0.6412769556045532 -0.7670696377754211 -0.01918492652475834
vn 0.4149901568889618 -0.9098004698753357 0.006801435723900795
vn -0.30397406220436096 -0.9525495767593384 -0.015784936025738716
vn -0.6499176025390625 -0.759124219417572 -0.0365745984017849
vn 0.7991341352462769 -0.5997123122215271 0.041587378829717636
vn 0.820997953414917 -0.5708276629447937 0.010877215303480625
vn -0.32015660405158997 -0.9470836520195007 -0.02307264320552349
vn -0.6569189429283142 -0.7516250014305115 -0.059307996183633804
vn 0.45878782868385315 -0.8875312805175781 0.04245060309767723
vn 0.7459010481834412 -0.6524022817611694 0.13417445123195648
vn 0.41876184940338135 -0.9029590487480164 0.0964544266462326
vn 0.6919012069702148 -0.671367347240448 0.2655906677246094
vn -0.3277515470981598 -0.9438638687133789 -0.04122988134622574
vn -0.6550477147102356 -0.7482820749282837 -0.10481555759906769
vn 0.39085936546325684 -0.901619017124176 0.1852349489927292
vn 0.6423872113227844 -0.6547273993492126 0.3983350694179535
vn 0.27392634749412537 -0.9494933485984802 0.15305794775485992
vn -0.30643993616104126 -0.9456136226654053 -0.10913015156984329
vn -0.5855496525764465 -0.7531097531318665 -0.2999289035797119
vn -0.36944299936294556 -0.8894999623298645 -0.26888978481292725
vn -0.5356016755104065 -0.7557446360588074 -0.37680378556251526
vn -0.43644899129867554 -0.8351334929466248 0.3347603678703308
vn -0.3556614816188812 -0.900343120098114 0.25077304244041443
vn -0.3824881911277771 -0.8774311542510986 0.28951215744018555
vn -0.2863695025444031 -0.937526524066925 0.19757695496082306
vn -0.1981232613325119 -0.9713715314865112 0.13108982145786285
vn -0.2849714457988739 -0.9422834515571594 0.17576450109481812
vn -0.16052505373954773 -0.9811193943023682 0.1078726127743721
vn -0.009131279774010181 -0.9978207945823669 0.06534823030233383
vn -0.12698334455490112 -0.9884878993034363 0.08226064592599869
vn -0.013996479101479053 -0.9994463324546814 0.03018256276845932
vn 0.07634986937046051 -0.9967741370201111 0.024735545739531517
vn 0.15164703130722046 -0.9882679581642151 0.01815587840974331
vn 0.14881327748298645 -0.9859216809272766 0.07624320685863495
vn 0.21250617504119873 -0.9771496057510376 -0.00444600498303771
vn 0.2717532217502594 -0.9617816209793091 0.03356118127703667
vn 0.28263527154922485 -0.9592159390449524 0.004704410210251808
vn 0.30332598090171814 -0.9526803493499756 -0.019839122891426086
vn 0.3555431067943573 -0.9344813227653503 0.01826575957238674
vn 0.35065677762031555 -0.9346755743026733 0.05849175155162811
vn 0.3530634343624115 -0.9312136173248291 0.09048398584127426
vn 0.4045015871524811 -0.9116266369819641 0.07290671765804291
vn 0.39937520027160645 -0.9110461473464966 0.1024412289261818
vn 0.3948071002960205 -0.9114946722984314 0.11534588783979416
vn 0.4383711516857147 -0.8910183310508728 0.11796975135803223
vn 0.4249071776866913 -0.8964909911155701 0.12553025782108307
vn 0.4120446741580963 -0.9034818410873413 0.11806657165288925
vn 0.4373176097869873 -0.8873082995414734 0.1464150995016098
vn 0.4253852069377899 -0.8958172798156738 0.12868094444274902
vn 0.4102795720100403 -0.9035225510597229 0.12376445531845093
vn 0.4016956686973572 -0.9039044380187988 0.1469603329896927
vn 0.4057476222515106 -0.9059758186340332 0.12073404341936111
vn 0.40377894043922424 -0.9066466093063354 0.12228918075561523
vn 0.3671201765537262 -0.9188207387924194 0.1448836773633957
vn 0.34904810786247253 -0.9234911203384399 0.15915215015411377
vn 0.391775518655777 -0.9054221510887146 0.1634710133075714
vn 0.40589022636413574 -0.8973519802093506 0.17324085533618927
vn 0.39620551466941833 -0.9019445776939392 0.171805277466774
vn 0.3832930326461792 -0.9049242734909058 0.18492892384529114
vn 0.37118327617645264 -0.9137896299362183 0.16495926678180695
vn 0.38194605708122253 -0.9116514325141907 0.15168723464012146
vn 0.3571995496749878 -0.9209683537483215 0.15564656257629395
vn 0.3328029215335846 -0.9301648736000061 0.1550334393978119
vn 0.3174769878387451 -0.9381186366081238 0.1383538842201233
vn 0.31061750650405884 -0.9395762085914612 0.143921360373497
vn 0.30768686532974243 -0.9514877200126648 0.0
vn 0.29964685440063477 -0.9540501236915588 0.0
vn 0.31747695803642273 -0.938118577003479 -0.1383538693189621
vn 0.31061750650405884 -0.9395762085914612 -0.143921360373497
vn 0.3328028917312622 -0.9301648736000061 -0.1550334393978119
vn 0.3571995496749878 -0.9209683537483215 -0.15564654767513275
vn 0.37118327617645264 -0.9137896299362183 -0.16495926678180695
vn 0.38194605708122253 -0.9116514325141907 -0.15168723464012146
vn 0.3962055444717407 -0.9019446969032288 -0.1718052327632904
vn 0.3832930326461792 -0.9049242734909058 -0.18492883443832397
vn 0.40589016675949097 -0.8973520994186401 -0.17324085533618927
vn 0.40169572830200195 -0.9039044976234436 -0.14696037769317627
vn 0.391775518655777 -0.9054221510887146 -0.1634710133075714
vn 0.34904828667640686 -0.9234911799430847 -0.15915225446224213
vn 0.3671202063560486 -0.9188206791877747 -0.14488385617733002
vn 0.4037788510322571 -0.9066466689109802 -0.1222892478108406
vn 0.4057476222515106 -0.9059758186340332 -0.12073403596878052
vn 0.4102795720100403 -0.9035225510597229 -0.12376445531845093
vn 0.43731755018234253 -0.8873082399368286 -0.14641506969928741
vn 0.4253852367401123 -0.8958172798156738 -0.12868092954158783
vn 0.41204461455345154 -0.9034818410873413 -0.11806654930114746
vn 0.4249071776866913 -0.8964909911155701 -0.12553025782108307
vn 0.4383711516857147 -0.8910183310508728 -0.11796975135803223
vn 0.3948071300983429 -0.911494791507721 -0.11534591764211655
vn 0.39937523007392883 -0.9110461473464966 -0.1024412289261818
vn 0.4045015871524811 -0.9116266369819641 -0.07290671765804291
vn 0.3530634343624115 -0.9312136173248291 -0.09048398584127426
vn 0.35065677762031555 -0.9346755743026733 -0.05849175155162811
vn 0.3555431067943573 -0.9344813227653503 -0.01826575957238674
vn 0.271753191947937 -0.9617815613746643 -0.03356117755174637
vn 0.28263527154922485 -0.9592159390449524 -0.004704409744590521
vn 0.30332598090171814 -0.9526803493499756 0.019839122891426086
vn 0.2125062495470047 -0.9771496057510376 0.004446005914360285
vn 0.15164709091186523 -0.9882680177688599 -0.01815587840974331
vn 0.14881327748298645 -0.9859216809272766 -0.07624320685863495
vn 0.07634995132684708 -0.9967741370201111 -0.024735545739531517
vn -0.009131310507655144 -0.9978207349777222 -0.06534846127033234
vn -0.013996494002640247 -0.9994463920593262 -0.030182749032974243
vn -0.12698334455490112 -0.9884878993034363 -0.08226064592599869
vn -0.16052505373954773 -0.9811193943023682 -0.10787277668714523
vn -0.19812321662902832 -0.9713714718818665 -0.13109031319618225
vn -0.2849716246128082 -0.9422833919525146 -0.17576438188552856
vn -0.2863694727420807 -0.9375264048576355 -0.19757720828056335
vn -0.35566145181655884 -0.9003430604934692 -0.25077325105667114
vn -0.3824883699417114 -0.8774311542510986 -0.2895122766494751
vn -0.4364491105079651 -0.83513343334198 -0.3347601592540741
vn 0.31206732988357544 0.8152987360954285 -0.48775187134742737
vn 0.3291139602661133 0.8095839023590088 -0.486063688993454
vn 0.3178357481956482 0.8262869715690613 -0.46500587463378906
vn 0.2753775715827942 0.8263399004936218 -0.49125295877456665
vn 0.26544803380966187 0.8150886297225952 -0.5149446129798889
vn 0.2546152174472809 0.8494334816932678 -0.4622054100036621
vn 0.25187382102012634 0.8178025484085083 -0.5174539089202881
vn 0.2316274791955948 0.8397232890129089 -0.4911349415779114
vn 0.2042941302061081 0.8678191900253296 -0.45293909311294556
vn 0.1981627345085144 0.8432325720787048 -0.49969029426574707
vn 0.19196562469005585 0.8598159551620483 -0.4731445014476776
vn 0.13950499892234802 0.8919644951820374 -0.4300438463687897
vn 0.12732458114624023 0.8788533806800842 -0.45978817343711853
vn 0.10513200610876083 0.8729073405265808 -0.4764242470264435
vn 0.05191228911280632 0.9142545461654663 -0.4018007814884186
vn 0.0510038398206234 0.8998924493789673 -0.43311917781829834
vn 0.06419624388217926 0.885416567325592 -0.4603438973426819
vn -0.010429739020764828 0.9253629446029663 -0.37893885374069214
vn 0.030270490795373917 0.9070215225219727 -0.4199947416782379
vn -0.01849346049129963 0.9250425696372986 -0.3794128894805908
vn -0.0370403416454792 0.9362086653709412 -0.3494875133037567
vn -0.101046621799469 0.94094318151474 -0.323133647441864
vn -0.035245802253484726 0.9282694458961487 -0.37023454904556274
vn -0.030563555657863617 0.9263136386871338 -0.3755115270614624
vn -0.12060876190662384 0.9468494057655334 -0.29821085929870605
vn -0.17691099643707275 0.9519915580749512 -0.24982932209968567
vn -0.07547604292631149 0.9326190948486328 -0.3528812527656555
vn -0.19296522438526154 0.9552111029624939 -0.22435708343982697
vn -0.1451331228017807 0.9465861916542053 -0.28794267773628235
vn -0.20149996876716614 0.9521872997283936 -0.2296454906463623
vn -0.22245141863822937 0.9534743428230286 -0.2034747451543808
vn -0.2180246263742447 0.9443398714065552 -0.24634839594364166
vn -0.2368057668209076 0.9448692798614502 -0.22615306079387665
vn -0.2479657232761383 0.9404017925262451 -0.23271754384040833
vn -0.24162092804908752 0.943861722946167 -0.22526507079601288
vn -0.24712753295898438 0.9456743597984314 -0.2112533152103424
vn -0.25738710165023804 0.9439306259155273 -0.20675306022167206
vn -0.2624376118183136 0.9483315944671631 -0.17830771207809448
vn -0.2641417980194092 0.9463351368904114 -0.18622298538684845
vn -0.27392569184303284 0.9496325254440308 -0.15219317376613617
vn -0.27582308650016785 0.9501187801361084 -0.14558887481689453
vn -0.2818479835987091 0.9594590663909912 -3.764040634735011e-09
vn -0.28531840443611145 0.9584327340126038 0.0
vn -0.27392569184303284 0.9496325254440308 0.15219317376613617
vn -0.27582308650016785 0.9501187801361084 0.14558887481689453
vn -0.2624375820159912 0.9483315944671631 0.17830771207809448
vn -0.2641417980194092 0.9463351368904114 0.18622298538684845
vn -0.2573871314525604 0.9439306259155273 0.20675306022167206
vn -0.24712753295898438 0.9456743597984314 0.2112533152103424
vn -0.2479657530784607 0.9404018521308899 0.23271755874156952
vn -0.24162092804908752 0.943861722946167 0.22526507079601288
vn -0.23680579662322998 0.9448692202568054 0.22615307569503784
vn -0.2180246263742447 0.9443398714065552 0.24634836614131927
vn -0.20149993896484375 0.9521872997283936 0.22964546084403992
vn -0.22245141863822937 0.9534743428230286 0.2034747451543808
vn -0.1451330929994583 0.9465861916542053 0.2879425883293152
vn -0.19296522438526154 0.9552111029624939 0.22435708343982697
vn -0.12060876935720444 0.9468494057655334 0.29821085929870605
vn -0.07547604292631149 0.9326190948486328 0.3528812527656555
vn -0.17691099643707275 0.9519915580749512 0.24982932209968567
vn -0.03056355193257332 0.9263136386871338 0.3755115270614624
vn -0.101046621799469 0.94094318151474 0.323133647441864
vn -0.03524579852819443 0.9282694458961487 0.37023454904556274
vn 0.030270494520664215 0.9070215821266174 0.4199948012828827
vn -0.01849346049129963 0.9250425696372986 0.3794128894805908
vn -0.0370403416454792 0.9362086653709412 0.3494875133037567
vn -0.010429738089442253 0.9253629446029663 0.37893885374069214
vn 0.0510038360953331 0.8998923897743225 0.43311917781829834
vn 0.06419624388217926 0.885416567325592 0.4603438973426819
vn 0.05191229283809662 0.9142545461654663 0.4018007814884186
vn 0.10513202100992203 0.8729073405265808 0.4764242470264435
vn 0.12732458114624023 0.8788533806800842 0.45978817343711853
vn 0.13950498402118683 0.8919644951820374 0.4300438463687897
vn 0.1981627196073532 0.8432325720787048 0.49969029426574707
vn 0.19196562469005585 0.8598159551620483 0.4731445014476776
vn 0.2042941302061081 0.8678191900253296 0.45293909311294556
vn 0.2316274642944336 0.8397232294082642 0.4911349415779114
vn 0.25187385082244873 0.8178025484085083 0.5174539089202881
vn 0.2546151578426361 0.8494335412979126 0.4622053802013397
vn 0.2753775119781494 0.8263399600982666 0.4912528693675995
vn 0.26544809341430664 0.8150887489318848 0.514944314956665
vn 0.31783559918403625 0.8262870907783508 0.46500569581985474
vn 0.3120672404766083 0.8152989745140076 0.4877516031265259
vn 0.3291136920452118 0.809584379196167 0.48606306314468384
vn 0.39844420552253723 0.8162661194801331 -0.418272465467453
vn 0.3998691141605377 0.8087018728256226 -0.4313998818397522
vn 0.41416868567466736 0.8066267967224121 -0.4216841161251068
vn 0.40103769302368164 0.8270517587661743 -0.3938960134983063
vn 0.4322815537452698 0.8069252967834473 -0.4024975895881653
vn 0.3117099404335022 0.8812404870986938 -0.3553198575973511
vn 0.3893161118030548 0.846854567527771 -0.362312376499176
vn 0.31898045539855957 0.8936952948570251 -0.3155314326286316
vn 0.20159213244915009 0.9535350799560547 -0.22390057146549225
vn 0.26947006583213806 0.9325115084648132 -0.24043340981006622
vn 0.21113333106040955 0.956740140914917 -0.20017746090888977
vn 0.14656230807304382 0.9848214983940125 -0.0929834321141243
vn 0.0845269113779068 0.9898704886436462 -0.1140686646103859
vn 0.12374459207057953 0.9827979803085327 -0.13709679245948792
vn 0.01679512858390808 0.9984307885169983 -0.053421810269355774
vn -0.09177828580141068 0.9901735186576843 -0.10551325976848602
vn -0.17543205618858337 0.9829762578010559 -0.0546015128493309
vn -0.13789086043834686 0.9896608591079712 -0.0394662581384182
vn -0.23971451818943024 0.9696176052093506 -0.048769984394311905
vn -0.2865067422389984 0.9569002985954285 -0.04749336466193199
vn -0.31365472078323364 0.948724091053009 -0.0392838791012764
vn -0.32943663001060486 0.9423072934150696 -0.05940176919102669
vn -0.40340760350227356 0.9117791652679443 -0.076949343085289
vn -0.3839894235134125 0.9191215634346008 -0.08813471347093582
vn -0.3689095973968506 0.9241418242454529 -0.09933565557003021
vn -0.45085570216178894 0.8828753232955933 -0.13137856125831604
vn -0.4135380685329437 0.9029908180236816 -0.11659245938062668
vn -0.40923500061035156 0.9044703245162964 -0.12025068700313568
vn -0.44854000210762024 0.8829171657562256 -0.13881352543830872
vn -0.4811438024044037 0.8622121810913086 -0.15840154886245728
vn -0.4264666736125946 0.8947288393974304 -0.13261426985263824
vn -0.4678126275539398 0.8675857782363892 -0.168660506606102
vn -0.43224379420280457 0.8937826752662659 -0.1196569949388504
vn -0.4452464282512665 0.8842313289642334 -0.1410340815782547
vn -0.41533899307250977 0.9022775292396545 -0.11570966988801956
vn -0.41931822896003723 0.8963406085968018 -0.1440344899892807
vn -0.3959179222583771 0.9108020067214966 -0.11699915677309036
vn -0.38395214080810547 0.9126465916633606 -0.14020325243473053
vn -0.3899204432964325 0.9099927544593811 -0.14097937941551208
vn -0.417924702167511 0.8953008055686951 -0.15419261157512665
vn -0.42317238450050354 0.8893321752548218 -0.17324382066726685
vn -0.3932429552078247 0.8991866111755371 -0.19189442694187164
vn -0.3915923535823822 0.9005408883094788 -0.18889594078063965
vn -0.38855621218681335 0.9017079472541809 -0.18959642946720123
vn -0.3955472707748413 0.898446798324585 -0.19061897695064545
vn -0.3874531090259552 0.9054871797561646 -0.1731274127960205
vn -0.3674401044845581 0.9143489599227905 -0.1701580137014389
vn -0.3490894138813019 0.9253423810005188 -0.1479121446609497
vn -0.34450486302375793 0.9255571365356445 -0.15703655779361725
vn -0.33659520745277405 0.9416494369506836 1.5038864376037964e-08
vn -0.3219992220401764 0.946739912033081 -7.877961394342492e-08
vn -0.3490893840789795 0.9253423810005188 0.1479121744632721
vn -0.34450477361679077 0.9255570769309998 0.1570366621017456
vn -0.3674400746822357 0.9143489599227905 0.1701579988002777
vn -0.3874530792236328 0.9054871797561646 0.1731274127960205
vn -0.38855621218681335 0.9017079472541809 0.18959642946720123
vn -0.3955472707748413 0.898446798324585 0.19061897695064545
vn -0.39324289560317993 0.8991866707801819 0.19189435243606567
vn -0.3915923535823822 0.9005408883094788 0.18889585137367249
vn -0.4231722950935364 0.8893321752548218 0.17324374616146088
vn -0.41792458295822144 0.8953008651733398 0.15419256687164307
vn -0.4193183183670044 0.8963404297828674 0.14403441548347473
vn -0.3899206221103668 0.9099927544593811 0.14097914099693298
vn -0.3839524984359741 0.9126465320587158 0.14020304381847382
vn -0.3959183096885681 0.9108018279075623 0.11699917912483215
vn -0.4153391420841217 0.902277410030365 0.11570966243743896
vn -0.4678126871585846 0.8675856590270996 0.168660506606102
vn -0.4452463984489441 0.8842312097549438 0.1410340815782547
vn -0.43224385380744934 0.8937826752662659 0.1196570172905922
vn -0.44854000210762024 0.8829171657562256 0.13881352543830872
vn -0.4811438024044037 0.8622121810913086 0.15840154886245728
vn -0.4264666736125946 0.8947288393974304 0.13261426985263824
vn -0.45085573196411133 0.8828753232955933 0.13137856125831604
vn -0.40923500061035156 0.9044703245162964 0.12025068700313568
vn -0.41353803873062134 0.9029908180236816 0.11659244447946548
vn -0.3689095973968506 0.9241418242454529 0.09933564066886902
vn -0.38398948311805725 0.9191215634346008 0.08813471347093582
vn -0.40340760350227356 0.9117791652679443 0.076949343085289
vn -0.2865068018436432 0.9569003582000732 0.04749336838722229
vn -0.32943665981292725 0.9423072934150696 0.059401772916316986
vn -0.31365472078323364 0.948724091053009 0.0392838753759861
vn -0.17543205618858337 0.9829762578010559 0.054601289331912994
vn -0.13789090514183044 0.989660918712616 0.039465710520744324
vn -0.23971454799175262 0.9696177244186401 0.04876984283328056
vn 0.016795065253973007 0.9984308481216431 0.05342116951942444
vn -0.09177826344966888 0.9901735186576843 0.10551340132951736
vn 0.0845269039273262 0.9898703694343567 0.1140688806772232
vn 0.12374421209096909 0.9827978014945984 0.1370980143547058
vn 0.14656223356723785 0.984821617603302 0.09298309683799744
vn 0.2694699168205261 0.932511568069458 0.2404334992170334
vn 0.2111334502696991 0.956740140914917 0.20017731189727783
vn 0.2015920877456665 0.9535350799560547 0.22390057146549225
vn 0.31898027658462524 0.8936954736709595 0.31553128361701965
vn 0.3893158733844757 0.8468548059463501 0.36231210827827454
vn 0.3117104768753052 0.8812403082847595 0.3553197383880615
vn 0.40103793144226074 0.8270516395568848 0.39389610290527344
vn 0.43228158354759216 0.8069252967834473 0.40249741077423096
vn 0.39844515919685364 0.8162657022476196 0.4182724356651306
vn 0.4141690731048584 0.8066264986991882 0.42168423533439636
vn 0.3998703062534332 0.8087013959884644 0.43139979243278503
vn -0.3067619502544403 -0.8772090077400208 0.36932575702667236
vn -0.23645363748073578 -0.895796537399292 0.3763486444950104
vn -0.14564569294452667 -0.9161567091941833 0.3734222948551178
vn -0.38129496574401855 -0.8385124206542969 0.38924428820610046
vn -0.4207972288131714 -0.8411669731140137 0.3396584391593933
vn -0.3034138083457947 -0.8549705147743225 0.4206726849079132
vn -0.3291637897491455 -0.8301336765289307 0.45003244280815125
vn -0.25444331765174866 -0.8749110102653503 0.4120548963546753
vn -0.28722473978996277 -0.8331600427627563 0.47259530425071716
vn -0.26137688755989075 -0.8612814545631409 0.4357481896877289
vn -0.19557146728038788 -0.8889074921607971 0.4142405688762665
vn -0.2517077922821045 -0.8448282480239868 0.4721318781375885
vn -0.19784975051879883 -0.8709749579429626 0.44973114132881165
vn -0.1894485503435135 -0.8510873913764954 0.48965248465538025
vn -0.14923858642578125 -0.8720452785491943 0.4661167562007904
vn -0.12997548282146454 -0.8907051086425781 0.4356040060520172
vn -0.11419115960597992 -0.9030095934867859 0.4141665995121002
vn -0.04681488871574402 -0.9000602960586548 0.4332434833049774
vn -0.06895589828491211 -0.9078152179718018 0.41366249322891235
vn -0.029179833829402924 -0.9233326315879822 0.38289088010787964
vn 0.010331569239497185 -0.9186905026435852 0.39484310150146484
vn 0.040291350334882736 -0.9114317297935486 0.40947389602661133
vn 0.032812003046274185 -0.9307402968406677 0.36420583724975586
vn 0.0645415186882019 -0.9261923432350159 0.37148648500442505
vn 0.055069584399461746 -0.931323766708374 0.3600047826766968
vn 0.08400969207286835 -0.9396342635154724 0.3317073583602905
vn 0.09381493926048279 -0.9390930533409119 0.33061009645462036
vn 0.12602777779102325 -0.9345012307167053 0.3329031765460968
vn 0.12963780760765076 -0.946632444858551 0.2950952351093292
vn 0.15257768332958221 -0.9481728672981262 0.27872583270072937
vn 0.16650927066802979 -0.9523330926895142 0.2556098401546478
vn 0.1947747766971588 -0.9393459558486938 0.28229764103889465
vn 0.1888365000486374 -0.9557721018791199 0.22547796368598938
vn 0.21285855770111084 -0.9496870636940002 0.2297515869140625
vn 0.23346635699272156 -0.9510547518730164 0.20245561003684998
vn 0.2433801144361496 -0.9391804933547974 0.24229328334331512
vn 0.25365740060806274 -0.9419701099395752 0.2198868691921234
vn 0.269349604845047 -0.9317092299461365 0.24365709722042084
vn 0.2759186327457428 -0.9375454783439636 0.21184280514717102
vn 0.26888307929039 -0.9433541297912598 0.19438384473323822
vn 0.2834934890270233 -0.9387759566307068 0.19578278064727783
vn 0.2978450655937195 -0.9351943731307983 0.1915721446275711
vn 0.3097550570964813 -0.9366419911384583 0.16356565058231354
vn 0.3131813108921051 -0.9334061145782471 0.17513032257556915
vn 0.3292630612850189 -0.9336649179458618 0.1409105807542801
vn 0.3313126266002655 -0.934419572353363 0.13073688745498657
vn 0.34015002846717834 -0.9403712153434753 -3.759190736474238e-09
vn 0.3463049530982971 -0.9381219744682312 0.0
vn 0.32926303148269653 -0.933664858341217 -0.1409105658531189
vn 0.3313126266002655 -0.934419572353363 -0.13073688745498657
vn 0.3097550570964813 -0.9366419911384583 -0.16356565058231354
vn 0.3131813108921051 -0.9334061145782471 -0.17513032257556915
vn 0.29784509539604187 -0.9351943731307983 -0.1915721446275711
vn 0.2834934890270233 -0.9387760758399963 -0.19578279554843903
vn 0.2759186625480652 -0.9375454783439636 -0.21184279024600983
vn 0.26888307929039 -0.9433541297912598 -0.19438384473323822
vn 0.2536572813987732 -0.9419702291488647 -0.2198866903781891
vn 0.269349604845047 -0.9317092299461365 -0.24365709722042084
vn 0.2433801144361496 -0.9391804933547974 -0.24229329824447632
vn 0.21285852789878845 -0.949687123298645 -0.22975143790245056
vn 0.23346614837646484 -0.9510548710823059 -0.20245514810085297
vn 0.1947747766971588 -0.9393459558486938 -0.28229764103889465
vn 0.1888364553451538 -0.9557721614837646 -0.225477933883667
vn 0.15257768332958221 -0.9481728672981262 -0.27872586250305176
vn 0.16650927066802979 -0.9523330926895142 -0.2556098401546478
vn 0.12602777779102325 -0.9345012307167053 -0.3329031467437744
vn 0.12963780760765076 -0.946632444858551 -0.2950952351093292
vn 0.09381493926048279 -0.9390930533409119 -0.33061009645462036
vn 0.0645415186882019 -0.9261923432350159 -0.37148651480674744
vn 0.08400969207286835 -0.9396342635154724 -0.33170732855796814
vn 0.055069584399461746 -0.931323766708374 -0.3600047826766968
vn 0.032812006771564484 -0.9307402968406677 -0.36420583724975586
vn 0.010331566445529461 -0.9186904430389404 -0.39484310150146484
vn 0.040291350334882736 -0.9114317297935486 -0.40947389602661133
vn -0.029179833829402924 -0.9233326315879822 -0.38289088010787964
vn -0.04681488871574402 -0.9000602960586548 -0.4332434833049774
vn -0.06895589828491211 -0.9078152179718018 -0.41366249322891235
vn -0.11419118940830231 -0.9030096530914307 -0.4141666889190674
vn -0.12997548282146454 -0.8907050490379333 -0.4356040358543396
vn -0.14923858642578125 -0.8720452785491943 -0.4661167562007904
vn -0.19557146728038788 -0.8889074921607971 -0.4142405390739441
vn -0.19784972071647644 -0.8709750175476074 -0.44973111152648926
vn -0.1894485503435135 -0.8510873913764954 -0.48965248465538025
vn -0.2517077922821045 -0.8448282480239868 -0.4721318781375885
vn -0.26137688755989075 -0.8612813353538513 -0.43574830889701843
vn -0.25444334745407104 -0.8749109506607056 -0.41205498576164246
vn -0.28722435235977173 -0.8331601023674011 -0.4725954532623291
vn -0.30341362953186035 -0.8549705147743225 -0.42067277431488037
vn -0.3291630446910858 -0.830133855342865 -0.45003262162208557
vn -0.2364540696144104 -0.8957964181900024 -0.37634849548339844
vn -0.381294846534729 -0.8385123014450073 -0.38924461603164673
vn -0.3067622482776642 -0.8772088289260864 -0.36932581663131714
vn -0.14564688503742218 -0.9161565899848938 -0.37342211604118347
vn -0.4207971394062042 -0.8411667943000793 -0.3396589756011963
vn 0.23048822581768036 -0.7227259278297424 0.6515691876411438
vn 0.112648144364357 -0.7280640602111816 0.6761902570724487
vn 0.09530891478061676 -0.9265024065971375 0.36401861906051636
vn 0.15854781866073608 -0.9243068099021912 0.34715911746025085
vn 0.21478958427906036 -0.9446110129356384 0.24814379215240479
vn 0.35689765214920044 -0.7123952507972717 0.6042492389678955
vn -0.0039398507215082645 -0.917292594909668 -0.39819440245628357
vn 0.10114932060241699 -0.9020451307296753 -0.41962307691574097
vn 0.11823949962854385 -0.6581611633300781 -0.7435344457626343
vn -0.07018469274044037 -0.6964843273162842 -0.7141312956809998
vn -0.2362382560968399 -0.6921537518501282 -0.6819931864738464
vn -0.10519187897443771 -0.8745129704475403 -0.47345712780952454
vn -0.18317949771881104 -0.6871324181556702 -0.7030606865882874
vn -0.021251946687698364 -0.9054043889045715 -0.42401793599128723
vn -0.13865864276885986 -0.6867539286613464 -0.7135425209999084
vn 0.2803584039211273 -0.9176779389381409 0.281543105840683
vn 0.37883105874061584 -0.7025166749954224 0.6024593710899353
vn 0.03181195631623268 -0.898501455783844 -0.43781641125679016
vn -0.11666121333837509 -0.6770528554916382 -0.7266290187835693
vn 0.3284442722797394 -0.9043927192687988 0.27239328622817993
vn 0.41520676016807556 -0.690325915813446 0.592497706413269
vn 0.06486347317695618 -0.8907333016395569 -0.44987431168556213
vn -0.14666299521923065 -0.7076676487922668 -0.6911559104919434
vn 0.37766554951667786 -0.8902572989463806 0.25457945466041565
vn 0.46396753191947937 -0.631538987159729 0.6212024688720703
vn 0.0509682260453701 -0.910413384437561 -0.4105479419231415
vn -0.2852502763271332 -0.7703920602798462 -0.5702002644538879
vn 0.44001808762550354 -0.8431174755096436 0.30909058451652527
vn 0.5490646362304688 -0.4748190939426422 0.6878043413162231
vn -0.040859099477529526 -0.951485276222229 -0.3049694299697876
vn -0.48162341117858887 -0.8763783574104309 0.0
vn 0.5439393520355225 -0.7812169790267944 0.3063167631626129
vn 0.7858642935752869 -0.28323671221733093 0.5497220158576965
vn 0.046053964644670486 -0.9989389777183533 -6.898448479120134e-10
vn 0.8198862075805664 -0.5725264549255371 6.126797291727826e-09
vn 0.9961730241775513 -0.0874030813574791 0.0
vn 0.7858643531799316 -0.2832367420196533 -0.5497220158576965
vn 0.5439393520355225 -0.7812169790267944 -0.30631670355796814
vn 0.5490646362304688 -0.4748190939426422 -0.6878043413162231
vn -0.040859099477529526 -0.951485276222229 0.3049694299697876
vn -0.2852502763271332 -0.7703920602798462 0.5702002644538879
vn 0.44001805782318115 -0.8431174755096436 -0.30909058451652527
vn 0.46396753191947937 -0.631538987159729 -0.6212024688720703
vn 0.050968218594789505 -0.9104135036468506 0.4105479121208191
vn -0.14666298031806946 -0.7076676487922668 0.6911559104919434
vn 0.37766551971435547 -0.8902572989463806 -0.25457942485809326
vn 0.41520678997039795 -0.6903258562088013 -0.592497706413269
vn 0.06486347317695618 -0.8907333016395569 0.44987431168556213
vn -0.11666121333837509 -0.6770528554916382 0.7266290187835693
vn 0.3284442722797394 -0.9043928384780884 -0.27239328622817993
vn 0.37883105874061584 -0.7025166749954224 -0.6024593114852905
vn 0.03181195631623268 -0.898501455783844 0.43781647086143494
vn -0.13865864276885986 -0.6867539286613464 0.7135425209999084
vn 0.2803584337234497 -0.9176779389381409 -0.2815430760383606
vn 0.35689765214920044 -0.7123952507972717 -0.6042492389678955
vn -0.021251948550343513 -0.9054045081138611 0.42401787638664246
vn -0.18317949771881104 -0.6871324181556702 0.7030606269836426
vn 0.21478958427906036 -0.9446110129356384 -0.24814382195472717
vn 0.23048824071884155 -0.7227259278297424 -0.6515691876411438
vn -0.10519187897443771 -0.8745129704475403 0.4734571576118469
vn -0.2362382560968399 -0.6921537518501282 0.6819931864738464
vn 0.15854784846305847 -0.9243068099021912 -0.34715908765792847
vn -0.003939848393201828 -0.917292594909668 0.3981943428516388
vn -0.07018469274044037 -0.6964843273162842 0.7141312956809998
vn 0.11823949962854385 -0.6581611633300781 0.7435344457626343
vn 0.10114932060241699 -0.9020451307296753 0.41962307691574097
vn 0.09530891478061676 -0.9265024065971375 -0.36401861906051636
vn 0.112648144364357 -0.7280640602111816 -0.6761902570724487
vn -0.29113438725471497 0.9518293738365173 -0.09623728692531586
vn -0.27734866738319397 0.9540122747421265 -0.11374721676111221
vn -0.2749984860420227 0.9545457363128662 -0.11497088521718979
vn -0.2866564989089966 0.9537903666496277 -0.09006647765636444
vn -0.29786214232444763 0.9521740078926086 -0.06813814491033554
vn -0.2740948796272278 0.9588567614555359 -0.07393015176057816
vn -0.28864678740501404 0.9554656147956848 -0.06138867512345314
vn -0.2513977289199829 0.9645882844924927 -0.07980446517467499
vn -0.24252714216709137 0.9663994908332825 -0.08516272902488708
vn -0.2414107620716095 0.9668648838996887 -0.08302441239356995
vn -0.22472353279590607 0.9696440100669861 -0.09638403356075287
vn -0.23835314810276031 0.9668235778808594 -0.09186944365501404
vn -0.17697373032569885 0.973297655582428 -0.14619122445583344
vn -0.1642405092716217 0.9724472165107727 -0.16544300317764282
vn -0.03126135841012001 0.9640776515007019 -0.2637748718261719
vn -0.04877275973558426 0.96376633644104 -0.2622513175010681
vn 0.07768193632364273 0.9329426288604736 -0.35154443979263306
vn 0.06318788975477219 0.9348025321960449 -0.34950169920921326
vn 0.23320309817790985 0.8626710176467896 -0.448792964220047
vn -0.29113438725471497 0.9518293738365173 0.09623728692531586
vn -0.2749984562397003 0.954545795917511 0.11497089266777039
vn -0.2773486077785492 0.9540122747421265 0.11374721676111221
vn -0.2866564989089966 0.9537903666496277 0.09006647765636444
vn -0.29786214232444763 0.9521740078926086 0.06813814491033554
vn -0.2740948796272278 0.9588567614555359 0.07393015176057816
vn -0.28864678740501404 0.9554656147956848 0.06138867512345314
vn -0.2513977289199829 0.9645881652832031 0.0798044353723526
vn -0.24252715706825256 0.9663994312286377 0.08516281098127365
vn -0.2414107620716095 0.9668648838996887 0.08302434533834457
vn -0.22472351789474487 0.9696440696716309 0.09638383239507675
vn -0.23835311830043793 0.9668235778808594 0.09186922013759613
vn -0.17697378993034363 0.973297655582428 0.14619100093841553
vn -0.16424058377742767 0.9724472165107727 0.16544285416603088
vn -0.031261373311281204 0.9640777111053467 0.26377469301223755
vn -0.04877261444926262 0.9637663960456848 0.26225098967552185
vn 0.07768197357654572 0.9329427480697632 0.35154417157173157
vn 0.06318787485361099 0.9348026514053345 0.34950149059295654
vn 0.2332027703523636 0.8626710772514343 0.4487930238246918
vn -0.0897354781627655 0.9959406852722168 -0.007053919602185488
vn -0.06542546302080154 0.997844398021698 -0.005112573504447937
vn -0.06741823256015778 0.9976980090141296 -0.007300169672816992
vn -0.13397182524204254 0.990985095500946 -6.346816849855941e-09
vn -0.06968116015195847 0.9975693225860596 0.0
vn -0.1602403223514557 0.9869177937507629 -0.017789039760828018
vn -0.06741823256015778 0.9976980090141296 0.007300169672816992
vn -0.21627084910869598 0.9753790497779846 -0.04315923526883125
vn -0.06542546302080154 0.997844398021698 0.005112573504447937
vn -0.0897354781627655 0.9959406852722168 0.007053897250443697
vn -0.1602403074502945 0.9869177937507629 0.017789006233215332
vn -0.21627084910869598 0.9753790497779846 0.04315929859876633
vn -0.2510937452316284 0.9679628014564514 -1.1819921930111832e-08
vn -0.2847929894924164 0.9575902223587036 -0.043749064207077026
vn -0.2847929894924164 0.9575902223587036 0.04374909773468971
vn -0.30747923254966736 0.9515547156333923 3.821297411832347e-08
vn -0.31669726967811584 0.9480850100517273 -0.028943462297320366
vn -0.31669721007347107 0.9480850696563721 0.028943747282028198
vn -0.31419357657432556 0.9491201639175415 -0.021293019875884056
vn -0.3141934871673584 0.9491202235221863 0.021293209865689278
vn -0.3084285259246826 0.95124751329422 0.0
vn -0.3060436248779297 0.9520174860954285 4.986070223367278e-09
vn -0.3092697858810425 0.9471270442008972 -0.08545535802841187
vn -0.2790309488773346 0.960282027721405 1.4963131178546973e-08
vn -0.3092697858810425 0.9471270442008972 0.08545537292957306
vn -0.30883246660232544 0.9474585652351379 -0.08333492279052734
vn -0.30883246660232544 0.9474585652351379 0.08333492279052734
vn -0.33249831199645996 0.9431037902832031 -5.615373499523457e-09
vn -0.32661521434783936 0.9406810998916626 -0.09187795221805573
vn -0.3266150951385498 0.9406811594963074 0.09187793731689453
vn -0.3688110113143921 0.9247130751609802 -0.09425676614046097
vn -0.3688109219074249 0.924713134765625 0.09425673633813858
vn -0.37614110112190247 0.9265623688697815 0.0
vn -1.2167602108092979e-06 -0.9999856948852539 -0.005366872530430555
vn 6.57230225797889e-09 -0.9999856948852539 -0.005367204546928406
vn -1.2167602108092979e-06 -0.9999856948852539 -0.005366872530430555
vn -2.4400926577072823e-06 -0.9999856948852539 -0.005366540513932705
vn 0.03163134306669235 0.9994996190071106 0.0
vn 0.03163130581378937 0.9994996190071106 0.0
vn 0.03163134306669235 0.9994996190071106 0.0
vn 0.03163138031959534 0.9994996190071106 0.0
vn 0.029366925358772278 -0.9995687007904053 0.0
vn 0.029366888105869293 -0.9995687007904053 0.0
vn 0.029366925358772278 -0.9995687007904053 0.0
vn 0.029366960749030113 -0.9995687007904053 0.0
vn -0.7420441508293152 0.6703510880470276 0.0
vn -0.742043673992157 0.6703515648841858 0.0
vn -0.7420441508293152 0.6703510880470276 0.0
vn -0.7420446276664734 0.6703505516052246 0.0
vn 0.0979539006948471 0.9951909780502319 0.0
vn 0.09795345366001129 0.9951910972595215 0.0
vn 0.0979539006948471 0.9951909780502319 0.0
vn 0.09795436263084412 0.9951909184455872 0.0
vn 0.951835572719574 -0.3046236038208008 0.03483673930168152
vn 0.9126037955284119 -0.40293917059898376 0.06924189627170563
vn 0.951835572719574 -0.3046236038208008 0.03483673930168152
vn 0.9792752861976624 -0.20253415405750275 0.0
vn -1.0 0.0 0.0
vn -1.0 0.0 0.0
vn -1.0 0.0 0.0
vn -1.0 0.0 0.0
vn 0.031631361693143845 0.9994996190071106 0.0
vn 0.03163134306669235 0.9994996190071106 0.0
vn 0.031631361693143845 0.9994996190071106 0.0
vn 0.03163138031959534 0.9994996190071106 0.0
vn 0.029366925358772278 -0.9995687007904053 0.0
vn 0.029366888105869293 -0.9995687007904053 0.0
vn 0.029366925358772278 -0.9995687007904053 0.0
vn 0.029366960749030113 -0.9995687007904053 0.0
vn -0.7420443296432495 0.6703507900238037 0.0
vn -0.742043673992157 0.6703515648841858 0.0
vn -0.7420443296432495 0.6703507900238037 0.0
vn -0.742044985294342 0.6703500747680664 0.0
vn 0.09795396029949188 0.9951909780502319 0.0
vn 0.09795355051755905 0.9951909780502319 0.0
vn 0.09795396029949188 0.9951909780502319 0.0
vn 0.09795436263084412 0.9951909184455872 0.0
vn 0.9518356919288635 -0.3046228289604187 0.03483661636710167
vn 0.9126043915748596 -0.40293774008750916 0.06924165785312653
vn 0.9518356919288635 -0.3046228289604187 0.03483661636710167
vn 0.9792752861976624 -0.20253415405750275 0.0
vn -1.0 0.0 0.0
vn -1.0 0.0 0.0
vn -1.0 0.0 0.0
vn -1.0 0.0 0.0
vn 0.26551008224487305 -0.9634568095207214 0.03543179854750633
vn 0.26551008224487305 -0.9634568095207214 0.03543179854750633
vn 0.26551008224487305 -0.9634568095207214 0.03543179854750633
vn 0.26297128200531006 -0.9643247723579407 0.030393829569220543
vn 0.26297128200531006 -0.9643247723579407 0.030393829569220543
vn 0.26297128200531006 -0.9643247723579407 0.030393829569220543
vn -0.2668944001197815 0.9629743695259094 -0.03804939612746239
vn -0.26562070846557617 0.9634222984313965 -0.03554119914770126
vn -0.2668944001197815 0.9629743695259094 -0.03804939612746239
vn -0.2681659758090973 0.9625186920166016 -0.04055728390812874
vn -0.21902388334274292 0.9650714993476868 -0.1437554806470871
vn -0.21592682600021362 0.965070903301239 -0.14837044477462769
vn -0.21902388334274292 0.9650714993476868 -0.1437554806470871
vn -0.22211414575576782 0.965042233467102 -0.13913604617118835
vn -0.3126687705516815 0.949697732925415 -0.017678935080766678
vn -0.3126687705516815 0.949697732925415 -0.017678935080766678
vn -0.3126687705516815 0.949697732925415 -0.017678935080766678
vn -0.28140324354171753 0.9568825364112854 -0.07202907651662827
vn -0.28140324354171753 0.9568825364112854 -0.07202907651662827
vn -0.28140324354171753 0.9568825364112854 -0.07202907651662827
vn -0.3617236912250519 0.9304256439208984 -0.0588558055460453
vn -0.38952401280403137 0.917547345161438 -0.07986295223236084
vn -0.3617236912250519 0.9304256439208984 -0.0588558055460453
vn -0.33342424035072327 0.9420201778411865 -0.0377674475312233
vn -0.2702287435531616 0.9625777006149292 -0.020510315895080566
vn -0.2541375458240509 0.9656297564506531 -0.054529983550310135
vn -0.2702287435531616 0.9625777006149292 -0.020510315895080566
vn -0.2859346866607666 0.9581535458564758 0.013538585975766182
vn 0.2829623520374298 -0.9590624570846558 -0.011474383994936943
vn 0.2803257703781128 -0.9598880410194397 -0.005694387946277857
vn 0.2829623520374298 -0.9590624570846558 -0.011474383994936943
vn 0.28558728098869324 -0.9581974148750305 -0.01725390926003456
vn 0.34729862213134766 -0.9365068078041077 0.04836001619696617
vn 0.3589833080768585 -0.931583821773529 0.057295218110084534
vn 0.34729862213134766 -0.9365068078041077 0.04836001619696617
vn 0.3355303704738617 -0.9412046074867249 0.039413195103406906
vn 0.29007598757743835 -0.9554316997528076 0.05482964590191841
vn 0.2949887216091156 -0.9543914794921875 0.04603024199604988
vn 0.29007598757743835 -0.9554316997528076 0.05482964590191841
vn 0.2851335108280182 -0.956373929977417 0.06362342834472656
vn 0.30567753314971924 -0.8346683382987976 0.45813751220703125
vn 0.30567753314971924 -0.8346683382987976 0.45813751220703125
vn 0.30567753314971924 -0.8346683382987976 0.45813751220703125
vn 0.1597791314125061 -0.9357101917266846 0.31451109051704407
vn 0.1597791314125061 -0.9357101917266846 0.31451109051704407
vn 0.1597791314125061 -0.9357101917266846 0.31451109051704407
vn 0.26297128200531006 -0.9643247723579407 -0.030393829569220543
vn 0.26297128200531006 -0.9643247723579407 -0.030393829569220543
vn 0.26297128200531006 -0.9643247723579407 -0.030393829569220543
vn 0.26551008224487305 -0.9634568095207214 -0.03543179854750633
vn 0.26551008224487305 -0.9634568095207214 -0.03543179854750633
vn 0.26551008224487305 -0.9634568095207214 -0.03543179854750633
vn -0.2668944001197815 0.9629743695259094 0.03804939612746239
vn -0.2681659758090973 0.9625186920166016 0.04055728390812874
vn -0.2668944001197815 0.9629743695259094 0.03804939612746239
vn -0.26562070846557617 0.9634222984313965 0.03554119914770126
vn -0.21902388334274292 0.9650714993476868 0.1437554806470871
vn -0.22211414575576782 0.965042233467102 0.13913604617118835
vn -0.21902388334274292 0.9650714993476868 0.1437554806470871
vn -0.21592682600021362 0.965070903301239 0.14837044477462769
vn -0.28140324354171753 0.9568825364112854 0.07202907651662827
vn -0.28140324354171753 0.9568825364112854 0.07202907651662827
vn -0.28140324354171753 0.9568825364112854 0.07202907651662827
vn -0.3126687705516815 0.949697732925415 0.017678935080766678
vn -0.3126687705516815 0.949697732925415 0.017678935080766678
vn -0.3126687705516815 0.949697732925415 0.017678935080766678
vn -0.3617236912250519 0.9304256439208984 0.0588558055460453
vn -0.33342424035072327 0.9420201778411865 0.0377674475312233
vn -0.3617236912250519 0.9304256439208984 0.0588558055460453
vn -0.38952401280403137 0.917547345161438 0.07986295223236084
vn -0.2702287435531616 0.9625777006149292 0.020510315895080566
vn -0.2859346866607666 0.9581535458564758 -0.013538585975766182
vn -0.2702287435531616 0.9625777006149292 0.020510315895080566
vn -0.2541375458240509 0.9656297564506531 0.054529983550310135
vn 0.2829623520374298 -0.9590624570846558 0.011474383994936943
vn 0.28558728098869324 -0.9581974148750305 0.01725390926003456
vn 0.2829623520374298 -0.9590624570846558 0.011474383994936943
vn 0.2803257703781128 -0.9598880410194397 0.005694387946277857
vn 0.34729862213134766 -0.9365068078041077 -0.04836001619696617
vn 0.3355303704738617 -0.9412046074867249 -0.039413195103406906
vn 0.34729862213134766 -0.9365068078041077 -0.04836001619696617
vn 0.3589833080768585 -0.931583821773529 -0.057295218110084534
vn 0.29007598757743835 -0.9554316997528076 -0.05482964590191841
vn 0.2851335108280182 -0.956373929977417 -0.06362342834472656
vn 0.29007598757743835 -0.9554316997528076 -0.05482964590191841
vn 0.2949887216091156 -0.9543914794921875 -0.04603024199604988
vn 0.1597791314125061 -0.9357101917266846 -0.31451109051704407
vn 0.1597791314125061 -0.9357101917266846 -0.31451109051704407
vn 0.1597791314125061 -0.9357101917266846 -0.31451109051704407
vn 0.30567753314971924 -0.8346683382987976 -0.45813751220703125
vn 0.30567753314971924 -0.8346683382987976 -0.45813751220703125
vn 0.30567753314971924 -0.8346683382987976 -0.45813751220703125
vn -0.0 0.030509699136018753 -0.999534547328949
vn -0.0 0.030510708689689636 -0.9995344877243042
vn -3.5253191299489117e-07 0.2539948523044586 -0.9672055840492249
vn -5.287946578391711e-07 0.47578972578048706 -0.8795590400695801
vn -1.1425946695453604e-06 0.7796869874000549 -0.6261695623397827
vn 1.4084491795074428e-07 0.8779424428939819 -0.4787660539150238
vn 1.4677120816486422e-06 0.9866437315940857 -0.1628931611776352
vn 2.621781277412083e-06 0.9866438508033752 -0.16289237141609192
vn 2.4407586352026556e-06 1.0 -7.426954653055873e-06
vn 2.440743401166401e-06 1.0 -8.252160114352591e-06
vn -1.3634012248076033e-06 -0.025676848366856575 -0.9996703863143921
vn -1.8877470893130521e-06 -0.025678498670458794 -0.9996702671051025
vn -1.2147556844865903e-06 0.36333853006362915 -0.9316573143005371
vn -4.526092425294337e-07 0.7577782273292542 -0.65251225233078
vn -9.604539741303597e-08 0.9858948588371277 -0.16736596822738647
vn -8.308711016979942e-07 0.9998047351837158 -0.01976318471133709
vn -1.6345528592864866e-06 0.9995403289794922 0.030316375195980072
vn -8.206607162719592e-07 0.9978450536727905 -0.06561576575040817
vn 8.153476755978772e-07 0.9948679208755493 -0.10118304938077927
vn 2.4400856091233436e-06 0.9991302490234375 -0.04169659689068794
vn 2.4165367449313635e-06 0.9954140782356262 0.09566061198711395
vn 1.599056645318342e-06 0.9848330020904541 0.173505038022995
vn 1.064072876033606e-06 0.9211549758911133 0.38919597864151
vn -0.0 0.9211541414260864 0.38919803500175476
vn 8.420901167482953e-07 0.7065753936767578 0.7076377272605896
vn 1.6841802334965905e-06 0.7065767049789429 0.7076364755630493
vn 3.4831367656806833e-07 0.5424304604530334 0.8401006460189819
vn -0.0 0.5424320697784424 0.8400996327400208
vn -0.0 0.6863158941268921 0.7273035645484924
vn -0.0 0.7929345369338989 0.609306812286377
vn -0.0 0.8701776266098022 0.4927379786968231
vn -5.945381076344347e-07 0.8625136017799377 0.5060338377952576
vn -1.1176248335686978e-06 0.7794504761695862 0.6264639496803284
vn -2.63048264059762e-07 0.6891926527023315 0.7245781421661377
vn 1.2030828884235234e-06 0.47191908955574036 0.8816419243812561
vn 1.716799943096703e-06 0.3437742292881012 0.9390522837638855
vn 6.434282227019139e-07 0.03371966630220413 0.999431312084198
vn -0.0 0.03371737524867058 0.9994314312934875
vn -0.0 -0.08075810968875885 0.9967337846755981
vn -0.0 -0.08075789362192154 0.9967337846755981
vn -0.0 -0.01603255607187748 0.9998714923858643
vn -0.0 -0.016032300889492035 0.999871551990509
vn -8.530248010174546e-07 0.02318323589861393 -0.9997313022613525
vn -1.7060496020349092e-06 0.023178601637482643 -0.9997314214706421
vn 1.1741053640434984e-07 0.1533236801624298 -0.9881759881973267
vn 1.0275101658407948e-06 0.28305914998054504 -0.9591025114059448
vn 1.041024233927601e-06 0.7351853251457214 -0.6778661608695984
vn 7.2588937882756e-07 0.7351865768432617 -0.6778649091720581
vn 3.9624546843697317e-07 0.9438691139221191 -0.3303198218345642
vn 4.3723656517613563e-07 0.9438678026199341 -0.3303234875202179
vn -3.791667495534057e-06 0.9543328881263733 -0.29874518513679504
vn -2.9423074465739774e-06 0.9543459415435791 -0.29870370030403137
vn -4.21635331804282e-06 0.9846142530441284 -0.17474152147769928
vn -3.2192160688282456e-06 0.9989528656005859 -0.045752137899398804
vn -2.4289440716529498e-06 0.996641218662262 0.08189312368631363
vn -0.0 0.9966400861740112 0.08190687745809555
vn -0.0 0.8519937992095947 -0.5235519409179688
vn -0.0 0.8519952297210693 -0.523549497127533
vn -0.0 0.7576674222946167 -0.6526409983634949
vn 2.080501189993811e-06 0.6406823396682739 -0.7678061127662659
vn 2.7113039777759695e-06 0.18741780519485474 -0.9822803139686584
vn 2.3255681753653334e-06 -0.21054863929748535 -0.9775834083557129
vn -6.252776616789968e-13 -0.5302887558937073 -0.8478171825408936
vn -1.0084418136102613e-06 -0.5302870869636536 -0.8478182554244995
vn -1.0 0.0 0.0
vn -1.0 0.0 0.0
vn -1.0 -9.696200140751898e-05 -0.00012939618318341672
vn -1.0 -8.996888209367171e-05 -0.00013881479389965534
vn -1.0 3.2356441806769e-05 -0.00010481064964551479
vn -1.0 0.00017678462609183043 3.552799535100348e-05
vn -0.9999999403953552 0.0003075742570217699 4.337420250521973e-05
vn -1.0 0.0001802295882953331 5.526652557819034e-07
vn -1.0 0.0002158823044737801 5.714147482649423e-05
vn -1.0 -1.5785609548402135e-06 0.0
vn -1.0 -3.157121909680427e-06 0.0
vn -1.0 3.73612783732824e-05 -2.1976248376631702e-07
vn -1.0 -4.499309397942852e-06 -1.4706301953992806e-06
vn -1.0 5.047421836934518e-06 -1.4530335192830535e-06
vn -1.0 5.188709906178701e-07 -1.4786704696234665e-06
vn -1.0 -1.9831011286441935e-06 -1.6571719925195794e-06
vn -1.0 -1.9831011286441935e-06 -1.8690296883505653e-06
vn -1.0 4.0691693357075565e-06 -2.0996299099351745e-06
vn -1.0 0.0 -2.227930053777527e-06
vn -1.0 0.0 -2.5792069209273905e-06
vn -1.0 0.0 -2.5792069209273905e-06
vn -1.0 0.0 -2.5792069209273905e-06
vn -1.0 0.0 -2.0815243715333054e-06
vn -1.0 0.0 -2.0815243715333054e-06
vn -1.0 0.0 -2.0815243715333054e-06
vn -1.0 -3.676487904158421e-05 9.719576610223157e-07
vn -1.0 -3.676487904158421e-05 9.719576610223157e-07
vn -1.0 -3.676487904158421e-05 9.719576610223157e-07
vn -1.0 -2.1505315999093e-06 0.0
vn -1.0 0.0 0.0
vn -1.0 -1.07526579995465e-06 0.0
vn -1.0 0.00019715848611667752 -2.46002105086518e-06
vn -1.0 0.00022077988251112401 1.04805292266974e-06
vn -1.0 1.8923637981060892e-05 -1.185354392418958e-07
vn -1.0 0.00025693586212582886 -3.585644662962295e-05
vn -1.0 3.0133236577967182e-05 -2.307147042301949e-07
vn -1.0 1.1296295269858092e-05 3.83373435397516e-06
vn -1.0 1.542808058729861e-05 -1.2712346730836543e-08
vn -1.0 -4.8757250624476e-05 -3.546765583450906e-05
vn -1.0 -7.495830504922196e-05 -6.287341966526583e-05
vn -1.0 0.0002532306534703821 -0.00010702509462134913
vn -0.9999999403953552 0.0003431775839999318 -0.00011445676500443369
vn -0.9999999403953552 -0.00047638878459110856 -3.3162301406264305e-05
vn -0.9999997615814209 -0.0007720636785961688 -1.6087800759123638e-05
vn -0.0 0.0 1.0
vn -0.0 0.0 1.0
vn -0.0 0.0 1.0
vn -0.0 0.0 1.0
vn -0.0 0.0 1.0
vn -0.0 0.0 1.0
vn -0.0 0.0 1.0
vn -0.0 0.0 1.0
vn -0.0 0.0 1.0
vn -0.0 0.0 1.0
vn -0.0 0.0 1.0
vn -5.777408205176471e-07 0.0 1.0
vn -0.0 0.0 1.0
vn -0.0 0.0 1.0
vn -1.4443520512941177e-06 0.0 1.0
vn -2.8887041025882354e-06 0.0 1.0
vn -0.14560487866401672 -0.3908882439136505 -0.9088485836982727
vn -0.09636275470256805 -0.5809414982795715 -0.8082211017608643
vn -0.2459854930639267 -0.3440924882888794 -0.9061409831047058
vn -0.36527255177497864 -0.21384915709495544 -0.9060047268867493
vn -0.5898438692092896 -0.24372439086437225 -0.7698588967323303
vn -0.7161069512367249 -0.2630062401294708 -0.646543562412262
vn -0.813041627407074 -0.2840259075164795 -0.5082247853279114
vn -0.8094350695610046 -0.30032292008399963 -0.5045998692512512
vn -0.8270782232284546 -0.3076942563056946 -0.4703889787197113
vn -0.825695812702179 -0.3094233572483063 -0.47168150544166565
vn -0.848922610282898 -0.3246955871582031 -0.4170168340206146
vn -0.8519451022148132 -0.3175167143344879 -0.416380375623703
vn -0.9310047626495361 -0.36500707268714905 0.0
vn -0.9247043132781982 -0.38068604469299316 0.0
vn -0.848922610282898 -0.3246955871582031 0.4170168340206146
vn -0.8519451022148132 -0.3175167143344879 0.416380375623703
vn -0.8270782232284546 -0.3076942563056946 0.4703890085220337
vn -0.825695812702179 -0.3094233572483063 0.47168150544166565
vn -0.8094350695610046 -0.300322949886322 0.504599928855896
vn -0.813041627407074 -0.2840259075164795 0.5082247853279114
vn -0.7161069512367249 -0.2630062401294708 0.646543562412262
vn -0.5898438692092896 -0.24372439086437225 0.7698588967323303
vn -0.36527255177497864 -0.21384912729263306 0.9060047268867493
vn -0.24598552286624908 -0.3440925180912018 0.9061409831047058
vn -0.14560487866401672 -0.3908882439136505 0.9088485836982727
vn -0.09636275470256805 -0.5809414982795715 0.8082211017608643
vn 0.2658458650112152 -0.9600342512130737 -0.08752254396677017
vn 0.29968076944351196 -0.9502258896827698 -0.0852191224694252
vn 0.25776806473731995 -0.9617066383361816 -0.09314507246017456
vn 0.22867876291275024 -0.9667801260948181 -0.11420287191867828
vn 0.22712522745132446 -0.9656247496604919 -0.1264238804578781
vn 0.2125469148159027 -0.9658156633377075 -0.1484045386314392
vn -0.2142122983932495 0.9681704640388489 0.12945659458637238
vn -0.2142122983932495 0.9681704640388489 0.12945659458637238
vn -0.2142122983932495 0.9681704640388489 0.12945659458637238
vn -0.32158103585243225 0.9399200081825256 0.11461282521486282
vn -0.32158103585243225 0.9399200081825256 0.11461282521486282
vn -0.32158103585243225 0.9399200081825256 0.11461282521486282
vn -0.18296384811401367 0.9274143576622009 0.3262313902378082
vn -0.18296384811401367 0.9274143576622009 0.3262313902378082
vn -0.18296384811401367 0.9274143576622009 0.3262313902378082
vn -0.29153454303741455 0.8552643060684204 0.428404837846756
vn -0.29153454303741455 0.8552643060684204 0.428404837846756
vn -0.29153454303741455 0.8552643060684204 0.428404837846756
vn -0.09980641305446625 0.9949841499328613 -0.0067239319905638695
vn -0.09980989247560501 0.9949838519096375 -0.006718737073242664
vn -0.09271544218063354 0.995672345161438 -0.006358021404594183
vn -0.08534257858991623 0.9963294863700867 -0.006644217763096094
vn -0.0822836384177208 0.9966040849685669 -0.0031081270426511765
vn -0.09221582859754562 0.9957060813903809 -0.008108693175017834
vn -0.08646023273468018 0.9962552785873413 0.0003859398711938411
vn -0.06615742295980453 0.9977648854255676 0.009410110302269459
vn 5.766465278611577e-07 0.41838791966438293 -0.908268392086029
vn 1.2693594726442825e-06 -0.03950740769505501 -0.9992192983627319
vn 6.346797931655601e-07 -0.0395057387650013 -0.9992194175720215
vn -0.0 0.8906161189079285 -0.4547559320926666
vn -0.0 0.8114205598831177 0.5844627022743225
vn -0.0 0.811420738697052 0.5844624638557434
vn -0.0 0.31594082713127136 0.9487789869308472
vn -0.0 0.31594038009643555 0.9487791061401367
vn 1.0 -3.0193616112228483e-05 -1.0083791494253092e-05
vn 1.0 -4.073833679285599e-07 0.0
vn 1.0 0.0 0.0
vn 1.0 -1.1911299225175753e-05 1.1639781405392569e-05
vn 1.0 -4.0771305066300556e-05 -1.0386873327661306e-05
vn 1.0 -1.7448130165576003e-05 2.1059828213765286e-05
vn 1.0 -1.0491635293874424e-05 -1.3651000472236774e-06
vn 1.0 1.2282353054615669e-05 2.2231206457945518e-05
vn 1.0 0.0 0.0
vn 1.0 3.5832244975608774e-06 0.0
vn 1.0 7.166448995121755e-06 0.0
vn 1.0 -3.960381945944391e-05 -2.3784753011568682e-06
vn 1.0 3.468401246209396e-07 -9.804207365959883e-07
vn 1.0 3.468401246209396e-07 -9.68697008829622e-07
vn 1.0 1.2391129530442413e-05 -9.857917575573083e-07
vn 1.0 1.2391129530442413e-05 -1.1047851558032562e-06
vn 1.0 0.0 -1.4686705753774731e-06
vn 1.0 0.0 -1.9465978766675107e-06
vn 1.0 -9.191319804813247e-06 -1.0441644917591475e-06
vn 1.0 0.0 -1.0418323199701263e-06
vn 1.0 -8.116049684758764e-06 -1.3869431825241918e-07
vn 1.0 -1.8382639609626494e-05 2.4299205847455596e-07
vn 1.0 2.241560196125647e-06 0.0
vn 1.0 -2.42974183493061e-05 4.3390775772422785e-07
vn 1.0 -1.0499176823941525e-05 -5.44377712685673e-07
vn 1.0 1.810107823985163e-05 0.0
vn 1.0 2.296982529514935e-05 0.0
vn 1.0 2.747581220319262e-07 0.0
vn 1.0 7.714041203144006e-06 0.0
vn 1.0 -4.1754439735086635e-05 1.1527413334988523e-05
vn 1.0 2.1730766093241982e-05 5.72117914998671e-06
vn 1.0 4.9201891670236364e-05 6.486577603936894e-06
vn 1.0 0.0 0.0
vn 1.0 8.524220902472734e-06 1.4541226846631616e-05
vn 1.0 -4.876271850662306e-05 2.495150692993775e-05
vn 1.0 -4.853578866459429e-05 2.5250912585761398e-05
vn 0.25776806473731995 -0.9617066383361816 0.09314507246017456
vn 0.29968076944351196 -0.9502258896827698 0.0852191224694252
vn 0.2658458650112152 -0.9600342512130737 0.08752254396677017
vn 0.22867876291275024 -0.9667801260948181 0.11420287191867828
vn 0.22712522745132446 -0.9656247496604919 0.1264238804578781
vn 0.2125469148159027 -0.9658156633377075 0.1484045386314392
vn -0.2142122983932495 0.9681704640388489 -0.12945659458637238
vn -0.2142122983932495 0.9681704640388489 -0.12945659458637238
vn -0.2142122983932495 0.9681704640388489 -0.12945659458637238
vn -0.32158103585243225 0.9399200081825256 -0.11461282521486282
vn -0.32158103585243225 0.9399200081825256 -0.11461282521486282
vn -0.32158103585243225 0.9399200081825256 -0.11461282521486282
vn -0.18296384811401367 0.9274143576622009 -0.3262313902378082
vn -0.18296384811401367 0.9274143576622009 -0.3262313902378082
vn -0.18296384811401367 0.9274143576622009 -0.3262313902378082
vn -0.29153454303741455 0.8552643060684204 -0.428404837846756
vn -0.29153454303741455 0.8552643060684204 -0.428404837846756
vn -0.29153454303741455 0.8552643060684204 -0.428404837846756
vn -0.8019971251487732 0.27313053607940674 -0.5312254428863525
vn -0.6601340770721436 0.1847812831401825 -0.7280652523040771
vn -0.6700477004051208 0.18894976377487183 -0.7178677320480347
vn -0.8951284885406494 0.3480222523212433 -0.278613418340683
vn -0.8474788665771484 0.4374229311943054 0.3007337749004364
vn -0.8457852005958557 0.4356781840324402 0.30794769525527954
vn -0.48636606335639954 0.40553441643714905 0.7739443182945251
vn -0.24525684118270874 0.35386621952056885 0.9025673866271973
vn 0.16022755205631256 0.2714478671550751 0.9490222334861755
vn 0.3579414486885071 0.2545987665653229 0.8983637690544128
vn 0.764832079410553 0.1721533238887787 0.6208019852638245
vn 0.9443489909172058 0.08775610476732254 0.31702354550361633
vn 0.9687201976776123 -0.034389812499284744 -0.2457609623670578
vn 0.8393920063972473 -0.07294370234012604 -0.538609504699707
vn 0.33057230710983276 -0.0973798856139183 -0.9387433528900146
vn 0.3247833847999573 -0.08704430609941483 -0.9417743682861328
vn -0.02759283408522606 -0.07922083139419556 -0.996475100517273
vn -0.04884716495871544 -0.09223867952823639 -0.9945380687713623
vn -0.09271544218063354 0.995672345161438 0.006358021404594183
vn -0.09980989247560501 0.9949838519096375 0.006718737073242664
vn -0.09980641305446625 0.9949841499328613 0.0067239319905638695
vn -0.08534257858991623 0.9963294863700867 0.006644217763096094
vn -0.0822836384177208 0.9966040849685669 0.0031081270426511765
vn -0.09221582859754562 0.9957060813903809 0.008108693175017834
vn -0.08646023273468018 0.9962552785873413 -0.0003859398711938411
vn -0.06615742295980453 0.9977648854255676 -0.009410110302269459
vn -0.8019968867301941 0.2731306552886963 0.5312256217002869
vn -0.6700481176376343 0.18894924223423004 0.7178675532341003
vn -0.6601347923278809 0.18478059768676758 0.7280646562576294
vn -0.8951282501220703 0.34802258014678955 0.2786138951778412
vn -0.8474789261817932 0.43742311000823975 -0.30073320865631104
vn -0.8457853198051453 0.435678094625473 -0.3079477548599243
vn -0.48636648058891296 0.4055343568325043 -0.7739441394805908
vn -0.24525722861289978 0.3538661599159241 -0.9025672674179077
vn 0.16022756695747375 0.27144744992256165 -0.9490223526954651
vn 0.3579423725605011 0.2545981705188751 -0.8983635902404785
vn 0.7648327350616455 0.1721525341272354 -0.6208013892173767
vn 0.9443491697311401 0.0877557247877121 -0.31702283024787903
vn 0.9687203168869019 -0.034389838576316833 0.2457607090473175
vn 0.8393926024436951 -0.0729438066482544 0.538608729839325
vn 0.3305729627609253 -0.09737999737262726 0.9387431740760803
vn 0.3247842788696289 -0.08704447001218796 0.9417741298675537
vn -0.02759283408522606 -0.07922083139419556 0.996475100517273
vn -0.04884716495871544 -0.09223867952823639 0.9945380687713623
vn -1.4074386172069353e-06 0.9659971594810486 0.25855275988578796
vn -2.4529549591534305e-06 0.9985976815223694 0.05294078215956688
vn -1.2264774795767153e-06 0.9985980987548828 0.052933257073163986
vn -0.0 0.9659968018531799 0.25855398178100586
vn -2.024677087320015e-06 0.817356288433075 0.5761325359344482
vn -1.236936213899753e-06 0.7241624593734741 0.6896295547485352
vn 8.927445946937951e-07 0.40697744488716125 0.9134382009506226
vn 1.92132756637875e-06 0.154862642288208 0.9879360198974609
vn 6.089917405915912e-07 -0.37364497780799866 0.9275717735290527
vn 7.890549227340671e-07 -0.37364277243614197 0.9275726675987244
vn -3.778617951866181e-07 -0.6245743036270142 0.7809653878211975
vn -2.267189756821608e-06 -0.6245745420455933 0.780965268611908
vn 0.5879569053649902 -0.2675337791442871 -0.763369083404541
vn 0.5902571678161621 -0.26792609691619873 -0.7614540457725525
vn 0.7775633335113525 -0.06588023900985718 -0.6253439784049988
vn 0.7814663052558899 -0.0840873271226883 -0.6182554960250854
vn 0.904507040977478 0.22963224351406097 -0.3593551218509674
vn 0.9071837067604065 0.2171708643436432 -0.3603532314300537
vn 0.8512540459632874 0.299710750579834 -0.4307435154914856
vn 0.7561509609222412 0.3159811794757843 -0.5730547308921814
vn 0.7577126026153564 0.35580822825431824 -0.5470576882362366
vn 0.8159055113792419 0.4358556568622589 -0.3799054026603699
vn 0.8163708448410034 0.5016208291053772 0.2862083315849304
vn 0.814103901386261 0.5053733587265015 0.28606393933296204
vn 0.4512764811515808 0.3391003906726837 0.8254456520080566
vn 0.32378143072128296 0.21164493262767792 0.9221561551094055
vn 0.46025586128234863 0.1784161478281021 0.8696736097335815
vn 0.4988255202770233 0.1600169986486435 0.8518025279045105
vn 0.9482420682907104 0.31754809617996216 2.0209776963042714e-08
vn 0.956347644329071 0.29223132133483887 0.0
vn 0.46025586128234863 0.1784161478281021 -0.8696736097335815
vn 0.4988255202770233 0.1600169986486435 -0.8518025279045105
vn 0.32378143072128296 0.21164493262767792 -0.9221561551094055
vn 0.4512764811515808 0.33910036087036133 -0.8254456520080566
vn 0.8163708448410034 0.501620888710022 -0.2862083911895752
vn 0.814103901386261 0.5053733587265015 -0.28606393933296204
vn 0.8159055113792419 0.4358556270599365 0.3799054026603699
vn 0.7577126026153564 0.35580822825431824 0.5470576882362366
vn 0.7561509609222412 0.3159811794757843 0.5730547308921814
vn 0.8512540459632874 0.299710750579834 0.4307435154914856
vn 0.904507040977478 0.22963224351406097 0.359355092048645
vn 0.9071837067604065 0.2171708643436432 0.3603532314300537
vn 0.7775633335113525 -0.06588024646043777 0.6253439784049988
vn 0.7814663052558899 -0.0840873271226883 0.6182554960250854
vn 0.5879569053649902 -0.2675337791442871 0.763369083404541
vn 0.5902571678161621 -0.26792609691619873 0.7614540457725525
vn -0.5099286437034607 -0.059511449187994 -0.8581556677818298
vn -0.8708938956260681 0.10200503468513489 -0.48076876997947693
vn -0.555928647518158 -0.024354493245482445 -0.8308731317520142
vn -0.8753637075424194 0.12598255276679993 -0.4667620062828064
vn -0.9058258533477783 0.26026853919029236 0.3342752158641815
vn -0.9067288041114807 0.24829113483428955 0.3408730626106262
vn -0.5156263113021851 0.2848154306411743 0.8080902099609375
vn -0.26105567812919617 0.2799249291419983 0.9238463044166565
vn 0.16901913285255432 0.2426896095275879 0.9552665948867798
vn 0.34181544184684753 0.22921746969223022 0.9113844633102417
vn 0.7489417195320129 0.13889335095882416 0.6479157209396362
vn 0.936035692691803 0.06040944159030914 0.34668129682540894
vn 0.972267746925354 -0.0704416036605835 -0.22301006317138672
vn 0.8589699864387512 -0.10769394785165787 -0.5005722045898438
vn 0.3580312132835388 -0.16120785474777222 -0.919687807559967
vn 0.35071685910224915 -0.1528419554233551 -0.9239248037338257
vn -0.03430280461907387 -0.14782768487930298 -0.9884181022644043
vn -0.03430993854999542 -0.1477673202753067 -0.988426923751831
vn -0.5099300146102905 -0.05951206386089325 0.858154833316803
vn -0.5559298992156982 -0.024354808032512665 0.8308722972869873
vn -0.8708943128585815 0.10200482606887817 0.4807681441307068
vn -0.8753640651702881 0.12598250806331635 0.46676138043403625
vn -0.9058258533477783 0.26026853919029236 -0.3342752158641815
vn -0.9067288041114807 0.24829113483428955 -0.3408730626106262
vn -0.5156263113021851 0.2848154306411743 -0.8080902099609375
vn -0.26105567812919617 0.2799249291419983 -0.9238463044166565
vn 0.16901908814907074 0.2426895946264267 -0.9552665948867798
vn 0.34181544184684753 0.22921746969223022 -0.9113844633102417
vn 0.7489417195320129 0.13889306783676147 -0.647915780544281
vn 0.936035692691803 0.06040985882282257 -0.34668126702308655
vn 0.972267746925354 -0.07044092565774918 0.22301022708415985
vn 0.8589701652526855 -0.10769210755825043 0.5005723834037781
vn 0.35803133249282837 -0.16120697557926178 0.9196879267692566
vn 0.3507171869277954 -0.15284067392349243 0.9239248633384705
vn -0.03430280461907387 -0.14782768487930298 0.9884181022644043
vn -0.03430993854999542 -0.1477673202753067 0.988426923751831
vn -0.0 0.0 -1.0
vn -0.0 0.0 -1.0
vn -0.0 0.0 -1.0
vn -0.0 0.0 -1.0
vn -0.0 0.0 -1.0
vn -0.0 0.0 -1.0
vn -0.0 0.0 -1.0
vn -0.0 0.0 -1.0
vn -0.0 0.0 -1.0
vn -0.0 0.0 -1.0
vn -4.2569132574499235e-07 0.0 -1.0
vn -0.0 0.0 -1.0
vn -0.0 0.0 -1.0
vn -0.0 0.0 -1.0
vn -1.277074034078396e-06 0.0 -1.0
vn -2.554148068156792e-06 0.0 -1.0
vn 0.4240747392177582 -0.9044990539550781 0.045190177857875824
vn 0.4050354063510895 -0.9107889533042908 0.08006203174591064
vn 0.4171980321407318 -0.9072642922401428 0.05307745188474655
vn 0.38672935962677 -0.9160718321800232 0.10607991367578506
vn 0.37277552485466003 -0.9206430315971375 0.1159951463341713
vn 0.42274805903434753 -0.9048570394515991 0.050176952034235
vn 0.40377870202064514 -0.9145081043243408 0.025255747139453888
vn 0.3191899359226227 -0.9453461766242981 0.06662054359912872
vn 0.3753741383552551 -0.9268146753311157 0.010428179986774921
vn 0.35424280166625977 -0.9350616335868835 0.013108322396874428
vn 0.3450106978416443 -0.9370603561401367 0.05371720343828201
vn 0.28903305530548096 -0.9569720029830933 0.025775916874408722
vn 0.36128944158554077 -0.8862186670303345 0.2899767756462097
vn 0.3248082995414734 -0.8951294422149658 0.30535688996315
vn 0.36041322350502014 -0.8204288482666016 0.44384536147117615
vn 0.3816496431827545 -0.8161752820014954 0.4338219165802002
vn 0.23238812386989594 -0.9229742288589478 0.30678030848503113
vn 0.19661471247673035 -0.9313956499099731 0.3063409626483917
vn 0.14474619925022125 -0.9690828919410706 0.1998175084590912
vn 0.1377001255750656 -0.9476221799850464 0.2881857752799988
vn 0.16338668763637543 -0.9790964722633362 0.1211402639746666
vn 0.21313394606113434 -0.9755601286888123 0.05344674736261368
vn 0.20215386152267456 -0.9787887334823608 0.03326493129134178
vn 0.2271142303943634 -0.973780632019043 0.013059393502771854
vn 0.2685128450393677 -0.9624093770980835 0.04085518792271614
vn 0.21279746294021606 -0.9770952463150024 0.0014484396670013666
vn 0.23257732391357422 -0.9725026488304138 0.012104521505534649
vn 0.22091269493103027 -0.9749800562858582 -0.02472548559308052
vn 0.23542527854442596 -0.9718754887580872 -0.005749598611146212
vn 0.25550025701522827 -0.965869128704071 -0.04262061044573784
vn 0.32080531120300293 -0.945497989654541 0.05583661049604416
vn 0.23265883326530457 -0.9710999131202698 -0.05324550345540047
vn 0.2622637152671814 -0.9649962782859802 9.326414085464307e-10
vn 0.3902954161167145 -0.9206896424293518 -1.5606026693149033e-07
vn 0.3500722646713257 -0.9366773962974548 0.00921407900750637
vn 0.32559290528297424 -0.9455100297927856 -2.2140280009352864e-07
vn 0.35007232427597046 -0.9366773962974548 -0.009213902987539768
vn 0.25550028681755066 -0.9658690690994263 0.04262090101838112
vn 0.23265883326530457 -0.9710999131202698 0.05324550345540047
vn 0.32080531120300293 -0.9454979300498962 -0.05583628639578819
vn 0.22091269493103027 -0.9749800562858582 0.02472537010908127
vn 0.37277552485466003 -0.9206430315971375 -0.11599517613649368
vn 0.23542532324790955 -0.9718754887580872 0.0057494547218084335
vn 0.23257730901241302 -0.9725024700164795 -0.012104606255888939
vn 0.21279746294021606 -0.9770952463150024 -0.0014485311694443226
vn 0.28903302550315857 -0.9569720029830933 -0.025775916874408722
vn 0.2271142154932022 -0.973780632019043 -0.01305949967354536
vn 0.20215383172035217 -0.9787887334823608 -0.03326507285237312
vn 0.31918996572494507 -0.9453461766242981 -0.06662062555551529
vn 0.35424283146858215 -0.9350616335868835 -0.013108402490615845
vn 0.38672932982444763 -0.9160717725753784 -0.10607992857694626
vn 0.3753742277622223 -0.9268146753311157 -0.01042890828102827
vn 0.4050352871417999 -0.9107889533042908 -0.08006185293197632
vn 0.40377864241600037 -0.9145079255104065 -0.025256158784031868
vn 0.41719797253608704 -0.9072643518447876 -0.053077492862939835
vn 0.4240743815898895 -0.9044992327690125 -0.045189667493104935
vn 0.4227480888366699 -0.9048570394515991 -0.05017779394984245
vn 0.3450106084346771 -0.9370604157447815 -0.05371706932783127
vn 0.3612895607948303 -0.8862186074256897 -0.2899765968322754
vn 0.3248082995414734 -0.8951294422149658 -0.30535686016082764
vn 0.3604133427143097 -0.8204288482666016 -0.443845272064209
vn 0.381649911403656 -0.8161751627922058 -0.43382179737091064
vn 0.23238813877105713 -0.9229742288589478 -0.30678030848503113
vn 0.19661471247673035 -0.9313956499099731 -0.30634090304374695
vn 0.14474622905254364 -0.9690828919410706 -0.1998174637556076
vn 0.1377001255750656 -0.9476221799850464 -0.28818556666374207
vn 0.16338670253753662 -0.9790964722633362 -0.1211402639746666
vn 0.21313390135765076 -0.9755600690841675 -0.053446777164936066
vn 0.26851290464401245 -0.9624093770980835 -0.04085519164800644
vn -0.4395000636577606 0.8969794511795044 -0.04761865362524986
vn -0.38178369402885437 0.9209057092666626 -0.07857435941696167
vn -0.39337465167045593 0.9193782806396484 4.591655670083128e-05
vn -0.3580683171749115 0.9334522485733032 0.02130732871592045
vn -0.23060062527656555 0.9674049019813538 0.10464781522750854
vn -0.340796560049057 0.9307923913002014 -0.13222385942935944
vn -0.2586907744407654 0.9602261781692505 -0.10509414225816727
vn -0.26042330265045166 0.964571475982666 0.04220748692750931
vn -0.28609275817871094 0.9551452994346619 -0.07647580653429031
vn -0.19884885847568512 0.97767174243927 0.06794843822717667
vn -0.1691090613603592 0.9855974316596985 3.6277273807172605e-07
vn -0.27498316764831543 0.961087703704834 -0.026357879862189293
vn -0.2755325138568878 0.9610437750816345 -0.021835101768374443
vn -0.22860023379325867 0.969779372215271 -0.08526326715946198
vn -0.2874026298522949 0.9574390053749084 -0.026652177795767784
vn -0.2618456482887268 0.9115733504295349 -0.31697145104408264
vn -0.30591410398483276 0.9050564765930176 -0.2954477369785309
vn -0.2749252915382385 0.8036475777626038 -0.5277941823005676
vn -0.23378527164459229 0.8074922561645508 -0.5415724515914917
vn -0.21368658542633057 0.8540589809417725 -0.4742586612701416
vn -0.204659566283226 0.8802034854888916 -0.4282011091709137
vn -0.3021872937679291 0.9515693187713623 -0.056557733565568924
vn -0.17552275955677032 0.9286243915557861 -0.32687681913375854
vn -0.14007890224456787 0.9499593377113342 -0.27920472621917725
vn -0.2145388424396515 0.9399541020393372 -0.2654419541358948
vn -0.2838257849216461 0.950127124786377 -0.1292339563369751
vn -0.28753918409347534 0.946957528591156 -0.14350168406963348
vn -0.32612156867980957 0.9423239231109619 -0.0753016546368599
vn -0.31065958738327026 0.9481092691421509 -0.06767130643129349
vn -0.2704210877418518 0.961706280708313 -0.04464821517467499
vn -0.34119394421577454 0.9388352632522583 -0.046636760234832764
vn -0.3150760233402252 0.9480708837509155 -0.04345925152301788
vn -0.34260985255241394 0.9394771456718445 -0.0010386599460616708
vn -0.3604901432991028 0.9327017068862915 -0.01069877203553915
vn -0.31956520676612854 0.9475643038749695 2.3564946616261295e-07
vn -0.24431870877742767 0.9687026143074036 0.04385752975940704
vn -0.23244579136371613 0.9726094007492065 1.0181859977365093e-07
vn -0.24431875348091125 0.9687027335166931 -0.04385744035243988
vn -0.34260985255241394 0.9394771456718445 0.0010387689108029008
vn -0.3604901432991028 0.9327017068862915 0.010698962956666946
vn -0.34119394421577454 0.9388352632522583 0.04663676396012306
vn -0.31507599353790283 0.9480708837509155 0.04345925897359848
vn -0.1988488733768463 0.9776718616485596 -0.06794789433479309
vn -0.3021872937679291 0.9515693187713623 0.056557733565568924
vn -0.23060062527656555 0.9674049615859985 -0.10464713722467422
vn -0.32612159848213196 0.9423239827156067 0.07530149072408676
vn -0.2755325138568878 0.9610437750816345 0.021835101768374443
vn -0.2874026298522949 0.9574390053749084 0.026652177795767784
vn -0.3106595575809479 0.9481092691421509 0.067671038210392
vn -0.27498310804367065 0.961087703704834 0.02635781653225422
vn -0.28382572531700134 0.950127124786377 0.12923377752304077
vn -0.27042102813720703 0.9617063999176025 0.04464806243777275
vn -0.28753915429115295 0.946957528591156 0.14350168406963348
vn -0.2145388424396515 0.9399541020393372 0.2654419541358948
vn -0.17552275955677032 0.9286243915557861 0.32687681913375854
vn -0.21368658542633057 0.8540589809417725 0.4742587208747864
vn -0.204659566283226 0.8802034854888916 0.4282011091709137
vn -0.14007890224456787 0.9499593377113342 0.27920472621917725
vn -0.274925172328949 0.8036475777626038 0.5277941823005676
vn -0.23378503322601318 0.8074923157691956 0.5415725708007812
vn -0.26184552907943726 0.9115734100341797 0.31697142124176025
vn -0.30591416358947754 0.9050564169883728 0.2954477369785309
vn -0.2286001741886139 0.9697794318199158 0.08526317030191422
vn -0.2586906850337982 0.9602261781692505 0.10509411990642548
vn -0.28609269857406616 0.9551452994346619 0.07647571712732315
vn -0.340796560049057 0.9307923913002014 0.13222388923168182
vn -0.26042336225509644 0.9645715355873108 -0.04220754653215408
vn -0.38178378343582153 0.920905590057373 0.07857449352741241
vn -0.3580683469772339 0.9334522485733032 -0.02130732871592045
vn -0.3933746814727783 0.9193782806396484 -4.575603816192597e-05
vn -0.43950021266937256 0.8969794511795044 0.047619134187698364
vn -0.31269603967666626 0.9495245218276978 0.024989120662212372
vn -0.31269291043281555 0.9495255947113037 0.02498968131840229
vn -0.31269463896751404 0.9495249390602112 0.024992994964122772
vn -0.31269559264183044 0.9495246410369873 0.024989839643239975
vn -0.31269362568855286 0.9495251774787903 0.02499469369649887
vn -0.31269702315330505 0.9495243430137634 0.024984557181596756
vn -0.3126949965953827 0.9495247006416321 0.024996770545840263
vn -0.31268951296806335 0.9495267271995544 0.024984683841466904
vn -0.31269320845603943 0.9495255351066589 0.0249873548746109
vn -0.31268787384033203 0.9495275616645813 0.024974118918180466
vn -0.31269726157188416 0.9495242238044739 0.024985719472169876
vn -0.31268519163131714 0.9495280981063843 0.02498781681060791
vn -0.3126976788043976 0.9495244026184082 0.024973388761281967
vn -0.3126868009567261 0.9495275020599365 0.024991873651742935
vn -0.31269600987434387 0.9495245814323425 0.02498956397175789
vn -0.312688410282135 0.9495269656181335 0.024992983788251877
vn -0.31269600987434387 0.949524462223053 -0.024989116936922073
vn -0.31269291043281555 0.9495255947113037 -0.02498968131840229
vn -0.31269559264183044 0.9495246410369873 -0.024989839643239975
vn -0.31269463896751404 0.9495249390602112 -0.024992994964122772
vn -0.31269702315330505 0.9495243430137634 -0.024984557181596756
vn -0.31269362568855286 0.9495251774787903 -0.02499469369649887
vn -0.31268951296806335 0.9495267271995544 -0.024984683841466904
vn -0.3126949965953827 0.9495247006416321 -0.024996770545840263
vn -0.31268787384033203 0.9495275616645813 -0.024974118918180466
vn -0.31269320845603943 0.9495255351066589 -0.0249873548746109
vn -0.31268519163131714 0.9495280981063843 -0.02498781681060791
vn -0.31269726157188416 0.9495242238044739 -0.024985719472169876
vn -0.3126868009567261 0.9495275020599365 -0.024991873651742935
vn -0.3126976788043976 0.9495244026184082 -0.024973388761281967
vn -0.3126884400844574 0.9495269656181335 -0.02499298006296158
vn -0.3126959800720215 0.9495245814323425 -0.02498956397175789
f 2/2/2 3/3/3 1/1/1
f 4/4/4 1/1/1 3/3/3
f 6/6/6 7/7/7 5/5/5
f 8/8/8 5/5/5 7/7/7
f 10/10/10 11/11/11 9/9/9
f 12/12/12 9/9/9 11/11/11
f 14/14/14 15/15/15 13/13/13
f 16/16/16 13/13/13 15/15/15
f 18/18/18 19/19/19 17/17/17
f 20/20/20 17/17/17 19/19/19
f 22/22/22 23/23/23 21/21/21
f 24/24/24 21/21/21 23/23/23
f 26/26/26 27/27/27 25/25/25
f 28/28/28 25/25/25 27/27/27
f 30/30/30 31/31/31 29/29/29
f 32/32/32 29/29/29 31/31/31
f 34/34/34 35/35/35 33/33/33
f 36/36/36 33/33/33 35/35/35
f 38/38/38 39/39/39 37/37/37
f 40/40/40 37/37/37 39/39/39
f 42/42/42 43/43/43 41/41/41
f 44/44/44 41/41/41 43/43/43
f 46/46/46 47/47/47 45/45/45
f 48/48/48 45/45/45 47/47/47
f 50/50/50 51/51/51 49/49/49
f 52/52/52 49/49/49 51/51/51
f 54/54/54 55/55/55 53/53/53
f 56/56/56 53/53/53 55/55/55
f 58/58/58 59/59/59 57/57/57
f 60/60/60 57/57/57 59/59/59
f 62/62/62 63/63/63 61/61/61
f 64/64/64 61/61/61 63/63/63
f 66/66/66 67/67/67 65/65/65
f 68/68/68 65/65/65 67/67/67
f 70/70/70 71/71/71 69/69/69
f 72/72/72 69/69/69 71/71/71
f 74/74/74 75/75/75 73/73/73
f 76/76/76 73/73/73 75/75/75
f 78/78/78 79/79/79 77/77/77
f 80/80/80 77/77/77 79/79/79
f 82/82/82 83/83/83 81/81/81
f 84/84/84 81/81/81 83/83/83
f 86/86/86 87/87/87 85/85/85
f 88/88/88 85/85/85 87/87/87
f 90/90/90 91/91/91 89/89/89
f 92/92/92 89/89/89 91/91/91
f 94/94/94 95/95/95 93/93/93
f 96/96/96 93/93/93 95/95/95
f 98/98/98 99/99/99 97/97/97
f 100/100/100 97/97/97 99/99/99
f 102/102/102 103/103/103 101/101/101
f 104/104/104 101/101/101 103/103/103
f 106/106/106 107/107/107 105/105/105
f 105/105/105 108/108/108 106/106/106
f 110/110/110 111/111/111 109/109/109
f 109/109/109 112/112/112 110/110/110
f 114/114/114 115/115/115 113/113/113
f 113/113/113 116/116/116 114/114/114
f 118/118/118 119/119/119 117/117/117
f 117/117/117 120/120/120 118/118/118
f 123/123/123 122/122/122 121/121/121
f 126/126/126 125/125/125 124/124/124
f 129/129/129 128/128/128 127/127/127
f 132/132/132 131/131/131 130/130/130
f 134/134/134 135/135/135 133/133/133
f 136/136/136 133/133/133 135/135/135
f 138/138/138 139/139/139 137/137/137
f 138/138/138 140/140/140 139/139/139
f 142/142/142 143/143/143 141/141/141
f 141/141/141 144/144/144 142/142/142
f 146/146/146 147/147/147 145/145/145
f 145/145/145 148/148/148 146/146/146
f 149/149/149 150/150/150 151/151/151
f 152/152/152 153/153/153 154/154/154
f 155/155/155 156/156/156 157/157/157
f 160/160/160 159/159/159 158/158/158
f 162/162/162 163/163/163 161/161/161
f 161/161/161 164/164/164 162/162/162
f 166/166/166 167/167/167 165/165/165
f 165/165/165 168/168/168 166/166/166
f 170/170/170 171/171/171 169/169/169
f 169/169/169 172/172/172 170/170/170
f 174/174/174 175/175/175 173/173/173
f 175/175/175 176/176/176 173/173/173
f 179/179/179 178/178/178 177/177/177
f 182/182/182 180/180/180 181/181/181
f 183/183/183 184/184/184 185/185/185
f 187/187/187 186/186/186 188/188/188
f 190/190/190 191/191/191 189/189/189
f 192/192/192 189/189/189 191/191/191
f 194/194/194 195/195/195 193/193/193
f 193/193/193 196/196/196 194/194/194
f 198/198/198 199/199/199 197/197/197
f 200/200/200 197/197/197 199/199/199
f 202/202/202 203/203/203 201/201/201
f 202/202/202 204/204/204 203/203/203
f 206/206/206 207/207/207 205/205/205
f 205/205/205 208/208/208 206/206/206
f 210/210/210 211/211/211 209/209/209
f 209/209/209 212/212/212 210/210/210
f 214/214/214 215/215/215 213/213/213
f 213/213/213 216/216/216 214/214/214
f 218/218/218 219/219/219 217/217/217
f 217/217/217 220/220/220 218/218/218
f 222/222/222 223/223/223 221/221/221
f 221/221/221 224/224/224 222/222/222
f 226/226/226 227/227/227 225/225/225
f 228/228/228 225/225/225 227/227/227
f 230/230/230 231/231/231 229/229/229
f 232/232/232 229/229/229 231/231/231
f 234/234/234 235/235/235 233/233/233
f 236/236/236 233/233/233 235/235/235
f 238/238/238 239/239/239 237/237/237
f 240/240/240 237/237/237 239/239/239
f 242/242/242 243/243/243 241/241/241
f 244/244/244 241/241/241 243/243/243
f 246/246/246 247/247/247 245/245/245
f 248/248/248 245/245/245 247/247/247
f 250/250/250 251/251/251 249/249/249
f 252/252/252 249/249/249 251/251/251
f 254/254/254 255/255/255 253/253/253
f 256/256/256 253/253/253 255/255/255
f 258/258/258 259/259/259 257/257/257
f 260/260/260 257/257/257 259/259/259
f 262/262/262 263/263/263 261/261/261
f 264/264/264 261/261/261 263/263/263
f 266/266/266 267/267/267 265/265/265
f 268/268/268 265/265/265 267/267/267
f 270/270/270 271/271/271 269/269/269
f 272/272/272 269/269/269 271/271/271
f 274/274/274 275/275/275 273/273/273
f 276/276/276 273/273/273 275/275/275
f 278/278/278 279/279/279 277/277/277
f 280/280/280 277/277/277 279/279/279
f 282/282/282 283/283/283 281/281/281
f 284/284/284 281/281/281 283/283/283
f 286/286/286 287/287/287 285/285/285
f 288/288/288 285/285/285 287/287/287
f 290/290/290 291/291/291 289/289/289
f 292/292/292 289/289/289 291/291/291
f 294/294/294 295/295/295 293/293/293
f 296/296/296 293/293/293 295/295/295
f 298/298/298 299/299/299 297/297/297
f 300/300/300 297/297/297 299/299/299
f 302/302/302 303/303/303 301/301/301
f 304/304/304 301/301/301 303/303/303
f 306/306/306 307/307/307 305/305/305
f 308/308/308 305/305/305 307/307/307
f 310/310/310 311/311/311 309/309/309
f 312/312/312 309/309/309 311/311/311
f 314/314/314 315/315/315 313/313/313
f 316/316/316 313/313/313 315/315/315
f 318/318/318 319/319/319 317/317/317
f 320/320/320 317/317/317 319/319/319
f 322/322/322 323/323/323 321/321/321
f 324/324/324 321/321/321 323/323/323
f 326/326/326 327/327/327 325/325/325
f 328/328/328 325/325/325 327/327/327
f 330/330/330 331/331/331 329/329/329
f 332/332/332 329/329/329 331/331/331
f 334/334/334 335/335/335 333/333/333
f 336/336/336 333/333/333 335/335/335
f 338/338/338 339/339/339 337/337/337
f 340/340/340 337/337/337 339/339/339
f 342/342/342 343/343/343 341/341/341
f 344/344/344 341/341/341 343/343/343
f 346/346/346 347/347/347 345/345/345
f 348/348/348 345/345/345 347/347/347
f 350/350/350 351/351/351 349/349/349
f 353/353/353 354/354/354 352/352/352
f 356/356/356 357/357/357 355/355/355
f 359/359/359 360/360/360 358/358/358
f 362/362/362 363/363/363 361/361/361
f 361/361/361 364/364/364 362/362/362
f 366/366/366 367/367/367 365/365/365
f 368/368/368 367/367/367 366/366/366
f 370/370/370 371/371/371 369/369/369
f 372/372/372 369/369/369 371/371/371
f 374/374/374 375/375/375 373/373/373
f 376/376/376 373/373/373 375/375/375
f 377/377/377 378/378/378 379/379/379
f 381/381/381 380/380/380 382/382/382
f 383/383/383 384/384/384 385/385/385
f 387/387/387 388/388/388 386/386/386
f 390/390/390 391/391/391 389/389/389
f 392/392/392 389/389/389 391/391/391
f 394/394/394 395/395/395 393/393/393
f 396/396/396 393/393/393 395/395/395
f 398/398/398 399/399/399 397/397/397
f 400/400/400 397/397/397 399/399/399
f 402/402/402 403/403/403 401/401/401
f 404/404/404 402/402/402 401/401/401
f 406/406/406 407/407/407 405/405/405
f 408/408/408 410/410/410 409/409/409
f 411/411/411 412/412/412 413/413/413
f 414/414/414 415/415/415 416/416/416
f 418/418/418 419/419/419 417/417/417
f 417/417/417 420/420/420 418/418/418
f 422/422/422 423/423/423 421/421/421
f 424/424/424 421/421/421 423/423/423
f 426/426/426 427/427/427 425/425/425
f 425/425/425 428/428/428 426/426/426
f 430/430/430 431/431/431 429/429/429
f 432/432/432 431/431/431 430/430/430
f 434/434/434 435/435/435 433/433/433
f 436/436/436 433/433/433 435/435/435
f 438/438/438 439/439/439 437/437/437
f 440/440/440 437/437/437 439/439/439
f 442/442/442 443/443/443 441/441/441
f 444/444/444 441/441/441 443/443/443
f 446/446/446 447/447/447 445/445/445
f 448/448/448 445/445/445 447/447/447
f 450/450/450 451/451/451 449/449/449
f 452/452/452 449/449/449 451/451/451
f 454/454/454 455/455/455 453/453/453
f 453/453/453 456/456/456 454/454/454
f 458/458/458 459/459/459 457/457/457
f 460/460/460 457/457/457 459/459/459
f 459/459/459 461/461/461 460/460/460
f 462/462/462 460/460/460 461/461/461
f 461/461/461 463/463/463 462/462/462
f 464/464/464 462/462/462 463/463/463
f 464/464/464 463/463/463 465/465/465
f 466/466/466 465/465/465 463/463/463
f 465/465/465 466/466/466 467/467/467
f 468/468/468 467/467/467 466/466/466
f 467/467/467 468/468/468 469/469/469
f 470/470/470 469/469/469 468/468/468
f 472/472/472 473/473/473 471/471/471
f 474/474/474 471/471/471 473/473/473
f 473/473/473 475/475/475 474/474/474
f 476/476/476 474/474/474 475/475/475
f 475/475/475 477/477/477 476/476/476
f 478/478/478 476/476/476 477/477/477
f 478/478/478 477/477/477 479/479/479
f 480/480/480 479/479/479 477/477/477
f 479/479/479 480/480/480 481/481/481
f 482/482/482 481/481/481 480/480/480
f 481/481/481 482/482/482 483/483/483
f 484/484/484 483/483/483 482/482/482
f 486/486/486 487/487/487 485/485/485
f 488/488/488 485/485/485 487/487/487
f 487/487/487 489/489/489 488/488/488
f 490/490/490 488/488/488 489/489/489
f 490/490/490 489/489/489 491/491/491
f 492/492/492 491/491/491 489/489/489
f 492/492/492 493/493/493 491/491/491
f 494/494/494 491/491/491 493/493/493
f 496/496/496 497/497/497 495/495/495
f 498/498/498 495/495/495 497/497/497
f 497/497/497 499/499/499 498/498/498
f 500/500/500 498/498/498 499/499/499
f 500/500/500 499/499/499 501/501/501
f 502/502/502 501/501/501 499/499/499
f 502/502/502 503/503/503 501/501/501
f 504/504/504 501/501/501 503/503/503
f 506/506/506 507/507/507 505/505/505
f 508/508/508 505/505/505 507/507/507
f 507/507/507 509/509/509 508/508/508
f 510/510/510 508/508/508 509/509/509
f 510/510/510 509/509/509 511/511/511
f 512/512/512 511/511/511 509/509/509
f 511/511/511 512/512/512 513/513/513
f 514/514/514 513/513/513 512/512/512
f 516/516/516 517/517/517 515/515/515
f 518/518/518 515/515/515 517/517/517
f 517/517/517 519/519/519 518/518/518
f 520/520/520 518/518/518 519/519/519
f 520/520/520 519/519/519 521/521/521
f 522/522/522 521/521/521 519/519/519
f 521/521/521 522/522/522 523/523/523
f 524/524/524 523/523/523 522/522/522
f 526/526/526 527/527/527 525/525/525
f 528/528/528 525/525/525 527/527/527
f 527/527/527 529/529/529 528/528/528
f 530/530/530 528/528/528 529/529/529
f 529/529/529 531/531/531 530/530/530
f 532/532/532 530/530/530 531/531/531
f 532/532/532 531/531/531 533/533/533
f 534/534/534 533/533/533 531/531/531
f 536/536/536 537/537/537 535/535/535
f 538/538/538 535/535/535 537/537/537
f 537/537/537 539/539/539 538/538/538
f 540/540/540 538/538/538 539/539/539
f 539/539/539 541/541/541 540/540/540
f 542/542/542 540/540/540 541/541/541
f 542/542/542 541/541/541 543/543/543
f 544/544/544 543/543/543 541/541/541
f 543/543/543 544/544/544 545/545/545
f 546/546/546 545/545/545 544/544/544
f 545/545/545 546/546/546 547/547/547
f 548/548/548 547/547/547 546/546/546
f 550/550/550 551/551/551 549/549/549
f 552/552/552 549/549/549 551/551/551
f 551/551/551 553/553/553 552/552/552
f 554/554/554 552/552/552 553/553/553
f 553/553/553 555/555/555 554/554/554
f 556/556/556 554/554/554 555/555/555
f 556/556/556 555/555/555 557/557/557
f 558/558/558 557/557/557 555/555/555
f 560/560/560 561/561/561 559/559/559
f 562/562/562 559/559/559 561/561/561
f 561/561/561 563/563/563 562/562/562
f 564/564/564 562/562/562 563/563/563
f 563/563/563 565/565/565 564/564/564
f 566/566/566 564/564/564 565/565/565
f 565/565/565 567/567/567 566/566/566
f 568/568/568 566/566/566 567/567/567
f 570/570/570 571/571/571 569/569/569
f 572/572/572 569/569/569 571/571/571
f 571/571/571 573/573/573 572/572/572
f 574/574/574 572/572/572 573/573/573
f 573/573/573 575/575/575 574/574/574
f 576/576/576 574/574/574 575/575/575
f 575/575/575 577/577/577 576/576/576
f 577/577/577 575/575/575 578/578/578
f 580/580/580 581/581/581 579/579/579
f 582/582/582 579/579/579 581/581/581
f 581/581/581 583/583/583 582/582/582
f 584/584/584 582/582/582 583/583/583
f 584/584/584 583/583/583 585/585/585
f 586/586/586 585/585/585 583/583/583
f 588/588/588 589/589/589 587/587/587
f 590/590/590 587/587/587 589/589/589
f 589/589/589 591/591/591 590/590/590
f 592/592/592 590/590/590 591/591/591
f 594/594/594 595/595/595 593/593/593
f 596/596/596 593/593/593 595/595/595
f 595/595/595 597/597/597 596/596/596
f 598/598/598 596/596/596 597/597/597
f 598/598/598 597/597/597 599/599/599
f 600/600/600 599/599/599 597/597/597
f 602/602/602 603/603/603 601/601/601
f 604/604/604 601/601/601 603/603/603
f 603/603/603 605/605/605 604/604/604
f 606/606/606 604/604/604 605/605/605
f 605/605/605 607/607/607 606/606/606
f 608/608/608 606/606/606 607/607/607
f 608/608/608 607/607/607 609/609/609
f 610/610/610 609/609/609 607/607/607
f 612/612/612 613/613/613 611/611/611
f 614/614/614 611/611/611 613/613/613
f 613/613/613 615/615/615 614/614/614
f 616/616/616 614/614/614 615/615/615
f 615/615/615 617/617/617 616/616/616
f 618/618/618 616/616/616 617/617/617
f 618/618/618 617/617/617 619/619/619
f 620/620/620 619/619/619 617/617/617
f 621/621/621 622/622/622 623/623/623
f 625/625/625 624/624/624 632/632/632
f 632/632/632 626/626/626 625/625/625
f 627/627/627 625/625/625 626/626/626
f 627/627/627 626/626/626 628/628/628
f 629/629/629 628/628/628 626/626/626
f 628/628/628 629/629/629 630/630/630
f 631/631/631 630/630/630 629/629/629
f 634/634/634 635/635/635 633/633/633
f 636/636/636 633/633/633 635/635/635
f 635/635/635 637/637/637 636/636/636
f 638/638/638 636/636/636 637/637/637
f 638/638/638 637/637/637 639/639/639
f 640/640/640 639/639/639 637/637/637
f 642/642/642 643/643/643 641/641/641
f 644/644/644 641/641/641 643/643/643
f 643/643/643 645/645/645 644/644/644
f 646/646/646 644/644/644 645/645/645
f 646/646/646 645/645/645 647/647/647
f 648/648/648 647/647/647 645/645/645
f 647/647/647 648/648/648 649/649/649
f 650/650/650 649/649/649 648/648/648
f 652/652/652 653/653/653 651/651/651
f 654/654/654 651/651/651 653/653/653
f 653/653/653 655/655/655 654/654/654
f 656/656/656 654/654/654 655/655/655
f 657/657/657 662/662/662 658/658/658
f 659/659/659 658/658/658 662/662/662
f 658/658/658 659/659/659 660/660/660
f 661/661/661 660/660/660 659/659/659
f 664/664/664 665/665/665 663/663/663
f 666/666/666 663/663/663 665/665/665
f 665/665/665 667/667/667 666/666/666
f 668/668/668 666/666/666 667/667/667
f 670/670/670 669/669/669 671/671/671
f 673/673/673 672/672/672 674/674/674
f 676/676/676 675/675/675 677/677/677
f 679/679/679 678/678/678 680/680/680
f 682/682/682 683/683/683 681/681/681
f 684/684/684 681/681/681 683/683/683
f 683/683/683 685/685/685 684/684/684
f 686/686/686 684/684/684 685/685/685
f 686/686/686 685/685/685 687/687/687
f 688/688/688 687/687/687 685/685/685
f 688/688/688 689/689/689 687/687/687
f 690/690/690 687/687/687 689/689/689
f 689/689/689 691/691/691 690/690/690
f 692/692/692 690/690/690 691/691/691
f 692/692/692 691/691/691 693/693/693
f 694/694/694 693/693/693 691/691/691
f 696/696/696 697/697/697 695/695/695
f 698/698/698 695/695/695 697/697/697
f 697/697/697 699/699/699 698/698/698
f 700/700/700 698/698/698 699/699/699
f 699/699/699 701/701/701 700/700/700
f 702/702/702 700/700/700 701/701/701
f 702/702/702 701/701/701 703/703/703
f 704/704/704 703/703/703 701/701/701
f 703/703/703 704/704/704 705/705/705
f 706/706/706 705/705/705 704/704/704
f 705/705/705 706/706/706 707/707/707
f 708/708/708 707/707/707 706/706/706
f 710/710/710 711/711/711 709/709/709
f 712/712/712 709/709/709 711/711/711
f 711/711/711 713/713/713 712/712/712
f 714/714/714 712/712/712 713/713/713
f 713/713/713 715/715/715 714/714/714
f 716/716/716 714/714/714 715/715/715
f 716/716/716 715/715/715 717/717/717
f 718/718/718 717/717/717 715/715/715
f 717/717/717 718/718/718 719/719/719
f 720/720/720 719/719/719 718/718/718
f 719/719/719 720/720/720 721/721/721
f 722/722/722 721/721/721 720/720/720
f 724/724/724 725/725/725 723/723/723
f 726/726/726 723/723/723 725/725/725
f 725/725/725 727/727/727 726/726/726
f 728/728/728 726/726/726 727/727/727
f 728/728/728 727/727/727 729/729/729
f 730/730/730 729/729/729 727/727/727
f 729/729/729 730/730/730 731/731/731
f 732/732/732 731/731/731 730/730/730
f 734/734/734 735/735/735 733/733/733
f 736/736/736 733/733/733 735/735/735
f 735/735/735 737/737/737 736/736/736
f 738/738/738 736/736/736 737/737/737
f 738/738/738 737/737/737 739/739/739
f 740/740/740 739/739/739 737/737/737
f 739/739/739 740/740/740 741/741/741
f 742/742/742 741/741/741 740/740/740
f 744/744/744 745/745/745 743/743/743
f 746/746/746 743/743/743 745/745/745
f 745/745/745 747/747/747 746/746/746
f 748/748/748 746/746/746 747/747/747
f 747/747/747 749/749/749 748/748/748
f 750/750/750 748/748/748 749/749/749
f 750/750/750 749/749/749 751/751/751
f 752/752/752 751/751/751 749/749/749
f 754/754/754 755/755/755 753/753/753
f 756/756/756 753/753/753 755/755/755
f 755/755/755 757/757/757 756/756/756
f 758/758/758 756/756/756 757/757/757
f 758/758/758 757/757/757 759/759/759
f 760/760/760 759/759/759 757/757/757
f 760/760/760 761/761/761 759/759/759
f 762/762/762 759/759/759 761/761/761
f 762/762/762 761/761/761 763/763/763
f 764/764/764 763/763/763 761/761/761
f 763/763/763 764/764/764 765/765/765
f 766/766/766 765/765/765 764/764/764
f 765/765/765 766/766/766 767/767/767
f 768/768/768 767/767/767 766/766/766
f 768/768/768 769/769/769 767/767/767
f 770/770/770 767/767/767 769/769/769
f 770/770/770 769/769/769 771/771/771
f 772/772/772 771/771/771 769/769/769
f 772/772/772 773/773/773 771/771/771
f 774/774/774 771/771/771 773/773/773
f 773/773/773 775/775/775 774/774/774
f 776/776/776 774/774/774 775/775/775
f 776/776/776 775/775/775 777/777/777
f 778/778/778 777/777/777 775/775/775
f 780/780/780 781/781/781 779/779/779
f 782/782/782 779/779/779 781/781/781
f 781/781/781 783/783/783 782/782/782
f 784/784/784 782/782/782 783/783/783
f 783/783/783 785/785/785 784/784/784
f 786/786/786 784/784/784 785/785/785
f 786/786/786 785/785/785 787/787/787
f 788/788/788 787/787/787 785/785/785
f 787/787/787 788/788/788 789/789/789
f 790/790/790 789/789/789 788/788/788
f 789/789/789 790/790/790 791/791/791
f 792/792/792 791/791/791 790/790/790
f 792/792/792 793/793/793 791/791/791
f 794/794/794 791/791/791 793/793/793
f 793/793/793 795/795/795 794/794/794
f 796/796/796 794/794/794 795/795/795
f 796/796/796 795/795/795 797/797/797
f 798/798/798 797/797/797 795/795/795
f 798/798/798 799/799/799 797/797/797
f 800/800/800 797/797/797 799/799/799
f 799/799/799 801/801/801 800/800/800
f 802/802/802 800/800/800 801/801/801
f 802/802/802 801/801/801 803/803/803
f 804/804/804 803/803/803 801/801/801
f 806/806/806 807/807/807 805/805/805
f 808/808/808 805/805/805 807/807/807
f 807/807/807 809/809/809 808/808/808
f 810/810/810 808/808/808 809/809/809
f 809/809/809 811/811/811 810/810/810
f 812/812/812 810/810/810 811/811/811
f 812/812/812 811/811/811 813/813/813
f 814/814/814 813/813/813 811/811/811
f 813/813/813 814/814/814 815/815/815
f 816/816/816 815/815/815 814/814/814
f 815/815/815 816/816/816 817/817/817
f 818/818/818 817/817/817 816/816/816
f 817/817/817 818/818/818 819/819/819
f 820/820/820 819/819/819 818/818/818
f 819/819/819 820/820/820 821/821/821
f 822/822/822 821/821/821 820/820/820
f 821/821/821 822/822/822 823/823/823
f 824/824/824 823/823/823 822/822/822
f 824/824/824 825/825/825 823/823/823
f 826/826/826 823/823/823 825/825/825
f 825/825/825 827/827/827 826/826/826
f 828/828/828 826/826/826 827/827/827
f 827/827/827 829/829/829 828/828/828
f 830/830/830 828/828/828 829/829/829
f 832/832/832 833/833/833 831/831/831
f 834/834/834 831/831/831 833/833/833
f 833/833/833 835/835/835 834/834/834
f 836/836/836 834/834/834 835/835/835
f 835/835/835 837/837/837 836/836/836
f 838/838/838 836/836/836 837/837/837
f 838/838/838 837/837/837 839/839/839
f 840/840/840 839/839/839 837/837/837
f 839/839/839 840/840/840 841/841/841
f 842/842/842 841/841/841 840/840/840
f 841/841/841 842/842/842 843/843/843
f 844/844/844 843/843/843 842/842/842
f 846/846/846 847/847/847 845/845/845
f 848/848/848 845/845/845 847/847/847
f 847/847/847 849/849/849 848/848/848
f 850/850/850 848/848/848 849/849/849
f 849/849/849 851/851/851 850/850/850
f 852/852/852 850/850/850 851/851/851
f 851/851/851 853/853/853 852/852/852
f 854/854/854 852/852/852 853/853/853
f 856/856/856 857/857/857 855/855/855
f 858/858/858 855/855/855 857/857/857
f 857/857/857 859/859/859 858/858/858
f 860/860/860 858/858/858 859/859/859
f 859/859/859 861/861/861 860/860/860
f 862/862/862 860/860/860 861/861/861
f 862/862/862 861/861/861 863/863/863
f 864/864/864 863/863/863 861/861/861
f 866/866/866 867/867/867 865/865/865
f 868/868/868 865/865/865 867/867/867
f 867/867/867 869/869/869 868/868/868
f 870/870/870 868/868/868 869/869/869
f 869/869/869 871/871/871 870/870/870
f 872/872/872 870/870/870 871/871/871
f 872/872/872 871/871/871 873/873/873
f 874/874/874 873/873/873 871/871/871
f 876/876/876 877/877/877 875/875/875
f 878/878/878 875/875/875 877/877/877
f 877/877/877 879/879/879 878/878/878
f 880/880/880 878/878/878 879/879/879
f 880/880/880 879/879/879 881/881/881
f 882/882/882 881/881/881 879/879/879
f 881/881/881 882/882/882 883/883/883
f 884/884/884 883/883/883 882/882/882
f 884/884/884 885/885/885 883/883/883
f 886/886/886 883/883/883 885/885/885
f 885/885/885 887/887/887 886/886/886
f 888/888/888 886/886/886 887/887/887
f 888/888/888 887/887/887 889/889/889
f 890/890/890 889/889/889 887/887/887
f 890/890/890 891/891/891 889/889/889
f 892/892/892 889/889/889 891/891/891
f 891/891/891 893/893/893 892/892/892
f 891/891/891 894/894/894 893/893/893
f 894/894/894 895/895/895 893/893/893
f 896/896/896 893/893/893 895/895/895
f 898/898/898 899/899/899 897/897/897
f 900/900/900 897/897/897 899/899/899
f 899/899/899 901/901/901 900/900/900
f 902/902/902 900/900/900 901/901/901
f 901/901/901 903/903/903 902/902/902
f 904/904/904 902/902/902 903/903/903
f 906/906/906 907/907/907 905/905/905
f 908/908/908 905/905/905 907/907/907
f 907/907/907 909/909/909 908/908/908
f 910/910/910 908/908/908 909/909/909
f 909/909/909 911/911/911 910/910/910
f 912/912/912 910/910/910 911/911/911
f 911/911/911 913/913/913 912/912/912
f 914/914/914 912/912/912 913/913/913
f 916/916/916 917/917/917 915/915/915
f 918/918/918 915/915/915 917/917/917
f 917/917/917 919/919/919 918/918/918
f 920/920/920 918/918/918 919/919/919
f 921/921/921 926/926/926 922/922/922
f 923/923/923 922/922/922 926/926/926
f 922/922/922 923/923/923 924/924/924
f 925/925/925 924/924/924 923/923/923
f 928/928/928 929/929/929 927/927/927
f 930/930/930 927/927/927 929/929/929
f 929/929/929 931/931/931 930/930/930
f 932/932/932 930/930/930 931/931/931
f 932/932/932 931/931/931 933/933/933
f 934/934/934 933/933/933 931/931/931
f 933/933/933 934/934/934 935/935/935
f 936/936/936 935/935/935 934/934/934
f 938/938/938 939/939/939 937/937/937
f 940/940/940 937/937/937 939/939/939
f 939/939/939 941/941/941 940/940/940
f 942/942/942 940/940/940 941/941/941
f 942/942/942 941/941/941 943/943/943
f 944/944/944 943/943/943 941/941/941
f 944/944/944 945/945/945 943/943/943
f 946/946/946 943/943/943 945/945/945
f 946/946/946 945/945/945 947/947/947
f 948/948/948 947/947/947 945/945/945
f 948/948/948 949/949/949 947/947/947
f 950/950/950 947/947/947 949/949/949
f 950/950/950 949/949/949 951/951/951
f 952/952/952 951/951/951 949/949/949
f 952/952/952 953/953/953 951/951/951
f 954/954/954 951/951/951 953/953/953
f 953/953/953 955/955/955 954/954/954
f 956/956/956 954/954/954 955/955/955
f 955/955/955 957/957/957 956/956/956
f 958/958/958 956/956/956 957/957/957
f 960/960/960 961/961/961 959/959/959
f 962/962/962 959/959/959 961/961/961
f 961/961/961 963/963/963 962/962/962
f 964/964/964 962/962/962 963/963/963
f 963/963/963 965/965/965 964/964/964
f 966/966/966 964/964/964 965/965/965
f 968/968/968 969/969/969 967/967/967
f 970/970/970 967/967/967 969/969/969
f 969/969/969 971/971/971 970/970/970
f 972/972/972 970/970/970 971/971/971
f 971/971/971 973/973/973 972/972/972
f 974/974/974 972/972/972 973/973/973
f 974/974/974 973/973/973 975/975/975
f 976/976/976 975/975/975 973/973/973
f 978/978/978 979/979/979 977/977/977
f 980/980/980 977/977/977 979/979/979
f 979/979/979 981/981/981 980/980/980
f 982/982/982 980/980/980 981/981/981
f 981/981/981 983/983/983 982/982/982
f 984/984/984 982/982/982 983/983/983
f 986/986/986 987/987/987 985/985/985
f 988/988/988 985/985/985 987/987/987
f 987/987/987 989/989/989 988/988/988
f 990/990/990 988/988/988 989/989/989
f 990/990/990 989/989/989 991/991/991
f 992/992/992 991/991/991 989/989/989
f 991/991/991 992/992/992 993/993/993
f 994/994/994 993/993/993 992/992/992
f 996/996/996 997/997/997 995/995/995
f 998/998/998 995/995/995 997/997/997
f 995/995/995 998/998/998 999/999/999
f 1000/1000/1000 999/999/999 998/998/998
f 1000/1000/1000 1001/1001/1001 999/999/999
f 1002/1002/1002 999/999/999 1001/1001/1001
f 1002/1002/1002 1001/1001/1001 1003/1003/1003
f 1004/1004/1004 1003/1003/1003 1001/1001/1001
f 1003/1003/1003 1004/1004/1004 1005/1005/1005
f 1006/1006/1006 1005/1005/1005 1004/1004/1004
f 1006/1006/1006 1007/1007/1007 1005/1005/1005
f 1008/1008/1008 1005/1005/1005 1007/1007/1007
f 1010/1010/1010 1011/1011/1011 1009/1009/1009
f 1012/1012/1012 1009/1009/1009 1011/1011/1011
f 1009/1009/1009 1012/1012/1012 1013/1013/1013
f 1014/1014/1014 1013/1013/1013 1012/1012/1012
f 1013/1013/1013 1014/1014/1014 1015/1015/1015
f 1016/1016/1016 1015/1015/1015 1014/1014/1014
f 1016/1016/1016 1017/1017/1017 1015/1015/1015
f 1018/1018/1018 1015/1015/1015 1017/1017/1017
f 1020/1020/1020 1021/1021/1021 1019/1019/1019
f 1022/1022/1022 1019/1019/1019 1021/1021/1021
f 1019/1019/1019 1022/1022/1022 1023/1023/1023
f 1024/1024/1024 1023/1023/1023 1022/1022/1022
f 1024/1024/1024 1025/1025/1025 1023/1023/1023
f 1026/1026/1026 1023/1023/1023 1025/1025/1025
f 1026/1026/1026 1025/1025/1025 1027/1027/1027
f 1028/1028/1028 1027/1027/1027 1025/1025/1025
f 1028/1028/1028 1029/1029/1029 1027/1027/1027
f 1030/1030/1030 1027/1027/1027 1029/1029/1029
f 1029/1029/1029 1031/1031/1031 1030/1030/1030
f 1032/1032/1032 1030/1030/1030 1031/1031/1031
f 1031/1031/1031 1033/1033/1033 1032/1032/1032
f 1034/1034/1034 1032/1032/1032 1033/1033/1033
f 1034/1034/1034 1033/1033/1033 1035/1035/1035
f 1036/1036/1036 1035/1035/1035 1033/1033/1033
f 1036/1036/1036 1037/1037/1037 1035/1035/1035
f 1038/1038/1038 1035/1035/1035 1037/1037/1037
f 1038/1038/1038 1037/1037/1037 1039/1039/1039
f 1040/1040/1040 1039/1039/1039 1037/1037/1037
f 1039/1039/1039 1040/1040/1040 1041/1041/1041
f 1042/1042/1042 1041/1041/1041 1040/1040/1040
f 1042/1042/1042 1043/1043/1043 1041/1041/1041
f 1044/1044/1044 1041/1041/1041 1043/1043/1043
f 1046/1046/1046 1047/1047/1047 1045/1045/1045
f 1048/1048/1048 1045/1045/1045 1047/1047/1047
f 1045/1045/1045 1048/1048/1048 1049/1049/1049
f 1050/1050/1050 1049/1049/1049 1048/1048/1048
f 1049/1049/1049 1050/1050/1050 1051/1051/1051
f 1052/1052/1052 1051/1051/1051 1050/1050/1050
f 1052/1052/1052 1053/1053/1053 1051/1051/1051
f 1054/1054/1054 1051/1051/1051 1053/1053/1053
f 1053/1053/1053 1055/1055/1055 1054/1054/1054
f 1056/1056/1056 1054/1054/1054 1055/1055/1055
f 1055/1055/1055 1057/1057/1057 1056/1056/1056
f 1058/1058/1058 1056/1056/1056 1057/1057/1057
f 1058/1058/1058 1057/1057/1057 1059/1059/1059
f 1060/1060/1060 1059/1059/1059 1057/1057/1057
f 1059/1059/1059 1060/1060/1060 1061/1061/1061
f 1062/1062/1062 1061/1061/1061 1060/1060/1060
f 1062/1062/1062 1063/1063/1063 1061/1061/1061
f 1064/1064/1064 1061/1061/1061 1063/1063/1063
f 1064/1064/1064 1063/1063/1063 1065/1065/1065
f 1066/1066/1066 1065/1065/1065 1063/1063/1063
f 1065/1065/1065 1066/1066/1066 1067/1067/1067
f 1068/1068/1068 1067/1067/1067 1066/1066/1066
f 1068/1068/1068 1069/1069/1069 1067/1067/1067
f 1070/1070/1070 1067/1067/1067 1069/1069/1069
f 1072/1072/1072 1073/1073/1073 1071/1071/1071
f 1074/1074/1074 1071/1071/1071 1073/1073/1073
f 1071/1071/1071 1074/1074/1074 1075/1075/1075
f 1076/1076/1076 1075/1075/1075 1074/1074/1074
f 1075/1075/1075 1076/1076/1076 1077/1077/1077
f 1078/1078/1078 1077/1077/1077 1076/1076/1076
f 1078/1078/1078 1079/1079/1079 1077/1077/1077
f 1080/1080/1080 1077/1077/1077 1079/1079/1079
f 1079/1079/1079 1081/1081/1081 1080/1080/1080
f 1082/1082/1082 1080/1080/1080 1081/1081/1081
f 1081/1081/1081 1083/1083/1083 1082/1082/1082
f 1084/1084/1084 1082/1082/1082 1083/1083/1083
f 1083/1083/1083 1085/1085/1085 1084/1084/1084
f 1086/1086/1086 1084/1084/1084 1085/1085/1085
f 1085/1085/1085 1087/1087/1087 1086/1086/1086
f 1088/1088/1088 1086/1086/1086 1087/1087/1087
f 1087/1087/1087 1089/1089/1089 1088/1088/1088
f 1090/1090/1090 1088/1088/1088 1089/1089/1089
f 1090/1090/1090 1089/1089/1089 1091/1091/1091
f 1092/1092/1092 1091/1091/1091 1089/1089/1089
f 1091/1091/1091 1092/1092/1092 1093/1093/1093
f 1094/1094/1094 1093/1093/1093 1092/1092/1092
f 1093/1093/1093 1094/1094/1094 1095/1095/1095
f 1096/1096/1096 1095/1095/1095 1094/1094/1094
f 1098/1098/1098 1099/1099/1099 1097/1097/1097
f 1100/1100/1100 1097/1097/1097 1099/1099/1099
f 1097/1097/1097 1100/1100/1100 1101/1101/1101
f 1102/1102/1102 1101/1101/1101 1100/1100/1100
f 1101/1101/1101 1102/1102/1102 1103/1103/1103
f 1104/1104/1104 1103/1103/1103 1102/1102/1102
f 1103/1103/1103 1104/1104/1104 1105/1105/1105
f 1106/1106/1106 1105/1105/1105 1104/1104/1104
f 1108/1108/1108 1109/1109/1109 1107/1107/1107
f 1110/1110/1110 1107/1107/1107 1109/1109/1109
f 1107/1107/1107 1110/1110/1110 1111/1111/1111
f 1112/1112/1112 1111/1111/1111 1110/1110/1110
f 1111/1111/1111 1112/1112/1112 1113/1113/1113
f 1114/1114/1114 1113/1113/1113 1112/1112/1112
f 1114/1114/1114 1115/1115/1115 1113/1113/1113
f 1116/1116/1116 1113/1113/1113 1115/1115/1115
f 1118/1118/1118 1119/1119/1119 1117/1117/1117
f 1120/1120/1120 1117/1117/1117 1119/1119/1119
f 1117/1117/1117 1120/1120/1120 1121/1121/1121
f 1122/1122/1122 1121/1121/1121 1120/1120/1120
f 1121/1121/1121 1122/1122/1122 1123/1123/1123
f 1124/1124/1124 1123/1123/1123 1122/1122/1122
f 1124/1124/1124 1125/1125/1125 1123/1123/1123
f 1126/1126/1126 1123/1123/1123 1125/1125/1125
f 1128/1128/1128 1129/1129/1129 1127/1127/1127
f 1130/1130/1130 1127/1127/1127 1129/1129/1129
f 1127/1127/1127 1130/1130/1130 1131/1131/1131
f 1132/1132/1132 1131/1131/1131 1130/1130/1130
f 1132/1132/1132 1133/1133/1133 1131/1131/1131
f 1134/1134/1134 1131/1131/1131 1133/1133/1133
f 1133/1133/1133 1135/1135/1135 1134/1134/1134
f 1136/1136/1136 1134/1134/1134 1135/1135/1135
f 1136/1136/1136 1135/1135/1135 1137/1137/1137
f 1138/1138/1138 1137/1137/1137 1135/1135/1135
f 1137/1137/1137 1138/1138/1138 1139/1139/1139
f 1140/1140/1140 1139/1139/1139 1138/1138/1138
f 1140/1140/1140 1141/1141/1141 1139/1139/1139
f 1142/1142/1142 1139/1139/1139 1141/1141/1141
f 1142/1142/1142 1141/1141/1141 1143/1143/1143
f 1144/1144/1144 1143/1143/1143 1141/1141/1141
f 1145/1145/1145 1143/1143/1143 1144/1144/1144
f 1146/1146/1146 1143/1143/1143 1145/1145/1145
f 1146/1146/1146 1145/1145/1145 1147/1147/1147
f 1148/1148/1148 1147/1147/1147 1145/1145/1145
f 1150/1150/1150 1151/1151/1151 1149/1149/1149
f 1152/1152/1152 1149/1149/1149 1151/1151/1151
f 1149/1149/1149 1152/1152/1152 1153/1153/1153
f 1154/1154/1154 1153/1153/1153 1152/1152/1152
f 1153/1153/1153 1154/1154/1154 1155/1155/1155
f 1156/1156/1156 1155/1155/1155 1154/1154/1154
f 1158/1158/1158 1159/1159/1159 1157/1157/1157
f 1160/1160/1160 1157/1157/1157 1159/1159/1159
f 1157/1157/1157 1160/1160/1160 1161/1161/1161
f 1162/1162/1162 1161/1161/1161 1160/1160/1160
f 1161/1161/1161 1162/1162/1162 1163/1163/1163
f 1164/1164/1164 1163/1163/1163 1162/1162/1162
f 1163/1163/1163 1164/1164/1164 1165/1165/1165
f 1166/1166/1166 1165/1165/1165 1164/1164/1164
f 1168/1168/1168 1169/1169/1169 1167/1167/1167
f 1170/1170/1170 1167/1167/1167 1169/1169/1169
f 1167/1167/1167 1170/1170/1170 1171/1171/1171
f 1172/1172/1172 1171/1171/1171 1170/1170/1170
f 1172/1172/1172 1173/1173/1173 1171/1171/1171
f 1174/1174/1174 1171/1171/1171 1173/1173/1173
f 1174/1174/1174 1173/1173/1173 1175/1175/1175
f 1176/1176/1176 1175/1175/1175 1173/1173/1173
f 1176/1176/1176 1177/1177/1177 1175/1175/1175
f 1178/1178/1178 1175/1175/1175 1177/1177/1177
f 1178/1178/1178 1177/1177/1177 1179/1179/1179
f 1180/1180/1180 1179/1179/1179 1177/1177/1177
f 1180/1180/1180 1181/1181/1181 1179/1179/1179
f 1182/1182/1182 1179/1179/1179 1181/1181/1181
f 1182/1182/1182 1181/1181/1181 1183/1183/1183
f 1184/1184/1184 1183/1183/1183 1181/1181/1181
f 1183/1183/1183 1184/1184/1184 1185/1185/1185
f 1186/1186/1186 1185/1185/1185 1184/1184/1184
f 1185/1185/1185 1186/1186/1186 1187/1187/1187
f 1188/1188/1188 1187/1187/1187 1186/1186/1186
f 1190/1190/1190 1191/1191/1191 1189/1189/1189
f 1192/1192/1192 1189/1189/1189 1191/1191/1191
f 1189/1189/1189 1192/1192/1192 1193/1193/1193
f 1194/1194/1194 1193/1193/1193 1192/1192/1192
f 1193/1193/1193 1194/1194/1194 1195/1195/1195
f 1196/1196/1196 1195/1195/1195 1194/1194/1194
f 1198/1198/1198 1199/1199/1199 1197/1197/1197
f 1200/1200/1200 1197/1197/1197 1199/1199/1199
f 1197/1197/1197 1200/1200/1200 1201/1201/1201
f 1202/1202/1202 1201/1201/1201 1200/1200/1200
f 1201/1201/1201 1202/1202/1202 1203/1203/1203
f 1204/1204/1204 1203/1203/1203 1202/1202/1202
f 1204/1204/1204 1205/1205/1205 1203/1203/1203
f 1206/1206/1206 1203/1203/1203 1205/1205/1205
f 1208/1208/1208 1209/1209/1209 1207/1207/1207
f 1210/1210/1210 1207/1207/1207 1209/1209/1209
f 1207/1207/1207 1210/1210/1210 1211/1211/1211
f 1212/1212/1212 1211/1211/1211 1210/1210/1210
f 1211/1211/1211 1212/1212/1212 1213/1213/1213
f 1214/1214/1214 1213/1213/1213 1212/1212/1212
f 1216/1216/1216 1217/1217/1217 1215/1215/1215
f 1218/1218/1218 1215/1215/1215 1217/1217/1217
f 1215/1215/1215 1218/1218/1218 1219/1219/1219
f 1220/1220/1220 1219/1219/1219 1218/1218/1218
f 1220/1220/1220 1221/1221/1221 1219/1219/1219
f 1222/1222/1222 1219/1219/1219 1221/1221/1221
f 1222/1222/1222 1221/1221/1221 1223/1223/1223
f 1224/1224/1224 1223/1223/1223 1221/1221/1221
f 1226/1226/1226 1227/1227/1227 1225/1225/1225
f 1228/1228/1228 1225/1225/1225 1227/1227/1227
f 1225/1225/1225 1228/1228/1228 1229/1229/1229
f 1230/1230/1230 1229/1229/1229 1228/1228/1228
f 1230/1230/1230 1231/1231/1231 1229/1229/1229
f 1232/1232/1232 1229/1229/1229 1231/1231/1231
f 1232/1232/1232 1231/1231/1231 1233/1233/1233
f 1234/1234/1234 1233/1233/1233 1231/1231/1231
f 1236/1236/1236 1237/1237/1237 1235/1235/1235
f 1238/1238/1238 1235/1235/1235 1237/1237/1237
f 1235/1235/1235 1238/1238/1238 1239/1239/1239
f 1240/1240/1240 1239/1239/1239 1238/1238/1238
f 1239/1239/1239 1240/1240/1240 1241/1241/1241
f 1242/1242/1242 1241/1241/1241 1240/1240/1240
f 1242/1242/1242 1243/1243/1243 1241/1241/1241
f 1244/1244/1244 1241/1241/1241 1243/1243/1243
f 1246/1246/1246 1247/1247/1247 1245/1245/1245
f 1248/1248/1248 1245/1245/1245 1247/1247/1247
f 1245/1245/1245 1248/1248/1248 1249/1249/1249
f 1250/1250/1250 1249/1249/1249 1248/1248/1248
f 1249/1249/1249 1250/1250/1250 1251/1251/1251
f 1252/1252/1252 1251/1251/1251 1250/1250/1250
f 1252/1252/1252 1253/1253/1253 1251/1251/1251
f 1254/1254/1254 1251/1251/1251 1253/1253/1253
f 1256/1256/1256 1257/1257/1257 1255/1255/1255
f 1258/1258/1258 1255/1255/1255 1257/1257/1257
f 1255/1255/1255 1258/1258/1258 1259/1259/1259
f 1260/1260/1260 1259/1259/1259 1258/1258/1258
f 1259/1259/1259 1260/1260/1260 1261/1261/1261
f 1262/1262/1262 1261/1261/1261 1260/1260/1260
f 1261/1261/1261 1262/1262/1262 1263/1263/1263
f 1264/1264/1264 1263/1263/1263 1262/1262/1262
f 1266/1266/1266 1267/1267/1267 1265/1265/1265
f 1268/1268/1268 1265/1265/1265 1267/1267/1267
f 1265/1265/1265 1268/1268/1268 1269/1269/1269
f 1270/1270/1270 1269/1269/1269 1268/1268/1268
f 1269/1269/1269 1270/1270/1270 1271/1271/1271
f 1272/1272/1272 1271/1271/1271 1270/1270/1270
f 1273/1273/1273 1271/1271/1271 1272/1272/1272
f 1271/1271/1271 1273/1273/1273 1274/1274/1274
f 1276/1276/1276 1277/1277/1277 1275/1275/1275
f 1278/1278/1278 1275/1275/1275 1277/1277/1277
f 1275/1275/1275 1278/1278/1278 1279/1279/1279
f 1280/1280/1280 1279/1279/1279 1278/1278/1278
f 1280/1280/1280 1281/1281/1281 1279/1279/1279
f 1282/1282/1282 1279/1279/1279 1281/1281/1281
f 1284/1284/1284 1285/1285/1285 1283/1283/1283
f 1286/1286/1286 1283/1283/1283 1285/1285/1285
f 1283/1283/1283 1286/1286/1286 1287/1287/1287
f 1288/1288/1288 1287/1287/1287 1286/1286/1286
f 1290/1290/1290 1291/1291/1291 1289/1289/1289
f 1292/1292/1292 1289/1289/1289 1291/1291/1291
f 1289/1289/1289 1292/1292/1292 1293/1293/1293
f 1294/1294/1294 1293/1293/1293 1292/1292/1292
f 1294/1294/1294 1295/1295/1295 1293/1293/1293
f 1296/1296/1296 1293/1293/1293 1295/1295/1295
f 1298/1298/1298 1299/1299/1299 1297/1297/1297
f 1300/1300/1300 1297/1297/1297 1299/1299/1299
f 1297/1297/1297 1300/1300/1300 1301/1301/1301
f 1302/1302/1302 1301/1301/1301 1300/1300/1300
f 1301/1301/1301 1302/1302/1302 1303/1303/1303
f 1304/1304/1304 1303/1303/1303 1302/1302/1302
f 1304/1304/1304 1305/1305/1305 1303/1303/1303
f 1306/1306/1306 1303/1303/1303 1305/1305/1305
f 1308/1308/1308 1309/1309/1309 1307/1307/1307
f 1310/1310/1310 1307/1307/1307 1309/1309/1309
f 1307/1307/1307 1310/1310/1310 1311/1311/1311
f 1312/1312/1312 1311/1311/1311 1310/1310/1310
f 1311/1311/1311 1312/1312/1312 1313/1313/1313
f 1314/1314/1314 1313/1313/1313 1312/1312/1312
f 1314/1314/1314 1315/1315/1315 1313/1313/1313
f 1316/1316/1316 1313/1313/1313 1315/1315/1315
f 1318/1318/1318 1319/1319/1319 1317/1317/1317
f 1320/1320/1320 1317/1317/1317 1319/1319/1319
f 1317/1317/1317 1320/1320/1320 1321/1321/1321
f 1322/1322/1322 1321/1321/1321 1320/1320/1320
f 1322/1322/1322 1323/1323/1323 1321/1321/1321
f 1324/1324/1324 1321/1321/1321 1323/1323/1323
f 1326/1326/1326 1327/1327/1327 1325/1325/1325
f 1328/1328/1328 1325/1325/1325 1327/1327/1327
f 1325/1325/1325 1328/1328/1328 1329/1329/1329
f 1330/1330/1330 1329/1329/1329 1328/1328/1328
f 1332/1332/1332 1331/1331/1331 1333/1333/1333
f 1335/1335/1335 1334/1334/1334 1336/1336/1336
f 1338/1338/1338 1337/1337/1337 1339/1339/1339
f 1341/1341/1341 1340/1340/1340 1342/1342/1342
f 1344/1344/1344 1345/1345/1345 1343/1343/1343
f 1346/1346/1346 1343/1343/1343 1345/1345/1345
f 1346/1346/1346 1347/1347/1347 1343/1343/1343
f 1348/1348/1348 1343/1343/1343 1347/1347/1347
f 1348/1348/1348 1347/1347/1347 1349/1349/1349
f 1350/1350/1350 1349/1349/1349 1347/1347/1347
f 1350/1350/1350 1351/1351/1351 1349/1349/1349
f 1352/1352/1352 1349/1349/1349 1351/1351/1351
f 1354/1354/1354 1355/1355/1355 1353/1353/1353
f 1356/1356/1356 1353/1353/1353 1355/1355/1355
f 1356/1356/1356 1355/1355/1355 1357/1357/1357
f 1358/1358/1358 1357/1357/1357 1355/1355/1355
f 1358/1358/1358 1359/1359/1359 1357/1357/1357
f 1360/1360/1360 1357/1357/1357 1359/1359/1359
f 1359/1359/1359 1361/1361/1361 1360/1360/1360
f 1362/1362/1362 1360/1360/1360 1361/1361/1361
f 1362/1362/1362 1361/1361/1361 1363/1363/1363
f 1364/1364/1364 1363/1363/1363 1361/1361/1361
f 1366/1366/1366 1367/1367/1367 1365/1365/1365
f 1368/1368/1368 1365/1365/1365 1367/1367/1367
f 1368/1368/1368 1367/1367/1367 1369/1369/1369
f 1370/1370/1370 1369/1369/1369 1367/1367/1367
f 1369/1369/1369 1370/1370/1370 1371/1371/1371
f 1372/1372/1372 1371/1371/1371 1370/1370/1370
f 1372/1372/1372 1373/1373/1373 1371/1371/1371
f 1374/1374/1374 1371/1371/1371 1373/1373/1373
f 1373/1373/1373 1375/1375/1375 1374/1374/1374
f 1376/1376/1376 1374/1374/1374 1375/1375/1375
f 1376/1376/1376 1375/1375/1375 1377/1377/1377
f 1378/1378/1378 1377/1377/1377 1375/1375/1375
f 1378/1378/1378 1379/1379/1379 1377/1377/1377
f 1380/1380/1380 1377/1377/1377 1379/1379/1379
f 1379/1379/1379 1381/1381/1381 1380/1380/1380
f 1382/1382/1382 1380/1380/1380 1381/1381/1381
f 1381/1381/1381 1383/1383/1383 1382/1382/1382
f 1384/1384/1384 1382/1382/1382 1383/1383/1383
f 1384/1384/1384 1383/1383/1383 1385/1385/1385
f 1386/1386/1386 1385/1385/1385 1383/1383/1383
f 1385/1385/1385 1386/1386/1386 1387/1387/1387
f 1388/1388/1388 1387/1387/1387 1386/1386/1386
f 1388/1388/1388 1389/1389/1389 1387/1387/1387
f 1390/1390/1390 1387/1387/1387 1389/1389/1389
f 1392/1392/1392 1393/1393/1393 1391/1391/1391
f 1394/1394/1394 1391/1391/1391 1393/1393/1393
f 1394/1394/1394 1393/1393/1393 1395/1395/1395
f 1396/1396/1396 1395/1395/1395 1393/1393/1393
f 1398/1398/1398 1399/1399/1399 1397/1397/1397
f 1400/1400/1400 1397/1397/1397 1399/1399/1399
f 1400/1400/1400 1399/1399/1399 1401/1401/1401
f 1402/1402/1402 1401/1401/1401 1399/1399/1399
f 1404/1404/1404 1405/1405/1405 1403/1403/1403
f 1406/1406/1406 1403/1403/1403 1405/1405/1405
f 1406/1406/1406 1407/1407/1407 1403/1403/1403
f 1408/1408/1408 1403/1403/1403 1407/1407/1407
f 1408/1408/1408 1407/1407/1407 1409/1409/1409
f 1410/1410/1410 1411/1411/1411 1412/1412/1412
f 1414/1414/1414 1415/1415/1415 1413/1413/1413
f 1416/1416/1416 1413/1413/1413 1415/1415/1415
f 1416/1416/1416 1415/1415/1415 1417/1417/1417
f 1418/1418/1418 1417/1417/1417 1415/1415/1415
f 1418/1418/1418 1419/1419/1419 1417/1417/1417
f 1420/1420/1420 1417/1417/1417 1419/1419/1419
f 1420/1420/1420 1419/1419/1419 1421/1421/1421
f 1422/1422/1422 1421/1421/1421 1419/1419/1419
f 1424/1424/1424 1425/1425/1425 1423/1423/1423
f 1426/1426/1426 1423/1423/1423 1425/1425/1425
f 1426/1426/1426 1425/1425/1425 1427/1427/1427
f 1428/1428/1428 1427/1427/1427 1425/1425/1425
f 1428/1428/1428 1429/1429/1429 1427/1427/1427
f 1430/1430/1430 1427/1427/1427 1429/1429/1429
f 1430/1430/1430 1429/1429/1429 1431/1431/1431
f 1432/1432/1432 1431/1431/1431 1429/1429/1429
f 1434/1434/1434 1435/1435/1435 1433/1433/1433
f 1436/1436/1436 1433/1433/1433 1435/1435/1435
f 1436/1436/1436 1435/1435/1435 1437/1437/1437
f 1438/1438/1438 1437/1437/1437 1435/1435/1435
f 1438/1438/1438 1439/1439/1439 1437/1437/1437
f 1440/1440/1440 1437/1437/1437 1439/1439/1439
f 1440/1440/1440 1439/1439/1439 1441/1441/1441
f 1442/1442/1442 1441/1441/1441 1439/1439/1439
f 1444/1444/1444 1445/1445/1445 1443/1443/1443
f 1446/1446/1446 1443/1443/1443 1445/1445/1445
f 1446/1446/1446 1447/1447/1447 1443/1443/1443
f 1448/1448/1448 1443/1443/1443 1447/1447/1447
f 1448/1448/1448 1447/1447/1447 1449/1449/1449
f 1450/1450/1450 1449/1449/1449 1447/1447/1447
f 1449/1449/1449 1450/1450/1450 1451/1451/1451
f 1452/1452/1452 1451/1451/1451 1450/1450/1450
f 1452/1452/1452 1453/1453/1453 1451/1451/1451
f 1454/1454/1454 1451/1451/1451 1453/1453/1453
f 1456/1456/1456 1457/1457/1457 1455/1455/1455
f 1458/1458/1458 1455/1455/1455 1457/1457/1457
f 1458/1458/1458 1459/1459/1459 1455/1455/1455
f 1460/1460/1460 1455/1455/1455 1459/1459/1459
f 1459/1459/1459 1461/1461/1461 1460/1460/1460
f 1462/1462/1462 1460/1460/1460 1461/1461/1461
f 1462/1462/1462 1461/1461/1461 1463/1463/1463
f 1464/1464/1464 1463/1463/1463 1461/1461/1461
f 1463/1463/1463 1464/1464/1464 1465/1465/1465
f 1466/1466/1466 1465/1465/1465 1464/1464/1464
f 1466/1466/1466 1467/1467/1467 1465/1465/1465
f 1468/1468/1468 1465/1465/1465 1467/1467/1467
f 1468/1468/1468 1467/1467/1467 1469/1469/1469
f 1470/1470/1470 1469/1469/1469 1467/1467/1467
f 1469/1469/1469 1470/1470/1470 1471/1471/1471
f 1472/1472/1472 1471/1471/1471 1470/1470/1470
f 1471/1471/1471 1472/1472/1472 1473/1473/1473
f 1474/1474/1474 1473/1473/1473 1472/1472/1472
f 1474/1474/1474 1475/1475/1475 1473/1473/1473
f 1476/1476/1476 1473/1473/1473 1475/1475/1475
f 1475/1475/1475 1477/1477/1477 1476/1476/1476
f 1478/1478/1478 1476/1476/1476 1477/1477/1477
f 1478/1478/1478 1477/1477/1477 1479/1479/1479
f 1480/1480/1480 1479/1479/1479 1477/1477/1477
f 1482/1482/1482 1483/1483/1483 1481/1481/1481
f 1484/1484/1484 1481/1481/1481 1483/1483/1483
f 1484/1484/1484 1485/1485/1485 1481/1481/1481
f 1486/1486/1486 1481/1481/1481 1485/1485/1485
f 1488/1488/1488 1489/1489/1489 1487/1487/1487
f 1490/1490/1490 1487/1487/1487 1489/1489/1489
f 1490/1490/1490 1491/1491/1491 1487/1487/1487
f 1492/1492/1492 1487/1487/1487 1491/1491/1491
f 1494/1494/1494 1495/1495/1495 1493/1493/1493
f 1496/1496/1496 1493/1493/1493 1495/1495/1495
f 1496/1496/1496 1495/1495/1495 1497/1497/1497
f 1498/1498/1498 1497/1497/1497 1495/1495/1495
f 1498/1498/1498 1499/1499/1499 1497/1497/1497
f 1500/1500/1500 1501/1501/1501 1502/1502/1502
f 1504/1504/1504 1505/1505/1505 1503/1503/1503
f 1506/1506/1506 1503/1503/1503 1505/1505/1505
f 1506/1506/1506 1507/1507/1507 1503/1503/1503
f 1508/1508/1508 1503/1503/1503 1507/1507/1507
f 1508/1508/1508 1507/1507/1507 1509/1509/1509
f 1510/1510/1510 1509/1509/1509 1507/1507/1507
f 1510/1510/1510 1511/1511/1511 1509/1509/1509
f 1512/1512/1512 1509/1509/1509 1511/1511/1511
f 1514/1514/1514 1515/1515/1515 1513/1513/1513
f 1516/1516/1516 1513/1513/1513 1515/1515/1515
f 1516/1516/1516 1517/1517/1517 1513/1513/1513
f 1518/1518/1518 1513/1513/1513 1517/1517/1517
f 1518/1518/1518 1517/1517/1517 1519/1519/1519
f 1520/1520/1520 1519/1519/1519 1517/1517/1517
f 1520/1520/1520 1521/1521/1521 1519/1519/1519
f 1522/1522/1522 1519/1519/1519 1521/1521/1521
f 1524/1524/1524 1525/1525/1525 1523/1523/1523
f 1526/1526/1526 1523/1523/1523 1525/1525/1525
f 1525/1525/1525 1527/1527/1527 1526/1526/1526
f 1523/1523/1523 1526/1526/1526 1528/1528/1528
f 1529/1529/1529 1526/1526/1526 1527/1527/1527
f 1531/1531/1531 1528/1528/1528 1530/1530/1530
f 1526/1526/1526 1529/1529/1529 1532/1532/1532
f 1532/1532/1532 1528/1528/1528 1526/1526/1526
f 1532/1532/1532 1530/1530/1530 1528/1528/1528
f 1533/1533/1533 1532/1532/1532 1529/1529/1529
f 1530/1530/1530 1532/1532/1532 1534/1534/1534
f 1533/1533/1533 1534/1534/1534 1532/1532/1532
f 1536/1536/1536 1537/1537/1537 1535/1535/1535
f 1538/1538/1538 1535/1535/1535 1537/1537/1537
f 1537/1537/1537 1539/1539/1539 1538/1538/1538
f 1535/1535/1535 1538/1538/1538 1540/1540/1540
f 1541/1541/1541 1538/1538/1538 1539/1539/1539
f 1542/1542/1542 1540/1540/1540 1538/1538/1538
f 1538/1538/1538 1541/1541/1541 1542/1542/1542
f 1540/1540/1540 1542/1542/1542 1543/1543/1543
f 1544/1544/1544 1542/1542/1542 1541/1541/1541
f 1545/1545/1545 1543/1543/1543 1542/1542/1542
f 1544/1544/1544 1546/1546/1546 1542/1542/1542
f 1545/1545/1545 1542/1542/1542 1546/1546/1546
f 1548/1548/1548 1549/1549/1549 1547/1547/1547
f 1550/1550/1550 1547/1547/1547 1549/1549/1549
f 1547/1547/1547 1550/1550/1550 1551/1551/1551
f 1549/1549/1549 1552/1552/1552 1550/1550/1550
f 1553/1553/1553 1551/1551/1551 1550/1550/1550
f 1554/1554/1554 1555/1555/1555 1552/1552/1552
f 1550/1550/1550 1556/1556/1556 1553/1553/1553
f 1556/1556/1556 1550/1550/1550 1552/1552/1552
f 1556/1556/1556 1552/1552/1552 1555/1555/1555
f 1557/1557/1557 1553/1553/1553 1556/1556/1556
f 1555/1555/1555 1558/1558/1558 1556/1556/1556
f 1557/1557/1557 1556/1556/1556 1558/1558/1558
f 1560/1560/1560 1561/1561/1561 1559/1559/1559
f 1562/1562/1562 1559/1559/1559 1561/1561/1561
f 1559/1559/1559 1562/1562/1562 1563/1563/1563
f 1561/1561/1561 1564/1564/1564 1562/1562/1562
f 1565/1565/1565 1563/1563/1563 1562/1562/1562
f 1566/1566/1566 1562/1562/1562 1564/1564/1564
f 1562/1562/1562 1566/1566/1566 1565/1565/1565
f 1564/1564/1564 1567/1567/1567 1566/1566/1566
f 1568/1568/1568 1565/1565/1565 1566/1566/1566
f 1569/1569/1569 1566/1566/1566 1567/1567/1567
f 1568/1568/1568 1566/1566/1566 1570/1570/1570
f 1569/1569/1569 1570/1570/1570 1566/1566/1566
f 1572/1572/1572 1573/1573/1573 1571/1571/1571
f 1571/1571/1571 1573/1573/1573 1574/1574/1574
f 1572/1572/1572 1575/1575/1575 1573/1573/1573
f 1576/1576/1576 1574/1574/1574 1573/1573/1573
f 1577/1577/1577 1573/1573/1573 1575/1575/1575
f 1574/1574/1574 1576/1576/1576 1578/1578/1578
f 1577/1577/1577 1575/1575/1575 1579/1579/1579
f 1578/1578/1578 1576/1576/1576 1580/1580/1580
f 1581/1581/1581 1579/1579/1579 1575/1575/1575
f 1582/1582/1582 1580/1580/1580 1576/1576/1576
f 1581/1581/1581 1583/1583/1583 1579/1579/1579
f 1582/1582/1582 1583/1583/1583 1580/1580/1580
f 1582/1582/1582 1579/1579/1579 1583/1583/1583
f 1585/1585/1585 1586/1586/1586 1584/1584/1584
f 1584/1584/1584 1586/1586/1586 1587/1587/1587
f 1585/1585/1585 1588/1588/1588 1586/1586/1586
f 1589/1589/1589 1587/1587/1587 1586/1586/1586
f 1590/1590/1590 1586/1586/1586 1588/1588/1588
f 1587/1587/1587 1589/1589/1589 1591/1591/1591
f 1590/1590/1590 1588/1588/1588 1592/1592/1592
f 1593/1593/1593 1591/1591/1591 1589/1589/1589
f 1594/1594/1594 1592/1592/1592 1588/1588/1588
f 1591/1591/1591 1593/1593/1593 1595/1595/1595
f 1594/1594/1594 1596/1596/1596 1592/1592/1592
f 1597/1597/1597 1595/1595/1595 1593/1593/1593
f 1597/1597/1597 1592/1592/1592 1596/1596/1596
f 1595/1595/1595 1597/1597/1597 1596/1596/1596
f 1599/1599/1599 1600/1600/1600 1598/1598/1598
f 1598/1598/1598 1601/1601/1601 1599/1599/1599
f 1600/1600/1600 1599/1599/1599 1602/1602/1602
f 1603/1603/1603 1599/1599/1599 1601/1601/1601
f 1604/1604/1604 1602/1602/1602 1599/1599/1599
f 1603/1603/1603 1601/1601/1601 1605/1605/1605
f 1604/1604/1604 1606/1606/1606 1602/1602/1602
f 1605/1605/1605 1607/1607/1607 1603/1603/1603
f 1608/1608/1608 1602/1602/1602 1606/1606/1606
f 1609/1609/1609 1603/1603/1603 1607/1607/1607
f 1608/1608/1608 1606/1606/1606 1610/1610/1610
f 1610/1610/1610 1609/1609/1609 1607/1607/1607
f 1609/1609/1609 1610/1610/1610 1606/1606/1606
f 1612/1612/1612 1613/1613/1613 1611/1611/1611
f 1611/1611/1611 1614/1614/1614 1612/1612/1612
f 1613/1613/1613 1612/1612/1612 1615/1615/1615
f 1616/1616/1616 1612/1612/1612 1614/1614/1614
f 1617/1617/1617 1615/1615/1615 1612/1612/1612
f 1614/1614/1614 1618/1618/1618 1616/1616/1616
f 1617/1617/1617 1619/1619/1619 1615/1615/1615
f 1620/1620/1620 1616/1616/1616 1618/1618/1618
f 1621/1621/1621 1615/1615/1615 1619/1619/1619
f 1618/1618/1618 1622/1622/1622 1620/1620/1620
f 1621/1621/1621 1619/1619/1619 1623/1623/1623
f 1624/1624/1624 1620/1620/1620 1622/1622/1622
f 1624/1624/1624 1623/1623/1623 1619/1619/1619
f 1624/1624/1624 1622/1622/1622 1623/1623/1623
f 1626/1626/1626 1627/1627/1627 1625/1625/1625
f 1626/1626/1626 1625/1625/1625 1628/1628/1628
f 1629/1629/1629 1625/1625/1625 1627/1627/1627
f 1630/1630/1630 1628/1628/1628 1625/1625/1625
f 1627/1627/1627 1631/1631/1631 1629/1629/1629
f 1628/1628/1628 1630/1630/1630 1632/1632/1632
f 1633/1633/1633 1629/1629/1629 1631/1631/1631
f 1634/1634/1634 1632/1632/1632 1630/1630/1630
f 1631/1631/1631 1635/1635/1635 1633/1633/1633
f 1632/1632/1632 1634/1634/1634 1636/1636/1636
f 1637/1637/1637 1633/1633/1633 1635/1635/1635
f 1638/1638/1638 1636/1636/1636 1634/1634/1634
f 1637/1637/1637 1635/1635/1635 1639/1639/1639
f 1638/1638/1638 1639/1639/1639 1636/1636/1636
f 1640/1640/1640 1639/1639/1639 1635/1635/1635
f 1640/1640/1640 1636/1636/1636 1639/1639/1639
f 1642/1642/1642 1643/1643/1643 1641/1641/1641
f 1642/1642/1642 1641/1641/1641 1644/1644/1644
f 1645/1645/1645 1641/1641/1641 1643/1643/1643
f 1646/1646/1646 1644/1644/1644 1641/1641/1641
f 1643/1643/1643 1647/1647/1647 1645/1645/1645
f 1644/1644/1644 1646/1646/1646 1648/1648/1648
f 1649/1649/1649 1645/1645/1645 1647/1647/1647
f 1650/1650/1650 1648/1648/1648 1646/1646/1646
f 1649/1649/1649 1647/1647/1647 1651/1651/1651
f 1648/1648/1648 1650/1650/1650 1652/1652/1652
f 1653/1653/1653 1651/1651/1651 1647/1647/1647
f 1654/1654/1654 1652/1652/1652 1650/1650/1650
f 1653/1653/1653 1655/1655/1655 1651/1651/1651
f 1654/1654/1654 1656/1656/1656 1652/1652/1652
f 1657/1657/1657 1651/1651/1651 1655/1655/1655
f 1658/1658/1658 1652/1652/1652 1656/1656/1656
f 1657/1657/1657 1655/1655/1655 1659/1659/1659
f 1656/1656/1656 1659/1659/1659 1658/1658/1658
f 1660/1660/1660 1659/1659/1659 1655/1655/1655
f 1660/1660/1660 1658/1658/1658 1659/1659/1659
f 1662/1662/1662 1663/1663/1663 1661/1661/1661
f 1662/1662/1662 1661/1661/1661 1664/1664/1664
f 1665/1665/1665 1661/1661/1661 1663/1663/1663
f 1666/1666/1666 1664/1664/1664 1661/1661/1661
f 1663/1663/1663 1667/1667/1667 1665/1665/1665
f 1666/1666/1666 1668/1668/1668 1664/1664/1664
f 1669/1669/1669 1665/1665/1665 1667/1667/1667
f 1670/1670/1670 1664/1664/1664 1668/1668/1668
f 1667/1667/1667 1671/1671/1671 1669/1669/1669
f 1670/1670/1670 1668/1668/1668 1672/1672/1672
f 1673/1673/1673 1669/1669/1669 1671/1671/1671
f 1674/1674/1674 1672/1672/1672 1668/1668/1668
f 1673/1673/1673 1671/1671/1671 1675/1675/1675
f 1674/1674/1674 1676/1676/1676 1672/1672/1672
f 1677/1677/1677 1675/1675/1675 1671/1671/1671
f 1678/1678/1678 1672/1672/1672 1676/1676/1676
f 1675/1675/1675 1677/1677/1677 1679/1679/1679
f 1678/1678/1678 1676/1676/1676 1680/1680/1680
f 1681/1681/1681 1679/1679/1679 1677/1677/1677
f 1682/1682/1682 1680/1680/1680 1676/1676/1676
f 1679/1679/1679 1681/1681/1681 1683/1683/1683
f 1680/1680/1680 1682/1682/1682 1684/1684/1684
f 1684/1684/1684 1683/1683/1683 1681/1681/1681
f 1683/1683/1683 1684/1684/1684 1682/1682/1682
f 1686/1686/1686 1692/1692/1692 1685/1685/1685
f 1686/1686/1686 1685/1685/1685 1687/1687/1687
f 1688/1688/1688 1687/1687/1687 1685/1685/1685
f 1688/1688/1688 1689/1689/1689 1687/1687/1687
f 1690/1690/1690 1687/1687/1687 1689/1689/1689
f 1690/1690/1690 1689/1689/1689 1691/1691/1691
f 1693/1693/1693 1691/1691/1691 1689/1689/1689
f 1695/1695/1695 1694/1694/1694 1696/1696/1696
f 1698/1698/1698 1697/1697/1697 1699/1699/1699
f 1701/1701/1701 1700/1700/1700 1702/1702/1702
f 1704/1704/1704 1703/1703/1703 1705/1705/1705
f 1706/1706/1706 1705/1705/1705 1703/1703/1703
f 1706/1706/1706 1707/1707/1707 1705/1705/1705
f 1708/1708/1708 1709/1709/1709 1710/1710/1710
f 1712/1712/1712 1711/1711/1711 1713/1713/1713
f 1715/1715/1715 1714/1714/1714 1716/1716/1716
f 1718/1718/1718 1719/1719/1719 1717/1717/1717
f 1718/1718/1718 1717/1717/1717 1720/1720/1720
f 1721/1721/1721 1717/1717/1717 1719/1719/1719
f 1722/1722/1722 1720/1720/1720 1717/1717/1717
f 1719/1719/1719 1723/1723/1723 1721/1721/1721
f 1722/1722/1722 1724/1724/1724 1720/1720/1720
f 1725/1725/1725 1721/1721/1721 1723/1723/1723
f 1726/1726/1726 1720/1720/1720 1724/1724/1724
f 1723/1723/1723 1727/1727/1727 1725/1725/1725
f 1726/1726/1726 1724/1724/1724 1728/1728/1728
f 1729/1729/1729 1725/1725/1725 1727/1727/1727
f 1730/1730/1730 1728/1728/1728 1724/1724/1724
f 1729/1729/1729 1727/1727/1727 1731/1731/1731
f 1728/1728/1728 1730/1730/1730 1732/1732/1732
f 1732/1732/1732 1731/1731/1731 1727/1727/1727
f 1731/1731/1731 1732/1732/1732 1730/1730/1730
f 1734/1734/1734 1735/1735/1735 1733/1733/1733
f 1734/1734/1734 1733/1733/1733 1736/1736/1736
f 1737/1737/1737 1733/1733/1733 1735/1735/1735
f 1738/1738/1738 1736/1736/1736 1733/1733/1733
f 1735/1735/1735 1739/1739/1739 1737/1737/1737
f 1736/1736/1736 1738/1738/1738 1740/1740/1740
f 1741/1741/1741 1737/1737/1737 1739/1739/1739
f 1742/1742/1742 1740/1740/1740 1738/1738/1738
f 1739/1739/1739 1743/1743/1743 1741/1741/1741
f 1742/1742/1742 1744/1744/1744 1740/1740/1740
f 1745/1745/1745 1741/1741/1741 1743/1743/1743
f 1746/1746/1746 1740/1740/1740 1744/1744/1744
f 1745/1745/1745 1743/1743/1743 1747/1747/1747
f 1746/1746/1746 1744/1744/1744 1748/1748/1748
f 1749/1749/1749 1747/1747/1747 1743/1743/1743
f 1750/1750/1750 1748/1748/1748 1744/1744/1744
f 1747/1747/1747 1749/1749/1749 1751/1751/1751
f 1750/1750/1750 1751/1751/1751 1748/1748/1748
f 1752/1752/1752 1751/1751/1751 1749/1749/1749
f 1752/1752/1752 1748/1748/1748 1751/1751/1751
f 1754/1754/1754 1755/1755/1755 1753/1753/1753
f 1754/1754/1754 1753/1753/1753 1756/1756/1756
f 1757/1757/1757 1753/1753/1753 1755/1755/1755
f 1758/1758/1758 1756/1756/1756 1753/1753/1753
f 1755/1755/1755 1759/1759/1759 1757/1757/1757
f 1758/1758/1758 1760/1760/1760 1756/1756/1756
f 1761/1761/1761 1757/1757/1757 1759/1759/1759
f 1762/1762/1762 1756/1756/1756 1760/1760/1760
f 1759/1759/1759 1763/1763/1763 1761/1761/1761
f 1762/1762/1762 1760/1760/1760 1764/1764/1764
f 1765/1765/1765 1761/1761/1761 1763/1763/1763
f 1766/1766/1766 1764/1764/1764 1760/1760/1760
f 1763/1763/1763 1767/1767/1767 1765/1765/1765
f 1766/1766/1766 1768/1768/1768 1764/1764/1764
f 1769/1769/1769 1765/1765/1765 1767/1767/1767
f 1770/1770/1770 1764/1764/1764 1768/1768/1768
f 1767/1767/1767 1771/1771/1771 1769/1769/1769
f 1770/1770/1770 1768/1768/1768 1772/1772/1772
f 1773/1773/1773 1769/1769/1769 1771/1771/1771
f 1774/1774/1774 1772/1772/1772 1768/1768/1768
f 1773/1773/1773 1771/1771/1771 1775/1775/1775
f 1772/1772/1772 1774/1774/1774 1776/1776/1776
f 1776/1776/1776 1775/1775/1775 1771/1771/1771
f 1775/1775/1775 1776/1776/1776 1774/1774/1774
f 1778/1778/1778 1779/1779/1779 1777/1777/1777
f 1778/1778/1778 1777/1777/1777 1780/1780/1780
f 1781/1781/1781 1777/1777/1777 1779/1779/1779
f 1782/1782/1782 1780/1780/1780 1777/1777/1777
f 1782/1782/1782 1783/1783/1783 1780/1780/1780
f 1784/1784/1784 1780/1780/1780 1783/1783/1783
f 1784/1784/1784 1783/1783/1783 1786/1786/1786
f 1787/1787/1787 1786/1786/1786 1783/1783/1783
f 1786/1786/1786 1787/1787/1787 1789/1789/1789
f 1788/1788/1788 1785/1785/1785 1789/1789/1789
f 1788/1788/1788 1789/1789/1789 1787/1787/1787
f 1791/1791/1791 1790/1790/1790 1792/1792/1792
f 1794/1794/1794 1793/1793/1793 1795/1795/1795
f 1797/1797/1797 1796/1796/1796 1798/1798/1798
f 1800/1800/1800 1799/1799/1799 1801/1801/1801
f 1803/1803/1803 1802/1802/1802 1804/1804/1804
f 1806/1806/1806 1807/1807/1807 1805/1805/1805
f 1808/1808/1808 1805/1805/1805 1807/1807/1807
f 1810/1810/1810 1811/1811/1811 1809/1809/1809
f 1812/1812/1812 1809/1809/1809 1811/1811/1811
f 1814/1814/1814 1815/1815/1815 1813/1813/1813
f 1816/1816/1816 1813/1813/1813 1815/1815/1815
f 1818/1818/1818 1819/1819/1819 1817/1817/1817
f 1820/1820/1820 1817/1817/1817 1819/1819/1819
f 1822/1822/1822 1823/1823/1823 1821/1821/1821
f 1824/1824/1824 1821/1821/1821 1823/1823/1823
f 1826/1826/1826 1827/1827/1827 1825/1825/1825
f 1828/1828/1828 1825/1825/1825 1827/1827/1827
f 1830/1830/1830 1831/1831/1831 1829/1829/1829
f 1832/1832/1832 1829/1829/1829 1831/1831/1831
f 1834/1834/1834 1835/1835/1835 1833/1833/1833
f 1836/1836/1836 1833/1833/1833 1835/1835/1835
f 1838/1838/1838 1839/1839/1839 1837/1837/1837
f 1840/1840/1840 1837/1837/1837 1839/1839/1839
f 1842/1842/1842 1843/1843/1843 1841/1841/1841
f 1844/1844/1844 1841/1841/1841 1843/1843/1843
f 1846/1846/1846 1847/1847/1847 1845/1845/1845
f 1848/1848/1848 1845/1845/1845 1847/1847/1847
f 1850/1850/1850 1851/1851/1851 1849/1849/1849
f 1852/1852/1852 1849/1849/1849 1851/1851/1851
f 1854/1854/1854 1855/1855/1855 1853/1853/1853
f 1856/1856/1856 1853/1853/1853 1855/1855/1855
f 1858/1858/1858 1859/1859/1859 1857/1857/1857
f 1860/1860/1860 1857/1857/1857 1859/1859/1859
f 1862/1862/1862 1863/1863/1863 1861/1861/1861
f 1864/1864/1864 1861/1861/1861 1863/1863/1863
f 1866/1866/1866 1867/1867/1867 1865/1865/1865
f 1868/1868/1868 1865/1865/1865 1867/1867/1867
f 1870/1870/1870 1871/1871/1871 1869/1869/1869
f 1872/1872/1872 1869/1869/1869 1871/1871/1871
f 1871/1871/1871 1873/1873/1873 1872/1872/1872
f 1874/1874/1874 1872/1872/1872 1873/1873/1873
f 1876/1876/1876 1877/1877/1877 1875/1875/1875
f 1878/1878/1878 1875/1875/1875 1877/1877/1877
f 1877/1877/1877 1879/1879/1879 1878/1878/1878
f 1880/1880/1880 1878/1878/1878 1879/1879/1879
f 1880/1880/1880 1879/1879/1879 1881/1881/1881
f 1882/1882/1882 1881/1881/1881 1879/1879/1879
f 1882/1882/1882 1883/1883/1883 1881/1881/1881
f 1884/1884/1884 1881/1881/1881 1883/1883/1883
f 1884/1884/1884 1883/1883/1883 1885/1885/1885
f 1886/1886/1886 1885/1885/1885 1883/1883/1883
f 1886/1886/1886 1887/1887/1887 1885/1885/1885
f 1888/1888/1888 1885/1885/1885 1887/1887/1887
f 1887/1887/1887 1889/1889/1889 1888/1888/1888
f 1890/1890/1890 1888/1888/1888 1889/1889/1889
f 1889/1889/1889 1891/1891/1891 1890/1890/1890
f 1892/1892/1892 1890/1890/1890 1891/1891/1891
f 1891/1891/1891 1893/1893/1893 1892/1892/1892
f 1894/1894/1894 1892/1892/1892 1893/1893/1893
f 1893/1893/1893 1895/1895/1895 1894/1894/1894
f 1896/1896/1896 1894/1894/1894 1895/1895/1895
f 1896/1896/1896 1895/1895/1895 1897/1897/1897
f 1898/1898/1898 1897/1897/1897 1895/1895/1895
f 1898/1898/1898 1899/1899/1899 1897/1897/1897
f 1900/1900/1900 1897/1897/1897 1899/1899/1899
f 1900/1900/1900 1899/1899/1899 1901/1901/1901
f 1902/1902/1902 1901/1901/1901 1899/1899/1899
f 1901/1901/1901 1902/1902/1902 1903/1903/1903
f 1904/1904/1904 1903/1903/1903 1902/1902/1902
f 1903/1903/1903 1904/1904/1904 1905/1905/1905
f 1906/1906/1906 1905/1905/1905 1904/1904/1904
f 1905/1905/1905 1906/1906/1906 1907/1907/1907
f 1908/1908/1908 1907/1907/1907 1906/1906/1906
f 1907/1907/1907 1908/1908/1908 1909/1909/1909
f 1910/1910/1910 1909/1909/1909 1908/1908/1908
f 1910/1910/1910 1911/1911/1911 1909/1909/1909
f 1912/1912/1912 1909/1909/1909 1911/1911/1911
f 1912/1912/1912 1911/1911/1911 1913/1913/1913
f 1914/1914/1914 1913/1913/1913 1911/1911/1911
f 1914/1914/1914 1915/1915/1915 1913/1913/1913
f 1916/1916/1916 1913/1913/1913 1915/1915/1915
f 1916/1916/1916 1915/1915/1915 1917/1917/1917
f 1918/1918/1918 1917/1917/1917 1915/1915/1915
f 1917/1917/1917 1918/1918/1918 1919/1919/1919
f 1920/1920/1920 1919/1919/1919 1918/1918/1918
f 1922/1922/1922 1923/1923/1923 1921/1921/1921
f 1924/1924/1924 1921/1921/1921 1923/1923/1923
f 1923/1923/1923 1925/1925/1925 1924/1924/1924
f 1926/1926/1926 1924/1924/1924 1925/1925/1925
f 1925/1925/1925 1927/1927/1927 1926/1926/1926
f 1928/1928/1928 1926/1926/1926 1927/1927/1927
f 1927/1927/1927 1929/1929/1929 1928/1928/1928
f 1930/1930/1930 1928/1928/1928 1929/1929/1929
f 1930/1930/1930 1929/1929/1929 1931/1931/1931
f 1932/1932/1932 1931/1931/1931 1929/1929/1929
f 1931/1931/1931 1932/1932/1932 1933/1933/1933
f 1934/1934/1934 1933/1933/1933 1932/1932/1932
f 1933/1933/1933 1934/1934/1934 1935/1935/1935
f 1936/1936/1936 1935/1935/1935 1934/1934/1934
f 1935/1935/1935 1936/1936/1936 1937/1937/1937
f 1938/1938/1938 1937/1937/1937 1936/1936/1936
f 1940/1940/1940 1941/1941/1941 1939/1939/1939
f 1942/1942/1942 1939/1939/1939 1941/1941/1941
f 1941/1941/1941 1943/1943/1943 1942/1942/1942
f 1944/1944/1944 1942/1942/1942 1943/1943/1943
f 1944/1944/1944 1943/1943/1943 1945/1945/1945
f 1946/1946/1946 1945/1945/1945 1943/1943/1943
f 1946/1946/1946 1947/1947/1947 1945/1945/1945
f 1948/1948/1948 1945/1945/1945 1947/1947/1947
f 1948/1948/1948 1947/1947/1947 1949/1949/1949
f 1950/1950/1950 1949/1949/1949 1947/1947/1947
f 1950/1950/1950 1951/1951/1951 1949/1949/1949
f 1952/1952/1952 1949/1949/1949 1951/1951/1951
f 1952/1952/1952 1951/1951/1951 1953/1953/1953
f 1954/1954/1954 1953/1953/1953 1951/1951/1951
f 1953/1953/1953 1954/1954/1954 1955/1955/1955
f 1956/1956/1956 1955/1955/1955 1954/1954/1954
f 1958/1958/1958 1959/1959/1959 1957/1957/1957
f 1960/1960/1960 1957/1957/1957 1959/1959/1959
f 1959/1959/1959 1961/1961/1961 1960/1960/1960
f 1962/1962/1962 1960/1960/1960 1961/1961/1961
f 1962/1962/1962 1961/1961/1961 1963/1963/1963
f 1964/1964/1964 1963/1963/1963 1961/1961/1961
f 1964/1964/1964 1965/1965/1965 1963/1963/1963
f 1966/1966/1966 1963/1963/1963 1965/1965/1965
f 1966/1966/1966 1965/1965/1965 1967/1967/1967
f 1968/1968/1968 1967/1967/1967 1965/1965/1965
f 1967/1967/1967 1968/1968/1968 1969/1969/1969
f 1970/1970/1970 1969/1969/1969 1968/1968/1968
f 1969/1969/1969 1970/1970/1970 1971/1971/1971
f 1972/1972/1972 1971/1971/1971 1970/1970/1970
f 1971/1971/1971 1972/1972/1972 1973/1973/1973
f 1974/1974/1974 1973/1973/1973 1972/1972/1972
f 1973/1973/1973 1974/1974/1974 1975/1975/1975
f 1976/1976/1976 1975/1975/1975 1974/1974/1974
f 1975/1975/1975 1976/1976/1976 1977/1977/1977
f 1978/1978/1978 1977/1977/1977 1976/1976/1976
f 1978/1978/1978 1979/1979/1979 1977/1977/1977
f 1980/1980/1980 1977/1977/1977 1979/1979/1979
f 1979/1979/1979 1981/1981/1981 1980/1980/1980
f 1982/1982/1982 1980/1980/1980 1981/1981/1981
f 1981/1981/1981 1983/1983/1983 1982/1982/1982
f 1984/1984/1984 1982/1982/1982 1983/1983/1983
f 1983/1983/1983 1985/1985/1985 1984/1984/1984
f 1986/1986/1986 1984/1984/1984 1985/1985/1985
f 1985/1985/1985 1987/1987/1987 1986/1986/1986
f 1988/1988/1988 1986/1986/1986 1987/1987/1987
f 1987/1987/1987 1989/1989/1989 1988/1988/1988
f 1990/1990/1990 1988/1988/1988 1989/1989/1989
f 1990/1990/1990 1989/1989/1989 1991/1991/1991
f 1992/1992/1992 1991/1991/1991 1989/1989/1989
f 1992/1992/1992 1993/1993/1993 1991/1991/1991
f 1994/1994/1994 1991/1991/1991 1993/1993/1993
f 1994/1994/1994 1993/1993/1993 1995/1995/1995
f 1996/1996/1996 1995/1995/1995 1993/1993/1993
f 1995/1995/1995 1996/1996/1996 1997/1997/1997
f 1998/1998/1998 1997/1997/1997 1996/1996/1996
f 2000/2000/2000 2001/2001/2001 1999/1999/1999
f 2002/2002/2002 1999/1999/1999 2001/2001/2001
f 2001/2001/2001 2003/2003/2003 2002/2002/2002
f 2004/2004/2004 2002/2002/2002 2003/2003/2003
f 2003/2003/2003 2005/2005/2005 2004/2004/2004
f 2006/2006/2006 2004/2004/2004 2005/2005/2005
f 2006/2006/2006 2005/2005/2005 2007/2007/2007
f 2008/2008/2008 2007/2007/2007 2005/2005/2005
f 2008/2008/2008 2009/2009/2009 2007/2007/2007
f 2010/2010/2010 2007/2007/2007 2009/2009/2009
f 2010/2010/2010 2009/2009/2009 2011/2011/2011
f 2012/2012/2012 2011/2011/2011 2009/2009/2009
f 2011/2011/2011 2012/2012/2012 2013/2013/2013
f 2014/2014/2014 2013/2013/2013 2012/2012/2012
f 2013/2013/2013 2014/2014/2014 2015/2015/2015
f 2016/2016/2016 2015/2015/2015 2014/2014/2014
f 2018/2018/2018 2019/2019/2019 2017/2017/2017
f 2017/2017/2017 2019/2019/2019 2020/2020/2020
f 2021/2021/2021 2020/2020/2020 2019/2019/2019
f 2021/2021/2021 2022/2022/2022 2020/2020/2020
f 2023/2023/2023 2020/2020/2020 2022/2022/2022
f 2023/2023/2023 2022/2022/2022 2024/2024/2024
f 2025/2025/2025 2024/2024/2024 2022/2022/2022
f 2024/2024/2024 2025/2025/2025 2026/2026/2026
f 2027/2027/2027 2026/2026/2026 2025/2025/2025
f 2027/2027/2027 2028/2028/2028 2026/2026/2026
f 2029/2029/2029 2026/2026/2026 2028/2028/2028
f 2029/2029/2029 2028/2028/2028 2030/2030/2030
f 2031/2031/2031 2030/2030/2030 2028/2028/2028
f 2031/2031/2031 2032/2032/2032 2030/2030/2030
f 2033/2033/2033 2030/2030/2030 2032/2032/2032
f 2032/2032/2032 2034/2034/2034 2033/2033/2033
f 2035/2035/2035 2033/2033/2033 2034/2034/2034
f 2034/2034/2034 2036/2036/2036 2035/2035/2035
f 2037/2037/2037 2035/2035/2035 2036/2036/2036
f 2036/2036/2036 2038/2038/2038 2037/2037/2037
f 2039/2039/2039 2037/2037/2037 2038/2038/2038
f 2039/2039/2039 2038/2038/2038 2040/2040/2040
f 2041/2041/2041 2040/2040/2040 2038/2038/2038
f 2040/2040/2040 2041/2041/2041 2042/2042/2042
f 2043/2043/2043 2042/2042/2042 2041/2041/2041
f 2042/2042/2042 2043/2043/2043 2044/2044/2044
f 2045/2045/2045 2044/2044/2044 2043/2043/2043
f 2044/2044/2044 2045/2045/2045 2046/2046/2046
f 2047/2047/2047 2046/2046/2046 2045/2045/2045
f 2047/2047/2047 2048/2048/2048 2046/2046/2046
f 2049/2049/2049 2046/2046/2046 2048/2048/2048
f 2049/2049/2049 2048/2048/2048 2050/2050/2050
f 2051/2051/2051 2050/2050/2050 2048/2048/2048
f 2051/2051/2051 2052/2052/2052 2050/2050/2050
f 2053/2053/2053 2050/2050/2050 2052/2052/2052
f 2052/2052/2052 2054/2054/2054 2053/2053/2053
f 2055/2055/2055 2053/2053/2053 2054/2054/2054
f 2055/2055/2055 2054/2054/2054 2056/2056/2056
f 2057/2057/2057 2056/2056/2056 2054/2054/2054
f 2057/2057/2057 2058/2058/2058 2056/2056/2056
f 2059/2059/2059 2056/2056/2056 2058/2058/2058
f 2058/2058/2058 2060/2060/2060 2059/2059/2059
f 2062/2062/2062 2063/2063/2063 2061/2061/2061
f 2064/2064/2064 2061/2061/2061 2063/2063/2063
f 2063/2063/2063 2065/2065/2065 2064/2064/2064
f 2066/2066/2066 2064/2064/2064 2065/2065/2065
f 2066/2066/2066 2065/2065/2065 2067/2067/2067
f 2068/2068/2068 2067/2067/2067 2065/2065/2065
f 2068/2068/2068 2069/2069/2069 2067/2067/2067
f 2070/2070/2070 2067/2067/2067 2069/2069/2069
f 2070/2070/2070 2069/2069/2069 2071/2071/2071
f 2072/2072/2072 2071/2071/2071 2069/2069/2069
f 2072/2072/2072 2073/2073/2073 2071/2071/2071
f 2074/2074/2074 2071/2071/2071 2073/2073/2073
f 2074/2074/2074 2073/2073/2073 2075/2075/2075
f 2076/2076/2076 2075/2075/2075 2073/2073/2073
f 2075/2075/2075 2076/2076/2076 2077/2077/2077
f 2078/2078/2078 2077/2077/2077 2076/2076/2076
f 2080/2080/2080 2081/2081/2081 2079/2079/2079
f 2082/2082/2082 2079/2079/2079 2081/2081/2081
f 2081/2081/2081 2083/2083/2083 2082/2082/2082
f 2084/2084/2084 2082/2082/2082 2083/2083/2083
f 2084/2084/2084 2083/2083/2083 2085/2085/2085
f 2086/2086/2086 2085/2085/2085 2083/2083/2083
f 2085/2085/2085 2086/2086/2086 2087/2087/2087
f 2088/2088/2088 2087/2087/2087 2086/2086/2086
f 2087/2087/2087 2088/2088/2088 2089/2089/2089
f 2090/2090/2090 2089/2089/2089 2088/2088/2088
f 2089/2089/2089 2090/2090/2090 2091/2091/2091
f 2092/2092/2092 2091/2091/2091 2090/2090/2090
f 2091/2091/2091 2092/2092/2092 2093/2093/2093
f 2094/2094/2094 2093/2093/2093 2092/2092/2092
f 2093/2093/2093 2094/2094/2094 2095/2095/2095
f 2096/2096/2096 2095/2095/2095 2094/2094/2094
f 2096/2096/2096 2097/2097/2097 2095/2095/2095
f 2098/2098/2098 2095/2095/2095 2097/2097/2097
f 2097/2097/2097 2099/2099/2099 2098/2098/2098
f 2100/2100/2100 2098/2098/2098 2099/2099/2099
f 2099/2099/2099 2101/2101/2101 2100/2100/2100
f 2102/2102/2102 2100/2100/2100 2101/2101/2101
f 2101/2101/2101 2103/2103/2103 2102/2102/2102
f 2104/2104/2104 2102/2102/2102 2103/2103/2103
f 2103/2103/2103 2105/2105/2105 2104/2104/2104
f 2106/2106/2106 2104/2104/2104 2105/2105/2105
f 2105/2105/2105 2107/2107/2107 2106/2106/2106
f 2108/2108/2108 2106/2106/2106 2107/2107/2107
f 2108/2108/2108 2107/2107/2107 2109/2109/2109
f 2110/2110/2110 2109/2109/2109 2107/2107/2107
f 2109/2109/2109 2110/2110/2110 2111/2111/2111
f 2112/2112/2112 2111/2111/2111 2110/2110/2110
f 2114/2114/2114 2115/2115/2115 2113/2113/2113
f 2116/2116/2116 2113/2113/2113 2115/2115/2115
f 2115/2115/2115 2117/2117/2117 2116/2116/2116
f 2118/2118/2118 2116/2116/2116 2117/2117/2117
f 2117/2117/2117 2119/2119/2119 2118/2118/2118
f 2120/2120/2120 2118/2118/2118 2119/2119/2119
f 2119/2119/2119 2121/2121/2121 2120/2120/2120
f 2122/2122/2122 2120/2120/2120 2121/2121/2121
f 2121/2121/2121 2123/2123/2123 2122/2122/2122
f 2124/2124/2124 2122/2122/2122 2123/2123/2123
f 2123/2123/2123 2125/2125/2125 2124/2124/2124
f 2126/2126/2126 2124/2124/2124 2125/2125/2125
f 2126/2126/2126 2125/2125/2125 2127/2127/2127
f 2128/2128/2128 2127/2127/2127 2125/2125/2125
f 2127/2127/2127 2128/2128/2128 2129/2129/2129
f 2130/2130/2130 2129/2129/2129 2128/2128/2128
f 2129/2129/2129 2130/2130/2130 2131/2131/2131
f 2132/2132/2132 2131/2131/2131 2130/2130/2130
f 2131/2131/2131 2132/2132/2132 2133/2133/2133
f 2134/2134/2134 2133/2133/2133 2132/2132/2132
f 2133/2133/2133 2134/2134/2134 2135/2135/2135
f 2136/2136/2136 2135/2135/2135 2134/2134/2134
f 2135/2135/2135 2136/2136/2136 2137/2137/2137
f 2138/2138/2138 2137/2137/2137 2136/2136/2136
f 2140/2140/2140 2141/2141/2141 2139/2139/2139
f 2142/2142/2142 2139/2139/2139 2141/2141/2141
f 2141/2141/2141 2143/2143/2143 2142/2142/2142
f 2144/2144/2144 2142/2142/2142 2143/2143/2143
f 2143/2143/2143 2145/2145/2145 2144/2144/2144
f 2146/2146/2146 2144/2144/2144 2145/2145/2145
f 2145/2145/2145 2147/2147/2147 2146/2146/2146
f 2148/2148/2148 2146/2146/2146 2147/2147/2147
f 2147/2147/2147 2149/2149/2149 2148/2148/2148
f 2150/2150/2150 2148/2148/2148 2149/2149/2149
f 2149/2149/2149 2151/2151/2151 2150/2150/2150
f 2152/2152/2152 2150/2150/2150 2151/2151/2151
f 2152/2152/2152 2151/2151/2151 2153/2153/2153
f 2154/2154/2154 2153/2153/2153 2151/2151/2151
f 2153/2153/2153 2154/2154/2154 2155/2155/2155
f 2156/2156/2156 2155/2155/2155 2154/2154/2154
f 2155/2155/2155 2156/2156/2156 2157/2157/2157
f 2158/2158/2158 2157/2157/2157 2156/2156/2156
f 2157/2157/2157 2158/2158/2158 2159/2159/2159
f 2160/2160/2160 2159/2159/2159 2158/2158/2158
f 2159/2159/2159 2160/2160/2160 2161/2161/2161
f 2162/2162/2162 2161/2161/2161 2160/2160/2160
f 2161/2161/2161 2162/2162/2162 2163/2163/2163
f 2164/2164/2164 2163/2163/2163 2162/2162/2162
f 2166/2166/2166 2167/2167/2167 2165/2165/2165
f 2168/2168/2168 2165/2165/2165 2167/2167/2167
f 2167/2167/2167 2169/2169/2169 2168/2168/2168
f 2170/2170/2170 2168/2168/2168 2169/2169/2169
f 2169/2169/2169 2171/2171/2171 2170/2170/2170
f 2172/2172/2172 2170/2170/2170 2171/2171/2171
f 2172/2172/2172 2171/2171/2171 2173/2173/2173
f 2174/2174/2174 2173/2173/2173 2171/2171/2171
f 2176/2176/2176 2177/2177/2177 2175/2175/2175
f 2178/2178/2178 2175/2175/2175 2177/2177/2177
f 2177/2177/2177 2179/2179/2179 2178/2178/2178
f 2180/2180/2180 2178/2178/2178 2179/2179/2179
f 2179/2179/2179 2181/2181/2181 2180/2180/2180
f 2182/2182/2182 2180/2180/2180 2181/2181/2181
f 2181/2181/2181 2183/2183/2183 2182/2182/2182
f 2184/2184/2184 2182/2182/2182 2183/2183/2183
f 2183/2183/2183 2185/2185/2185 2184/2184/2184
f 2186/2186/2186 2184/2184/2184 2185/2185/2185
f 2186/2186/2186 2185/2185/2185 2187/2187/2187
f 2188/2188/2188 2187/2187/2187 2185/2185/2185
f 2188/2188/2188 2189/2189/2189 2187/2187/2187
f 2190/2190/2190 2187/2187/2187 2189/2189/2189
f 2189/2189/2189 2191/2191/2191 2190/2190/2190
f 2192/2192/2192 2190/2190/2190 2191/2191/2191
f 2194/2194/2194 2195/2195/2195 2193/2193/2193
f 2196/2196/2196 2193/2193/2193 2195/2195/2195
f 2195/2195/2195 2197/2197/2197 2196/2196/2196
f 2198/2198/2198 2196/2196/2196 2197/2197/2197
f 2197/2197/2197 2199/2199/2199 2198/2198/2198
f 2200/2200/2200 2198/2198/2198 2199/2199/2199
f 2202/2202/2202 2201/2201/2201 2203/2203/2203
f 2205/2205/2205 2204/2204/2204 2206/2206/2206
f 2207/2207/2207 2208/2208/2208 2209/2209/2209
f 2211/2211/2211 2210/2210/2210 2212/2212/2212
f 2214/2214/2214 2213/2213/2213 2215/2215/2215
f 2217/2217/2217 2216/2216/2216 2218/2218/2218
f 2220/2220/2220 2219/2219/2219 2221/2221/2221
f 2223/2223/2223 2222/2222/2222 2224/2224/2224
f 2223/2223/2223 2224/2224/2224 2225/2225/2225
f 2227/2227/2227 2226/2226/2226 2228/2228/2228
f 2231/2231/2231 2230/2230/2230 2229/2229/2229
f 2232/2232/2232 2233/2233/2233 2234/2234/2234
f 2232/2232/2232 2235/2235/2235 2233/2233/2233
f 2237/2237/2237 2236/2236/2236 2238/2238/2238
f 2240/2240/2240 2239/2239/2239 2241/2241/2241
f 2243/2243/2243 2242/2242/2242 2244/2244/2244
f 2246/2246/2246 2245/2245/2245 2247/2247/2247
f 2250/2250/2250 2248/2248/2248 2249/2249/2249
f 2252/2252/2252 2251/2251/2251 2253/2253/2253
f 2255/2255/2255 2254/2254/2254 2256/2256/2256
f 2255/2255/2255 2256/2256/2256 2257/2257/2257
f 2259/2259/2259 2258/2258/2258 2260/2260/2260
f 2262/2262/2262 2261/2261/2261 2263/2263/2263
f 2266/2266/2266 2264/2264/2264 2265/2265/2265
f 2268/2268/2268 2267/2267/2267 2269/2269/2269
f 2271/2271/2271 2270/2270/2270 2272/2272/2272
f 2274/2274/2274 2273/2273/2273 2275/2275/2275
f 2277/2277/2277 2276/2276/2276 2278/2278/2278
f 2280/2280/2280 2279/2279/2279 2281/2281/2281
f 2284/2284/2284 2282/2282/2282 2283/2283/2283
f 2286/2286/2286 2285/2285/2285 2287/2287/2287
f 2289/2289/2289 2288/2288/2288 2290/2290/2290
f 2292/2292/2292 2291/2291/2291 2293/2293/2293
f 2296/2296/2296 2295/2295/2295 2294/2294/2294
f 2298/2298/2298 2299/2299/2299 2297/2297/2297
f 2300/2300/2300 2297/2297/2297 2299/2299/2299
f 2299/2299/2299 2301/2301/2301 2300/2300/2300
f 2302/2302/2302 2300/2300/2300 2301/2301/2301
f 2301/2301/2301 2303/2303/2303 2302/2302/2302
f 2304/2304/2304 2302/2302/2302 2303/2303/2303
f 2303/2303/2303 2305/2305/2305 2304/2304/2304
f 2306/2306/2306 2304/2304/2304 2305/2305/2305
f 2305/2305/2305 2307/2307/2307 2306/2306/2306
f 2308/2308/2308 2306/2306/2306 2307/2307/2307
f 2308/2308/2308 2307/2307/2307 2309/2309/2309
f 2310/2310/2310 2309/2309/2309 2307/2307/2307
f 2310/2310/2310 2311/2311/2311 2309/2309/2309
f 2312/2312/2312 2309/2309/2309 2311/2311/2311
f 2312/2312/2312 2311/2311/2311 2313/2313/2313
f 2314/2314/2314 2313/2313/2313 2311/2311/2311
f 2313/2313/2313 2314/2314/2314 2315/2315/2315
f 2316/2316/2316 2315/2315/2315 2314/2314/2314
f 2316/2316/2316 2317/2317/2317 2315/2315/2315
f 2318/2318/2318 2315/2315/2315 2317/2317/2317
f 2318/2318/2318 2317/2317/2317 2319/2319/2319
f 2320/2320/2320 2319/2319/2319 2317/2317/2317
f 2320/2320/2320 2321/2321/2321 2319/2319/2319
f 2322/2322/2322 2319/2319/2319 2321/2321/2321
f 2321/2321/2321 2323/2323/2323 2322/2322/2322
f 2324/2324/2324 2322/2322/2322 2323/2323/2323
f 2324/2324/2324 2323/2323/2323 2325/2325/2325
f 2326/2326/2326 2325/2325/2325 2323/2323/2323
f 2326/2326/2326 2327/2327/2327 2325/2325/2325
f 2328/2328/2328 2325/2325/2325 2327/2327/2327
f 2328/2328/2328 2327/2327/2327 2329/2329/2329
f 2330/2330/2330 2329/2329/2329 2327/2327/2327
f 2329/2329/2329 2330/2330/2330 2331/2331/2331
f 2332/2332/2332 2331/2331/2331 2330/2330/2330
f 2331/2331/2331 2332/2332/2332 2333/2333/2333
f 2334/2334/2334 2333/2333/2333 2332/2332/2332
f 2333/2333/2333 2334/2334/2334 2335/2335/2335
f 2336/2336/2336 2335/2335/2335 2334/2334/2334
f 2335/2335/2335 2336/2336/2336 2337/2337/2337
f 2338/2338/2338 2337/2337/2337 2336/2336/2336
f 2340/2340/2340 2341/2341/2341 2339/2339/2339
f 2342/2342/2342 2339/2339/2339 2341/2341/2341
f 2341/2341/2341 2343/2343/2343 2342/2342/2342
f 2344/2344/2344 2342/2342/2342 2343/2343/2343
f 2343/2343/2343 2345/2345/2345 2344/2344/2344
f 2346/2346/2346 2344/2344/2344 2345/2345/2345
f 2345/2345/2345 2347/2347/2347 2346/2346/2346
f 2348/2348/2348 2346/2346/2346 2347/2347/2347
f 2347/2347/2347 2349/2349/2349 2348/2348/2348
f 2350/2350/2350 2348/2348/2348 2349/2349/2349
f 2349/2349/2349 2351/2351/2351 2350/2350/2350
f 2352/2352/2352 2350/2350/2350 2351/2351/2351
f 2352/2352/2352 2351/2351/2351 2353/2353/2353
f 2354/2354/2354 2353/2353/2353 2351/2351/2351
f 2354/2354/2354 2355/2355/2355 2353/2353/2353
f 2356/2356/2356 2353/2353/2353 2355/2355/2355
f 2355/2355/2355 2357/2357/2357 2356/2356/2356
f 2358/2358/2358 2356/2356/2356 2357/2357/2357
f 2357/2357/2357 2359/2359/2359 2358/2358/2358
f 2360/2360/2360 2358/2358/2358 2359/2359/2359
f 2360/2360/2360 2359/2359/2359 2361/2361/2361
f 2362/2362/2362 2361/2361/2361 2359/2359/2359
f 2361/2361/2361 2362/2362/2362 2363/2363/2363
f 2364/2364/2364 2363/2363/2363 2362/2362/2362
f 2363/2363/2363 2364/2364/2364 2365/2365/2365
f 2366/2366/2366 2365/2365/2365 2364/2364/2364
f 2366/2366/2366 2367/2367/2367 2365/2365/2365
f 2368/2368/2368 2365/2365/2365 2367/2367/2367
f 2368/2368/2368 2367/2367/2367 2369/2369/2369
f 2370/2370/2370 2369/2369/2369 2367/2367/2367
f 2369/2369/2369 2370/2370/2370 2371/2371/2371
f 2372/2372/2372 2371/2371/2371 2370/2370/2370
f 2371/2371/2371 2372/2372/2372 2373/2373/2373
f 2374/2374/2374 2373/2373/2373 2372/2372/2372
f 2373/2373/2373 2374/2374/2374 2375/2375/2375
f 2376/2376/2376 2375/2375/2375 2374/2374/2374
f 2375/2375/2375 2376/2376/2376 2377/2377/2377
f 2378/2378/2378 2377/2377/2377 2376/2376/2376
f 2377/2377/2377 2378/2378/2378 2379/2379/2379
f 2380/2380/2380 2379/2379/2379 2378/2378/2378
f 2382/2382/2382 2383/2383/2383 2381/2381/2381
f 2384/2384/2384 2381/2381/2381 2383/2383/2383
f 2383/2383/2383 2385/2385/2385 2384/2384/2384
f 2386/2386/2386 2384/2384/2384 2385/2385/2385
f 2386/2386/2386 2385/2385/2385 2387/2387/2387
f 2388/2388/2388 2387/2387/2387 2385/2385/2385
f 2387/2387/2387 2388/2388/2388 2389/2389/2389
f 2390/2390/2390 2389/2389/2389 2388/2388/2388
f 2389/2389/2389 2390/2390/2390 2391/2391/2391
f 2392/2392/2392 2391/2391/2391 2390/2390/2390
f 2391/2391/2391 2392/2392/2392 2393/2393/2393
f 2394/2394/2394 2393/2393/2393 2392/2392/2392
f 2393/2393/2393 2394/2394/2394 2395/2395/2395
f 2396/2396/2396 2395/2395/2395 2394/2394/2394
f 2396/2396/2396 2397/2397/2397 2395/2395/2395
f 2398/2398/2398 2395/2395/2395 2397/2397/2397
f 2397/2397/2397 2399/2399/2399 2398/2398/2398
f 2400/2400/2400 2398/2398/2398 2399/2399/2399
f 2399/2399/2399 2401/2401/2401 2400/2400/2400
f 2402/2402/2402 2400/2400/2400 2401/2401/2401
f 2402/2402/2402 2401/2401/2401 2403/2403/2403
f 2404/2404/2404 2403/2403/2403 2401/2401/2401
f 2403/2403/2403 2404/2404/2404 2405/2405/2405
f 2406/2406/2406 2405/2405/2405 2404/2404/2404
f 2405/2405/2405 2406/2406/2406 2407/2407/2407
f 2408/2408/2408 2407/2407/2407 2406/2406/2406
f 2408/2408/2408 2409/2409/2409 2407/2407/2407
f 2410/2410/2410 2407/2407/2407 2409/2409/2409
f 2409/2409/2409 2411/2411/2411 2410/2410/2410
f 2412/2412/2412 2410/2410/2410 2411/2411/2411
f 2411/2411/2411 2413/2413/2413 2412/2412/2412
f 2414/2414/2414 2412/2412/2412 2413/2413/2413
f 2413/2413/2413 2415/2415/2415 2414/2414/2414
f 2416/2416/2416 2414/2414/2414 2415/2415/2415
f 2415/2415/2415 2417/2417/2417 2416/2416/2416
f 2418/2418/2418 2416/2416/2416 2417/2417/2417
f 2418/2418/2418 2417/2417/2417 2419/2419/2419
f 2420/2420/2420 2419/2419/2419 2417/2417/2417
f 2419/2419/2419 2420/2420/2420 2421/2421/2421
f 2422/2422/2422 2421/2421/2421 2420/2420/2420
f 2424/2424/2424 2425/2425/2425 2423/2423/2423
f 2426/2426/2426 2423/2423/2423 2425/2425/2425
f 2428/2428/2428 2427/2427/2427 2429/2429/2429
f 2431/2431/2431 2430/2430/2430 2432/2432/2432
f 2434/2434/2434 2433/2433/2433 2435/2435/2435
f 2437/2437/2437 2436/2436/2436 2438/2438/2438
f 2441/2441/2441 2440/2440/2440 2439/2439/2439
f 2442/2442/2442 2443/2443/2443 2444/2444/2444
f 2447/2447/2447 2446/2446/2446 2445/2445/2445
f 2448/2448/2448 2450/2450/2450 2451/2451/2451
f 2448/2448/2448 2449/2449/2449 2450/2450/2450
f 2452/2452/2452 2453/2453/2453 2454/2454/2454
f 2455/2455/2455 2457/2457/2457 2456/2456/2456
f 2459/2459/2459 2458/2458/2458 2460/2460/2460
f 2462/2462/2462 2461/2461/2461 2463/2463/2463
f 2465/2465/2465 2464/2464/2464 2466/2466/2466
f 2467/2467/2467 2468/2468/2468 2469/2469/2469
f 2472/2472/2472 2470/2470/2470 2471/2471/2471
f 2474/2474/2474 2473/2473/2473 2475/2475/2475
f 2477/2477/2477 2476/2476/2476 2478/2478/2478
f 2480/2480/2480 2479/2479/2479 2481/2481/2481
f 2483/2483/2483 2482/2482/2482 2484/2484/2484
f 2486/2486/2486 2485/2485/2485 2487/2487/2487
f 2489/2489/2489 2488/2488/2488 2490/2490/2490
f 2492/2492/2492 2491/2491/2491 2493/2493/2493
f 2495/2495/2495 2494/2494/2494 2496/2496/2496
f 2498/2498/2498 2497/2497/2497 2499/2499/2499
f 2502/2502/2502 2500/2500/2500 2501/2501/2501
f 2504/2504/2504 2503/2503/2503 2505/2505/2505
f 2508/2508/2508 2506/2506/2506 2507/2507/2507
f 2509/2509/2509 2512/2512/2512 2510/2510/2510
f 2511/2511/2511 2510/2510/2510 2512/2512/2512
f 2514/2514/2514 2515/2515/2515 2513/2513/2513
f 2517/2517/2517 2516/2516/2516 2518/2518/2518
f 2520/2520/2520 2519/2519/2519 2521/2521/2521
f 2523/2523/2523 2522/2522/2522 2524/2524/2524
f 2525/2525/2525 2527/2527/2527 2526/2526/2526
f 2530/2530/2530 2529/2529/2529 2528/2528/2528
f 2532/2532/2532 2531/2531/2531 2533/2533/2533
f 2535/2535/2535 2534/2534/2534 2537/2537/2537
f 2535/2535/2535 2537/2537/2537 2536/2536/2536
f 2538/2538/2538 2540/2540/2540 2541/2541/2541
f 2538/2538/2538 2539/2539/2539 2540/2540/2540
f 2542/2542/2542 2543/2543/2543 2544/2544/2544
f 2545/2545/2545 2547/2547/2547 2546/2546/2546
f 2549/2549/2549 2548/2548/2548 2550/2550/2550
f 2552/2552/2552 2551/2551/2551 2553/2553/2553
f 2555/2555/2555 2554/2554/2554 2556/2556/2556
f 2558/2558/2558 2557/2557/2557 2559/2559/2559
f 2560/2560/2560 2559/2559/2559 2557/2557/2557
f 2560/2560/2560 2561/2561/2561 2559/2559/2559
f 2562/2562/2562 2559/2559/2559 2561/2561/2561
f 2564/2564/2564 2565/2565/2565 2563/2563/2563
f 2566/2566/2566 2563/2563/2563 2565/2565/2565
f 2565/2565/2565 2567/2567/2567 2566/2566/2566
f 2568/2568/2568 2566/2566/2566 2567/2567/2567
f 2567/2567/2567 2569/2569/2569 2568/2568/2568
f 2570/2570/2570 2568/2568/2568 2569/2569/2569
f 2569/2569/2569 2571/2571/2571 2570/2570/2570
f 2572/2572/2572 2570/2570/2570 2571/2571/2571
f 2572/2572/2572 2571/2571/2571 2573/2573/2573
f 2574/2574/2574 2573/2573/2573 2571/2571/2571
f 2574/2574/2574 2575/2575/2575 2573/2573/2573
f 2576/2576/2576 2573/2573/2573 2575/2575/2575
f 2575/2575/2575 2577/2577/2577 2576/2576/2576
f 2578/2578/2578 2576/2576/2576 2577/2577/2577
f 2577/2577/2577 2579/2579/2579 2578/2578/2578
f 2580/2580/2580 2578/2578/2578 2579/2579/2579
f 2580/2580/2580 2579/2579/2579 2581/2581/2581
f 2582/2582/2582 2581/2581/2581 2579/2579/2579
f 2582/2582/2582 2583/2583/2583 2581/2581/2581
f 2584/2584/2584 2581/2581/2581 2583/2583/2583
f 2586/2586/2586 2587/2587/2587 2585/2585/2585
f 2588/2588/2588 2585/2585/2585 2587/2587/2587
f 2587/2587/2587 2589/2589/2589 2588/2588/2588
f 2590/2590/2590 2588/2588/2588 2589/2589/2589
f 2590/2590/2590 2589/2589/2589 2591/2591/2591
f 2592/2592/2592 2591/2591/2591 2589/2589/2589
f 2591/2591/2591 2592/2592/2592 2593/2593/2593
f 2594/2594/2594 2593/2593/2593 2592/2592/2592
f 2593/2593/2593 2594/2594/2594 2595/2595/2595
f 2596/2596/2596 2595/2595/2595 2594/2594/2594
f 2596/2596/2596 2597/2597/2597 2595/2595/2595
f 2598/2598/2598 2595/2595/2595 2597/2597/2597
f 2597/2597/2597 2599/2599/2599 2598/2598/2598
f 2600/2600/2600 2598/2598/2598 2599/2599/2599
f 2600/2600/2600 2599/2599/2599 2601/2601/2601
f 2602/2602/2602 2601/2601/2601 2599/2599/2599
f 2601/2601/2601 2602/2602/2602 2603/2603/2603
f 2604/2604/2604 2603/2603/2603 2602/2602/2602
f 2604/2604/2604 2605/2605/2605 2603/2603/2603
f 2606/2606/2606 2603/2603/2603 2605/2605/2605
f 2608/2608/2608 2609/2609/2609 2607/2607/2607
f 2610/2610/2610 2607/2607/2607 2609/2609/2609
f 2609/2609/2609 2611/2611/2611 2610/2610/2610
f 2612/2612/2612 2610/2610/2610 2611/2611/2611
f 2611/2611/2611 2613/2613/2613 2612/2612/2612
f 2614/2614/2614 2612/2612/2612 2613/2613/2613
f 2614/2614/2614 2613/2613/2613 2615/2615/2615
f 2616/2616/2616 2615/2615/2615 2613/2613/2613
f 2615/2615/2615 2616/2616/2616 2617/2617/2617
f 2618/2618/2618 2617/2617/2617 2616/2616/2616
f 2618/2618/2618 2619/2619/2619 2617/2617/2617
f 2620/2620/2620 2617/2617/2617 2619/2619/2619
f 2619/2619/2619 2621/2621/2621 2620/2620/2620
f 2622/2622/2622 2620/2620/2620 2621/2621/2621
f 2621/2621/2621 2623/2623/2623 2622/2622/2622
f 2624/2624/2624 2622/2622/2622 2623/2623/2623
f 2623/2623/2623 2625/2625/2625 2624/2624/2624
f 2626/2626/2626 2624/2624/2624 2625/2625/2625
f 2625/2625/2625 2627/2627/2627 2626/2626/2626
f 2628/2628/2628 2626/2626/2626 2627/2627/2627
f 2627/2627/2627 2629/2629/2629 2628/2628/2628
f 2630/2630/2630 2628/2628/2628 2629/2629/2629
f 2630/2630/2630 2629/2629/2629 2631/2631/2631
f 2632/2632/2632 2631/2631/2631 2629/2629/2629
f 2632/2632/2632 2633/2633/2633 2631/2631/2631
f 2634/2634/2634 2631/2631/2631 2633/2633/2633
f 2633/2633/2633 2635/2635/2635 2634/2634/2634
f 2636/2636/2636 2634/2634/2634 2635/2635/2635
f 2636/2636/2636 2635/2635/2635 2637/2637/2637
f 2638/2638/2638 2637/2637/2637 2635/2635/2635
f 2637/2637/2637 2638/2638/2638 2639/2639/2639
f 2640/2640/2640 2639/2639/2639 2638/2638/2638
f 2642/2642/2642 2643/2643/2643 2641/2641/2641
f 2644/2644/2644 2641/2641/2641 2643/2643/2643
f 2643/2643/2643 2645/2645/2645 2644/2644/2644
f 2646/2646/2646 2644/2644/2644 2645/2645/2645
f 2645/2645/2645 2647/2647/2647 2646/2646/2646
f 2648/2648/2648 2646/2646/2646 2647/2647/2647
f 2647/2647/2647 2649/2649/2649 2648/2648/2648
f 2650/2650/2650 2648/2648/2648 2649/2649/2649
f 2649/2649/2649 2651/2651/2651 2650/2650/2650
f 2652/2652/2652 2650/2650/2650 2651/2651/2651
f 2651/2651/2651 2653/2653/2653 2652/2652/2652
f 2654/2654/2654 2652/2652/2652 2653/2653/2653
f 2654/2654/2654 2653/2653/2653 2655/2655/2655
f 2656/2656/2656 2655/2655/2655 2653/2653/2653
f 2655/2655/2655 2656/2656/2656 2657/2657/2657
f 2658/2658/2658 2657/2657/2657 2656/2656/2656
f 2658/2658/2658 2659/2659/2659 2657/2657/2657
f 2660/2660/2660 2657/2657/2657 2659/2659/2659
f 2660/2660/2660 2659/2659/2659 2661/2661/2661
f 2662/2662/2662 2661/2661/2661 2659/2659/2659
f 2662/2662/2662 2663/2663/2663 2661/2661/2661
f 2664/2664/2664 2661/2661/2661 2663/2663/2663
f 2663/2663/2663 2665/2665/2665 2664/2664/2664
f 2666/2666/2666 2664/2664/2664 2665/2665/2665
f 2665/2665/2665 2667/2667/2667 2666/2666/2666
f 2668/2668/2668 2666/2666/2666 2667/2667/2667
f 2667/2667/2667 2669/2669/2669 2668/2668/2668
f 2670/2670/2670 2668/2668/2668 2669/2669/2669
f 2669/2669/2669 2671/2671/2671 2670/2670/2670
f 2672/2672/2672 2670/2670/2670 2671/2671/2671
f 2671/2671/2671 2673/2673/2673 2672/2672/2672
f 2674/2674/2674 2672/2672/2672 2673/2673/2673
f 2676/2676/2676 2677/2677/2677 2675/2675/2675
f 2678/2678/2678 2675/2675/2675 2677/2677/2677
f 2677/2677/2677 2679/2679/2679 2678/2678/2678
f 2680/2680/2680 2678/2678/2678 2679/2679/2679
f 2679/2679/2679 2681/2681/2681 2680/2680/2680
f 2682/2682/2682 2680/2680/2680 2681/2681/2681
f 2682/2682/2682 2681/2681/2681 2683/2683/2683
f 2684/2684/2684 2683/2683/2683 2681/2681/2681
f 2684/2684/2684 2685/2685/2685 2683/2683/2683
f 2686/2686/2686 2683/2683/2683 2685/2685/2685
f 2685/2685/2685 2687/2687/2687 2686/2686/2686
f 2688/2688/2688 2686/2686/2686 2687/2687/2687
f 2687/2687/2687 2689/2689/2689 2688/2688/2688
f 2690/2690/2690 2688/2688/2688 2689/2689/2689
f 2689/2689/2689 2691/2691/2691 2690/2690/2690
f 2693/2693/2693 2694/2694/2694 2692/2692/2692
f 2695/2695/2695 2692/2692/2692 2694/2694/2694
f 2694/2694/2694 2696/2696/2696 2695/2695/2695
f 2697/2697/2697 2695/2695/2695 2696/2696/2696
f 2697/2697/2697 2696/2696/2696 2698/2698/2698
f 2699/2699/2699 2698/2698/2698 2696/2696/2696
f 2699/2699/2699 2700/2700/2700 2698/2698/2698
f 2701/2701/2701 2698/2698/2698 2700/2700/2700
f 2700/2700/2700 2702/2702/2702 2701/2701/2701
f 2703/2703/2703 2701/2701/2701 2702/2702/2702
f 2702/2702/2702 2704/2704/2704 2703/2703/2703
f 2705/2705/2705 2703/2703/2703 2704/2704/2704
f 2705/2705/2705 2704/2704/2704 2706/2706/2706
f 2707/2707/2707 2706/2706/2706 2704/2704/2704
f 2707/2707/2707 2708/2708/2708 2706/2706/2706
f 2709/2709/2709 2706/2706/2706 2708/2708/2708
f 2708/2708/2708 2710/2710/2710 2709/2709/2709
f 2711/2711/2711 2709/2709/2709 2710/2710/2710
f 2711/2711/2711 2710/2710/2710 2712/2712/2712
f 2713/2713/2713 2712/2712/2712 2710/2710/2710
f 2713/2713/2713 2714/2714/2714 2712/2712/2712
f 2715/2715/2715 2712/2712/2712 2714/2714/2714
f 2715/2715/2715 2714/2714/2714 2716/2716/2716
f 2717/2717/2717 2716/2716/2716 2714/2714/2714
f 2717/2717/2717 2718/2718/2718 2716/2716/2716
f 2719/2719/2719 2716/2716/2716 2718/2718/2718
f 2719/2719/2719 2718/2718/2718 2720/2720/2720
f 2721/2721/2721 2720/2720/2720 2718/2718/2718
f 2721/2721/2721 2722/2722/2722 2720/2720/2720
f 2723/2723/2723 2720/2720/2720 2722/2722/2722
f 2722/2722/2722 2724/2724/2724 2723/2723/2723
f 2725/2725/2725 2723/2723/2723 2724/2724/2724
f 2727/2727/2727 2728/2728/2728 2726/2726/2726
f 2729/2729/2729 2726/2726/2726 2728/2728/2728
f 2728/2728/2728 2730/2730/2730 2729/2729/2729
f 2731/2731/2731 2729/2729/2729 2730/2730/2730
f 2731/2731/2731 2730/2730/2730 2732/2732/2732
f 2733/2733/2733 2732/2732/2732 2730/2730/2730
f 2732/2732/2732 2733/2733/2733 2734/2734/2734
f 2735/2735/2735 2734/2734/2734 2733/2733/2733
f 2735/2735/2735 2736/2736/2736 2734/2734/2734
f 2737/2737/2737 2734/2734/2734 2736/2736/2736
f 2737/2737/2737 2736/2736/2736 2738/2738/2738
f 2739/2739/2739 2738/2738/2738 2736/2736/2736
f 2738/2738/2738 2739/2739/2739 2740/2740/2740
f 2741/2741/2741 2740/2740/2740 2739/2739/2739
f 2740/2740/2740 2741/2741/2741 2742/2742/2742
f 2743/2743/2743 2742/2742/2742 2741/2741/2741
f 2742/2742/2742 2743/2743/2743 2744/2744/2744
f 2745/2745/2745 2744/2744/2744 2743/2743/2743
f 2744/2744/2744 2745/2745/2745 2746/2746/2746
f 2747/2747/2747 2746/2746/2746 2745/2745/2745
f 2746/2746/2746 2747/2747/2747 2748/2748/2748
f 2749/2749/2749 2748/2748/2748 2747/2747/2747
f 2749/2749/2749 2750/2750/2750 2748/2748/2748
f 2751/2751/2751 2748/2748/2748 2750/2750/2750
f 2750/2750/2750 2752/2752/2752 2751/2751/2751
f 2753/2753/2753 2751/2751/2751 2752/2752/2752
f 2753/2753/2753 2752/2752/2752 2754/2754/2754
f 2755/2755/2755 2754/2754/2754 2752/2752/2752
f 2754/2754/2754 2755/2755/2755 2756/2756/2756
f 2757/2757/2757 2756/2756/2756 2755/2755/2755
f 2756/2756/2756 2757/2757/2757 2758/2758/2758
f 2759/2759/2759 2758/2758/2758 2757/2757/2757
f 2761/2761/2761 2762/2762/2762 2760/2760/2760
f 2763/2763/2763 2760/2760/2760 2762/2762/2762
f 2762/2762/2762 2764/2764/2764 2763/2763/2763
f 2765/2765/2765 2763/2763/2763 2764/2764/2764
f 2765/2765/2765 2764/2764/2764 2766/2766/2766
f 2767/2767/2767 2766/2766/2766 2764/2764/2764
f 2767/2767/2767 2768/2768/2768 2766/2766/2766
f 2769/2769/2769 2766/2766/2766 2768/2768/2768
f 2769/2769/2769 2768/2768/2768 2770/2770/2770
f 2771/2771/2771 2770/2770/2770 2768/2768/2768
f 2770/2770/2770 2771/2771/2771 2772/2772/2772
f 2773/2773/2773 2772/2772/2772 2771/2771/2771
f 2773/2773/2773 2774/2774/2774 2772/2772/2772
f 2775/2775/2775 2772/2772/2772 2774/2774/2774
f 2775/2775/2775 2774/2774/2774 2776/2776/2776
f 2777/2777/2777 2776/2776/2776 2774/2774/2774
f 2777/2777/2777 2778/2778/2778 2776/2776/2776
f 2779/2779/2779 2776/2776/2776 2778/2778/2778
f 2778/2778/2778 2780/2780/2780 2779/2779/2779
f 2781/2781/2781 2779/2779/2779 2780/2780/2780
f 2780/2780/2780 2782/2782/2782 2781/2781/2781
f 2783/2783/2783 2781/2781/2781 2782/2782/2782
f 2782/2782/2782 2784/2784/2784 2783/2783/2783
f 2785/2785/2785 2783/2783/2783 2784/2784/2784
f 2785/2785/2785 2784/2784/2784 2786/2786/2786
f 2787/2787/2787 2786/2786/2786 2784/2784/2784
f 2786/2786/2786 2787/2787/2787 2788/2788/2788
f 2789/2789/2789 2788/2788/2788 2787/2787/2787
f 2788/2788/2788 2789/2789/2789 2790/2790/2790
f 2791/2791/2791 2790/2790/2790 2789/2789/2789
f 2791/2791/2791 2792/2792/2792 2790/2790/2790
f 2793/2793/2793 2790/2790/2790 2792/2792/2792
f 2793/2793/2793 2792/2792/2792 2794/2794/2794
f 2795/2795/2795 2794/2794/2794 2792/2792/2792
f 2795/2795/2795 2796/2796/2796 2794/2794/2794
f 2797/2797/2797 2794/2794/2794 2796/2796/2796
f 2797/2797/2797 2796/2796/2796 2798/2798/2798
f 2799/2799/2799 2798/2798/2798 2796/2796/2796
f 2799/2799/2799 2800/2800/2800 2798/2798/2798
f 2801/2801/2801 2798/2798/2798 2800/2800/2800
f 2801/2801/2801 2800/2800/2800 2802/2802/2802
f 2803/2803/2803 2802/2802/2802 2800/2800/2800
f 2803/2803/2803 2804/2804/2804 2802/2802/2802
f 2805/2805/2805 2802/2802/2802 2804/2804/2804
f 2804/2804/2804 2806/2806/2806 2805/2805/2805
f 2807/2807/2807 2805/2805/2805 2806/2806/2806
f 2806/2806/2806 2808/2808/2808 2807/2807/2807
f 2809/2809/2809 2807/2807/2807 2808/2808/2808
f 2809/2809/2809 2808/2808/2808 2810/2810/2810
f 2811/2811/2811 2810/2810/2810 2808/2808/2808
f 2810/2810/2810 2811/2811/2811 2812/2812/2812
f 2813/2813/2813 2812/2812/2812 2811/2811/2811
f 2812/2812/2812 2813/2813/2813 2814/2814/2814
f 2815/2815/2815 2814/2814/2814 2813/2813/2813
f 2814/2814/2814 2815/2815/2815 2816/2816/2816
f 2817/2817/2817 2816/2816/2816 2815/2815/2815
f 2817/2817/2817 2818/2818/2818 2816/2816/2816
f 2819/2819/2819 2816/2816/2816 2818/2818/2818
f 2819/2819/2819 2818/2818/2818 2820/2820/2820
f 2821/2821/2821 2820/2820/2820 2818/2818/2818
f 2821/2821/2821 2822/2822/2822 2820/2820/2820
f 2823/2823/2823 2820/2820/2820 2822/2822/2822
f 2822/2822/2822 2824/2824/2824 2823/2823/2823
f 2825/2825/2825 2823/2823/2823 2824/2824/2824
f 2825/2825/2825 2824/2824/2824 2826/2826/2826
f 2827/2827/2827 2826/2826/2826 2824/2824/2824
f 2827/2827/2827 2828/2828/2828 2826/2826/2826
f 2829/2829/2829 2826/2826/2826 2828/2828/2828
f 2829/2829/2829 2828/2828/2828 2830/2830/2830
f 2831/2831/2831 2830/2830/2830 2828/2828/2828
f 2830/2830/2830 2831/2831/2831 2832/2832/2832
f 2833/2833/2833 2832/2832/2832 2831/2831/2831
f 2835/2835/2835 2836/2836/2836 2834/2834/2834
f 2837/2837/2837 2834/2834/2834 2836/2836/2836
f 2836/2836/2836 2838/2838/2838 2837/2837/2837
f 2839/2839/2839 2837/2837/2837 2838/2838/2838
f 2839/2839/2839 2838/2838/2838 2840/2840/2840
f 2841/2841/2841 2840/2840/2840 2838/2838/2838
f 2840/2840/2840 2841/2841/2841 2842/2842/2842
f 2843/2843/2843 2842/2842/2842 2841/2841/2841
f 2843/2843/2843 2844/2844/2844 2842/2842/2842
f 2845/2845/2845 2842/2842/2842 2844/2844/2844
f 2845/2845/2845 2844/2844/2844 2846/2846/2846
f 2847/2847/2847 2846/2846/2846 2844/2844/2844
f 2846/2846/2846 2847/2847/2847 2848/2848/2848
f 2849/2849/2849 2848/2848/2848 2847/2847/2847
f 2848/2848/2848 2849/2849/2849 2850/2850/2850
f 2851/2851/2851 2850/2850/2850 2849/2849/2849
f 2850/2850/2850 2851/2851/2851 2852/2852/2852
f 2853/2853/2853 2852/2852/2852 2851/2851/2851
f 2853/2853/2853 2854/2854/2854 2852/2852/2852
f 2855/2855/2855 2852/2852/2852 2854/2854/2854
f 2855/2855/2855 2854/2854/2854 2856/2856/2856
f 2857/2857/2857 2856/2856/2856 2854/2854/2854
f 2857/2857/2857 2858/2858/2858 2856/2856/2856
f 2859/2859/2859 2856/2856/2856 2858/2858/2858
f 2858/2858/2858 2860/2860/2860 2859/2859/2859
f 2861/2861/2861 2859/2859/2859 2860/2860/2860
f 2861/2861/2861 2860/2860/2860 2862/2862/2862
f 2863/2863/2863 2862/2862/2862 2860/2860/2860
f 2862/2862/2862 2863/2863/2863 2864/2864/2864
f 2865/2865/2865 2864/2864/2864 2863/2863/2863
f 2865/2865/2865 2866/2866/2866 2864/2864/2864
f 2867/2867/2867 2864/2864/2864 2866/2866/2866
f 2867/2867/2867 2866/2866/2866 2868/2868/2868
f 2869/2869/2869 2868/2868/2868 2866/2866/2866
f 2869/2869/2869 2870/2870/2870 2868/2868/2868
f 2871/2871/2871 2868/2868/2868 2870/2870/2870
f 2870/2870/2870 2872/2872/2872 2871/2871/2871
f 2873/2873/2873 2871/2871/2871 2872/2872/2872
f 2873/2873/2873 2872/2872/2872 2874/2874/2874
f 2875/2875/2875 2874/2874/2874 2872/2872/2872
f 2874/2874/2874 2875/2875/2875 2876/2876/2876
f 2877/2877/2877 2876/2876/2876 2875/2875/2875
f 2877/2877/2877 2878/2878/2878 2876/2876/2876
f 2879/2879/2879 2876/2876/2876 2878/2878/2878
f 2879/2879/2879 2878/2878/2878 2880/2880/2880
f 2881/2881/2881 2880/2880/2880 2878/2878/2878
f 2881/2881/2881 2882/2882/2882 2880/2880/2880
f 2883/2883/2883 2880/2880/2880 2882/2882/2882
f 2882/2882/2882 2884/2884/2884 2883/2883/2883
f 2885/2885/2885 2883/2883/2883 2884/2884/2884
f 2884/2884/2884 2886/2886/2886 2885/2885/2885
f 2887/2887/2887 2885/2885/2885 2886/2886/2886
f 2886/2886/2886 2888/2888/2888 2887/2887/2887
f 2889/2889/2889 2887/2887/2887 2888/2888/2888
f 2889/2889/2889 2888/2888/2888 2890/2890/2890
f 2891/2891/2891 2890/2890/2890 2888/2888/2888
f 2891/2891/2891 2892/2892/2892 2890/2890/2890
f 2893/2893/2893 2890/2890/2890 2892/2892/2892
f 2892/2892/2892 2894/2894/2894 2893/2893/2893
f 2895/2895/2895 2893/2893/2893 2894/2894/2894
f 2895/2895/2895 2894/2894/2894 2896/2896/2896
f 2897/2897/2897 2896/2896/2896 2894/2894/2894
f 2896/2896/2896 2897/2897/2897 2898/2898/2898
f 2899/2899/2899 2898/2898/2898 2897/2897/2897
f 2901/2901/2901 2902/2902/2902 2900/2900/2900
f 2900/2900/2900 2902/2902/2902 2903/2903/2903
f 2904/2904/2904 2903/2903/2903 2902/2902/2902
f 2903/2903/2903 2904/2904/2904 2905/2905/2905
f 2906/2906/2906 2905/2905/2905 2904/2904/2904
f 2905/2905/2905 2906/2906/2906 2907/2907/2907
f 2908/2908/2908 2907/2907/2907 2906/2906/2906
f 2908/2908/2908 2909/2909/2909 2907/2907/2907
f 2910/2910/2910 2907/2907/2907 2909/2909/2909
f 2910/2910/2910 2909/2909/2909 2911/2911/2911
f 2912/2912/2912 2911/2911/2911 2909/2909/2909
f 2911/2911/2911 2912/2912/2912 2913/2913/2913
f 2914/2914/2914 2913/2913/2913 2912/2912/2912
f 2913/2913/2913 2914/2914/2914 2915/2915/2915
f 2916/2916/2916 2915/2915/2915 2914/2914/2914
f 2918/2918/2918 2919/2919/2919 2917/2917/2917
f 2920/2920/2920 2917/2917/2917 2919/2919/2919
f 2917/2917/2917 2920/2920/2920 2921/2921/2921
f 2922/2922/2922 2921/2921/2921 2920/2920/2920
f 2924/2924/2924 2925/2925/2925 2923/2923/2923
f 2926/2926/2926 2923/2923/2923 2925/2925/2925
f 2923/2923/2923 2926/2926/2926 2927/2927/2927
f 2928/2928/2928 2927/2927/2927 2926/2926/2926
f 2930/2930/2930 2931/2931/2931 2929/2929/2929
f 2930/2930/2930 2929/2929/2929 2932/2932/2932
f 2933/2933/2933 2932/2932/2932 2929/2929/2929
f 2932/2932/2932 2933/2933/2933 2934/2934/2934
f 2935/2935/2935 2934/2934/2934 2933/2933/2933
f 2934/2934/2934 2935/2935/2935 2936/2936/2936
f 2937/2937/2937 2936/2936/2936 2935/2935/2935
f 2937/2937/2937 2938/2938/2938 2936/2936/2936
f 2939/2939/2939 2936/2936/2936 2938/2938/2938
f 2938/2938/2938 2940/2940/2940 2939/2939/2939
f 2941/2941/2941 2939/2939/2939 2940/2940/2940
f 2941/2941/2941 2940/2940/2940 2942/2942/2942
f 2943/2943/2943 2942/2942/2942 2940/2940/2940
f 2943/2943/2943 2944/2944/2944 2942/2942/2942
f 2945/2945/2945 2942/2942/2942 2944/2944/2944
f 2945/2945/2945 2944/2944/2944 2946/2946/2946
f 2947/2947/2947 2946/2946/2946 2944/2944/2944
f 2947/2947/2947 2948/2948/2948 2946/2946/2946
f 2949/2949/2949 2946/2946/2946 2948/2948/2948
f 2949/2949/2949 2948/2948/2948 2950/2950/2950
f 2951/2951/2951 2950/2950/2950 2948/2948/2948
f 2951/2951/2951 2952/2952/2952 2950/2950/2950
f 2953/2953/2953 2950/2950/2950 2952/2952/2952
f 2953/2953/2953 2952/2952/2952 2954/2954/2954
f 2955/2955/2955 2954/2954/2954 2952/2952/2952
f 2955/2955/2955 2956/2956/2956 2954/2954/2954
f 2957/2957/2957 2954/2954/2954 2956/2956/2956
f 2957/2957/2957 2956/2956/2956 2958/2958/2958
f 2959/2959/2959 2958/2958/2958 2956/2956/2956
f 2959/2959/2959 2960/2960/2960 2958/2958/2958
f 2961/2961/2961 2958/2958/2958 2960/2960/2960
f 2961/2961/2961 2960/2960/2960 2962/2962/2962
f 2963/2963/2963 2962/2962/2962 2960/2960/2960
f 2962/2962/2962 2963/2963/2963 2964/2964/2964
f 2965/2965/2965 2964/2964/2964 2963/2963/2963
f 2965/2965/2965 2966/2966/2966 2964/2964/2964
f 2967/2967/2967 2964/2964/2964 2966/2966/2966
f 2966/2966/2966 2968/2968/2968 2967/2967/2967
f 2969/2969/2969 2967/2967/2967 2968/2968/2968
f 2968/2968/2968 2970/2970/2970 2969/2969/2969
f 2971/2971/2971 2969/2969/2969 2970/2970/2970
f 2972/2972/2972 2971/2971/2971 2970/2970/2970
f 2974/2974/2974 2975/2975/2975 2973/2973/2973
f 2976/2976/2976 2973/2973/2973 2975/2975/2975
f 2973/2973/2973 2976/2976/2976 2977/2977/2977
f 2978/2978/2978 2977/2977/2977 2976/2976/2976
f 2977/2977/2977 2978/2978/2978 2979/2979/2979
f 2980/2980/2980 2979/2979/2979 2978/2978/2978
f 2980/2980/2980 2981/2981/2981 2979/2979/2979
f 2982/2982/2982 2979/2979/2979 2981/2981/2981
f 2984/2984/2984 2985/2985/2985 2983/2983/2983
f 2986/2986/2986 2983/2983/2983 2985/2985/2985
f 2983/2983/2983 2986/2986/2986 2987/2987/2987
f 2988/2988/2988 2987/2987/2987 2986/2986/2986
f 2987/2987/2987 2988/2988/2988 2989/2989/2989
f 2990/2990/2990 2989/2989/2989 2988/2988/2988
f 2989/2989/2989 2990/2990/2990 2991/2991/2991
f 2992/2992/2992 2991/2991/2991 2990/2990/2990
f 2991/2991/2991 2992/2992/2992 2993/2993/2993
f 2994/2994/2994 2993/2993/2993 2992/2992/2992
f 2994/2994/2994 2995/2995/2995 2993/2993/2993
f 2996/2996/2996 2993/2993/2993 2995/2995/2995
f 2996/2996/2996 2995/2995/2995 2997/2997/2997
f 2998/2998/2998 2997/2997/2997 2995/2995/2995
f 2997/2997/2997 2998/2998/2998 2999/2999/2999
f 3000/3000/3000 2999/2999/2999 2998/2998/2998
f 3002/3002/3002 3003/3003/3003 3001/3001/3001
f 3004/3004/3004 3001/3001/3001 3003/3003/3003
f 3001/3001/3001 3004/3004/3004 3005/3005/3005
f 3006/3006/3006 3005/3005/3005 3004/3004/3004
f 3006/3006/3006 3007/3007/3007 3005/3005/3005
f 3008/3008/3008 3005/3005/3005 3007/3007/3007
f 3008/3008/3008 3007/3007/3007 3009/3009/3009
f 3010/3010/3010 3009/3009/3009 3007/3007/3007
f 3009/3009/3009 3010/3010/3010 3011/3011/3011
f 3012/3012/3012 3011/3011/3011 3010/3010/3010
f 3011/3011/3011 3012/3012/3012 3013/3013/3013
f 3014/3014/3014 3013/3013/3013 3012/3012/3012
f 3014/3014/3014 3015/3015/3015 3013/3013/3013
f 3016/3016/3016 3013/3013/3013 3015/3015/3015
f 3016/3016/3016 3015/3015/3015 3017/3017/3017
f 3018/3018/3018 3017/3017/3017 3015/3015/3015
f 3017/3017/3017 3018/3018/3018 3019/3019/3019
f 3020/3020/3020 3019/3019/3019 3018/3018/3018
f 3020/3020/3020 3021/3021/3021 3019/3019/3019
f 3022/3022/3022 3019/3019/3019 3021/3021/3021
f 3022/3022/3022 3021/3021/3021 3023/3023/3023
f 3024/3024/3024 3023/3023/3023 3021/3021/3021
f 3024/3024/3024 3025/3025/3025 3023/3023/3023
f 3026/3026/3026 3023/3023/3023 3025/3025/3025
f 3026/3026/3026 3025/3025/3025 3027/3027/3027
f 3028/3028/3028 3027/3027/3027 3025/3025/3025
f 3028/3028/3028 3029/3029/3029 3027/3027/3027
f 3030/3030/3030 3027/3027/3027 3029/3029/3029
f 3030/3030/3030 3029/3029/3029 3031/3031/3031
f 3032/3032/3032 3031/3031/3031 3029/3029/3029
f 3031/3031/3031 3032/3032/3032 3033/3033/3033
f 3034/3034/3034 3033/3033/3033 3032/3032/3032
f 3036/3036/3036 3037/3037/3037 3035/3035/3035
f 3038/3038/3038 3035/3035/3035 3037/3037/3037
f 3040/3040/3040 3039/3039/3039 3041/3041/3041
f 3043/3043/3043 3042/3042/3042 3044/3044/3044
f 3046/3046/3046 3045/3045/3045 3047/3047/3047
f 3049/3049/3049 3048/3048/3048 3050/3050/3050
f 3052/3052/3052 3051/3051/3051 3053/3053/3053
f 3055/3055/3055 3054/3054/3054 3056/3056/3056
f 3058/3058/3058 3057/3057/3057 3059/3059/3059
f 3060/3060/3060 3062/3062/3062 3063/3063/3063
f 3060/3060/3060 3063/3063/3063 3061/3061/3061
f 3064/3064/3064 3065/3065/3065 3066/3066/3066
f 3068/3068/3068 3067/3067/3067 3069/3069/3069
f 3071/3071/3071 3070/3070/3070 3072/3072/3072
f 3074/3074/3074 3073/3073/3073 3075/3075/3075
f 3077/3077/3077 3076/3076/3076 3078/3078/3078
f 3079/3079/3079 3081/3081/3081 3080/3080/3080
f 3084/3084/3084 3083/3083/3083 3082/3082/3082
f 3086/3086/3086 3085/3085/3085 3087/3087/3087
f 3089/3089/3089 3088/3088/3088 3090/3090/3090
f 3092/3092/3092 3091/3091/3091 3093/3093/3093
f 3095/3095/3095 3094/3094/3094 3096/3096/3096
f 3098/3098/3098 3097/3097/3097 3099/3099/3099
f 3101/3101/3101 3100/3100/3100 3102/3102/3102
f 3104/3104/3104 3103/3103/3103 3105/3105/3105
f 3107/3107/3107 3106/3106/3106 3108/3108/3108
f 3110/3110/3110 3109/3109/3109 3111/3111/3111
f 3112/3112/3112 3113/3113/3113 3114/3114/3114
f 3116/3116/3116 3115/3115/3115 3117/3117/3117
f 3120/3120/3120 3118/3118/3118 3119/3119/3119
f 3121/3121/3121 3122/3122/3122 3124/3124/3124
f 3123/3123/3123 3124/3124/3124 3122/3122/3122
f 3126/3126/3126 3127/3127/3127 3125/3125/3125
f 3129/3129/3129 3128/3128/3128 3130/3130/3130
f 3132/3132/3132 3131/3131/3131 3133/3133/3133
f 3135/3135/3135 3134/3134/3134 3136/3136/3136
f 3137/3137/3137 3138/3138/3138 3139/3139/3139
f 3142/3142/3142 3140/3140/3140 3141/3141/3141
f 3144/3144/3144 3145/3145/3145 3143/3143/3143
f 3147/3147/3147 3148/3148/3148 3146/3146/3146
f 3147/3147/3147 3149/3149/3149 3148/3148/3148
f 3151/3151/3151 3150/3150/3150 3152/3152/3152
f 3154/3154/3154 3153/3153/3153 3155/3155/3155
f 3156/3156/3156 3157/3157/3157 3158/3158/3158
f 3160/3160/3160 3159/3159/3159 3161/3161/3161
f 3163/3163/3163 3162/3162/3162 3164/3164/3164
f 3166/3166/3166 3165/3165/3165 3167/3167/3167
f 3169/3169/3169 3168/3168/3168 3170/3170/3170
f 3172/3172/3172 3173/3173/3173 3171/3171/3171
f 3174/3174/3174 3171/3171/3171 3173/3173/3173
f 3174/3174/3174 3173/3173/3173 3175/3175/3175
f 3176/3176/3176 3175/3175/3175 3173/3173/3173
f 3178/3178/3178 3179/3179/3179 3177/3177/3177
f 3180/3180/3180 3177/3177/3177 3179/3179/3179
f 3177/3177/3177 3180/3180/3180 3181/3181/3181
f 3182/3182/3182 3181/3181/3181 3180/3180/3180
f 3181/3181/3181 3182/3182/3182 3183/3183/3183
f 3184/3184/3184 3183/3183/3183 3182/3182/3182
f 3183/3183/3183 3184/3184/3184 3185/3185/3185
f 3186/3186/3186 3185/3185/3185 3184/3184/3184
f 3186/3186/3186 3187/3187/3187 3185/3185/3185
f 3188/3188/3188 3185/3185/3185 3187/3187/3187
f 3188/3188/3188 3187/3187/3187 3189/3189/3189
f 3190/3190/3190 3189/3189/3189 3187/3187/3187
f 3189/3189/3189 3190/3190/3190 3191/3191/3191
f 3192/3192/3192 3191/3191/3191 3190/3190/3190
f 3191/3191/3191 3192/3192/3192 3193/3193/3193
f 3194/3194/3194 3193/3193/3193 3192/3192/3192
f 3194/3194/3194 3195/3195/3195 3193/3193/3193
f 3196/3196/3196 3193/3193/3193 3195/3195/3195
f 3196/3196/3196 3195/3195/3195 3197/3197/3197
f 3198/3198/3198 3197/3197/3197 3195/3195/3195
f 3200/3200/3200 3201/3201/3201 3199/3199/3199
f 3202/3202/3202 3199/3199/3199 3201/3201/3201
f 3199/3199/3199 3202/3202/3202 3203/3203/3203
f 3204/3204/3204 3203/3203/3203 3202/3202/3202
f 3204/3204/3204 3205/3205/3205 3203/3203/3203
f 3206/3206/3206 3203/3203/3203 3205/3205/3205
f 3205/3205/3205 3207/3207/3207 3206/3206/3206
f 3208/3208/3208 3206/3206/3206 3207/3207/3207
f 3207/3207/3207 3209/3209/3209 3208/3208/3208
f 3210/3210/3210 3208/3208/3208 3209/3209/3209
f 3210/3210/3210 3209/3209/3209 3211/3211/3211
f 3212/3212/3212 3211/3211/3211 3209/3209/3209
f 3211/3211/3211 3212/3212/3212 3213/3213/3213
f 3214/3214/3214 3213/3213/3213 3212/3212/3212
f 3214/3214/3214 3215/3215/3215 3213/3213/3213
f 3216/3216/3216 3213/3213/3213 3215/3215/3215
f 3215/3215/3215 3217/3217/3217 3216/3216/3216
f 3218/3218/3218 3216/3216/3216 3217/3217/3217
f 3218/3218/3218 3217/3217/3217 3219/3219/3219
f 3220/3220/3220 3219/3219/3219 3217/3217/3217
f 3222/3222/3222 3223/3223/3223 3221/3221/3221
f 3224/3224/3224 3221/3221/3221 3223/3223/3223
f 3221/3221/3221 3224/3224/3224 3225/3225/3225
f 3226/3226/3226 3225/3225/3225 3224/3224/3224
f 3225/3225/3225 3226/3226/3226 3227/3227/3227
f 3228/3228/3228 3227/3227/3227 3226/3226/3226
f 3227/3227/3227 3228/3228/3228 3229/3229/3229
f 3230/3230/3230 3229/3229/3229 3228/3228/3228
f 3229/3229/3229 3230/3230/3230 3231/3231/3231
f 3232/3232/3232 3231/3231/3231 3230/3230/3230
f 3231/3231/3231 3232/3232/3232 3233/3233/3233
f 3234/3234/3234 3233/3233/3233 3232/3232/3232
f 3234/3234/3234 3235/3235/3235 3233/3233/3233
f 3236/3236/3236 3233/3233/3233 3235/3235/3235
f 3235/3235/3235 3237/3237/3237 3236/3236/3236
f 3238/3238/3238 3236/3236/3236 3237/3237/3237
f 3238/3238/3238 3237/3237/3237 3239/3239/3239
f 3240/3240/3240 3239/3239/3239 3237/3237/3237
f 3240/3240/3240 3241/3241/3241 3239/3239/3239
f 3242/3242/3242 3239/3239/3239 3241/3241/3241
f 3242/3242/3242 3241/3241/3241 3243/3243/3243
f 3244/3244/3244 3243/3243/3243 3241/3241/3241
f 3243/3243/3243 3244/3244/3244 3245/3245/3245
f 3246/3246/3246 3245/3245/3245 3244/3244/3244
f 3245/3245/3245 3246/3246/3246 3247/3247/3247
f 3248/3248/3248 3247/3247/3247 3246/3246/3246
f 3247/3247/3247 3248/3248/3248 3249/3249/3249
f 3250/3250/3250 3249/3249/3249 3248/3248/3248
f 3249/3249/3249 3250/3250/3250 3251/3251/3251
f 3252/3252/3252 3251/3251/3251 3250/3250/3250
f 3251/3251/3251 3252/3252/3252 3253/3253/3253
f 3254/3254/3254 3253/3253/3253 3252/3252/3252
f 3256/3256/3256 3257/3257/3257 3255/3255/3255
f 3258/3258/3258 3255/3255/3255 3257/3257/3257
f 3258/3258/3258 3257/3257/3257 3259/3259/3259
f 3260/3260/3260 3259/3259/3259 3257/3257/3257
f 3262/3262/3262 3263/3263/3263 3261/3261/3261
f 3264/3264/3264 3261/3261/3261 3263/3263/3263
f 3264/3264/3264 3263/3263/3263 3265/3265/3265
f 3266/3266/3266 3265/3265/3265 3263/3263/3263
f 3268/3268/3268 3269/3269/3269 3267/3267/3267
f 3270/3270/3270 3267/3267/3267 3269/3269/3269
f 3270/3270/3270 3269/3269/3269 3271/3271/3271
f 3272/3272/3272 3271/3271/3271 3269/3269/3269
f 3274/3274/3274 3275/3275/3275 3273/3273/3273
f 3276/3276/3276 3273/3273/3273 3275/3275/3275
f 3276/3276/3276 3277/3277/3277 3273/3273/3273
f 3278/3278/3278 3273/3273/3273 3277/3277/3277
f 3280/3280/3280 3281/3281/3281 3279/3279/3279
f 3282/3282/3282 3279/3279/3279 3281/3281/3281
f 3282/3282/3282 3281/3281/3281 3283/3283/3283
f 3284/3284/3284 3283/3283/3283 3281/3281/3281
f 3286/3286/3286 3287/3287/3287 3285/3285/3285
f 3288/3288/3288 3285/3285/3285 3287/3287/3287
f 3288/3288/3288 3289/3289/3289 3285/3285/3285
f 3290/3290/3290 3285/3285/3285 3289/3289/3289
f 3289/3289/3289 3291/3291/3291 3290/3290/3290
f 3292/3292/3292 3290/3290/3290 3291/3291/3291
f 3291/3291/3291 3293/3293/3293 3292/3292/3292
f 3294/3294/3294 3292/3292/3292 3293/3293/3293
f 3293/3293/3293 3295/3295/3295 3294/3294/3294
f 3296/3296/3296 3294/3294/3294 3295/3295/3295
f 3295/3295/3295 3297/3297/3297 3296/3296/3296
f 3298/3298/3298 3296/3296/3296 3297/3297/3297
f 3298/3298/3298 3297/3297/3297 3299/3299/3299
f 3300/3300/3300 3299/3299/3299 3297/3297/3297
f 3300/3300/3300 3301/3301/3301 3299/3299/3299
f 3302/3302/3302 3299/3299/3299 3301/3301/3301
f 3304/3304/3304 3305/3305/3305 3303/3303/3303
f 3306/3306/3306 3303/3303/3303 3305/3305/3305
f 3306/3306/3306 3305/3305/3305 3307/3307/3307
f 3308/3308/3308 3307/3307/3307 3305/3305/3305
f 3310/3310/3310 3311/3311/3311 3309/3309/3309
f 3312/3312/3312 3309/3309/3309 3311/3311/3311
f 3312/3312/3312 3311/3311/3311 3313/3313/3313
f 3314/3314/3314 3313/3313/3313 3311/3311/3311
f 3316/3316/3316 3317/3317/3317 3315/3315/3315
f 3318/3318/3318 3315/3315/3315 3317/3317/3317
f 3318/3318/3318 3317/3317/3317 3319/3319/3319
f 3320/3320/3320 3319/3319/3319 3317/3317/3317
f 3319/3319/3319 3320/3320/3320 3321/3321/3321
f 3322/3322/3322 3321/3321/3321 3320/3320/3320
f 3321/3321/3321 3322/3322/3322 3323/3323/3323
f 3324/3324/3324 3323/3323/3323 3322/3322/3322
f 3323/3323/3323 3324/3324/3324 3325/3325/3325
f 3326/3326/3326 3325/3325/3325 3324/3324/3324
f 3325/3325/3325 3326/3326/3326 3327/3327/3327
f 3328/3328/3328 3327/3327/3327 3326/3326/3326
f 3328/3328/3328 3329/3329/3329 3327/3327/3327
f 3330/3330/3330 3327/3327/3327 3329/3329/3329
f 3330/3330/3330 3329/3329/3329 3331/3331/3331
f 3332/3332/3332 3331/3331/3331 3329/3329/3329
f 3334/3334/3334 3335/3335/3335 3333/3333/3333
f 3336/3336/3336 3333/3333/3333 3335/3335/3335
f 3336/3336/3336 3337/3337/3337 3333/3333/3333
f 3338/3338/3338 3333/3333/3333 3337/3337/3337
f 3337/3337/3337 3339/3339/3339 3338/3338/3338
f 3340/3340/3340 3338/3338/3338 3339/3339/3339
f 3340/3340/3340 3339/3339/3339 3341/3341/3341
f 3342/3342/3342 3341/3341/3341 3339/3339/3339
f 3342/3342/3342 3343/3343/3343 3341/3341/3341
f 3344/3344/3344 3341/3341/3341 3343/3343/3343
f 3345/3345/3345 3347/3347/3347 3346/3346/3346
f 3349/3349/3349 3348/3348/3348 3350/3350/3350
f 3352/3352/3352 3351/3351/3351 3353/3353/3353
f 3355/3355/3355 3354/3354/3354 3356/3356/3356
f 3358/3358/3358 3357/3357/3357 3359/3359/3359
f 3361/3361/3361 3360/3360/3360 3362/3362/3362
f 3364/3364/3364 3363/3363/3363 3365/3365/3365
f 3367/3367/3367 3366/3366/3366 3368/3368/3368
f 3367/3367/3367 3368/3368/3368 3369/3369/3369
f 3371/3371/3371 3370/3370/3370 3372/3372/3372
f 3374/3374/3374 3373/3373/3373 3375/3375/3375
f 3377/3377/3377 3376/3376/3376 3378/3378/3378
f 3380/3380/3380 3379/3379/3379 3381/3381/3381
f 3384/3384/3384 3383/3383/3383 3382/3382/3382
f 3386/3386/3386 3385/3385/3385 3387/3387/3387
f 3389/3389/3389 3388/3388/3388 3390/3390/3390
f 3392/3392/3392 3391/3391/3391 3393/3393/3393
f 3395/3395/3395 3394/3394/3394 3396/3396/3396
f 3398/3398/3398 3397/3397/3397 3399/3399/3399
f 3402/3402/3402 3400/3400/3400 3401/3401/3401
f 3404/3404/3404 3403/3403/3403 3405/3405/3405
f 3407/3407/3407 3406/3406/3406 3408/3408/3408
f 3409/3409/3409 3410/3410/3410 3418/3418/3418
f 3411/3411/3411 3419/3419/3419 3410/3410/3410
f 3411/3411/3411 3410/3410/3410 3412/3412/3412
f 3413/3413/3413 3412/3412/3412 3410/3410/3410
f 3412/3412/3412 3413/3413/3413 3414/3414/3414
f 3415/3415/3415 3414/3414/3414 3413/3413/3413
f 3415/3415/3415 3416/3416/3416 3414/3414/3414
f 3417/3417/3417 3414/3414/3414 3416/3416/3416
f 3421/3421/3421 3422/3422/3422 3420/3420/3420
f 3423/3423/3423 3420/3420/3420 3422/3422/3422
f 3423/3423/3423 3424/3424/3424 3420/3420/3420
f 3425/3425/3425 3420/3420/3420 3424/3424/3424
f 3424/3424/3424 3426/3426/3426 3425/3425/3425
f 3427/3427/3427 3425/3425/3425 3426/3426/3426
f 3426/3426/3426 3428/3428/3428 3427/3427/3427
f 3429/3429/3429 3427/3427/3427 3428/3428/3428
f 3429/3429/3429 3428/3428/3428 3430/3430/3430
f 3431/3431/3431 3430/3430/3430 3428/3428/3428
f 3430/3430/3430 3431/3431/3431 3432/3432/3432
f 3433/3433/3433 3432/3432/3432 3431/3431/3431
f 3433/3433/3433 3434/3434/3434 3432/3432/3432
f 3435/3435/3435 3432/3432/3432 3434/3434/3434
f 3435/3435/3435 3434/3434/3434 3436/3436/3436
f 3437/3437/3437 3436/3436/3436 3434/3434/3434
f 3436/3436/3436 3437/3437/3437 3438/3438/3438
f 3439/3439/3439 3438/3438/3438 3437/3437/3437
f 3438/3438/3438 3439/3439/3439 3440/3440/3440
f 3441/3441/3441 3440/3440/3440 3439/3439/3439
f 3441/3441/3441 3442/3442/3442 3440/3440/3440
f 3443/3443/3443 3440/3440/3440 3442/3442/3442
f 3442/3442/3442 3444/3444/3444 3443/3443/3443
f 3445/3445/3445 3443/3443/3443 3444/3444/3444
f 3444/3444/3444 3446/3446/3446 3445/3445/3445
f 3447/3447/3447 3445/3445/3445 3446/3446/3446
f 3447/3447/3447 3446/3446/3446 3448/3448/3448
f 3449/3449/3449 3448/3448/3448 3446/3446/3446
f 3449/3449/3449 3450/3450/3450 3448/3448/3448
f 3451/3451/3451 3448/3448/3448 3450/3450/3450
f 3450/3450/3450 3452/3452/3452 3451/3451/3451
f 3453/3453/3453 3451/3451/3451 3452/3452/3452
f 3453/3453/3453 3452/3452/3452 3454/3454/3454
f 3455/3455/3455 3454/3454/3454 3452/3452/3452
f 3454/3454/3454 3455/3455/3455 3456/3456/3456
f 3457/3457/3457 3456/3456/3456 3455/3455/3455
f 3456/3456/3456 3457/3457/3457 3458/3458/3458
f 3459/3459/3459 3458/3458/3458 3457/3457/3457
f 3459/3459/3459 3460/3460/3460 3458/3458/3458
f 3461/3461/3461 3458/3458/3458 3460/3460/3460
f 3463/3463/3463 3464/3464/3464 3462/3462/3462
f 3465/3465/3465 3462/3462/3462 3464/3464/3464
f 3465/3465/3465 3464/3464/3464 3466/3466/3466
f 3467/3467/3467 3466/3466/3466 3464/3464/3464
f 3467/3467/3467 3468/3468/3468 3466/3466/3466
f 3469/3469/3469 3466/3466/3466 3468/3468/3468
f 3468/3468/3468 3470/3470/3470 3469/3469/3469
f 3471/3471/3471 3469/3469/3469 3470/3470/3470
f 3470/3470/3470 3472/3472/3472 3471/3471/3471
f 3473/3473/3473 3471/3471/3471 3472/3472/3472
f 3472/3472/3472 3474/3474/3474 3473/3473/3473
f 3475/3475/3475 3473/3473/3473 3474/3474/3474
f 3474/3474/3474 3476/3476/3476 3475/3475/3475
f 3477/3477/3477 3475/3475/3475 3476/3476/3476
f 3476/3476/3476 3478/3478/3478 3477/3477/3477
f 3479/3479/3479 3477/3477/3477 3478/3478/3478
f 3479/3479/3479 3478/3478/3478 3480/3480/3480
f 3481/3481/3481 3480/3480/3480 3478/3478/3478
f 3480/3480/3480 3481/3481/3481 3482/3482/3482
f 3483/3483/3483 3482/3482/3482 3481/3481/3481
f 3483/3483/3483 3484/3484/3484 3482/3482/3482
f 3485/3485/3485 3482/3482/3482 3484/3484/3484
f 3484/3484/3484 3486/3486/3486 3485/3485/3485
f 3487/3487/3487 3485/3485/3485 3486/3486/3486
f 3487/3487/3487 3486/3486/3486 3488/3488/3488
f 3489/3489/3489 3488/3488/3488 3486/3486/3486
f 3488/3488/3488 3489/3489/3489 3490/3490/3490
f 3491/3491/3491 3490/3490/3490 3489/3489/3489
f 3490/3490/3490 3491/3491/3491 3492/3492/3492
f 3493/3493/3493 3492/3492/3492 3491/3491/3491
f 3492/3492/3492 3493/3493/3493 3494/3494/3494
f 3495/3495/3495 3494/3494/3494 3493/3493/3493
f 3494/3494/3494 3495/3495/3495 3496/3496/3496
f 3497/3497/3497 3496/3496/3496 3495/3495/3495
f 3496/3496/3496 3497/3497/3497 3498/3498/3498
f 3499/3499/3499 3498/3498/3498 3497/3497/3497
f 3499/3499/3499 3500/3500/3500 3498/3498/3498
f 3501/3501/3501 3498/3498/3498 3500/3500/3500
f 3501/3501/3501 3500/3500/3500 3502/3502/3502
f 3503/3503/3503 3502/3502/3502 3500/3500/3500
f 3505/3505/3505 3506/3506/3506 3504/3504/3504
f 3507/3507/3507 3504/3504/3504 3506/3506/3506
f 3507/3507/3507 3508/3508/3508 3504/3504/3504
f 3509/3509/3509 3504/3504/3504 3508/3508/3508
f 3508/3508/3508 3510/3510/3510 3509/3509/3509
f 3511/3511/3511 3509/3509/3509 3510/3510/3510
f 3510/3510/3510 3512/3512/3512 3511/3511/3511
f 3513/3513/3513 3511/3511/3511 3512/3512/3512
f 3513/3513/3513 3512/3512/3512 3514/3514/3514
f 3515/3515/3515 3514/3514/3514 3512/3512/3512
f 3514/3514/3514 3515/3515/3515 3516/3516/3516
f 3517/3517/3517 3516/3516/3516 3515/3515/3515
f 3516/3516/3516 3517/3517/3517 3518/3518/3518
f 3519/3519/3519 3518/3518/3518 3517/3517/3517
f 3518/3518/3518 3519/3519/3519 3520/3520/3520
f 3521/3521/3521 3520/3520/3520 3519/3519/3519
f 3521/3521/3521 3522/3522/3522 3520/3520/3520
f 3523/3523/3523 3520/3520/3520 3522/3522/3522
f 3522/3522/3522 3524/3524/3524 3523/3523/3523
f 3525/3525/3525 3523/3523/3523 3524/3524/3524
f 3525/3525/3525 3524/3524/3524 3526/3526/3526
f 3527/3527/3527 3526/3526/3526 3524/3524/3524
f 3526/3526/3526 3527/3527/3527 3528/3528/3528
f 3529/3529/3529 3528/3528/3528 3527/3527/3527
f 3529/3529/3529 3530/3530/3530 3528/3528/3528
f 3531/3531/3531 3528/3528/3528 3530/3530/3530
f 3530/3530/3530 3532/3532/3532 3531/3531/3531
f 3533/3533/3533 3531/3531/3531 3532/3532/3532
f 3532/3532/3532 3534/3534/3534 3533/3533/3533
f 3535/3535/3535 3533/3533/3533 3534/3534/3534
f 3534/3534/3534 3536/3536/3536 3535/3535/3535
f 3537/3537/3537 3535/3535/3535 3536/3536/3536
f 3537/3537/3537 3536/3536/3536 3538/3538/3538
f 3539/3539/3539 3538/3538/3538 3536/3536/3536
f 3538/3538/3538 3539/3539/3539 3540/3540/3540
f 3541/3541/3541 3540/3540/3540 3539/3539/3539
f 3540/3540/3540 3541/3541/3541 3542/3542/3542
f 3543/3543/3543 3542/3542/3542 3541/3541/3541
f 3543/3543/3543 3544/3544/3544 3542/3542/3542
f 3545/3545/3545 3542/3542/3542 3544/3544/3544
f 3547/3547/3547 3548/3548/3548 3546/3546/3546
f 3549/3549/3549 3546/3546/3546 3548/3548/3548
f 3549/3549/3549 3548/3548/3548 3550/3550/3550
f 3551/3551/3551 3550/3550/3550 3548/3548/3548
f 3551/3551/3551 3552/3552/3552 3550/3550/3550
f 3553/3553/3553 3550/3550/3550 3552/3552/3552
f 3552/3552/3552 3554/3554/3554 3553/3553/3553
f 3555/3555/3555 3553/3553/3553 3554/3554/3554
f 3554/3554/3554 3556/3556/3556 3555/3555/3555
f 3557/3557/3557 3555/3555/3555 3556/3556/3556
f 3556/3556/3556 3558/3558/3558 3557/3557/3557
f 3559/3559/3559 3557/3557/3557 3558/3558/3558
f 3558/3558/3558 3560/3560/3560 3559/3559/3559
f 3561/3561/3561 3559/3559/3559 3560/3560/3560
f 3561/3561/3561 3560/3560/3560 3562/3562/3562
f 3563/3563/3563 3562/3562/3562 3560/3560/3560
f 3562/3562/3562 3563/3563/3563 3564/3564/3564
f 3565/3565/3565 3564/3564/3564 3563/3563/3563
f 3565/3565/3565 3566/3566/3566 3564/3564/3564
f 3567/3567/3567 3564/3564/3564 3566/3566/3566
f 3569/3569/3569 3570/3570/3570 3568/3568/3568
f 3571/3571/3571 3568/3568/3568 3570/3570/3570
f 3571/3571/3571 3570/3570/3570 3572/3572/3572
f 3573/3573/3573 3572/3572/3572 3570/3570/3570
f 3573/3573/3573 3574/3574/3574 3572/3572/3572
f 3575/3575/3575 3572/3572/3572 3574/3574/3574
f 3574/3574/3574 3576/3576/3576 3575/3575/3575
f 3577/3577/3577 3575/3575/3575 3576/3576/3576
f 3576/3576/3576 3578/3578/3578 3577/3577/3577
f 3579/3579/3579 3577/3577/3577 3578/3578/3578
f 3578/3578/3578 3580/3580/3580 3579/3579/3579
f 3581/3581/3581 3579/3579/3579 3580/3580/3580
f 3581/3581/3581 3580/3580/3580 3582/3582/3582
f 3583/3583/3583 3582/3582/3582 3580/3580/3580
f 3582/3582/3582 3583/3583/3583 3584/3584/3584
f 3585/3585/3585 3584/3584/3584 3583/3583/3583
f 3585/3585/3585 3586/3586/3586 3584/3584/3584
f 3587/3587/3587 3584/3584/3584 3586/3586/3586
f 3589/3589/3589 3590/3590/3590 3588/3588/3588
f 3591/3591/3591 3588/3588/3588 3590/3590/3590
f 3591/3591/3591 3592/3592/3592 3588/3588/3588
f 3593/3593/3593 3588/3588/3588 3592/3592/3592
f 3593/3593/3593 3592/3592/3592 3594/3594/3594
f 3595/3595/3595 3594/3594/3594 3592/3592/3592
f 3594/3594/3594 3595/3595/3595 3596/3596/3596
f 3597/3597/3597 3596/3596/3596 3595/3595/3595
f 3596/3596/3596 3597/3597/3597 3598/3598/3598
f 3599/3599/3599 3598/3598/3598 3597/3597/3597
f 3598/3598/3598 3599/3599/3599 3600/3600/3600
f 3601/3601/3601 3600/3600/3600 3599/3599/3599
f 3600/3600/3600 3601/3601/3601 3602/3602/3602
f 3603/3603/3603 3602/3602/3602 3601/3601/3601
f 3603/3603/3603 3604/3604/3604 3602/3602/3602
f 3605/3605/3605 3602/3602/3602 3604/3604/3604
f 3604/3604/3604 3606/3606/3606 3605/3605/3605
f 3607/3607/3607 3605/3605/3605 3606/3606/3606
f 3607/3607/3607 3606/3606/3606 3608/3608/3608
f 3609/3609/3609 3608/3608/3608 3606/3606/3606
f 3611/3611/3611 3612/3612/3612 3610/3610/3610
f 3613/3613/3613 3610/3610/3610 3612/3612/3612
f 3613/3613/3613 3614/3614/3614 3610/3610/3610
f 3615/3615/3615 3610/3610/3610 3614/3614/3614
f 3615/3615/3615 3614/3614/3614 3616/3616/3616
f 3617/3617/3617 3616/3616/3616 3614/3614/3614
f 3616/3616/3616 3617/3617/3617 3618/3618/3618
f 3619/3619/3619 3618/3618/3618 3617/3617/3617
f 3618/3618/3618 3619/3619/3619 3620/3620/3620
f 3621/3621/3621 3620/3620/3620 3619/3619/3619
f 3620/3620/3620 3621/3621/3621 3622/3622/3622
f 3623/3623/3623 3622/3622/3622 3621/3621/3621
f 3623/3623/3623 3624/3624/3624 3622/3622/3622
f 3625/3625/3625 3622/3622/3622 3624/3624/3624
f 3624/3624/3624 3626/3626/3626 3625/3625/3625
f 3627/3627/3627 3625/3625/3625 3626/3626/3626
f 3627/3627/3627 3626/3626/3626 3628/3628/3628
f 3629/3629/3629 3628/3628/3628 3626/3626/3626
f 3631/3631/3631 3632/3632/3632 3630/3630/3630
f 3633/3633/3633 3630/3630/3630 3632/3632/3632
f 3632/3632/3632 3634/3634/3634 3633/3633/3633
f 3630/3630/3630 3633/3633/3633 3635/3635/3635
f 3636/3636/3636 3633/3633/3633 3634/3634/3634
f 3634/3634/3634 3637/3637/3637 3636/3636/3636
f 3638/3638/3638 3635/3635/3635 3633/3633/3633
f 3633/3633/3633 3636/3636/3636 3638/3638/3638
f 3635/3635/3635 3638/3638/3638 3639/3639/3639
f 3640/3640/3640 3639/3639/3639 3638/3638/3638
f 3638/3638/3638 3641/3641/3641 3640/3640/3640
f 3641/3641/3641 3638/3638/3638 3636/3636/3636
f 3642/3642/3642 3640/3640/3640 3641/3641/3641
f 3643/3643/3643 3636/3636/3636 3637/3637/3637
f 3636/3636/3636 3643/3643/3643 3641/3641/3641
f 3637/3637/3637 3644/3644/3644 3643/3643/3643
f 3641/3641/3641 3645/3645/3645 3642/3642/3642
f 3645/3645/3645 3641/3641/3641 3643/3643/3643
f 3646/3646/3646 3642/3642/3642 3645/3645/3645
f 3647/3647/3647 3643/3643/3643 3644/3644/3644
f 3643/3643/3643 3647/3647/3647 3645/3645/3645
f 3644/3644/3644 3648/3648/3648 3647/3647/3647
f 3645/3645/3645 3649/3649/3649 3646/3646/3646
f 3649/3649/3649 3645/3645/3645 3647/3647/3647
f 3650/3650/3650 3646/3646/3646 3649/3649/3649
f 3651/3651/3651 3647/3647/3647 3648/3648/3648
f 3647/3647/3647 3651/3651/3651 3649/3649/3649
f 3648/3648/3648 3652/3652/3652 3651/3651/3651
f 3653/3653/3653 3649/3649/3649 3651/3651/3651
f 3651/3651/3651 3654/3654/3654 3653/3653/3653
f 3654/3654/3654 3651/3651/3651 3652/3652/3652
f 3655/3655/3655 3653/3653/3653 3654/3654/3654
f 3655/3655/3655 3654/3654/3654 3656/3656/3656
f 3654/3654/3654 3652/3652/3652 3657/3657/3657
f 3657/3657/3657 3656/3656/3656 3654/3654/3654
f 3658/3658/3658 3657/3657/3657 3652/3652/3652
f 3656/3656/3656 3657/3657/3657 3659/3659/3659
f 3657/3657/3657 3658/3658/3658 3660/3660/3660
f 3660/3660/3660 3659/3659/3659 3657/3657/3657
f 3661/3661/3661 3660/3660/3660 3658/3658/3658
f 3663/3663/3663 3659/3659/3659 3662/3662/3662
f 3660/3660/3660 3661/3661/3661 3664/3664/3664
f 3665/3665/3665 3664/3664/3664 3661/3661/3661
f 3659/3659/3659 3660/3660/3660 3666/3666/3666
f 3666/3666/3666 3662/3662/3662 3659/3659/3659
f 3664/3664/3664 3666/3666/3666 3660/3660/3660
f 3662/3662/3662 3666/3666/3666 3667/3667/3667
f 3668/3668/3668 3667/3667/3667 3666/3666/3666
f 3666/3666/3666 3664/3664/3664 3668/3668/3668
f 3667/3667/3667 3668/3668/3668 3669/3669/3669
f 3664/3664/3664 3665/3665/3665 3670/3670/3670
f 3670/3670/3670 3668/3668/3668 3664/3664/3664
f 3671/3671/3671 3670/3670/3670 3665/3665/3665
f 3672/3672/3672 3669/3669/3669 3668/3668/3668
f 3668/3668/3668 3670/3670/3670 3672/3672/3672
f 3669/3669/3669 3672/3672/3672 3673/3673/3673
f 3674/3674/3674 3673/3673/3673 3672/3672/3672
f 3670/3670/3670 3671/3671/3671 3675/3675/3675
f 3675/3675/3675 3672/3672/3672 3670/3670/3670
f 3672/3672/3672 3675/3675/3675 3674/3674/3674
f 3676/3676/3676 3675/3675/3675 3671/3671/3671
f 3677/3677/3677 3674/3674/3674 3675/3675/3675
f 3675/3675/3675 3676/3676/3676 3677/3677/3677
f 3678/3678/3678 3677/3677/3677 3676/3676/3676
f 3680/3680/3680 3681/3681/3681 3679/3679/3679
f 3681/3681/3681 3680/3680/3680 3682/3682/3682
f 3680/3680/3680 3683/3683/3683 3682/3682/3682
f 3684/3684/3684 3681/3681/3681 3682/3682/3682
f 3683/3683/3683 3685/3685/3685 3682/3682/3682
f 3685/3685/3685 3684/3684/3684 3682/3682/3682
f 3683/3683/3683 3686/3686/3686 3685/3685/3685
f 3687/3687/3687 3684/3684/3684 3685/3685/3685
f 3685/3685/3685 3688/3688/3688 3687/3687/3687
f 3685/3685/3685 3686/3686/3686 3688/3688/3688
f 3688/3688/3688 3689/3689/3689 3687/3687/3687
f 3688/3688/3688 3686/3686/3686 3690/3690/3690
f 3688/3688/3688 3690/3690/3690 3689/3689/3689
f 3691/3691/3691 3690/3690/3690 3686/3686/3686
f 3690/3690/3690 3692/3692/3692 3689/3689/3689
f 3691/3691/3691 3693/3693/3693 3690/3690/3690
f 3690/3690/3690 3694/3694/3694 3692/3692/3692
f 3694/3694/3694 3690/3690/3690 3693/3693/3693
f 3695/3695/3695 3692/3692/3692 3694/3694/3694
f 3695/3695/3695 3694/3694/3694 3696/3696/3696
f 3694/3694/3694 3693/3693/3693 3697/3697/3697
f 3697/3697/3697 3696/3696/3696 3694/3694/3694
f 3698/3698/3698 3697/3697/3697 3693/3693/3693
f 3696/3696/3696 3697/3697/3697 3699/3699/3699
f 3697/3697/3697 3698/3698/3698 3700/3700/3700
f 3700/3700/3700 3699/3699/3699 3697/3697/3697
f 3701/3701/3701 3700/3700/3700 3698/3698/3698
f 3699/3699/3699 3700/3700/3700 3702/3702/3702
f 3700/3700/3700 3701/3701/3701 3703/3703/3703
f 3703/3703/3703 3702/3702/3702 3700/3700/3700
f 3704/3704/3704 3703/3703/3703 3701/3701/3701
f 3702/3702/3702 3703/3703/3703 3705/3705/3705
f 3703/3703/3703 3704/3704/3704 3706/3706/3706
f 3706/3706/3706 3705/3705/3705 3703/3703/3703
f 3707/3707/3707 3706/3706/3706 3704/3704/3704
f 3705/3705/3705 3706/3706/3706 3708/3708/3708
f 3706/3706/3706 3707/3707/3707 3708/3708/3708
f 3709/3709/3709 3708/3708/3708 3707/3707/3707
f 3709/3709/3709 3710/3710/3710 3708/3708/3708
f 3711/3711/3711 3708/3708/3708 3710/3710/3710
f 3708/3708/3708 3711/3711/3711 3712/3712/3712
f 3708/3708/3708 3712/3712/3712 3713/3713/3713
f 3705/3705/3705 3708/3708/3708 3714/3714/3714
f 3713/3713/3713 3715/3715/3715 3708/3708/3708
f 3714/3714/3714 3708/3708/3708 3715/3715/3715
f 3714/3714/3714 3715/3715/3715 3716/3716/3716
f 3716/3716/3716 3715/3715/3715 3717/3717/3717
f 3718/3718/3718 3717/3717/3717 3715/3715/3715
f 3718/3718/3718 3719/3719/3719 3717/3717/3717
f 3720/3720/3720 3717/3717/3717 3719/3719/3719
f 3719/3719/3719 3721/3721/3721 3720/3720/3720
f 3722/3722/3722 3720/3720/3720 3721/3721/3721
f 3722/3722/3722 3721/3721/3721 3723/3723/3723
f 3724/3724/3724 3723/3723/3723 3721/3721/3721
f 3724/3724/3724 3725/3725/3725 3723/3723/3723
f 3726/3726/3726 3723/3723/3723 3725/3725/3725
f 3726/3726/3726 3725/3725/3725 3727/3727/3727
f 3728/3728/3728 3727/3727/3727 3725/3725/3725
f 3727/3727/3727 3728/3728/3728 3729/3729/3729
f 3730/3730/3730 3729/3729/3729 3728/3728/3728
f 3730/3730/3730 3731/3731/3731 3729/3729/3729
f 3732/3732/3732 3729/3729/3729 3731/3731/3731
f 3731/3731/3731 3733/3733/3733 3732/3732/3732
f 3733/3733/3733 3731/3731/3731 3734/3734/3734
f 3735/3735/3735 3734/3734/3734 3731/3731/3731
f 3736/3736/3736 3734/3734/3734 3735/3735/3735
f 3737/3737/3737 3734/3734/3734 3736/3736/3736
f 3734/3734/3734 3737/3737/3737 3738/3738/3738
f 3738/3738/3738 3739/3739/3739 3734/3734/3734
f 3739/3739/3739 3740/3740/3740 3734/3734/3734
f 3734/3734/3734 3741/3741/3741 3733/3733/3733
f 3742/3742/3742 3734/3734/3734 3740/3740/3740
f 3742/3742/3742 3741/3741/3741 3734/3734/3734
f 3740/3740/3740 3743/3743/3743 3742/3742/3742
f 3742/3742/3742 3744/3744/3744 3741/3741/3741
f 3744/3744/3744 3742/3742/3742 3743/3743/3743
f 3745/3745/3745 3741/3741/3741 3744/3744/3744
f 3743/3743/3743 3746/3746/3746 3744/3744/3744
f 3744/3744/3744 3747/3747/3747 3745/3745/3745
f 3747/3747/3747 3744/3744/3744 3746/3746/3746
f 3748/3748/3748 3745/3745/3745 3747/3747/3747
f 3746/3746/3746 3749/3749/3749 3747/3747/3747
f 3747/3747/3747 3750/3750/3750 3748/3748/3748
f 3750/3750/3750 3747/3747/3747 3749/3749/3749
f 3751/3751/3751 3748/3748/3748 3750/3750/3750
f 3749/3749/3749 3752/3752/3752 3750/3750/3750
f 3750/3750/3750 3753/3753/3753 3751/3751/3751
f 3753/3753/3753 3750/3750/3750 3752/3752/3752
f 3754/3754/3754 3751/3751/3751 3753/3753/3753
f 3754/3754/3754 3753/3753/3753 3755/3755/3755
f 3753/3753/3753 3752/3752/3752 3756/3756/3756
f 3756/3756/3756 3755/3755/3755 3753/3753/3753
f 3757/3757/3757 3756/3756/3756 3752/3752/3752
f 3755/3755/3755 3756/3756/3756 3758/3758/3758
f 3757/3757/3757 3759/3759/3759 3756/3756/3756
f 3756/3756/3756 3760/3760/3760 3758/3758/3758
f 3760/3760/3760 3756/3756/3756 3759/3759/3759
f 3758/3758/3758 3760/3760/3760 3761/3761/3761
f 3759/3759/3759 3762/3762/3762 3760/3760/3760
f 3760/3760/3760 3762/3762/3762 3761/3761/3761
f 3759/3759/3759 3763/3763/3763 3762/3762/3762
f 3764/3764/3764 3761/3761/3761 3762/3762/3762
f 3762/3762/3762 3763/3763/3763 3765/3765/3765
f 3764/3764/3764 3762/3762/3762 3765/3765/3765
f 3763/3763/3763 3766/3766/3766 3765/3765/3765
f 3767/3767/3767 3764/3764/3764 3765/3765/3765
f 3766/3766/3766 3767/3767/3767 3765/3765/3765
f 3767/3767/3767 3766/3766/3766 3768/3768/3768
f 3770/3770/3770 3771/3771/3771 3769/3769/3769
f 3771/3771/3771 3772/3772/3772 3769/3769/3769
f 3773/3773/3773 3769/3769/3769 3772/3772/3772
f 3774/3774/3774 3772/3772/3772 3771/3771/3771
f 3773/3773/3773 3772/3772/3772 3775/3775/3775
f 3772/3772/3772 3774/3774/3774 3776/3776/3776
f 3776/3776/3776 3775/3775/3775 3772/3772/3772
f 3777/3777/3777 3776/3776/3776 3774/3774/3774
f 3775/3775/3775 3776/3776/3776 3778/3778/3778
f 3776/3776/3776 3777/3777/3777 3779/3779/3779
f 3779/3779/3779 3778/3778/3778 3776/3776/3776
f 3780/3780/3780 3779/3779/3779 3777/3777/3777
f 3779/3779/3779 3781/3781/3781 3778/3778/3778
f 3779/3779/3779 3780/3780/3780 3781/3781/3781
f 3782/3782/3782 3778/3778/3778 3781/3781/3781
f 3783/3783/3783 3781/3781/3781 3780/3780/3780
f 3781/3781/3781 3784/3784/3784 3782/3782/3782
f 3781/3781/3781 3783/3783/3783 3784/3784/3784
f 3785/3785/3785 3782/3782/3782 3784/3784/3784
f 3786/3786/3786 3784/3784/3784 3783/3783/3783
f 3785/3785/3785 3784/3784/3784 3787/3787/3787
f 3784/3784/3784 3786/3786/3786 3788/3788/3788
f 3788/3788/3788 3787/3787/3787 3784/3784/3784
f 3789/3789/3789 3788/3788/3788 3786/3786/3786
f 3789/3789/3789 3790/3790/3790 3788/3788/3788
f 3788/3788/3788 3791/3791/3791 3787/3787/3787
f 3791/3791/3791 3788/3788/3788 3790/3790/3790
f 3792/3792/3792 3787/3787/3787 3791/3791/3791
f 3791/3791/3791 3790/3790/3790 3793/3793/3793
f 3791/3791/3791 3793/3793/3793 3792/3792/3792
f 3794/3794/3794 3793/3793/3793 3790/3790/3790
f 3795/3795/3795 3792/3792/3792 3793/3793/3793
f 3794/3794/3794 3796/3796/3796 3793/3793/3793
f 3795/3795/3795 3793/3793/3793 3797/3797/3797
f 3798/3798/3798 3793/3793/3793 3796/3796/3796
f 3798/3798/3798 3797/3797/3797 3793/3793/3793
f 3796/3796/3796 3799/3799/3799 3798/3798/3798
f 3797/3797/3797 3798/3798/3798 3800/3800/3800
f 3801/3801/3801 3798/3798/3798 3799/3799/3799
f 3798/3798/3798 3801/3801/3801 3800/3800/3800
f 3800/3800/3800 3801/3801/3801 3802/3802/3802
f 3803/3803/3803 3802/3802/3802 3801/3801/3801
f 3803/3803/3803 3804/3804/3804 3802/3802/3802
f 3805/3805/3805 3802/3802/3802 3804/3804/3804
f 3804/3804/3804 3806/3806/3806 3805/3805/3805
f 3807/3807/3807 3805/3805/3805 3806/3806/3806
f 3807/3807/3807 3806/3806/3806 3808/3808/3808
f 3809/3809/3809 3808/3808/3808 3806/3806/3806
f 3809/3809/3809 3810/3810/3810 3808/3808/3808
f 3811/3811/3811 3808/3808/3808 3810/3810/3810
f 3811/3811/3811 3810/3810/3810 3812/3812/3812
f 3813/3813/3813 3812/3812/3812 3810/3810/3810
f 3813/3813/3813 3814/3814/3814 3812/3812/3812
f 3815/3815/3815 3812/3812/3812 3814/3814/3814
f 3815/3815/3815 3814/3814/3814 3816/3816/3816
f 3817/3817/3817 3816/3816/3816 3814/3814/3814
f 3816/3816/3816 3817/3817/3817 3818/3818/3818
f 3819/3819/3819 3818/3818/3818 3817/3817/3817
f 3819/3819/3819 3820/3820/3820 3818/3818/3818
f 3821/3821/3821 3818/3818/3818 3820/3820/3820
f 3820/3820/3820 3822/3822/3822 3821/3821/3821
f 3820/3820/3820 3823/3823/3823 3822/3822/3822
f 3822/3822/3822 3824/3824/3824 3821/3821/3821
f 3825/3825/3825 3822/3822/3822 3823/3823/3823
f 3822/3822/3822 3826/3826/3826 3824/3824/3824
f 3822/3822/3822 3825/3825/3825 3826/3826/3826
f 3827/3827/3827 3824/3824/3824 3826/3826/3826
f 3828/3828/3828 3826/3826/3826 3825/3825/3825
f 3827/3827/3827 3826/3826/3826 3829/3829/3829
f 3828/3828/3828 3830/3830/3830 3826/3826/3826
f 3831/3831/3831 3829/3829/3829 3826/3826/3826
f 3831/3831/3831 3826/3826/3826 3830/3830/3830
f 3829/3829/3829 3831/3831/3831 3832/3832/3832
f 3831/3831/3831 3830/3830/3830 3833/3833/3833
f 3833/3833/3833 3832/3832/3832 3831/3831/3831
f 3834/3834/3834 3833/3833/3833 3830/3830/3830
f 3834/3834/3834 3835/3835/3835 3833/3833/3833
f 3833/3833/3833 3836/3836/3836 3832/3832/3832
f 3836/3836/3836 3833/3833/3833 3835/3835/3835
f 3837/3837/3837 3832/3832/3832 3836/3836/3836
f 3835/3835/3835 3838/3838/3838 3836/3836/3836
f 3837/3837/3837 3836/3836/3836 3839/3839/3839
f 3840/3840/3840 3836/3836/3836 3838/3838/3838
f 3840/3840/3840 3839/3839/3839 3836/3836/3836
f 3838/3838/3838 3841/3841/3841 3840/3840/3840
f 3839/3839/3839 3840/3840/3840 3842/3842/3842
f 3843/3843/3843 3840/3840/3840 3841/3841/3841
f 3843/3843/3843 3842/3842/3842 3840/3840/3840
f 3841/3841/3841 3844/3844/3844 3843/3843/3843
f 3843/3843/3843 3845/3845/3845 3842/3842/3842
f 3845/3845/3845 3843/3843/3843 3844/3844/3844
f 3846/3846/3846 3842/3842/3842 3845/3845/3845
f 3844/3844/3844 3847/3847/3847 3845/3845/3845
f 3845/3845/3845 3848/3848/3848 3846/3846/3846
f 3848/3848/3848 3845/3845/3845 3847/3847/3847
f 3849/3849/3849 3846/3846/3846 3848/3848/3848
f 3848/3848/3848 3847/3847/3847 3850/3850/3850
f 3851/3851/3851 3849/3849/3849 3848/3848/3848
f 3848/3848/3848 3850/3850/3850 3851/3851/3851
f 3850/3850/3850 3852/3852/3852 3851/3851/3851
f 3854/3854/3854 3855/3855/3855 3853/3853/3853
f 3855/3855/3855 3856/3856/3856 3853/3853/3853
f 3856/3856/3856 3855/3855/3855 3857/3857/3857
f 3853/3853/3853 3856/3856/3856 3858/3858/3858
f 3859/3859/3859 3856/3856/3856 3857/3857/3857
f 3860/3860/3860 3858/3858/3858 3856/3856/3856
f 3860/3860/3860 3856/3856/3856 3859/3859/3859
f 3861/3861/3861 3858/3858/3858 3860/3860/3860
f 3860/3860/3860 3859/3859/3859 3862/3862/3862
f 3860/3860/3860 3863/3863/3863 3861/3861/3861
f 3860/3860/3860 3862/3862/3862 3863/3863/3863
f 3863/3863/3863 3864/3864/3864 3861/3861/3861
f 3865/3865/3865 3863/3863/3863 3862/3862/3862
f 3865/3865/3865 3864/3864/3864 3863/3863/3863
f 3866/3866/3866 3865/3865/3865 3862/3862/3862
f 3867/3867/3867 3864/3864/3864 3865/3865/3865
f 3868/3868/3868 3865/3865/3865 3866/3866/3866
f 3869/3869/3869 3867/3867/3867 3865/3865/3865
f 3868/3868/3868 3869/3869/3869 3865/3865/3865
f 3869/3869/3869 3870/3870/3870 3867/3867/3867
f 3868/3868/3868 3871/3871/3871 3869/3869/3869
f 3870/3870/3870 3869/3869/3869 3872/3872/3872
f 3871/3871/3871 3873/3873/3873 3869/3869/3869
f 3874/3874/3874 3869/3869/3869 3873/3873/3873
f 3874/3874/3874 3872/3872/3872 3869/3869/3869
f 3873/3873/3873 3875/3875/3875 3874/3874/3874
f 3874/3874/3874 3876/3876/3876 3872/3872/3872
f 3876/3876/3876 3874/3874/3874 3875/3875/3875
f 3877/3877/3877 3872/3872/3872 3876/3876/3876
f 3875/3875/3875 3878/3878/3878 3876/3876/3876
f 3876/3876/3876 3879/3879/3879 3877/3877/3877
f 3879/3879/3879 3876/3876/3876 3878/3878/3878
f 3880/3880/3880 3877/3877/3877 3879/3879/3879
f 3879/3879/3879 3878/3878/3878 3881/3881/3881
f 3879/3879/3879 3881/3881/3881 3880/3880/3880
f 3882/3882/3882 3881/3881/3881 3878/3878/3878
f 3883/3883/3883 3880/3880/3880 3881/3881/3881
f 3882/3882/3882 3884/3884/3884 3881/3881/3881
f 3883/3883/3883 3881/3881/3881 3885/3885/3885
f 3886/3886/3886 3885/3885/3885 3881/3881/3881
f 3886/3886/3886 3881/3881/3881 3884/3884/3884
f 3885/3885/3885 3886/3886/3886 3887/3887/3887
f 3884/3884/3884 3888/3888/3888 3886/3886/3886
f 3888/3888/3888 3887/3887/3887 3886/3886/3886
f 3889/3889/3889 3887/3887/3887 3888/3888/3888
f 3889/3889/3889 3888/3888/3888 3890/3890/3890
f 3891/3891/3891 3890/3890/3890 3888/3888/3888
f 3892/3892/3892 3891/3891/3891 3888/3888/3888
f 3888/3888/3888 3884/3884/3884 3893/3893/3893
f 3892/3892/3892 3888/3888/3888 3893/3893/3893
f 3892/3892/3892 3893/3893/3893 3894/3894/3894
f 3893/3893/3893 3895/3895/3895 3894/3894/3894
f 3895/3895/3895 3896/3896/3896 3894/3894/3894
f 3897/3897/3897 3894/3894/3894 3896/3896/3896
f 3897/3897/3897 3896/3896/3896 3898/3898/3898
f 3899/3899/3899 3898/3898/3898 3896/3896/3896
f 3898/3898/3898 3899/3899/3899 3900/3900/3900
f 3901/3901/3901 3900/3900/3900 3899/3899/3899
f 3901/3901/3901 3902/3902/3902 3900/3900/3900
f 3900/3900/3900 3902/3902/3902 3903/3903/3903
f 3902/3902/3902 3904/3904/3904 3903/3903/3903
f 3902/3902/3902 3905/3905/3905 3904/3904/3904
f 3905/3905/3905 3906/3906/3906 3904/3904/3904
f 3907/3907/3907 3904/3904/3904 3906/3906/3906
f 3906/3906/3906 3908/3908/3908 3907/3907/3907
f 3909/3909/3909 3907/3907/3907 3908/3908/3908
f 3909/3909/3909 3908/3908/3908 3910/3910/3910
f 3911/3911/3911 3910/3910/3910 3908/3908/3908
f 3911/3911/3911 3912/3912/3912 3910/3910/3910
f 3912/3912/3912 3913/3913/3913 3910/3910/3910
f 3914/3914/3914 3913/3913/3913 3912/3912/3912
f 3915/3915/3915 3913/3913/3913 3914/3914/3914
f 3916/3916/3916 3915/3915/3915 3914/3914/3914
f 3914/3914/3914 3917/3917/3917 3916/3916/3916
f 3918/3918/3918 3917/3917/3917 3914/3914/3914
f 3919/3919/3919 3914/3914/3914 3912/3912/3912
f 3914/3914/3914 3920/3920/3920 3918/3918/3918
f 3914/3914/3914 3919/3919/3919 3920/3920/3920
f 3921/3921/3921 3918/3918/3918 3920/3920/3920
f 3920/3920/3920 3919/3919/3919 3922/3922/3922
f 3920/3920/3920 3922/3922/3922 3921/3921/3921
f 3923/3923/3923 3922/3922/3922 3919/3919/3919
f 3924/3924/3924 3921/3921/3921 3922/3922/3922
f 3923/3923/3923 3925/3925/3925 3922/3922/3922
f 3924/3924/3924 3922/3922/3922 3926/3926/3926
f 3927/3927/3927 3926/3926/3926 3922/3922/3922
f 3927/3927/3927 3922/3922/3922 3925/3925/3925
f 3926/3926/3926 3927/3927/3927 3928/3928/3928
f 3927/3927/3927 3925/3925/3925 3929/3929/3929
f 3929/3929/3929 3928/3928/3928 3927/3927/3927
f 3930/3930/3930 3929/3929/3929 3925/3925/3925
f 3928/3928/3928 3929/3929/3929 3931/3931/3931
f 3929/3929/3929 3930/3930/3930 3932/3932/3932
f 3932/3932/3932 3931/3931/3931 3929/3929/3929
f 3933/3933/3933 3932/3932/3932 3930/3930/3930
f 3932/3932/3932 3934/3934/3934 3931/3931/3931
f 3932/3932/3932 3933/3933/3933 3934/3934/3934
f 3935/3935/3935 3931/3931/3931 3934/3934/3934
f 3936/3936/3936 3934/3934/3934 3933/3933/3933
f 3935/3935/3935 3934/3934/3934 3937/3937/3937
f 3936/3936/3936 3938/3938/3938 3934/3934/3934
f 3937/3937/3937 3934/3934/3934 3939/3939/3939
f 3934/3934/3934 3938/3938/3938 3939/3939/3939
f 3939/3939/3939 3938/3938/3938 3940/3940/3940
f 3941/3941/3941 3937/3937/3937 3939/3939/3939
f 3939/3939/3939 3940/3940/3940 3942/3942/3942
f 3941/3941/3941 3939/3939/3939 3943/3943/3943
f 3943/3943/3943 3939/3939/3939 3942/3942/3942
f 3941/3941/3941 3943/3943/3943 3944/3944/3944
f 3942/3942/3942 3945/3945/3945 3943/3943/3943
f 3943/3943/3943 3945/3945/3945 3944/3944/3944
f 3946/3946/3946 3945/3945/3945 3942/3942/3942
f 3947/3947/3947 3944/3944/3944 3945/3945/3945
f 3948/3948/3948 3945/3945/3945 3946/3946/3946
f 3947/3947/3947 3945/3945/3945 3948/3948/3948
f 3948/3948/3948 3946/3946/3946 3949/3949/3949
f 3948/3948/3948 3950/3950/3950 3947/3947/3947
f 3951/3951/3951 3948/3948/3948 3949/3949/3949
f 3948/3948/3948 3951/3951/3951 3950/3950/3950
f 3951/3951/3951 3952/3952/3952 3950/3950/3950
f 3954/3954/3954 3955/3955/3955 3953/3953/3953
f 3953/3953/3953 3957/3957/3957 3956/3956/3956
f 3958/3958/3958 3954/3954/3954 3953/3953/3953
f 3958/3958/3958 3953/3953/3953 3956/3956/3956
f 3958/3958/3958 3956/3956/3956 3959/3959/3959
f 3960/3960/3960 3954/3954/3954 3958/3958/3958
f 3958/3958/3958 3959/3959/3959 3961/3961/3961
f 3962/3962/3962 3960/3960/3960 3958/3958/3958
f 3962/3962/3962 3958/3958/3958 3961/3961/3961
f 3960/3960/3960 3962/3962/3962 3963/3963/3963
f 3961/3961/3961 3964/3964/3964 3962/3962/3962
f 3962/3962/3962 3964/3964/3964 3965/3965/3965
f 3965/3965/3965 3963/3963/3963 3962/3962/3962
f 3966/3966/3966 3965/3965/3965 3964/3964/3964
f 3966/3966/3966 3967/3967/3967 3965/3965/3965
f 3965/3965/3965 3968/3968/3968 3963/3963/3963
f 3968/3968/3968 3965/3965/3965 3967/3967/3967
f 3969/3969/3969 3963/3963/3963 3968/3968/3968
f 3967/3967/3967 3970/3970/3970 3968/3968/3968
f 3968/3968/3968 3971/3971/3971 3969/3969/3969
f 3971/3971/3971 3968/3968/3968 3970/3970/3970
f 3972/3972/3972 3969/3969/3969 3971/3971/3971
f 3971/3971/3971 3970/3970/3970 3973/3973/3973
f 3971/3971/3971 3973/3973/3973 3972/3972/3972
f 3974/3974/3974 3973/3973/3973 3970/3970/3970
f 3975/3975/3975 3972/3972/3972 3973/3973/3973
f 3974/3974/3974 3976/3976/3976 3973/3973/3973
f 3973/3973/3973 3977/3977/3977 3975/3975/3975
f 3977/3977/3977 3973/3973/3973 3976/3976/3976
f 3978/3978/3978 3975/3975/3975 3977/3977/3977
f 3977/3977/3977 3976/3976/3976 3979/3979/3979
f 3977/3977/3977 3979/3979/3979 3978/3978/3978
f 3980/3980/3980 3979/3979/3979 3976/3976/3976
f 3981/3981/3981 3978/3978/3978 3979/3979/3979
f 3979/3979/3979 3980/3980/3980 3982/3982/3982
f 3979/3979/3979 3982/3982/3982 3981/3981/3981
f 3983/3983/3983 3981/3981/3981 3982/3982/3982
f 3984/3984/3984 3982/3982/3982 3980/3980/3980
f 3983/3983/3983 3982/3982/3982 3985/3985/3985
f 3982/3982/3982 3984/3984/3984 3986/3986/3986
f 3986/3986/3986 3985/3985/3985 3982/3982/3982
f 3986/3986/3986 3987/3987/3987 3985/3985/3985
f 3988/3988/3988 3986/3986/3986 3984/3984/3984
f 3989/3989/3989 3987/3987/3987 3986/3986/3986
f 3986/3986/3986 3988/3988/3988 3989/3989/3989
f 3990/3990/3990 3989/3989/3989 3988/3988/3988
f 3990/3990/3990 3991/3991/3991 3989/3989/3989
f 3992/3992/3992 3989/3989/3989 3991/3991/3991
f 3992/3992/3992 3991/3991/3991 3993/3993/3993
f 3994/3994/3994 3993/3993/3993 3991/3991/3991
f 3993/3993/3993 3994/3994/3994 3995/3995/3995
f 3996/3996/3996 3995/3995/3995 3994/3994/3994
f 3996/3996/3996 3997/3997/3997 3995/3995/3995
f 3998/3998/3998 3995/3995/3995 3997/3997/3997
f 3998/3998/3998 3997/3997/3997 3999/3999/3999
f 4000/4000/4000 3999/3999/3999 3997/3997/3997
f 4000/4000/4000 4001/4001/4001 3999/3999/3999
f 4002/4002/4002 3999/3999/3999 4001/4001/4001
f 4002/4002/4002 4001/4001/4001 4003/4003/4003
f 4004/4004/4004 4003/4003/4003 4001/4001/4001
f 4004/4004/4004 4005/4005/4005 4003/4003/4003
f 4006/4006/4006 4003/4003/4003 4005/4005/4005
f 4005/4005/4005 4007/4007/4007 4006/4006/4006
f 4008/4008/4008 4006/4006/4006 4007/4007/4007
f 4008/4008/4008 4007/4007/4007 4009/4009/4009
f 4010/4010/4010 4009/4009/4009 4007/4007/4007
f 4010/4010/4010 4011/4011/4011 4009/4009/4009
f 4012/4012/4012 4009/4009/4009 4011/4011/4011
f 4013/4013/4013 4009/4009/4009 4012/4012/4012
f 4011/4011/4011 4014/4014/4014 4012/4012/4012
f 4013/4013/4013 4012/4012/4012 4015/4015/4015
f 4016/4016/4016 4012/4012/4012 4014/4014/4014
f 4012/4012/4012 4016/4016/4016 4015/4015/4015
f 4017/4017/4017 4015/4015/4015 4016/4016/4016
f 4014/4014/4014 4018/4018/4018 4016/4016/4016
f 4017/4017/4017 4016/4016/4016 4019/4019/4019
f 4020/4020/4020 4016/4016/4016 4018/4018/4018
f 4020/4020/4020 4019/4019/4019 4016/4016/4016
f 4018/4018/4018 4021/4021/4021 4020/4020/4020
f 4019/4019/4019 4020/4020/4020 4022/4022/4022
f 4023/4023/4023 4022/4022/4022 4020/4020/4020
f 4023/4023/4023 4020/4020/4020 4021/4021/4021
f 4022/4022/4022 4023/4023/4023 4024/4024/4024
f 4023/4023/4023 4021/4021/4021 4025/4025/4025
f 4025/4025/4025 4024/4024/4024 4023/4023/4023
f 4026/4026/4026 4025/4025/4025 4021/4021/4021
f 4024/4024/4024 4025/4025/4025 4027/4027/4027
f 4026/4026/4026 4028/4028/4028 4025/4025/4025
f 4029/4029/4029 4027/4027/4027 4025/4025/4025
f 4029/4029/4029 4025/4025/4025 4028/4028/4028
f 4027/4027/4027 4029/4029/4029 4030/4030/4030
f 4029/4029/4029 4028/4028/4028 4031/4031/4031
f 4031/4031/4031 4030/4030/4030 4029/4029/4029
f 4032/4032/4032 4031/4031/4031 4028/4028/4028
f 4030/4030/4030 4031/4031/4031 4033/4033/4033
f 4031/4031/4031 4032/4032/4032 4034/4034/4034
f 4034/4034/4034 4033/4033/4033 4031/4031/4031
f 4035/4035/4035 4034/4034/4034 4032/4032/4032
f 4035/4035/4035 4036/4036/4036 4034/4034/4034
f 4034/4034/4034 4037/4037/4037 4033/4033/4033
f 4037/4037/4037 4034/4034/4034 4036/4036/4036
f 4038/4038/4038 4033/4033/4033 4037/4037/4037
f 4036/4036/4036 4039/4039/4039 4037/4037/4037
f 4038/4038/4038 4037/4037/4037 4040/4040/4040
f 4040/4040/4040 4037/4037/4037 4039/4039/4039
f 4041/4041/4041 4040/4040/4040 4039/4039/4039
f 4042/4042/4042 4038/4038/4038 4040/4040/4040
f 4043/4043/4043 4040/4040/4040 4041/4041/4041
f 4042/4042/4042 4040/4040/4040 4044/4044/4044
f 4044/4044/4044 4040/4040/4040 4043/4043/4043
f 4045/4045/4045 4042/4042/4042 4044/4044/4044
f 4046/4046/4046 4044/4044/4044 4043/4043/4043
f 4048/4048/4048 4049/4049/4049 4047/4047/4047
f 4050/4050/4050 4047/4047/4047 4049/4049/4049
f 4050/4050/4050 4051/4051/4051 4047/4047/4047
f 4052/4052/4052 4047/4047/4047 4051/4051/4051
f 4050/4050/4050 4049/4049/4049 4053/4053/4053
f 4050/4050/4050 4053/4053/4053 4051/4051/4051
f 4054/4054/4054 4053/4053/4053 4049/4049/4049
f 4054/4054/4054 4055/4055/4055 4053/4053/4053
f 4056/4056/4056 4053/4053/4053 4055/4055/4055
f 4056/4056/4056 4057/4057/4057 4053/4053/4053
f 4058/4058/4058 4053/4053/4053 4057/4057/4057
f 4058/4058/4058 4051/4051/4051 4053/4053/4053
f 4057/4057/4057 4059/4059/4059 4058/4058/4058
f 4060/4060/4060 4058/4058/4058 4059/4059/4059
f 4058/4058/4058 4060/4060/4060 4051/4051/4051
f 4059/4059/4059 4061/4061/4061 4060/4060/4060
f 4051/4051/4051 4062/4062/4062 4052/4052/4052
f 4062/4062/4062 4051/4051/4051 4060/4060/4060
f 4063/4063/4063 4052/4052/4052 4062/4062/4062
f 4064/4064/4064 4060/4060/4060 4061/4061/4061
f 4060/4060/4060 4064/4064/4064 4062/4062/4062
f 4061/4061/4061 4065/4065/4065 4064/4064/4064
f 4062/4062/4062 4066/4066/4066 4063/4063/4063
f 4066/4066/4066 4062/4062/4062 4064/4064/4064
f 4067/4067/4067 4063/4063/4063 4066/4066/4066
f 4068/4068/4068 4064/4064/4064 4065/4065/4065
f 4064/4064/4064 4068/4068/4068 4066/4066/4066
f 4065/4065/4065 4069/4069/4069 4068/4068/4068
f 4066/4066/4066 4070/4070/4070 4067/4067/4067
f 4070/4070/4070 4066/4066/4066 4068/4068/4068
f 4071/4071/4071 4067/4067/4067 4070/4070/4070
f 4072/4072/4072 4068/4068/4068 4069/4069/4069
f 4068/4068/4068 4072/4072/4072 4070/4070/4070
f 4069/4069/4069 4073/4073/4073 4072/4072/4072
f 4070/4070/4070 4074/4074/4074 4071/4071/4071
f 4074/4074/4074 4070/4070/4070 4072/4072/4072
f 4075/4075/4075 4071/4071/4071 4074/4074/4074
f 4076/4076/4076 4072/4072/4072 4073/4073/4073
f 4072/4072/4072 4076/4076/4076 4074/4074/4074
f 4073/4073/4073 4077/4077/4077 4076/4076/4076
f 4074/4074/4074 4078/4078/4078 4075/4075/4075
f 4078/4078/4078 4074/4074/4074 4076/4076/4076
f 4079/4079/4079 4075/4075/4075 4078/4078/4078
f 4080/4080/4080 4076/4076/4076 4077/4077/4077
f 4076/4076/4076 4080/4080/4080 4078/4078/4078
f 4078/4078/4078 4081/4081/4081 4079/4079/4079
f 4081/4081/4081 4078/4078/4078 4080/4080/4080
f 4082/4082/4082 4079/4079/4079 4081/4081/4081
f 4082/4082/4082 4081/4081/4081 4083/4083/4083
f 4084/4084/4084 4083/4083/4083 4081/4081/4081
f 4081/4081/4081 4080/4080/4080 4084/4084/4084
f 4083/4083/4083 4084/4084/4084 4085/4085/4085
f 4080/4080/4080 4077/4077/4077 4086/4086/4086
f 4086/4086/4086 4084/4084/4084 4080/4080/4080
f 4087/4087/4087 4086/4086/4086 4077/4077/4077
f 4088/4088/4088 4085/4085/4085 4084/4084/4084
f 4084/4084/4084 4086/4086/4086 4088/4088/4088
f 4085/4085/4085 4088/4088/4088 4089/4089/4089
f 4086/4086/4086 4087/4087/4087 4090/4090/4090
f 4090/4090/4090 4088/4088/4088 4086/4086/4086
f 4091/4091/4091 4090/4090/4090 4087/4087/4087
f 4092/4092/4092 4089/4089/4089 4088/4088/4088
f 4088/4088/4088 4090/4090/4090 4092/4092/4092
f 4089/4089/4089 4092/4092/4092 4093/4093/4093
f 4090/4090/4090 4091/4091/4091 4094/4094/4094
f 4094/4094/4094 4092/4092/4092 4090/4090/4090
f 4095/4095/4095 4094/4094/4094 4091/4091/4091
f 4096/4096/4096 4093/4093/4093 4092/4092/4092
f 4092/4092/4092 4094/4094/4094 4096/4096/4096
f 4093/4093/4093 4096/4096/4096 4097/4097/4097
f 4094/4094/4094 4095/4095/4095 4098/4098/4098
f 4098/4098/4098 4096/4096/4096 4094/4094/4094
f 4099/4099/4099 4098/4098/4098 4095/4095/4095
f 4100/4100/4100 4097/4097/4097 4096/4096/4096
f 4096/4096/4096 4098/4098/4098 4100/4100/4100
f 4097/4097/4097 4100/4100/4100 4101/4101/4101
f 4098/4098/4098 4099/4099/4099 4102/4102/4102
f 4102/4102/4102 4100/4100/4100 4098/4098/4098
f 4103/4103/4103 4102/4102/4102 4099/4099/4099
f 4104/4104/4104 4101/4101/4101 4100/4100/4100
f 4100/4100/4100 4102/4102/4102 4104/4104/4104
f 4101/4101/4101 4104/4104/4104 4105/4105/4105
f 4102/4102/4102 4103/4103/4103 4106/4106/4106
f 4106/4106/4106 4104/4104/4104 4102/4102/4102
f 4107/4107/4107 4106/4106/4106 4103/4103/4103
f 4108/4108/4108 4105/4105/4105 4104/4104/4104
f 4106/4106/4106 4107/4107/4107 4109/4109/4109
f 4106/4106/4106 4109/4109/4109 4104/4104/4104
f 4108/4108/4108 4104/4104/4104 4109/4109/4109
f 4110/4110/4110 4109/4109/4109 4107/4107/4107
f 4110/4110/4110 4111/4111/4111 4109/4109/4109
f 4112/4112/4112 4109/4109/4109 4111/4111/4111
f 4112/4112/4112 4113/4113/4113 4109/4109/4109
f 4108/4108/4108 4109/4109/4109 4113/4113/4113
f 4108/4108/4108 4113/4113/4113 4105/4105/4105
f 4114/4114/4114 4105/4105/4105 4113/4113/4113
f 4116/4116/4116 4117/4117/4117 4115/4115/4115
f 4117/4117/4117 4118/4118/4118 4115/4115/4115
f 4119/4119/4119 4115/4115/4115 4118/4118/4118
f 4118/4118/4118 4120/4120/4120 4119/4119/4119
f 4121/4121/4121 4119/4119/4119 4120/4120/4120
f 4121/4121/4121 4120/4120/4120 4122/4122/4122
f 4123/4123/4123 4122/4122/4122 4120/4120/4120
f 4122/4122/4122 4123/4123/4123 4124/4124/4124
f 4122/4122/4122 4124/4124/4124 4125/4125/4125
f 4125/4125/4125 4124/4124/4124 4126/4126/4126
f 4125/4125/4125 4126/4126/4126 4127/4127/4127
f 4127/4127/4127 4126/4126/4126 4128/4128/4128
f 4127/4127/4127 4128/4128/4128 4129/4129/4129
f 4128/4128/4128 4130/4130/4130 4129/4129/4129
f 4130/4130/4130 4131/4131/4131 4129/4129/4129
f 4132/4132/4132 4131/4131/4131 4130/4130/4130
f 4132/4132/4132 4133/4133/4133 4131/4131/4131
f 4135/4135/4135 4136/4136/4136 4134/4134/4134
f 4135/4135/4135 4134/4134/4134 4137/4137/4137
f 4138/4138/4138 4137/4137/4137 4134/4134/4134
f 4137/4137/4137 4138/4138/4138 4139/4139/4139
f 4140/4140/4140 4139/4139/4139 4138/4138/4138
f 4140/4140/4140 4141/4141/4141 4139/4139/4139
f 4142/4142/4142 4139/4139/4139 4141/4141/4141
f 4142/4142/4142 4141/4141/4141 4143/4143/4143
f 4143/4143/4143 4141/4141/4141 4144/4144/4144
f 4143/4143/4143 4144/4144/4144 4145/4145/4145
f 4145/4145/4145 4144/4144/4144 4146/4146/4146
f 4145/4145/4145 4146/4146/4146 4147/4147/4147
f 4147/4147/4147 4146/4146/4146 4148/4148/4148
f 4149/4149/4149 4147/4147/4147 4148/4148/4148
f 4150/4150/4150 4149/4149/4149 4148/4148/4148
f 4150/4150/4150 4151/4151/4151 4149/4149/4149
f 4152/4152/4152 4151/4151/4151 4150/4150/4150
f 4154/4154/4154 4155/4155/4155 4153/4153/4153
f 4156/4156/4156 4153/4153/4153 4155/4155/4155
f 4155/4155/4155 4157/4157/4157 4156/4156/4156
f 4158/4158/4158 4153/4153/4153 4156/4156/4156
f 4157/4157/4157 4159/4159/4159 4156/4156/4156
f 4158/4158/4158 4156/4156/4156 4160/4160/4160
f 4161/4161/4161 4162/4162/4162 4159/4159/4159
f 4156/4156/4156 4159/4159/4159 4162/4162/4162
f 4162/4162/4162 4163/4163/4163 4156/4156/4156
f 4163/4163/4163 4164/4164/4164 4156/4156/4156
f 4165/4165/4165 4160/4160/4160 4156/4156/4156
f 4165/4165/4165 4156/4156/4156 4164/4164/4164
f 4160/4160/4160 4165/4165/4165 4166/4166/4166
f 4165/4165/4165 4164/4164/4164 4167/4167/4167
f 4166/4166/4166 4165/4165/4165 4168/4168/4168
f 4168/4168/4168 4165/4165/4165 4167/4167/4167
f 4166/4166/4166 4168/4168/4168 4169/4169/4169
f 4168/4168/4168 4167/4167/4167 4170/4170/4170
f 4171/4171/4171 4169/4169/4169 4168/4168/4168
f 4170/4170/4170 4172/4172/4172 4168/4168/4168
f 4173/4173/4173 4171/4171/4171 4168/4168/4168
f 4172/4172/4172 4173/4173/4173 4168/4168/4168
f 4175/4175/4175 4176/4176/4176 4174/4174/4174
f 4176/4176/4176 4177/4177/4177 4174/4174/4174
f 4178/4178/4178 4175/4175/4175 4174/4174/4174
f 4177/4177/4177 4179/4179/4179 4174/4174/4174
f 4174/4174/4174 4180/4180/4180 4178/4178/4178
f 4174/4174/4174 4179/4179/4179 4180/4180/4180
f 4181/4181/4181 4178/4178/4178 4180/4180/4180
f 4182/4182/4182 4180/4180/4180 4179/4179/4179
f 4180/4180/4180 4183/4183/4183 4181/4181/4181
f 4184/4184/4184 4180/4180/4180 4182/4182/4182
f 4185/4185/4185 4183/4183/4183 4180/4180/4180
f 4184/4184/4184 4185/4185/4185 4180/4180/4180
f 4187/4187/4187 4188/4188/4188 4186/4186/4186
f 4189/4189/4189 4186/4186/4186 4188/4188/4188
f 4191/4191/4191 4192/4192/4192 4190/4190/4190
f 4193/4193/4193 4190/4190/4190 4192/4192/4192
f 4195/4195/4195 4196/4196/4196 4194/4194/4194
f 4197/4197/4197 4194/4194/4194 4196/4196/4196
f 4199/4199/4199 4200/4200/4200 4198/4198/4198
f 4201/4201/4201 4198/4198/4198 4200/4200/4200
f 4203/4203/4203 4204/4204/4204 4202/4202/4202
f 4205/4205/4205 4202/4202/4202 4204/4204/4204
f 4207/4207/4207 4208/4208/4208 4206/4206/4206
f 4209/4209/4209 4206/4206/4206 4208/4208/4208
f 4211/4211/4211 4212/4212/4212 4210/4210/4210
f 4213/4213/4213 4210/4210/4210 4212/4212/4212
f 4215/4215/4215 4216/4216/4216 4214/4214/4214
f 4217/4217/4217 4214/4214/4214 4216/4216/4216
f 4219/4219/4219 4220/4220/4220 4218/4218/4218
f 4221/4221/4221 4218/4218/4218 4220/4220/4220
f 4223/4223/4223 4224/4224/4224 4222/4222/4222
f 4225/4225/4225 4222/4222/4222 4224/4224/4224
f 4227/4227/4227 4228/4228/4228 4226/4226/4226
f 4229/4229/4229 4226/4226/4226 4228/4228/4228
f 4231/4231/4231 4232/4232/4232 4230/4230/4230
f 4233/4233/4233 4230/4230/4230 4232/4232/4232
f 4235/4235/4235 4236/4236/4236 4234/4234/4234
f 4237/4237/4237 4234/4234/4234 4236/4236/4236
f 4238/4238/4238 4239/4239/4239 4240/4240/4240
f 4242/4242/4242 4241/4241/4241 4243/4243/4243
f 4245/4245/4245 4246/4246/4246 4244/4244/4244
f 4247/4247/4247 4244/4244/4244 4246/4246/4246
f 4249/4249/4249 4250/4250/4250 4248/4248/4248
f 4251/4251/4251 4248/4248/4248 4250/4250/4250
f 4253/4253/4253 4254/4254/4254 4252/4252/4252
f 4256/4256/4256 4257/4257/4257 4255/4255/4255
f 4259/4259/4259 4260/4260/4260 4258/4258/4258
f 4261/4261/4261 4258/4258/4258 4260/4260/4260
f 4263/4263/4263 4264/4264/4264 4262/4262/4262
f 4265/4265/4265 4262/4262/4262 4264/4264/4264
f 4267/4267/4267 4268/4268/4268 4266/4266/4266
f 4269/4269/4269 4266/4266/4266 4268/4268/4268
f 4271/4271/4271 4272/4272/4272 4270/4270/4270
f 4273/4273/4273 4270/4270/4270 4272/4272/4272
f 4275/4275/4275 4276/4276/4276 4274/4274/4274
f 4277/4277/4277 4274/4274/4274 4276/4276/4276
f 4278/4278/4278 4279/4279/4279 4280/4280/4280
f 4282/4282/4282 4281/4281/4281 4283/4283/4283
f 4284/4284/4284 4285/4285/4285 4286/4286/4286
f 4288/4288/4288 4287/4287/4287 4289/4289/4289
f 4291/4291/4291 4292/4292/4292 4290/4290/4290
f 4293/4293/4293 4290/4290/4290 4292/4292/4292
f 4295/4295/4295 4296/4296/4296 4294/4294/4294
f 4297/4297/4297 4294/4294/4294 4296/4296/4296
f 4299/4299/4299 4300/4300/4300 4298/4298/4298
f 4302/4302/4302 4303/4303/4303 4301/4301/4301
f 4305/4305/4305 4306/4306/4306 4304/4304/4304
f 4307/4307/4307 4304/4304/4304 4306/4306/4306
f 4309/4309/4309 4310/4310/4310 4308/4308/4308
f 4311/4311/4311 4308/4308/4308 4310/4310/4310
f 4313/4313/4313 4314/4314/4314 4312/4312/4312
f 4315/4315/4315 4312/4312/4312 4314/4314/4314
f 4317/4317/4317 4318/4318/4318 4316/4316/4316
f 4319/4319/4319 4316/4316/4316 4318/4318/4318
f 4321/4321/4321 4322/4322/4322 4320/4320/4320
f 4323/4323/4323 4320/4320/4320 4322/4322/4322
f 4324/4324/4324 4325/4325/4325 4326/4326/4326
f 4328/4328/4328 4327/4327/4327 4329/4329/4329
f 4331/4331/4331 4332/4332/4332 4330/4330/4330
f 4333/4333/4333 4330/4330/4330 4332/4332/4332
f 4332/4332/4332 4334/4334/4334 4333/4333/4333
f 4335/4335/4335 4333/4333/4333 4334/4334/4334
f 4334/4334/4334 4336/4336/4336 4335/4335/4335
f 4337/4337/4337 4335/4335/4335 4336/4336/4336
f 4337/4337/4337 4336/4336/4336 4338/4338/4338
f 4339/4339/4339 4338/4338/4338 4336/4336/4336
f 4341/4341/4341 4342/4342/4342 4340/4340/4340
f 4343/4343/4343 4340/4340/4340 4342/4342/4342
f 4342/4342/4342 4344/4344/4344 4343/4343/4343
f 4345/4345/4345 4343/4343/4343 4344/4344/4344
f 4344/4344/4344 4346/4346/4346 4345/4345/4345
f 4347/4347/4347 4345/4345/4345 4346/4346/4346
f 4346/4346/4346 4348/4348/4348 4347/4347/4347
f 4349/4349/4349 4347/4347/4347 4348/4348/4348
f 4348/4348/4348 4350/4350/4350 4349/4349/4349
f 4351/4351/4351 4349/4349/4349 4350/4350/4350
f 4350/4350/4350 4352/4352/4352 4351/4351/4351
f 4353/4353/4353 4351/4351/4351 4352/4352/4352
f 4353/4353/4353 4352/4352/4352 4354/4354/4354
f 4355/4355/4355 4354/4354/4354 4352/4352/4352
f 4355/4355/4355 4356/4356/4356 4354/4354/4354
f 4357/4357/4357 4354/4354/4354 4356/4356/4356
f 4357/4357/4357 4356/4356/4356 4358/4358/4358
f 4359/4359/4359 4358/4358/4358 4356/4356/4356
f 4358/4358/4358 4359/4359/4359 4360/4360/4360
f 4361/4361/4361 4360/4360/4360 4359/4359/4359
f 4360/4360/4360 4361/4361/4361 4362/4362/4362
f 4363/4363/4363 4362/4362/4362 4361/4361/4361
f 4362/4362/4362 4363/4363/4363 4364/4364/4364
f 4365/4365/4365 4364/4364/4364 4363/4363/4363
f 4364/4364/4364 4365/4365/4365 4366/4366/4366
f 4367/4367/4367 4366/4366/4366 4365/4365/4365
f 4367/4367/4367 4368/4368/4368 4366/4366/4366
f 4369/4369/4369 4366/4366/4366 4368/4368/4368
f 4369/4369/4369 4368/4368/4368 4370/4370/4370
f 4371/4371/4371 4370/4370/4370 4368/4368/4368
f 4373/4373/4373 4374/4374/4374 4372/4372/4372
f 4375/4375/4375 4372/4372/4372 4374/4374/4374
f 4374/4374/4374 4376/4376/4376 4375/4375/4375
f 4377/4377/4377 4375/4375/4375 4376/4376/4376
f 4377/4377/4377 4376/4376/4376 4378/4378/4378
f 4379/4379/4379 4378/4378/4378 4376/4376/4376
f 4381/4381/4381 4382/4382/4382 4380/4380/4380
f 4383/4383/4383 4380/4380/4380 4382/4382/4382
f 4382/4382/4382 4384/4384/4384 4383/4383/4383
f 4385/4385/4385 4383/4383/4383 4384/4384/4384
f 4387/4387/4387 4388/4388/4388 4386/4386/4386
f 4389/4389/4389 4386/4386/4386 4388/4388/4388
f 4388/4388/4388 4390/4390/4390 4389/4389/4389
f 4391/4391/4391 4389/4389/4389 4390/4390/4390
f 4390/4390/4390 4392/4392/4392 4391/4391/4391
f 4393/4393/4393 4391/4391/4391 4392/4392/4392
f 4395/4395/4395 4396/4396/4396 4394/4394/4394
f 4394/4394/4394 4396/4396/4396 4397/4397/4397
f 4396/4396/4396 4398/4398/4398 4397/4397/4397
f 4399/4399/4399 4397/4397/4397 4398/4398/4398
f 4400/4400/4400 4399/4399/4399 4398/4398/4398
f 4398/4398/4398 4401/4401/4401 4400/4400/4400
f 4400/4400/4400 4402/4402/4402 4399/4399/4399
f 4403/4403/4403 4399/4399/4399 4402/4402/4402
f 4403/4403/4403 4402/4402/4402 4404/4404/4404
f 4405/4405/4405 4400/4400/4400 4401/4401/4401
f 4405/4405/4405 4401/4401/4401 4406/4406/4406
f 4406/4406/4406 4407/4407/4407 4405/4405/4405
f 4407/4407/4407 4408/4408/4408 4405/4405/4405
f 4409/4409/4409 4405/4405/4405 4408/4408/4408
f 4408/4408/4408 4410/4410/4410 4409/4409/4409
f 4411/4411/4411 4409/4409/4409 4410/4410/4410
f 4410/4410/4410 4412/4412/4412 4411/4411/4411
f 4414/4414/4414 4413/4413/4413 4415/4415/4415
f 4417/4417/4417 4416/4416/4416 4418/4418/4418
f 4420/4420/4420 4419/4419/4419 4421/4421/4421
f 4424/4424/4424 4423/4423/4423 4422/4422/4422
f 4422/4422/4422 4425/4425/4425 4424/4424/4424
f 4425/4425/4425 4426/4426/4426 4424/4424/4424
f 4424/4424/4424 4426/4426/4426 4427/4427/4427
f 4426/4426/4426 4425/4425/4425 4428/4428/4428
f 4429/4429/4429 4427/4427/4427 4426/4426/4426
f 4429/4429/4429 4430/4430/4430 4427/4427/4427
f 4431/4431/4431 4427/4427/4427 4430/4430/4430
f 4425/4425/4425 4432/4432/4432 4428/4428/4428
f 4432/4432/4432 4433/4433/4433 4428/4428/4428
f 4428/4428/4428 4433/4433/4433 4434/4434/4434
f 4435/4435/4435 4434/4434/4434 4433/4433/4433
f 4432/4432/4432 4436/4436/4436 4433/4433/4433
f 4437/4437/4437 4433/4433/4433 4436/4436/4436
f 4439/4439/4439 4440/4440/4440 4438/4438/4438
f 4441/4441/4441 4438/4438/4438 4440/4440/4440
f 4440/4440/4440 4442/4442/4442 4441/4441/4441
f 4443/4443/4443 4441/4441/4441 4442/4442/4442
f 4443/4443/4443 4444/4444/4444 4441/4441/4441
f 4445/4445/4445 4441/4441/4441 4444/4444/4444
f 4447/4447/4447 4448/4448/4448 4446/4446/4446
f 4449/4449/4449 4446/4446/4446 4448/4448/4448
f 4448/4448/4448 4450/4450/4450 4449/4449/4449
f 4451/4451/4451 4449/4449/4449 4450/4450/4450
f 4451/4451/4451 4452/4452/4452 4449/4449/4449
f 4453/4453/4453 4449/4449/4449 4452/4452/4452
f 4455/4455/4455 4456/4456/4456 4454/4454/4454
f 4457/4457/4457 4454/4454/4454 4456/4456/4456
f 4456/4456/4456 4458/4458/4458 4457/4457/4457
f 4459/4459/4459 4457/4457/4457 4458/4458/4458
f 4458/4458/4458 4460/4460/4460 4459/4459/4459
f 4461/4461/4461 4459/4459/4459 4460/4460/4460
f 4460/4460/4460 4462/4462/4462 4461/4461/4461
f 4463/4463/4463 4461/4461/4461 4462/4462/4462
f 4463/4463/4463 4462/4462/4462 4464/4464/4464
f 4465/4465/4465 4464/4464/4464 4462/4462/4462
f 4465/4465/4465 4466/4466/4466 4464/4464/4464
f 4467/4467/4467 4464/4464/4464 4466/4466/4466
f 4467/4467/4467 4466/4466/4466 4468/4468/4468
f 4469/4469/4469 4468/4468/4468 4466/4466/4466
f 4469/4469/4469 4470/4470/4470 4468/4468/4468
f 4471/4471/4471 4468/4468/4468 4470/4470/4470
f 4471/4471/4471 4470/4470/4470 4472/4472/4472
f 4473/4473/4473 4472/4472/4472 4470/4470/4470
f 4472/4472/4472 4473/4473/4473 4474/4474/4474
f 4475/4475/4475 4474/4474/4474 4473/4473/4473
f 4474/4474/4474 4475/4475/4475 4476/4476/4476
f 4477/4477/4477 4476/4476/4476 4475/4475/4475
f 4476/4476/4476 4477/4477/4477 4478/4478/4478
f 4479/4479/4479 4478/4478/4478 4477/4477/4477
f 4481/4481/4481 4482/4482/4482 4480/4480/4480
f 4483/4483/4483 4480/4480/4480 4482/4482/4482
f 4482/4482/4482 4484/4484/4484 4483/4483/4483
f 4485/4485/4485 4483/4483/4483 4484/4484/4484
f 4487/4487/4487 4488/4488/4488 4486/4486/4486
f 4489/4489/4489 4490/4490/4490 4491/4491/4491
f 4492/4492/4492 4494/4494/4494 4493/4493/4493
f 4496/4496/4496 4497/4497/4497 4495/4495/4495
f 4499/4499/4499 4500/4500/4500 4498/4498/4498
f 4501/4501/4501 4498/4498/4498 4500/4500/4500
f 4500/4500/4500 4502/4502/4502 4501/4501/4501
f 4503/4503/4503 4501/4501/4501 4502/4502/4502
f 4503/4503/4503 4502/4502/4502 4504/4504/4504
f 4505/4505/4505 4504/4504/4504 4502/4502/4502
f 4507/4507/4507 4508/4508/4508 4506/4506/4506
f 4509/4509/4509 4506/4506/4506 4508/4508/4508
f 4506/4506/4506 4509/4509/4509 4510/4510/4510
f 4511/4511/4511 4510/4510/4510 4509/4509/4509
f 4511/4511/4511 4512/4512/4512 4510/4510/4510
f 4513/4513/4513 4510/4510/4510 4512/4512/4512
f 4515/4515/4515 4516/4516/4516 4514/4514/4514
f 4517/4517/4517 4515/4515/4515 4514/4514/4514
f 4517/4517/4517 4514/4514/4514 4518/4518/4518
f 4517/4517/4517 4518/4518/4518 4519/4519/4519
f 4518/4518/4518 4520/4520/4520 4519/4519/4519
f 4519/4519/4519 4521/4521/4521 4517/4517/4517
f 4522/4522/4522 4517/4517/4517 4521/4521/4521
f 4522/4522/4522 4521/4521/4521 4523/4523/4523
f 4523/4523/4523 4521/4521/4521 4524/4524/4524
f 4525/4525/4525 4519/4519/4519 4520/4520/4520
f 4525/4525/4525 4520/4520/4520 4526/4526/4526
f 4520/4520/4520 4527/4527/4527 4526/4526/4526
f 4527/4527/4527 4520/4520/4520 4528/4528/4528
f 4529/4529/4529 4528/4528/4528 4520/4520/4520
f 4528/4528/4528 4529/4529/4529 4530/4530/4530
f 4531/4531/4531 4530/4530/4530 4529/4529/4529
f 4531/4531/4531 4532/4532/4532 4530/4530/4530
f 4533/4533/4533 4530/4530/4530 4532/4532/4532
f 4533/4533/4533 4532/4532/4532 4534/4534/4534
f 4535/4535/4535 4534/4534/4534 4532/4532/4532
f 4535/4535/4535 4536/4536/4536 4534/4534/4534
f 4537/4537/4537 4534/4534/4534 4536/4536/4536
f 4538/4538/4538 4537/4537/4537 4536/4536/4536
f 4536/4536/4536 4539/4539/4539 4538/4538/4538
f 4540/4540/4540 4538/4538/4538 4539/4539/4539
f 4540/4540/4540 4539/4539/4539 4541/4541/4541
f 4542/4542/4542 4541/4541/4541 4539/4539/4539
f 4537/4537/4537 4538/4538/4538 4543/4543/4543
f 4544/4544/4544 4537/4537/4537 4543/4543/4543
f 4546/4546/4546 4544/4544/4544 4545/4545/4545
f 4547/4547/4547 4545/4545/4545 4544/4544/4544
f 4544/4544/4544 4543/4543/4543 4547/4547/4547
f 4547/4547/4547 4543/4543/4543 4548/4548/4548
f 4549/4549/4549 4548/4548/4548 4543/4543/4543
f 4551/4551/4551 4552/4552/4552 4550/4550/4550
f 4553/4553/4553 4550/4550/4550 4552/4552/4552
f 4550/4550/4550 4553/4553/4553 4554/4554/4554
f 4555/4555/4555 4554/4554/4554 4553/4553/4553
f 4557/4557/4557 4558/4558/4558 4556/4556/4556
f 4559/4559/4559 4560/4560/4560 4561/4561/4561
f 4563/4563/4563 4562/4562/4562 4564/4564/4564
f 4566/4566/4566 4565/4565/4565 4567/4567/4567
f 4569/4569/4569 4570/4570/4570 4568/4568/4568
f 4570/4570/4570 4571/4571/4571 4568/4568/4568
f 4568/4568/4568 4571/4571/4571 4572/4572/4572
f 4571/4571/4571 4573/4573/4573 4572/4572/4572
f 4573/4573/4573 4574/4574/4574 4572/4572/4572
f 4574/4574/4574 4575/4575/4575 4572/4572/4572
f 4574/4574/4574 4576/4576/4576 4575/4575/4575
f 4577/4577/4577 4575/4575/4575 4576/4576/4576
f 4576/4576/4576 4578/4578/4578 4577/4577/4577
f 4578/4578/4578 4579/4579/4579 4577/4577/4577
f 4578/4578/4578 4580/4580/4580 4579/4579/4579
f 4580/4580/4580 4581/4581/4581 4579/4579/4579
f 4581/4581/4581 4580/4580/4580 4582/4582/4582
f 4581/4581/4581 4582/4582/4582 4583/4583/4583
f 4583/4583/4583 4582/4582/4582 4584/4584/4584
f 4585/4585/4585 4584/4584/4584 4582/4582/4582
f 4587/4587/4587 4588/4588/4588 4586/4586/4586
f 4589/4589/4589 4586/4586/4586 4588/4588/4588
f 4586/4586/4586 4589/4589/4589 4590/4590/4590
f 4591/4591/4591 4590/4590/4590 4589/4589/4589
f 4591/4591/4591 4592/4592/4592 4590/4590/4590
f 4593/4593/4593 4590/4590/4590 4592/4592/4592
f 4595/4595/4595 4596/4596/4596 4594/4594/4594
f 4597/4597/4597 4595/4595/4595 4594/4594/4594
f 4597/4597/4597 4594/4594/4594 4598/4598/4598
f 4599/4599/4599 4597/4597/4597 4598/4598/4598
f 4600/4600/4600 4599/4599/4599 4598/4598/4598
f 4601/4601/4601 4600/4600/4600 4598/4598/4598
f 4600/4600/4600 4601/4601/4601 4602/4602/4602
f 4603/4603/4603 4602/4602/4602 4601/4601/4601
f 4604/4604/4604 4602/4602/4602 4603/4603/4603
f 4605/4605/4605 4604/4604/4604 4603/4603/4603
f 4606/4606/4606 4604/4604/4604 4605/4605/4605
f 4607/4607/4607 4606/4606/4606 4605/4605/4605
f 4606/4606/4606 4607/4607/4607 4608/4608/4608
f 4608/4608/4608 4607/4607/4607 4609/4609/4609
f 4609/4609/4609 4610/4610/4610 4608/4608/4608
f 4611/4611/4611 4608/4608/4608 4610/4610/4610
f 4613/4613/4613 4614/4614/4614 4612/4612/4612
f 4615/4615/4615 4612/4612/4612 4614/4614/4614
f 4615/4615/4615 4616/4616/4616 4612/4612/4612
f 4617/4617/4617 4612/4612/4612 4616/4616/4616
f 4616/4616/4616 4618/4618/4618 4617/4617/4617
f 4619/4619/4619 4617/4617/4617 4618/4618/4618
f 4618/4618/4618 4620/4620/4620 4619/4619/4619
f 4621/4621/4621 4619/4619/4619 4620/4620/4620
f 4621/4621/4621 4620/4620/4620 4622/4622/4622
f 4623/4623/4623 4622/4622/4622 4620/4620/4620
f 4625/4625/4625 4626/4626/4626 4624/4624/4624
f 4627/4627/4627 4624/4624/4624 4626/4626/4626
f 4627/4627/4627 4626/4626/4626 4628/4628/4628
f 4629/4629/4629 4628/4628/4628 4626/4626/4626
f 4629/4629/4629 4630/4630/4630 4628/4628/4628
f 4631/4631/4631 4628/4628/4628 4630/4630/4630
f 4630/4630/4630 4632/4632/4632 4631/4631/4631
f 4633/4633/4633 4631/4631/4631 4632/4632/4632
f 4632/4632/4632 4634/4634/4634 4633/4633/4633
f 4635/4635/4635 4633/4633/4633 4634/4634/4634
f 4635/4635/4635 4634/4634/4634 4636/4636/4636
f 4637/4637/4637 4636/4636/4636 4634/4634/4634
f 4636/4636/4636 4637/4637/4637 4638/4638/4638
f 4639/4639/4639 4638/4638/4638 4637/4637/4637
f 4639/4639/4639 4640/4640/4640 4638/4638/4638
f 4641/4641/4641 4638/4638/4638 4640/4640/4640
f 4641/4641/4641 4640/4640/4640 4642/4642/4642
f 4643/4643/4643 4642/4642/4642 4640/4640/4640
f 4643/4643/4643 4644/4644/4644 4642/4642/4642
f 4645/4645/4645 4642/4642/4642 4644/4644/4644
f 4644/4644/4644 4646/4646/4646 4645/4645/4645
f 4647/4647/4647 4645/4645/4645 4646/4646/4646
f 4647/4647/4647 4646/4646/4646 4648/4648/4648
f 4649/4649/4649 4648/4648/4648 4646/4646/4646
f 4648/4648/4648 4649/4649/4649 4650/4650/4650
f 4651/4651/4651 4650/4650/4650 4649/4649/4649
f 4650/4650/4650 4651/4651/4651 4652/4652/4652
f 4653/4653/4653 4652/4652/4652 4651/4651/4651
f 4653/4653/4653 4654/4654/4654 4652/4652/4652
f 4655/4655/4655 4652/4652/4652 4654/4654/4654
f 4655/4655/4655 4654/4654/4654 4656/4656/4656
f 4657/4657/4657 4656/4656/4656 4654/4654/4654
f 4659/4659/4659 4660/4660/4660 4658/4658/4658
f 4659/4659/4659 4661/4661/4661 4660/4660/4660
f 4661/4661/4661 4659/4659/4659 4662/4662/4662
f 4663/4663/4663 4662/4662/4662 4659/4659/4659
f 4663/4663/4663 4664/4664/4664 4662/4662/4662
f 4665/4665/4665 4662/4662/4662 4664/4664/4664
f 4664/4664/4664 4666/4666/4666 4665/4665/4665
f 4667/4667/4667 4665/4665/4665 4666/4666/4666
f 4666/4666/4666 4668/4668/4668 4667/4667/4667
f 4668/4668/4668 4669/4669/4669 4667/4667/4667
f 4668/4668/4668 4670/4670/4670 4669/4669/4669
f 4670/4670/4670 4671/4671/4671 4669/4669/4669
f 4672/4672/4672 4671/4671/4671 4670/4670/4670
f 4672/4672/4672 4673/4673/4673 4671/4671/4671
f 4673/4673/4673 4672/4672/4672 4674/4674/4674
f 4675/4675/4675 4674/4674/4674 4672/4672/4672
f 4677/4677/4677 4678/4678/4678 4676/4676/4676
f 4679/4679/4679 4678/4678/4678 4677/4677/4677
f 4679/4679/4679 4680/4680/4680 4678/4678/4678
f 4681/4681/4681 4678/4678/4678 4680/4680/4680
f 4681/4681/4681 4680/4680/4680 4682/4682/4682
f 4683/4683/4683 4682/4682/4682 4680/4680/4680
f 4682/4682/4682 4683/4683/4683 4684/4684/4684
f 4685/4685/4685 4684/4684/4684 4683/4683/4683
f 4686/4686/4686 4684/4684/4684 4685/4685/4685
f 4687/4687/4687 4686/4686/4686 4685/4685/4685
f 4688/4688/4688 4686/4686/4686 4687/4687/4687
f 4689/4689/4689 4688/4688/4688 4687/4687/4687
f 4689/4689/4689 4690/4690/4690 4688/4688/4688
f 4691/4691/4691 4690/4690/4690 4689/4689/4689
f 4691/4691/4691 4692/4692/4692 4690/4690/4690
f 4693/4693/4693 4690/4690/4690 4692/4692/4692
f 4695/4695/4695 4696/4696/4696 4694/4694/4694
f 4697/4697/4697 4694/4694/4694 4696/4696/4696
f 4697/4697/4697 4696/4696/4696 4698/4698/4698
f 4699/4699/4699 4698/4698/4698 4696/4696/4696
f 4699/4699/4699 4696/4696/4696 4700/4700/4700
f 4701/4701/4701 4700/4700/4700 4696/4696/4696
f 4703/4703/4703 4704/4704/4704 4702/4702/4702
f 4705/4705/4705 4702/4702/4702 4704/4704/4704
f 4705/4705/4705 4704/4704/4704 4706/4706/4706
f 4707/4707/4707 4706/4706/4706 4704/4704/4704
f 4707/4707/4707 4704/4704/4704 4708/4708/4708
f 4709/4709/4709 4708/4708/4708 4704/4704/4704
f 4711/4711/4711 4712/4712/4712 4710/4710/4710
f 4712/4712/4712 4711/4711/4711 4713/4713/4713
f 4714/4714/4714 4713/4713/4713 4711/4711/4711
f 4715/4715/4715 4712/4712/4712 4713/4713/4713
f 4716/4716/4716 4712/4712/4712 4715/4715/4715
f 4713/4713/4713 4714/4714/4714 4717/4717/4717
f 4715/4715/4715 4718/4718/4718 4716/4716/4716
f 4717/4717/4717 4719/4719/4719 4718/4718/4718
f 4716/4716/4716 4718/4718/4718 4719/4719/4719
f 4720/4720/4720 4716/4716/4716 4719/4719/4719
f 4717/4717/4717 4721/4721/4721 4719/4719/4719
f 4716/4716/4716 4720/4720/4720 4722/4722/4722
f 4723/4723/4723 4722/4722/4722 4720/4720/4720
f 4723/4723/4723 4724/4724/4724 4722/4722/4722
f 4722/4722/4722 4724/4724/4724 4725/4725/4725
f 4725/4725/4725 4724/4724/4724 4726/4726/4726
f 4727/4727/4727 4726/4726/4726 4724/4724/4724
f 4726/4726/4726 4727/4727/4727 4728/4728/4728
f 4729/4729/4729 4728/4728/4728 4727/4727/4727
f 4730/4730/4730 4726/4726/4726 4728/4728/4728
f 4728/4728/4728 4731/4731/4731 4730/4730/4730
f 4732/4732/4732 4730/4730/4730 4731/4731/4731
f 4731/4731/4731 4733/4733/4733 4732/4732/4732
f 4734/4734/4734 4733/4733/4733 4731/4731/4731
f 4735/4735/4735 4732/4732/4732 4733/4733/4733
f 4733/4733/4733 4736/4736/4736 4735/4735/4735
f 4737/4737/4737 4735/4735/4735 4736/4736/4736
f 4737/4737/4737 4736/4736/4736 4738/4738/4738
f 4738/4738/4738 4739/4739/4739 4737/4737/4737
f 4740/4740/4740 4738/4738/4738 4736/4736/4736
f 4741/4741/4741 4737/4737/4737 4739/4739/4739
f 4736/4736/4736 4721/4721/4721 4740/4740/4740
f 4741/4741/4741 4739/4739/4739 4742/4742/4742
f 4717/4717/4717 4740/4740/4740 4721/4721/4721
f 4717/4717/4717 4714/4714/4714 4740/4740/4740
f 4743/4743/4743 4740/4740/4740 4714/4714/4714
f 4744/4744/4744 4740/4740/4740 4743/4743/4743
f 4745/4745/4745 4739/4739/4739 4744/4744/4744
f 4743/4743/4743 4745/4745/4745 4744/4744/4744
f 4742/4742/4742 4739/4739/4739 4745/4745/4745
f 4745/4745/4745 4743/4743/4743 4746/4746/4746
f 4747/4747/4747 4742/4742/4742 4745/4745/4745
f 4747/4747/4747 4745/4745/4745 4746/4746/4746
f 4747/4747/4747 4748/4748/4748 4742/4742/4742
f 4749/4749/4749 4746/4746/4746 4743/4743/4743
f 4748/4748/4748 4747/4747/4747 4750/4750/4750
f 4743/4743/4743 4751/4751/4751 4749/4749/4749
f 4752/4752/4752 4750/4750/4750 4747/4747/4747
f 4753/4753/4753 4750/4750/4750 4752/4752/4752
f 4752/4752/4752 4749/4749/4749 4753/4753/4753
f 4750/4750/4750 4753/4753/4753 4754/4754/4754
f 4753/4753/4753 4749/4749/4749 4755/4755/4755
f 4756/4756/4756 4754/4754/4754 4753/4753/4753
f 4757/4757/4757 4754/4754/4754 4756/4756/4756
f 4758/4758/4758 4755/4755/4755 4749/4749/4749
f 4758/4758/4758 4749/4749/4749 4751/4751/4751
f 4755/4755/4755 4758/4758/4758 4759/4759/4759
f 4751/4751/4751 4760/4760/4760 4758/4758/4758
f 4759/4759/4759 4758/4758/4758 4761/4761/4761
f 4751/4751/4751 4762/4762/4762 4760/4760/4760
f 4761/4761/4761 4763/4763/4763 4759/4759/4759
f 4764/4764/4764 4760/4760/4760 4762/4762/4762
f 4764/4764/4764 4762/4762/4762 4765/4765/4765
f 4764/4764/4764 4766/4766/4766 4760/4760/4760
f 4761/4761/4761 4766/4766/4766 4763/4763/4763
f 4764/4764/4764 4763/4763/4763 4766/4766/4766
f 4763/4763/4763 4767/4767/4767 4759/4759/4759
f 4767/4767/4767 4763/4763/4763 4768/4768/4768
f 4768/4768/4768 4769/4769/4769 4767/4767/4767
f 4770/4770/4770 4769/4769/4769 4768/4768/4768
f 4770/4770/4770 4768/4768/4768 4771/4771/4771
f 4771/4771/4771 4772/4772/4772 4770/4770/4770
f 4773/4773/4773 4770/4770/4770 4772/4772/4772
f 4773/4773/4773 4772/4772/4772 4774/4774/4774
f 4774/4774/4774 4775/4775/4775 4773/4773/4773
f 4772/4772/4772 4776/4776/4776 4774/4774/4774
f 4774/4774/4774 4776/4776/4776 4777/4777/4777
f 4757/4757/4757 4777/4777/4777 4776/4776/4776
f 4756/4756/4756 4777/4777/4777 4757/4757/4757
f 4756/4756/4756 4778/4778/4778 4777/4777/4777
f 4780/4780/4780 4781/4781/4781 4779/4779/4779
f 4780/4780/4780 4782/4782/4782 4781/4781/4781
f 4783/4783/4783 4781/4781/4781 4782/4782/4782
f 4784/4784/4784 4782/4782/4782 4780/4780/4780
f 4785/4785/4785 4784/4784/4784 4780/4780/4780
f 4782/4782/4782 4786/4786/4786 4783/4783/4783
f 4785/4785/4785 4787/4787/4787 4784/4784/4784
f 4788/4788/4788 4783/4783/4783 4786/4786/4786
f 4783/4783/4783 4788/4788/4788 4789/4789/4789
f 4786/4786/4786 4787/4787/4787 4790/4790/4790
f 4785/4785/4785 4790/4790/4790 4787/4787/4787
f 4791/4791/4791 4788/4788/4788 4786/4786/4786
f 4786/4786/4786 4790/4790/4790 4791/4791/4791
f 4792/4792/4792 4790/4790/4790 4785/4785/4785
f 4793/4793/4793 4791/4791/4791 4790/4790/4790
f 4785/4785/4785 4794/4794/4794 4792/4792/4792
f 4795/4795/4795 4792/4792/4792 4794/4794/4794
f 4796/4796/4796 4795/4795/4795 4794/4794/4794
f 4794/4794/4794 4797/4797/4797 4796/4796/4796
f 4797/4797/4797 4798/4798/4798 4796/4796/4796
f 4799/4799/4799 4796/4796/4796 4798/4798/4798
f 4800/4800/4800 4791/4791/4791 4793/4793/4793
f 4799/4799/4799 4798/4798/4798 4801/4801/4801
f 4802/4802/4802 4799/4799/4799 4801/4801/4801
f 4803/4803/4803 4801/4801/4801 4798/4798/4798
f 4801/4801/4801 4803/4803/4803 4804/4804/4804
f 4805/4805/4805 4804/4804/4804 4803/4803/4803
f 4806/4806/4806 4804/4804/4804 4805/4805/4805
f 4808/4808/4808 4804/4804/4804 4807/4807/4807
f 4806/4806/4806 4807/4807/4807 4804/4804/4804
f 4807/4807/4807 4806/4806/4806 4800/4800/4800
f 4809/4809/4809 4800/4800/4800 4806/4806/4806
f 4800/4800/4800 4810/4810/4810 4791/4791/4791
f 4809/4809/4809 4810/4810/4810 4800/4800/4800
f 4810/4810/4810 4809/4809/4809 4811/4811/4811
f 4812/4812/4812 4811/4811/4811 4809/4809/4809
f 4811/4811/4811 4812/4812/4812 4813/4813/4813
f 4814/4814/4814 4811/4811/4811 4813/4813/4813
f 4791/4791/4791 4814/4814/4814 4788/4788/4788
f 4789/4789/4789 4788/4788/4788 4814/4814/4814
f 4814/4814/4814 4813/4813/4813 4815/4815/4815
f 4789/4789/4789 4814/4814/4814 4815/4815/4815
f 4813/4813/4813 4816/4816/4816 4815/4815/4815
f 4816/4816/4816 4789/4789/4789 4815/4815/4815
f 4817/4817/4817 4816/4816/4816 4813/4813/4813
f 4818/4818/4818 4817/4817/4817 4813/4813/4813
f 4818/4818/4818 4819/4819/4819 4817/4817/4817
f 4820/4820/4820 4817/4817/4817 4819/4819/4819
f 4789/4789/4789 4816/4816/4816 4821/4821/4821
f 4820/4820/4820 4819/4819/4819 4822/4822/4822
f 4821/4821/4821 4823/4823/4823 4789/4789/4789
f 4819/4819/4819 4824/4824/4824 4822/4822/4822
f 4825/4825/4825 4821/4821/4821 4816/4816/4816
f 4820/4820/4820 4822/4822/4822 4825/4825/4825
f 4825/4825/4825 4822/4822/4822 4826/4826/4826
f 4827/4827/4827 4822/4822/4822 4824/4824/4824
f 4826/4826/4826 4828/4828/4828 4825/4825/4825
f 4827/4827/4827 4824/4824/4824 4829/4829/4829
f 4829/4829/4829 4830/4830/4830 4827/4827/4827
f 4829/4829/4829 4824/4824/4824 4831/4831/4831
f 4831/4831/4831 4832/4832/4832 4829/4829/4829
f 4833/4833/4833 4829/4829/4829 4832/4832/4832
f 4832/4832/4832 4834/4834/4834 4833/4833/4833
f 4835/4835/4835 4836/4836/4836 4833/4833/4833
f 4835/4835/4835 4833/4833/4833 4834/4834/4834
f 4835/4835/4835 4834/4834/4834 4837/4837/4837
f 4838/4838/4838 4837/4837/4837 4834/4834/4834
f 4838/4838/4838 4839/4839/4839 4837/4837/4837
f 4840/4840/4840 4837/4837/4837 4839/4839/4839
f 4841/4841/4841 4840/4840/4840 4839/4839/4839
f 4839/4839/4839 4842/4842/4842 4841/4841/4841
f 4828/4828/4828 4841/4841/4841 4842/4842/4842
f 4828/4828/4828 4842/4842/4842 4843/4843/4843
f 4843/4843/4843 4842/4842/4842 4844/4844/4844
f 4843/4843/4843 4845/4845/4845 4828/4828/4828
f 4844/4844/4844 4842/4842/4842 4846/4846/4846
f 4845/4845/4845 4825/4825/4825 4828/4828/4828
f 4821/4821/4821 4825/4825/4825 4845/4845/4845
f 4821/4821/4821 4845/4845/4845 4823/4823/4823
f 4847/4847/4847 4823/4823/4823 4845/4845/4845
f 4847/4847/4847 4844/4844/4844 4846/4846/4846
f 4823/4823/4823 4847/4847/4847 4848/4848/4848
f 4846/4846/4846 4848/4848/4848 4847/4847/4847
f 4848/4848/4848 4846/4846/4846 4849/4849/4849
f 4851/4851/4851 4852/4852/4852 4850/4850/4850
f 4851/4851/4851 4850/4850/4850 4853/4853/4853
f 4854/4854/4854 4850/4850/4850 4852/4852/4852
f 4855/4855/4855 4853/4853/4853 4850/4850/4850
f 4852/4852/4852 4856/4856/4856 4854/4854/4854
f 4853/4853/4853 4855/4855/4855 4857/4857/4857
f 4858/4858/4858 4854/4854/4854 4856/4856/4856
f 4859/4859/4859 4857/4857/4857 4855/4855/4855
f 4856/4856/4856 4860/4860/4860 4858/4858/4858
f 4859/4859/4859 4861/4861/4861 4857/4857/4857
f 4862/4862/4862 4858/4858/4858 4860/4860/4860
f 4863/4863/4863 4857/4857/4857 4861/4861/4861
f 4862/4862/4862 4860/4860/4860 4864/4864/4864
f 4863/4863/4863 4861/4861/4861 4865/4865/4865
f 4865/4865/4865 4864/4864/4864 4860/4860/4860
f 4864/4864/4864 4865/4865/4865 4861/4861/4861
f 4867/4867/4867 4868/4868/4868 4866/4866/4866
f 4867/4867/4867 4866/4866/4866 4869/4869/4869
f 4870/4870/4870 4866/4866/4866 4868/4868/4868
f 4871/4871/4871 4869/4869/4869 4866/4866/4866
f 4868/4868/4868 4872/4872/4872 4870/4870/4870
f 4869/4869/4869 4871/4871/4871 4873/4873/4873
f 4874/4874/4874 4870/4870/4870 4872/4872/4872
f 4875/4875/4875 4873/4873/4873 4871/4871/4871
f 4874/4874/4874 4872/4872/4872 4876/4876/4876
f 4873/4873/4873 4875/4875/4875 4877/4877/4877
f 4878/4878/4878 4876/4876/4876 4872/4872/4872
f 4879/4879/4879 4877/4877/4877 4875/4875/4875
f 4878/4878/4878 4880/4880/4880 4876/4876/4876
f 4879/4879/4879 4881/4881/4881 4877/4877/4877
f 4881/4881/4881 4876/4876/4876 4880/4880/4880
f 4880/4880/4880 4877/4877/4877 4881/4881/4881
