o 023025
v -0.09081599861383438 1.390712022781372 0.08038442581892014
v -0.09081599861383438 1.390712022781372 -0.08038442581892014
v 0.2572915256023407 1.3916324377059937 -0.07645724713802338
v 0.2572915256023407 1.3916324377059937 0.07639588415622711
v -0.09081599861383438 1.390712022781372 -0.08038442581892014
v -0.09081599861383438 1.390712022781372 0.08038442581892014
v -0.09081599861383438 1.4556331634521484 0.08382070809602737
v -0.09081599861383438 1.4556331634521484 -0.08388207107782364
v -0.09081599861383438 1.4880937337875366 0.06424617767333984
v -0.09081599861383438 1.4880937337875366 -0.06430754065513611
v -0.09081599861383438 1.5193884372711182 -0.04086719825863838
v -0.09081599861383438 1.5193884372711182 0.04080583527684212
v -0.09081599861383438 1.5373061895370483 0.0
v 0.2572915256023407 1.3916324377059937 0.07639588415622711
v 0.2572915256023407 1.3916324377059937 -0.07645724713802338
v 0.2572915256023407 1.4410290718078613 -0.07670269906520844
v 0.2572915256023407 1.4410290718078613 0.07670269906520844
v 0.222069650888443 1.469071388244629 -0.05626910179853439
v 0.222069650888443 1.469071388244629 0.05626910179853439
v 0.1864795982837677 1.497298002243042 -0.026876626536250114
v 0.1864795982837677 1.497298002243042 0.0268152616918087
v 0.177336648106575 1.5039864778518677 0.0
v -0.09081599861383438 1.390712022781372 0.08038442581892014
v 0.2572915256023407 1.3916324377059937 0.07639588415622711
v 0.2572915256023407 1.4410290718078613 0.07670269906520844
v -0.09081599861383438 1.4556331634521484 0.08382070809602737
v 0.222069650888443 1.469071388244629 0.05626910179853439
v -0.09081599861383438 1.4880937337875366 0.06424617767333984
v 0.1864795982837677 1.497298002243042 0.0268152616918087
v -0.09081599861383438 1.5193884372711182 0.04080583527684212
v 0.177336648106575 1.5039864778518677 0.0
v -0.09081599861383438 1.5373061895370483 0.0
v -0.09081599861383438 1.5193884372711182 -0.04086719825863838
v 0.1864795982837677 1.497298002243042 -0.026876626536250114
v -0.09081599861383438 1.4880937337875366 -0.06430754065513611
v 0.222069650888443 1.469071388244629 -0.05626910179853439
v -0.09081599861383438 1.4556331634521484 -0.08388207107782364
v 0.2572915256023407 1.4410290718078613 -0.07670269906520844
v -0.09081599861383438 1.390712022781372 -0.08038442581892014
v 0.2572915256023407 1.3916324377059937 -0.07645724713802338
v 0.04611920192837715 2.053239345550537 -0.08958873152732849
v 0.03766472637653351 2.0664334297180176 -0.06616373360157013
v 0.07228220254182816 2.0664334297180176 -0.04082116112112999
v 0.09324534982442856 2.053239345550537 -0.05541001632809639
v 0.08551494032144547 2.0664334297180176 -1.227242478307744e-06
v 0.111224465072155 2.053239345550537 0.0
v 0.09324534982442856 2.053239345550537 0.055348679423332214
v 0.07228220254182816 2.0664334297180176 0.04075983166694641
v 0.04611920192837715 2.053239345550537 0.08958876878023148
v 0.03766472637653351 2.0664334297180176 0.06610240042209625
v -0.012113479897379875 2.053239345550537 0.08823880553245544
v -0.005399846937507391 2.0664920806884766 0.06622082740068436
v -0.040371984243392944 2.0664920806884766 0.04105497896671295
v -0.07820053398609161 2.051521062850952 0.05369190126657486
v -0.05384097620844841 2.0664920806884766 -1.2272436151761212e-06
v -0.09219110757112503 2.053239345550537 0.0
v -0.07820053398609161 2.051521062850952 -0.053753238171339035
v -0.040371984243392944 2.0664920806884766 -0.04111631587147713
v -0.012113479897379875 2.053239345550537 -0.08823876827955246
v -0.005399846937507391 2.0664920806884766 -0.06628216803073883
v 0.03766472637653351 2.0664334297180176 -0.06616373360157013
v 0.04611920192837715 2.053239345550537 -0.08958873152732849
v -0.4683224558830261 3.9165306091308594 0.023563070222735405
v -0.4573080241680145 3.912156581878662 0.02350170724093914
v -0.4573696553707123 3.912095069885254 0.011597448028624058
v -0.46838411688804626 3.9164693355560303 0.011658810079097748
v -0.45737043023109436 3.912034034729004 0.0
v -0.4684455692768097 3.9164698123931885 0.0
v -0.4573696553707123 3.912095069885254 -0.011597448028624058
v -0.46838343143463135 3.9165308475494385 -0.011658810079097748
v -0.4573080241680145 3.912156581878662 -0.023563070222735405
v -0.46838343143463135 3.9165308475494385 -0.02362443134188652
v -0.4699929356575012 3.8802762031555176 -0.024176690727472305
v -0.48259714245796204 3.8853988647460938 -0.024299414828419685
v -0.472492516040802 3.873974561691284 -0.02460622601211071
v -0.48540306091308594 3.879159927368164 -0.024667587131261826
v -0.4878627061843872 3.835548162460327 -0.02693798951804638
v -0.5027312636375427 3.8415446281433105 -0.02706071361899376
v -0.49098578095436096 3.82789945602417 -0.02730616182088852
v -0.5060968995094299 3.834266424179077 -0.0274288859218359
v -0.5151330828666687 3.8148789405822754 -0.02779705822467804
v -0.4997294247150421 3.8064846992492676 -0.027735697105526924
v -0.49973002076148987 3.8064229488372803 -0.013990572653710842
v -0.5151945948600769 3.8148179054260254 -0.014051934704184532
v -0.5151953101158142 3.814756393432617 0.0
v -0.4997917413711548 3.8063621520996094 0.0
v -0.49973002076148987 3.8064229488372803 0.013990572653710842
v -0.5151337385177612 3.814817190170288 0.014051934704184532
v -0.4997294247150421 3.8064846992492676 0.027735697105526924
v -0.5151330828666687 3.8148789405822754 0.02779705822467804
v -0.49098578095436096 3.82789945602417 0.027244798839092255
v -0.5060361623764038 3.8342044353485107 0.0274288859218359
v -0.5026698708534241 3.8415441513061523 0.02706071361899376
v -0.4879235327243805 3.8356094360351562 0.02693798951804638
v -0.48540306091308594 3.879159927368164 0.024667587131261826
v -0.4725534915924072 3.873974561691284 0.024544863030314445
v -0.48253554105758667 3.8853979110717773 0.02423805370926857
v -0.4699929356575012 3.8802762031555176 0.024176690727472305
v -0.4683224558830261 3.9165306091308594 0.023563070222735405
v -0.4573080241680145 3.912156581878662 0.02350170724093914
v 0.037827592343091965 1.905143141746521 -0.06872562319040298
v 0.03678443655371666 3.769141674041748 -0.06191442161798477
v 0.06875412911176682 3.769141674041748 -0.037860460579395294
v 0.07378582656383514 1.905143141746521 -0.042401254177093506
v 0.08078109472990036 3.769141674041748 0.0
v 0.0875309407711029 1.905143141746521 -9.094947017729282e-13
v 0.06875412911176682 3.769141674041748 0.0378604456782341
v 0.07378582656383514 1.905143141746521 0.042339883744716644
v 0.03678443655371666 3.769141674041748 0.06191442161798477
v 0.037827592343091965 1.905143141746521 0.06866426020860672
v -0.0037759505212306976 3.769141674041748 0.06277348846197128
v -0.006905419752001762 1.90520441532135 0.06878697872161865
v -0.037341050803661346 3.769141674041748 0.03921041637659073
v -0.043231815099716187 1.90520441532135 0.04264669865369797
v -0.050349824130535126 3.769141674041748 0.0
v -0.0572223886847496 1.90520441532135 0.0
v -0.037341050803661346 3.769141674041748 -0.039210423827171326
v -0.043231815099716187 1.90520441532135 -0.04270806163549423
v -0.003714587539434433 3.769141674041748 -0.06277348846197128
v -0.006905419752001762 1.90520441532135 -0.06884834170341492
v 0.03678443655371666 3.769141674041748 -0.06191442161798477
v 0.037827592343091965 1.905143141746521 -0.06872562319040298
v -0.6643067598342896 1.1617697477340698 0.017549578100442886
v -0.6643067598342896 1.1617697477340698 -0.017610939219594002
v -0.6301893591880798 1.1547744274139404 -0.02521984651684761
v -0.6301893591880798 1.1547744274139404 0.02521984651684761
v -0.5876040458679199 1.1659424304962158 -0.034117359668016434
v -0.5876040458679199 1.1659424304962158 0.034117359668016434
v -0.5042141079902649 1.2195631265640259 -0.050983976572752
v -0.5042122602462769 1.219561219215393 0.05094838887453079
v -0.33654075860977173 1.3228148221969604 -0.07596635073423386
v -0.33654075860977173 1.3228148221969604 0.07590498775243759
v -0.16874593496322632 1.382796287536621 0.08142758160829544
v -0.16874593496322632 1.382796287536621 -0.08142758160829544
v -0.07719359546899796 1.3921232223510742 -0.057250894606113434
v -0.07719359546899796 1.3921232223510742 0.057250894606113434
v 0.019760699942708015 0.4688068628311157 -0.18065020442008972
v 0.018165284767746925 0.4625478982925415 -0.12438110262155533
v -0.12124954909086227 0.5990173816680908 -0.12008574604988098
v -0.12124954909086227 0.5994468927383423 -0.1717526912689209
v -0.12124954909086227 0.7749426960945129 -0.11824487894773483
v -0.12124954909086227 0.7749426960945129 -0.17347082495689392
v -0.12124954909086227 1.0102665424346924 -0.1156676709651947
v -0.12124954909086227 1.0102665424346924 -0.17598667740821838
v -0.12124954909086227 1.2295136451721191 -0.17905478179454803
v -0.12124954909086227 1.234115719795227 -0.1121700257062912
v -0.12124954909086227 1.3360997438430786 -0.1058497279882431
v -0.12124954909086227 1.3546310663223267 -0.17475943267345428
v -0.1238267570734024 1.4333586692810059 -0.09296367317438126
v -0.1238267570734024 1.4779690504074097 -0.1688072830438614
v -0.1238267570734024 1.4683351516723633 -0.08375934511423111
v -0.1276925653219223 1.5375516414642334 -0.15450991690158844
v -0.1297788918018341 1.563323736190796 -0.14070343971252441
v -0.1238267570734024 1.4960708618164062 -0.06927787512540817
v -0.13131293654441833 1.5848004817962646 -0.1207607164978981
v -0.13235609233379364 1.6045591831207275 -0.09075463563203812
v -0.1276925653219223 1.5249110460281372 -0.04362848773598671
v -0.13290835916996002 1.6167701482772827 -0.060196276754140854
v -0.1276925653219223 1.5344221591949463 -0.019758617505431175
v -0.13290835916996002 1.6237040758132935 -0.027612974867224693
v -0.1276925653219223 1.5359561443328857 0.0
v -0.13290835916996002 1.6244404315948486 0.0
v -0.1276925653219223 1.5344221591949463 0.019758613780140877
v -0.13290835916996002 1.6237040758132935 0.027612971141934395
v -0.13290835916996002 1.6167701482772827 0.060196276754140854
v -0.1276925653219223 1.5249110460281372 0.04356713965535164
v -0.13235609233379364 1.6045591831207275 0.09069327265024185
v -0.1238267570734024 1.4960708618164062 0.06927787512540817
v -0.13131293654441833 1.5848004817962646 0.12069938331842422
v -0.1297788918018341 1.563323736190796 0.14064207673072815
v -0.1238267570734024 1.4683351516723633 0.08375934511423111
v -0.1276925653219223 1.5375516414642334 0.15444856882095337
v -0.1238267570734024 1.4779690504074097 0.16880731284618378
v -0.1238267570734024 1.4333586692810059 0.09290231019258499
v -0.12124954909086227 1.3546310663223267 0.17475943267345428
v -0.12124954909086227 1.3360997438430786 0.10578835755586624
v -0.12124954909086227 1.2295136451721191 0.17899341881275177
v -0.12124954909086227 1.234115719795227 0.1121700257062912
v -0.12124954909086227 1.0102665424346924 0.1156676709651947
v -0.12124954909086227 1.0102665424346924 0.17592531442642212
v -0.12124954909086227 0.7749426960945129 0.17347082495689392
v -0.12124954909086227 0.7749426960945129 0.11818351596593857
v -0.12124954909086227 0.5990173816680908 0.12002438306808472
v -0.12124954909086227 0.5994468927383423 0.17169131338596344
v 0.018165284767746925 0.4625478982925415 0.12431973963975906
v 0.019760699942708015 0.4688068628311157 0.18058882653713226
v 0.11524022370576859 0.5194920897483826 0.1207607239484787
v 0.018165284767746925 0.4625478982925415 0.12431973963975906
v -0.12124954909086227 0.5990173816680908 0.12002438306808472
v 0.11524022370576859 0.7749426960945129 0.11787670850753784
v -0.12124954909086227 0.7749426960945129 0.11818351596593857
v -0.12124954909086227 1.0102665424346924 0.1156676709651947
v 0.11524022370576859 1.0102665424346924 0.11517677456140518
v 0.11524022370576859 1.234115719795227 0.11229275166988373
v -0.12124954909086227 1.234115719795227 0.1121700257062912
v 0.11524022370576859 1.3364064693450928 0.10627925395965576
v -0.12124954909086227 1.3360997438430786 0.10578835755586624
v 0.11671291291713715 1.4339722394943237 0.09363865852355957
v -0.1238267570734024 1.4333586692810059 0.09290231019258499
v -0.1238267570734024 1.4683351516723633 0.08375934511423111
v 0.11671291291713715 1.4683351516723633 0.08504796028137207
v 0.11671291291713715 1.4958254098892212 0.0708119347691536
v -0.1238267570734024 1.4960708618164062 0.06927787512540817
v 0.11843105405569077 1.5257700681686401 0.04491710662841797
v -0.1276925653219223 1.5249110460281372 0.04356713965535164
v 0.11843105405569077 1.5340540409088135 0.020863132551312447
v -0.1276925653219223 1.5344221591949463 0.019758613780140877
v -0.1276925653219223 1.5359561443328857 0.0
v 0.11843105405569077 1.5358948707580566 0.0
v -0.1276925653219223 1.5344221591949463 -0.019758617505431175
v 0.11843105405569077 1.5340540409088135 -0.020863138139247894
v 0.11843105405569077 1.5257700681686401 -0.04491709917783737
v -0.1276925653219223 1.5249110460281372 -0.04362848773598671
v -0.1238267570734024 1.4960708618164062 -0.06927787512540817
v 0.11671291291713715 1.4958254098892212 -0.0708119347691536
v -0.1238267570734024 1.4683351516723633 -0.08375934511423111
v 0.11671291291713715 1.4683351516723633 -0.08504796028137207
v 0.11671291291713715 1.4339722394943237 -0.09363865852355957
v -0.1238267570734024 1.4333586692810059 -0.09296367317438126
v 0.11524022370576859 1.3364064693450928 -0.10634062439203262
v -0.12124954909086227 1.3360997438430786 -0.1058497279882431
v 0.11524022370576859 1.234115719795227 -0.11229275166988373
v -0.12124954909086227 1.234115719795227 -0.1121700257062912
v -0.12124954909086227 1.0102665424346924 -0.1156676709651947
v 0.11524022370576859 1.0102665424346924 -0.11517677456140518
v 0.11524022370576859 0.7749426960945129 -0.11787670850753784
v -0.12124954909086227 0.7749426960945129 -0.11824487894773483
v -0.12124954909086227 0.5990173816680908 -0.12008574604988098
v 0.11524022370576859 0.5194920897483826 -0.1207607239484787
v 0.018165284767746925 0.4625478982925415 -0.12438110262155533
v -0.10026427358388901 2.0089356899261475 0.08286163210868835
v -0.09504849463701248 2.025074005126953 0.08286163210868835
v -0.09504849463701248 2.025074005126953 -0.08844003826379776
v -0.10026427358388901 2.0089356899261475 -0.08844003826379776
v -0.09504849463701248 1.99285888671875 0.08286163210868835
v -0.09504849463701248 1.99285888671875 -0.08844003826379776
v -0.08136472851037979 1.9828568696975708 0.08286162465810776
v -0.08136472851037979 1.9828568696975708 -0.08844005316495895
v -0.06442877650260925 1.9828568696975708 -0.08844005316495895
v -0.06442877650260925 1.9828568696975708 0.08286162465810776
v -0.05074501410126686 1.99285888671875 -0.08844003826379776
v -0.05074501410126686 1.99285888671875 0.08286163210868835
v -0.04552923142910004 2.0089356899261475 -0.08844003826379776
v -0.04552923142910004 2.0089356899261475 0.08286163210868835
v -0.05074501410126686 2.025074005126953 -0.08844003826379776
v -0.05074501410126686 2.025074005126953 0.08286163210868835
v -0.06442877650260925 2.0350146293640137 0.08286163210868835
v -0.06442877650260925 2.0350146293640137 -0.08844003826379776
v -0.08136472851037979 2.0350146293640137 -0.08844003826379776
v -0.08136472851037979 2.0350146293640137 0.08286163210868835
v -0.09504849463701248 2.025074005126953 0.08286163210868835
v -0.09504849463701248 2.025074005126953 -0.08844003826379776
v -0.12124954909086227 0.5994468927383423 -0.1717526912689209
v 0.11524022370576859 0.520228385925293 -0.17831844091415405
v 0.019760699942708015 0.4688068628311157 -0.18065020442008972
v 0.11524022370576859 0.7749426960945129 -0.17831844091415405
v -0.12124954909086227 0.7749426960945129 -0.17347082495689392
v 0.11524022370576859 1.0102665424346924 -0.17831844091415405
v -0.12124954909086227 1.0102665424346924 -0.17598667740821838
v 0.11524022370576859 1.2293908596038818 -0.18089565634727478
v -0.12124954909086227 1.2295136451721191 -0.17905478179454803
v 0.11524022370576859 1.3546310663223267 -0.1766616553068161
v -0.12124954909086227 1.3546310663223267 -0.17475943267345428
v -0.1238267570734024 1.4779690504074097 -0.1688072830438614
v 0.11671291291713715 1.4785211086273193 -0.17009589076042175
v 0.11843105405569077 1.5396379232406616 -0.15395766496658325
v -0.1276925653219223 1.5375516414642334 -0.15450991690158844
v 0.12051736563444138 1.564919114112854 -0.13978299498558044
v -0.1297788918018341 1.563323736190796 -0.14070343971252441
v 0.1220514178276062 1.5859663486480713 -0.1197175607085228
v -0.13131293654441833 1.5848004817962646 -0.1207607164978981
v -0.13235609233379364 1.6045591831207275 -0.09075463563203812
v 0.1230945736169815 1.604743242263794 -0.09001828730106354
v -0.13290835916996002 1.6167701482772827 -0.060196276754140854
v 0.12364683300256729 1.6160337924957275 -0.059828102588653564
v -0.13290835916996002 1.6237040758132935 -0.027612974867224693
v 0.12364683300256729 1.6231518983840942 -0.02767433598637581
v -0.13290835916996002 1.6244404315948486 0.0
v 0.12364683300256729 1.6244404315948486 0.0
v 0.12364683300256729 1.6231518983840942 0.027612971141934395
v -0.13290835916996002 1.6237040758132935 0.027612971141934395
v -0.13290835916996002 1.6167701482772827 0.060196276754140854
v 0.12364683300256729 1.6160337924957275 0.059828102588653564
v -0.13235609233379364 1.6045591831207275 0.09069327265024185
v 0.1230945736169815 1.604743242263794 0.09001828730106354
v 0.1220514178276062 1.5859663486480713 0.11971757560968399
v -0.13131293654441833 1.5848004817962646 0.12069938331842422
v -0.1297788918018341 1.563323736190796 0.14064207673072815
v 0.12051736563444138 1.564919114112854 0.13978299498558044
v 0.11843105405569077 1.5396379232406616 0.153896301984787
v -0.1276925653219223 1.5375516414642334 0.15444856882095337
v -0.1238267570734024 1.4779690504074097 0.16880731284618378
v 0.11671291291713715 1.4785211086273193 0.17003455758094788
v -0.12124954909086227 1.3546310663223267 0.17475943267345428
v 0.11524022370576859 1.3546310663223267 0.17660030722618103
v 0.11524022370576859 1.2293908596038818 0.18089565634727478
v -0.12124954909086227 1.2295136451721191 0.17899341881275177
v -0.12124954909086227 1.0102665424346924 0.17592531442642212
v 0.11524022370576859 1.0102665424346924 0.1782570630311966
v 0.11524022370576859 0.7749426960945129 0.1782570630311966
v -0.12124954909086227 0.7749426960945129 0.17347082495689392
v -0.12124954909086227 0.5994468927383423 0.17169131338596344
v 0.11524022370576859 0.520228385925293 0.1782570630311966
v 0.019760699942708015 0.4688068628311157 0.18058882653713226
v 0.5948447585105896 0.8821424245834351 -0.01664762571454048
v 0.6243600249290466 0.9243595600128174 -0.01664762571454048
v 0.6795245409011841 0.6745542287826538 -0.01664762571454048
v 0.5656977295875549 0.8811299800872803 -0.01664762571454048
v 0.525425136089325 0.6734490990638733 -0.01664762571454048
v 0.5872972011566162 0.5029242634773254 -0.01664762571454048
v 0.4727715253829956 0.9012364745140076 -0.01664762571454048
v 0.4727715253829956 0.4457242786884308 -0.01664762571454048
v 0.5483936071395874 0.8987715244293213 -0.01664762571454048
v 0.5909175872802734 0.4856201410293579 -0.01664762571454048
v 0.5383302569389343 0.9437500238418579 -0.01664762571454048
v 0.6445481181144714 0.46193432807922363 -0.01664762571454048
v 0.5475345253944397 1.0743900537490845 -0.01664762571454048
v 0.5473504662513733 0.27668195962905884 -0.01664762571454048
v 0.5024946928024292 0.23771700263023376 -0.01664762571454048
v 0.3271051049232483 1.083929419517517 -0.01664762757718563
v 0.3271051049232483 0.26303133368492126 -0.01664762571454048
v 0.4256693124771118 0.23268531262874603 -0.01664762571454048
v 0.3938223421573639 0.21851064264774323 -0.01664762571454048
v 0.36798885464668274 0.19899748265743256 -0.01664762571454048
v 0.35915273427963257 0.18224561214447021 -0.01664762571454048
v 0.11658012866973877 0.16170953214168549 -0.01664762571454048
v 0.37443187832832336 1.2394542694091797 -0.01664762757718563
v 0.35902997851371765 1.1901804208755493 -0.01664762757718563
v 0.32945340871810913 1.1953961849212646 -0.01664762757718563
v 0.30306771397590637 1.2080981731414795 -0.01664762757718563
v 0.11658012866973877 1.185251235961914 -0.01664762757718563
v 0.21562662720680237 1.320145606994629 -0.01664762757718563
v 0.03381055220961571 1.3071366548538208 -0.01664762757718563
v 0.03147878870368004 1.3471448421478271 -0.01664762757718563
v 0.016567783430218697 1.2878077030181885 -0.01664762757718563
v -0.006443026475608349 1.2776215076446533 -0.01664762757718563
v -0.117023766040802 1.185251235961914 -0.01664762757718563
v -0.21004267036914825 1.3168318271636963 -0.01664762757718563
v -0.32748618721961975 1.083929419517517 -0.01664762757718563
v -0.3862134516239166 1.1848418712615967 -0.01664762757718563
v -0.4162808656692505 1.2057050466537476 -0.01664762757718563
v -0.37964770197868347 1.170421838760376 -0.01664762571454048
v -0.3840044140815735 1.1539767980575562 -0.01664762571454048
v -0.4024130403995514 1.1373475790023804 -0.01664762571454048
v -0.4952539801597595 1.106789231300354 -0.01664762571454048
v -0.5476572513580322 1.073715090751648 -0.01664762571454048
v -0.4731525480747223 0.9012364745140076 -0.01664762571454048
v -0.6484752893447876 0.865267813205719 -0.01664762571454048
v -0.6014105081558228 0.8638564348220825 -0.01664762571454048
v -0.5895676016807556 0.8521363139152527 -0.01664762571454048
v -0.5845972895622253 0.8321936130523682 -0.01664762571454048
v -0.588401734828949 0.8104100823402405 -0.01664762571454048
v -0.5251269340515137 0.6734490990638733 -0.01664762571454048
v -0.6054604053497314 0.773838222026825 -0.01664762571454048
v -0.6668225526809692 0.7132123708724976 -0.01664762571454048
v -0.6795245409011841 0.674001932144165 -0.01664762571454048
v -0.6200646162033081 0.47524991631507874 -0.01664762571454048
v -0.6456525921821594 0.465125173330307 -0.01664762571454048
v -0.5974833369255066 0.47402265667915344 -0.01664762571454048
v -0.4731525480747223 0.4457242786884308 -0.01664762571454048
v -0.5806087851524353 0.4607070982456207 -0.01664762571454048
v -0.5719566941261292 0.43978261947631836 -0.01664762571454048
v -0.5793201327323914 0.3631412386894226 -0.01664762571454048
v -0.5693795084953308 0.31644463539123535 -0.01664762571454048
v -0.5485777258872986 0.27539336681365967 -0.01664762571454048
v -0.32748618721961975 0.26303133368492126 -0.01664762571454048
v -0.39087697863578796 0.1568416804075241 -0.01664762571454048
v -0.4009403586387634 0.12683558464050293 -0.01664762571454048
v -0.3519119620323181 0.17537306249141693 -0.01664762571454048
v -0.3259557783603668 0.16782550513744354 -0.01664762571454048
v -0.117023766040802 0.16170953214168549 -0.01664762571454048
v -0.24962127208709717 0.058600861579179764 -0.01664762571454048
v -0.21034947037696838 0.029085664078593254 -0.01664762571454048
v -0.02534257061779499 -9.440533424442954e-12 -0.01664762571454048
v -0.019022269174456596 0.04233988747000694 -0.01664762571454048
v -0.0016567783895879984 0.05375325307250023 -0.01664762571454048
v 0.13806486129760742 0.02386987954378128 -0.01664762571454048
v 0.20777226984500885 0.030067456886172295 -0.01664762571454048
v 0.3589072823524475 0.1627938151359558 -0.01664762571454048
v 0.3979949653148651 0.12241750210523605 -0.01664762571454048
v 0.5948447585105896 0.8821424245834351 0.016525616869330406
v 0.6795245409011841 0.6745542287826538 0.016525616869330406
v 0.6243600249290466 0.9243595600128174 0.016525616869330406
v 0.5656977295875549 0.8811299800872803 0.016525616869330406
v 0.525425136089325 0.6734490990638733 0.016525616869330406
v 0.5872972011566162 0.5029242634773254 0.016525616869330406
v 0.4727715253829956 0.9012364745140076 0.016525616869330406
v 0.4727715253829956 0.4457242786884308 0.016525616869330406
v 0.5483936071395874 0.8987715244293213 0.016525616869330406
v 0.5909175872802734 0.4856201410293579 0.016525616869330406
v 0.5383302569389343 0.9437500238418579 0.016525616869330406
v 0.6445481181144714 0.46193432807922363 0.016525616869330406
v 0.5475345253944397 1.0743900537490845 0.016525616869330406
v 0.5473504662513733 0.27668195962905884 0.016525616869330406
v 0.5024946928024292 0.23771700263023376 0.016525616869330406
v 0.3271051049232483 1.083929419517517 0.016525616869330406
v 0.3271051049232483 0.26303133368492126 0.016525616869330406
v 0.4256693124771118 0.23268531262874603 0.016525616869330406
v 0.3938223421573639 0.21851064264774323 0.016525616869330406
v 0.36798885464668274 0.19899748265743256 0.016525616869330406
v 0.35915273427963257 0.18224561214447021 0.016525616869330406
v 0.11658012866973877 0.16170953214168549 0.016525616869330406
v 0.37443187832832336 1.2394542694091797 0.016525616869330406
v 0.35902997851371765 1.1901804208755493 0.016525616869330406
v 0.32945340871810913 1.1953961849212646 0.016525616869330406
v 0.30306771397590637 1.2080981731414795 0.016525616869330406
v 0.11658012866973877 1.185251235961914 0.016525616869330406
v 0.21562662720680237 1.320145606994629 0.016525616869330406
v 0.03147878870368004 1.3471448421478271 0.016525616869330406
v 0.03381055220961571 1.3071366548538208 0.016525616869330406
v 0.016567783430218697 1.2878077030181885 0.016525616869330406
v -0.006443026475608349 1.2776215076446533 0.016525616869330406
v -0.117023766040802 1.185251235961914 0.016525616869330406
v -0.21004267036914825 1.3168318271636963 0.016525616869330406
v -0.32748618721961975 1.083929419517517 0.016525616869330406
v -0.4162808656692505 1.2057050466537476 0.016525616869330406
v -0.3862134516239166 1.1848418712615967 0.016525616869330406
v -0.37964770197868347 1.170421838760376 0.016525616869330406
v -0.3840044140815735 1.1539767980575562 0.016525616869330406
v -0.4024130403995514 1.1373475790023804 0.016525616869330406
v -0.4952539801597595 1.106789231300354 0.016525616869330406
v -0.5476572513580322 1.073715090751648 0.016525616869330406
v -0.4731525480747223 0.9012364745140076 0.016525616869330406
v -0.6484752893447876 0.865267813205719 0.016525616869330406
v -0.6014105081558228 0.8638564348220825 0.016525616869330406
v -0.5895676016807556 0.8521363139152527 0.016525616869330406
v -0.5845972895622253 0.8321936130523682 0.016525616869330406
v -0.588401734828949 0.8104100823402405 0.016525616869330406
v -0.5251269340515137 0.6734490990638733 0.016525616869330406
v -0.6054604053497314 0.773838222026825 0.016525616869330406
v -0.6668225526809692 0.7132123708724976 0.016525616869330406
v -0.6795245409011841 0.674001932144165 0.016525616869330406
v -0.6456525921821594 0.465125173330307 0.016525616869330406
v -0.6200646162033081 0.47524991631507874 0.016525616869330406
v -0.5974833369255066 0.47402265667915344 0.016525616869330406
v -0.4731525480747223 0.4457242786884308 0.016525616869330406
v -0.5806087851524353 0.4607070982456207 0.016525616869330406
v -0.5719566941261292 0.43978261947631836 0.016525616869330406
v -0.5793201327323914 0.3631412386894226 0.016525616869330406
v -0.5693795084953308 0.31644463539123535 0.016525616869330406
v -0.5485777258872986 0.27539336681365967 0.016525616869330406
v -0.32748618721961975 0.26303133368492126 0.016525616869330406
v -0.39087697863578796 0.1568416804075241 0.016525616869330406
v -0.4009403586387634 0.12683558464050293 0.016525616869330406
v -0.3519119620323181 0.17537306249141693 0.016525616869330406
v -0.3259557783603668 0.16782550513744354 0.016525616869330406
v -0.117023766040802 0.16170953214168549 0.016525616869330406
v -0.24962127208709717 0.058600861579179764 0.016525616869330406
v -0.21034947037696838 0.029085664078593254 0.016525616869330406
v -0.02534257061779499 1.3275750941274533e-12 0.016525616869330406
v -0.019022269174456596 0.04233988747000694 0.016525616869330406
v -0.0016567783895879984 0.05375325307250023 0.016525616869330406
v 0.13806486129760742 0.02386987954378128 0.016525616869330406
v 0.20777226984500885 0.030067456886172295 0.016525616869330406
v 0.3589072823524475 0.1627938151359558 0.016525616869330406
v 0.3979949653148651 0.12241750210523605 0.016525616869330406
v -0.09425228834152222 3.7161858081817627 0.016506420448422432
v -0.09664539992809296 3.7156336307525635 0.016506420448422432
v -0.09676812589168549 3.7155110836029053 -0.01662914641201496
v -0.09443636238574982 3.7161858081817627 -0.01662914641201496
v -0.09676812589168549 3.7155110836029053 -0.01662914641201496
v -0.10333387553691864 3.736558198928833 -0.017304129898548126
v -0.10063394904136658 3.737478733062744 0.01687459461390972
v -0.09664539992809296 3.7156336307525635 0.016506420448422432
v -0.10106347501277924 3.737478733062744 -0.017304129898548126
v -0.12131297588348389 3.767853021621704 -0.018408646807074547
v -0.12315385043621063 3.7663187980651855 -0.018408646807074547
v -0.12125162780284882 3.7679755687713623 0.0169973187148571
v -0.10290433466434479 3.736558198928833 0.016935955733060837
v -0.09676812589168549 3.7155110836029053 -0.01662914641201496
v -0.10333387553691864 3.736558198928833 -0.017304129898548126
v -0.12309248745441437 3.7663187980651855 0.0169973187148571
v -0.12315385043621063 3.7663187980651855 -0.018408646807074547
v -0.14401698112487793 3.7865684032440186 -0.01859273388981819
v -0.14242157340049744 3.788532018661499 0.017672302201390266
v -0.14401698112487793 3.7865684032440186 0.017672302201390266
v -0.17169131338596344 3.808413028717041 -0.018654096871614456
v -0.14242157340049744 3.788470506668091 -0.01859273388981819
v -0.14401698112487793 3.7865684032440186 -0.01859273388981819
v -0.17169131338596344 3.808413028717041 -0.018654096871614456
v -0.17027999460697174 3.8095791339874268 0.018408646807074547
v -0.17027999460697174 3.8104381561279297 -0.018654096871614456
v -0.2987723648548126 3.886772871017456 -0.01871545799076557
v -0.17169131338596344 3.807492971420288 0.018408646807074547
v -0.2987723648548126 3.886772871017456 -0.01871545799076557
v -0.29754510521888733 3.888920545578003 0.01957452856004238
v -0.29754510521888733 3.888920545578003 -0.018654096871614456
v -0.3512369692325592 3.913649320602417 -0.01871545799076557
v -0.2988336980342865 3.886772871017456 0.01957452856004238
v -0.3512369692325592 3.913649320602417 -0.01871545799076557
v -0.3503779172897339 3.915858507156372 -0.01871545799076557
v -0.395785927772522 3.9249401092529297 -0.01871545799076557
v -0.350868821144104 3.9160425662994385 0.019635891541838646
v -0.3517279028892517 3.913710832595825 0.019635891541838646
v -0.395785927772522 3.9249401092529297 -0.01871545799076557
v -0.39547911286354065 3.9274559020996094 -0.01871545799076557
v -0.41456273198127747 3.9257378578186035 -0.018654096871614456
v -0.3955404758453369 3.927332878112793 0.019635891541838646
v -0.395785927772522 3.9248785972595215 0.019635891541838646
v -0.41456273198127747 3.9257378578186035 0.01957452856004238
v -0.41456273198127747 3.9257378578186035 -0.018654096871614456
v -0.4146854877471924 3.928130865097046 0.01957452856004238
v -0.4146854877471924 3.928130865097046 -0.018654096871614456
v -0.4297191798686981 3.9261672496795654 0.01932908035814762
v -0.4290441870689392 3.923835515975952 0.019267717376351357
v -0.43002602458000183 3.923835515975952 -0.018654096871614456
v -0.43070098757743835 3.9262287616729736 -0.018654096871614456
v -0.43002602458000183 3.923835515975952 -0.018654096871614456
v -0.4465324282646179 3.9160425662994385 0.017733663320541382
v -0.44647106528282166 3.914999485015869 -0.018654096871614456
v -0.46064573526382446 3.898186206817627 -0.018285922706127167
v -0.44806647300720215 3.918006181716919 0.017733663320541382
v -0.4480051100254059 3.9169631004333496 -0.018654096871614456
v -0.44647106528282166 3.914999485015869 -0.018654096871614456
v -0.46064573526382446 3.898186206817627 -0.018285922706127167
v -0.46383658051490784 3.8908841609954834 -0.018163198605179787
v -0.46610695123672485 3.8918657302856445 -0.018163198605179787
v -0.46279338002204895 3.8994133472442627 -0.01834728568792343
v -0.46610695123672485 3.8918657302856445 0.01797911338508129
v -0.4628547728061676 3.899474859237671 0.01810183748602867
v -0.46383658051490784 3.8908841609954834 0.01797911338508129
v -0.4607070982456207 3.898186206817627 0.01810183748602867
v -0.46383658051490784 3.8908841609954834 -0.018163198605179787
v -0.012113479897379875 2.053239345550537 -0.08823876827955246
v -0.09869549423456192 2.0309646129608154 -0.05583956465125084
v -0.07820053398609161 2.051521062850952 -0.053753238171339035
v -0.10550668835639954 2.010040283203125 -0.055410031229257584
v -0.012113479897379875 1.9592938423156738 -0.08823879808187485
v -0.10397263616323471 1.9883794784545898 -0.055041857063770294
v -0.09298879653215408 1.9592323303222656 -0.05455094575881958
v 0.04611920192837715 2.053239345550537 -0.08958873152732849
v 0.04611920192837715 1.9592938423156738 -0.08958876132965088
v 0.09324534982442856 2.053239345550537 -0.05541001632809639
v 0.09324534982442856 1.9592938423156738 -0.05541001632809639
v 0.111224465072155 2.053239345550537 0.0
v 0.111224465072155 1.9592938423156738 0.0
v 0.09324534982442856 2.053239345550537 0.055348679423332214
v 0.09324534982442856 1.9592938423156738 0.055348679423332214
v 0.04611920192837715 2.053239345550537 0.08958876878023148
v 0.04611920192837715 1.9592938423156738 0.08958873897790909
v -0.012113479897379875 2.053239345550537 0.08823880553245544
v -0.012113479897379875 1.9592938423156738 0.08823877573013306
v -0.09869549423456192 2.0309646129608154 0.055778201669454575
v -0.07820053398609161 2.051521062850952 0.05369190126657486
v -0.10550668835639954 2.010040283203125 0.05534866824746132
v -0.10397263616323471 1.9883794784545898 0.055041857063770294
v -0.09298879653215408 1.9592323303222656 0.054489608854055405
v 0.11524022370576859 0.5194920897483826 -0.1207607239484787
v 0.018165284767746925 0.4625478982925415 -0.12438110262155533
v 0.019760699942708015 0.4688068628311157 -0.18065020442008972
v 0.11524022370576859 0.520228385925293 -0.17831844091415405
v 0.11524022370576859 0.7749426960945129 -0.17831844091415405
v 0.11524022370576859 0.7749426960945129 -0.11787670850753784
v 0.11524022370576859 1.0102665424346924 -0.17831844091415405
v 0.11524022370576859 1.0102665424346924 -0.11517677456140518
v 0.11524022370576859 1.2293908596038818 -0.18089565634727478
v 0.11524022370576859 1.234115719795227 -0.11229275166988373
v 0.11524022370576859 1.3364064693450928 -0.10634062439203262
v 0.11524022370576859 1.3546310663223267 -0.1766616553068161
v 0.11671291291713715 1.4339722394943237 -0.09363865852355957
v 0.11671291291713715 1.4785211086273193 -0.17009589076042175
v 0.11671291291713715 1.4683351516723633 -0.08504796028137207
v 0.11843105405569077 1.5396379232406616 -0.15395766496658325
v 0.12051736563444138 1.564919114112854 -0.13978299498558044
v 0.11671291291713715 1.4958254098892212 -0.0708119347691536
v 0.1220514178276062 1.5859663486480713 -0.1197175607085228
v 0.1230945736169815 1.604743242263794 -0.09001828730106354
v 0.11843105405569077 1.5257700681686401 -0.04491709917783737
v 0.12364683300256729 1.6160337924957275 -0.059828102588653564
v 0.11843105405569077 1.5340540409088135 -0.020863138139247894
v 0.12364683300256729 1.6231518983840942 -0.02767433598637581
v 0.11843105405569077 1.5358948707580566 0.0
v 0.12364683300256729 1.6244404315948486 0.0
v 0.12364683300256729 1.6231518983840942 0.027612971141934395
v 0.11843105405569077 1.5340540409088135 0.020863132551312447
v 0.12364683300256729 1.6160337924957275 0.059828102588653564
v 0.11843105405569077 1.5257700681686401 0.04491710662841797
v 0.1230945736169815 1.604743242263794 0.09001828730106354
v 0.11671291291713715 1.4958254098892212 0.0708119347691536
v 0.1220514178276062 1.5859663486480713 0.11971757560968399
v 0.12051736563444138 1.564919114112854 0.13978299498558044
v 0.11671291291713715 1.4683351516723633 0.08504796028137207
v 0.11843105405569077 1.5396379232406616 0.153896301984787
v 0.11671291291713715 1.4785211086273193 0.17003455758094788
v 0.11671291291713715 1.4339722394943237 0.09363865852355957
v 0.11524022370576859 1.3546310663223267 0.17660030722618103
v 0.11524022370576859 1.3364064693450928 0.10627925395965576
v 0.11524022370576859 1.2293908596038818 0.18089565634727478
v 0.11524022370576859 1.234115719795227 0.11229275166988373
v 0.11524022370576859 1.0102665424346924 0.11517677456140518
v 0.11524022370576859 1.0102665424346924 0.1782570630311966
v 0.11524022370576859 0.7749426960945129 0.1782570630311966
v 0.11524022370576859 0.7749426960945129 0.11787670850753784
v 0.11524022370576859 0.5194920897483826 0.1207607239484787
v 0.11524022370576859 0.520228385925293 0.1782570630311966
v 0.019760699942708015 0.4688068628311157 0.18058882653713226
v 0.018165284767746925 0.4625478982925415 0.12431973963975906
v -0.14769871532917023 3.8487894535064697 0.09676812589168549
v -0.21587207913398743 3.848973512649536 0.09793400764465332
v -0.21004267036914825 3.8587303161621094 0.08560021966695786
v -0.14812825620174408 3.8632709980010986 0.08253210037946701
v -0.2001633644104004 3.8461508750915527 0.03951723128557205
v -0.025251755490899086 3.8642661571502686 0.08369553089141846
v -0.14603641629219055 3.847552537918091 0.0
v -0.195254385471344 3.8443102836608887 0.0
v -0.025705834850668907 3.8762331008911133 0.07062661647796631
v 0.12019128352403641 3.8801157474517822 0.06107989326119423
v -0.2001633644104004 3.8461508750915527 -0.03951723128557205
v 0.11992497742176056 3.8854563236236572 0.053642187267541885
v 0.2736138701438904 3.8882455825805664 0.03485370799899101
v -0.02580401487648487 3.8554742336273193 0.0
v 0.11718270182609558 3.868335485458374 0.0
v -0.14812825620174408 3.8632709980010986 -0.08253210037946701
v -0.21004267036914825 3.8587303161621094 -0.08560021966695786
v -0.025704605504870415 3.8762331008911133 -0.0706646665930748
v -0.21587207913398743 3.848973512649536 -0.09793400764465332
v -0.14769871532917023 3.8487894535064697 -0.09682948887348175
v -0.025249915197491646 3.8642661571502686 -0.08378388732671738
v 0.12019374221563339 3.8801162242889404 -0.06113880127668381
v 0.1199268102645874 3.8854563236236572 -0.053673483431339264
v 0.2736138701438904 3.8882455825805664 -0.03485370799899101
v 0.2737365961074829 3.882416009902954 0.0
v 0.4423598051071167 3.880084276199341 -0.017795026302337646
v 0.4423598051071167 3.880084276199341 0.017795026302337646
v 0.44229844212532043 3.880206823348999 0.0
v 0.5080173015594482 3.885422706604004 0.0
v -0.4106355607509613 4.107553958892822 0.0
v -0.37725454568862915 3.9948928356170654 -0.061178069561719894
v -0.3960927426815033 4.020910263061523 0.0
v -0.40179941058158875 4.105467319488525 -0.117078997194767
v -0.3598276972770691 3.97225022315979 -0.07725495845079422
v -0.3361419141292572 4.09528112411499 0.0
v -0.3999585509300232 4.09528112411499 -0.15217815339565277
v -0.3305579423904419 4.131853103637695 -0.12732647359371185
v -0.15963059663772583 4.114009380340576 -0.1199624091386795
v -0.1610732078552246 4.056118011474609 0.0
v -0.3134992718696594 4.099024295806885 -0.19372034072875977
v -0.3509915769100189 3.9720046520233154 -0.16046205163002014
v -0.2656981348991394 3.8703277111053467 -0.1011248379945755
v -0.3343624174594879 3.977895498275757 -0.21212898194789886
v -0.2514621317386627 3.881495475769043 -0.16346879303455353
v -0.21587207913398743 3.848973512649536 -0.09793400764465332
v -0.24882356822490692 3.9809024333953857 -0.2572915256023407
v -0.2356920689344406 3.8927862644195557 -0.19684980809688568
v -0.2110244631767273 3.863455057144165 -0.1673959642648697
v -0.15898935496807098 3.867811918258667 -0.1673959642648697
v -0.14769871532917023 3.8487894535064697 -0.09682948887348175
v -0.18371830880641937 3.8985543251037598 -0.2129267007112503
v -0.030437471345067024 3.8818533420562744 -0.14429128170013428
v -0.025249915197491646 3.8642661571502686 -0.08378388732671738
v -0.04593264311552048 3.905733823776245 -0.19799299538135529
v -0.09649935364723206 3.9769270420074463 -0.25259119272232056
v 0.11888918280601501 3.8881711959838867 -0.10452736914157867
v 0.12019374221563339 3.8801162242889404 -0.06113880127668381
v 0.10865151882171631 3.9050493240356445 -0.15485845506191254
v 0.2684066593647003 3.886927366256714 -0.06424679607152939
v 0.2736138701438904 3.8882455825805664 -0.03485370799899101
v 0.2620980143547058 3.899198055267334 -0.10489431768655777
v 0.06957916170358658 3.9675981998443604 -0.21249286830425262
v 0.23329892754554749 3.9551970958709717 -0.15804989635944366
v 0.44229844212532043 3.88112735748291 -0.031417425721883774
v 0.4423598051071167 3.880084276199341 -0.017795026302337646
v 0.4343213438987732 3.892111301422119 -0.06436890363693237
v 0.5078332424163818 3.885484218597412 -0.02656981348991394
v 0.5080173015594482 3.885422706604004 0.0
v 0.5452641248703003 3.928989887237549 0.0
v 0.5147057771682739 3.892540693283081 -0.049396537244319916
v 0.5451414585113525 3.9293580055236816 -0.032153770327568054
v 0.46402066946029663 3.9901680946350098 0.0
v 0.5396801829338074 3.930462598800659 -0.054060064256191254
v 0.4641433656215668 3.995506525039673 -0.03074244037270546
v 0.3774999976158142 3.9992496967315674 0.0
v 0.5150739550590515 3.931321620941162 -0.07492319494485855
v 0.4640820026397705 3.9913952350616455 -0.06700748205184937
v 0.3774999976158142 4.013669490814209 -0.04319895803928375
v 0.19558268785476685 4.007311820983887 0.0
v 0.40670838952064514 3.9412624835968018 -0.10940872877836227
v 0.37412509322166443 4.011337757110596 -0.0753527283668518
v 0.19500648975372314 4.035819053649902 -0.06913244724273682
v 0.016526056453585625 4.026233673095703 0.0
v 0.19598950445652008 4.035236835479736 -0.1038910523056984
v 0.018031271174550056 4.075413227081299 -0.09765603393316269
v 0.023859448730945587 4.0597357749938965 -0.14945858716964722
v -0.1492309272289276 4.082334041595459 -0.18753871321678162
v -0.37725454568862915 3.9948928356170654 0.061178069561719894
v -0.4106355607509613 4.107553958892822 0.0
v -0.3960927426815033 4.020910263061523 0.0
v -0.40179941058158875 4.105467319488525 0.117078997194767
v -0.3361419141292572 4.09528112411499 0.0
v -0.3598276972770691 3.97225022315979 0.07725495845079422
v -0.3305579423904419 4.131853103637695 0.12732647359371185
v -0.3999585509300232 4.09528112411499 0.1521167904138565
v -0.15962937474250793 4.114009380340576 0.11997222900390625
v -0.1610732078552246 4.056118011474609 0.0
v -0.3134992718696594 4.099024295806885 0.19372034072875977
v -0.3509915769100189 3.9720046520233154 0.16046205163002014
v -0.2656981348991394 3.8703277111053467 0.10106347501277924
v -0.3343624174594879 3.977895498275757 0.21212898194789886
v -0.2514621317386627 3.881495475769043 0.16340743005275726
v -0.21587207913398743 3.848973512649536 0.09793400764465332
v -0.24882356822490692 3.9809024333953857 0.25723016262054443
v -0.2356920689344406 3.8927862644195557 0.19684980809688568
v -0.2110244631767273 3.863455057144165 0.16733461618423462
v -0.15898935496807098 3.867811918258667 0.1673959642648697
v -0.14769871532917023 3.8487894535064697 0.09676812589168549
v -0.18371830880641937 3.8985543251037598 0.21286532282829285
v -0.030437471345067024 3.8818533420562744 0.14431828260421753
v -0.025251755490899086 3.8642661571502686 0.08369553089141846
v -0.04592528194189072 3.9057350158691406 0.1979064792394638
v -0.09649015963077545 3.9769270420074463 0.2525537610054016
v -0.14923645555973053 4.082334041595459 0.18756325542926788
v 0.069583460688591 3.9675981998443604 0.2124621719121933
v 0.018031883984804153 4.075413227081299 0.09766094386577606
v 0.023856380954384804 4.0597357749938965 0.14947330951690674
v 0.016526056453585625 4.026233673095703 0.0
v 0.19598828256130219 4.035236835479736 0.10388736426830292
v 0.19500648975372314 4.035819053649902 0.06913060694932938
v 0.19558268785476685 4.007311820983887 0.0
v 0.23329585790634155 3.9551970958709717 0.15801000595092773
v 0.3774999976158142 4.013669490814209 0.04319895803928375
v 0.3774999976158142 3.9992496967315674 0.0
v 0.37412509322166443 4.011337757110596 0.0753527283668518
v 0.4641433656215668 3.995506525039673 0.03074244037270546
v 0.46402066946029663 3.9901680946350098 0.0
v 0.4640820026397705 3.9913952350616455 0.06700748205184937
v 0.5451414585113525 3.9293580055236816 0.03209240734577179
v 0.5452641248703003 3.928989887237549 0.0
v 0.5396801829338074 3.930462598800659 0.054060064256191254
v 0.5078332424163818 3.885484218597412 0.02656981348991394
v 0.5080173015594482 3.885422706604004 0.0
v 0.4423598051071167 3.880084276199341 0.017795026302337646
v 0.5150739550590515 3.931321620941162 0.07492319494485855
v 0.44229844212532043 3.88112735748291 0.03135606274008751
v 0.2736138701438904 3.8882455825805664 0.03485370799899101
v 0.5147057771682739 3.892540693283081 0.049396537244319916
v 0.26840299367904663 3.886927366256714 0.06418175250291824
v 0.12019128352403641 3.8801157474517822 0.06107989326119423
v 0.4343213438987732 3.892111301422119 0.06430754065513611
v 0.40670838952064514 3.9412624835968018 0.1093473732471466
v 0.2620949447154999 3.8991973400115967 0.1048145443201065
v 0.1086527481675148 3.905050039291382 0.15476764738559723
v 0.11888795346021652 3.888171672821045 0.10451264679431915
v -0.16717752814292908 3.8689355850219727 -0.06047670543193817
v -0.15638454258441925 3.868771553039551 -0.04560067504644394
v -0.151851087808609 3.844684362411499 -0.04565037786960602
v -0.16149292886257172 3.8371238708496094 -0.06230897828936577
v -0.18424910306930542 3.8689966201782227 -0.05928075313568115
v -0.1429419219493866 3.83505916595459 -0.045729536563158035
v -0.17623703181743622 3.825465679168701 -0.06104184687137604
v -0.19117750227451324 3.8691341876983643 -0.045333750545978546
v -0.1499040722846985 3.825838327407837 -0.06277593970298767
v -0.13506609201431274 3.8205149173736572 -0.0632091611623764
v -0.13050933182239532 3.8321592807769775 -0.04560988023877144
v -0.1619832068681717 3.8091373443603516 -0.060589611530303955
v -0.07869697362184525 3.819497585296631 -0.06351228803396225
v -0.07869697362184525 3.8321118354797363 -0.045498814433813095
v -0.1429799646139145 3.800292730331421 -0.06142045184969902
v -0.07869697362184525 3.8005177974700928 -0.05993732810020447
v 0.18759393692016602 3.8195724487304688 -0.06274157762527466
v 0.18718281388282776 3.8317346572875977 -0.04555342346429825
v 0.18831679224967957 3.80064058303833 -0.06062888354063034
v 0.23807843029499054 3.826618194580078 -0.06137627363204956
v 0.23478572070598602 3.8375775814056396 -0.04561540111899376
v 0.28149154782295227 3.8545472621917725 -0.06260351091623306
v 0.2728879451751709 3.8624942302703857 -0.04571787640452385
v 0.30019041895866394 3.9077701568603516 -0.04563503712415695
v 0.3117731511592865 3.9060604572296143 -0.061886806041002274
v 0.2433604747056961 3.80924916267395 -0.060480996966362
v 0.2969106435775757 3.840580463409424 -0.06052088364958763
v 0.3308052122592926 3.9033937454223633 -0.06073196977376938
v 0.30035489797592163 3.837230682373047 -0.04529509320855141
v 0.33802083134651184 3.9023022651672363 -0.04535461217164993
v 0.3302879333496094 3.903424024581909 -0.03081362135708332
v 0.24563272297382355 3.8021512031555176 -0.04534909129142761
v 0.18855424225330353 3.7927088737487793 -0.04531840980052948
v 0.2432052344083786 3.809624433517456 -0.03125358745455742
v 0.2967105805873871 3.840686082839966 -0.03159599006175995
v 0.3117958605289459 3.9060614109039307 -0.02942560985684395
v 0.2816854417324066 3.854332447052002 -0.028347477316856384
v 0.30019041895866394 3.9077701568603516 -0.04563503712415695
v 0.2728879451751709 3.8624942302703857 -0.04571787640452385
v 0.2380845695734024 3.8265323638916016 -0.029794396832585335
v 0.23478572070598602 3.8375775814056396 -0.04561540111899376
v 0.1882554143667221 3.8016064167022705 -0.02924397774040699
v 0.18758411705493927 3.8199315071105957 -0.029715238139033318
v 0.18718281388282776 3.8317346572875977 -0.04555342346429825
v -0.07869697362184525 3.792757511138916 -0.045398179441690445
v -0.07869697362184525 3.8018083572387695 -0.028251752257347107
v -0.07869697362184525 3.820183277130127 -0.029942279681563377
v -0.07869697362184525 3.8321118354797363 -0.045498814433813095
v -0.13050933182239532 3.8321592807769775 -0.04560988023877144
v -0.13507959246635437 3.8203678131103516 -0.027911191806197166
v -0.1429419219493866 3.83505916595459 -0.045729536563158035
v -0.14274495840072632 3.800692081451416 -0.03043624386191368
v -0.15000101923942566 3.825570821762085 -0.02824009396135807
v -0.14522582292556763 3.7949001789093018 -0.04533988609910011
v -0.1617887020111084 3.8092546463012695 -0.03148430958390236
v -0.1653808355331421 3.8056347370147705 -0.045315954834222794
v -0.1758289784193039 3.8257362842559814 -0.030556512996554375
v -0.18241313099861145 3.820629119873047 -0.04532945528626442
v -0.18369744718074799 3.86899733543396 -0.03185984492301941
v -0.16152054071426392 3.837092161178589 -0.02892489545047283
v -0.16716401278972626 3.8689355850219727 -0.03079153038561344
v -0.151851087808609 3.844684362411499 -0.04565037786960602
v -0.15638454258441925 3.868771553039551 -0.04560067504644394
v -0.151851087808609 3.844684362411499 0.04565037786960602
v -0.15638455748558044 3.868771553039551 0.04560067504644394
v -0.16717752814292908 3.8689355850219727 0.06047670543193817
v -0.1614929437637329 3.8371238708496094 0.06230897828936577
v -0.18424910306930542 3.8689966201782227 0.05928075313568115
v -0.1429419219493866 3.83505916595459 0.045729536563158035
v -0.1762370467185974 3.825465679168701 0.06104184687137604
v -0.19117751717567444 3.8691341876983643 0.045333750545978546
v -0.1499040722846985 3.825838327407837 0.06277593970298767
v -0.13506609201431274 3.8205149173736572 0.0632091611623764
v -0.13050934672355652 3.8321592807769775 0.04560988023877144
v -0.16198322176933289 3.8091373443603516 0.060589611530303955
v -0.07869698107242584 3.819497585296631 0.06351228803396225
v -0.07869698107242584 3.8321118354797363 0.045498814433813095
v -0.14297997951507568 3.800292730331421 0.06142045184969902
v -0.07869698107242584 3.8005177974700928 0.05993732810020447
v 0.18759393692016602 3.8195724487304688 0.06274157762527466
v 0.18718281388282776 3.8317346572875977 0.04555342346429825
v 0.18831679224967957 3.80064058303833 0.06062888354063034
v 0.23807841539382935 3.826618194580078 0.06137627363204956
v 0.23478570580482483 3.8375775814056396 0.04561540111899376
v 0.28149154782295227 3.8545472621917725 0.06260351091623306
v 0.2728879451751709 3.8624942302703857 0.04571787640452385
v 0.30019041895866394 3.9077701568603516 0.04563503712415695
v 0.3117731511592865 3.9060604572296143 0.061886806041002274
v 0.2433604598045349 3.80924916267395 0.060480996966362
v 0.2969106435775757 3.840580463409424 0.06052088364958763
v 0.3308052122592926 3.9033937454223633 0.06073196977376938
v 0.24563270807266235 3.8021512031555176 0.04534909129142761
v 0.30035489797592163 3.837230682373047 0.04529509320855141
v 0.33802083134651184 3.9023022651672363 0.04535461217164993
v 0.3302879333496094 3.903424024581909 0.03081362135708332
v 0.18855422735214233 3.7927088737487793 0.04531840980052948
v 0.2967105805873871 3.840686082839966 0.03159599006175995
v 0.3117958605289459 3.9060614109039307 0.02942560985684395
v 0.2432052195072174 3.809624433517456 0.03125358745455742
v 0.2816854417324066 3.854332447052002 0.028347477316856384
v 0.30019041895866394 3.9077701568603516 0.04563503712415695
v 0.2728879451751709 3.8624942302703857 0.04571787640452385
v 0.2380845546722412 3.8265323638916016 0.029794396832585335
v 0.23478570580482483 3.8375775814056396 0.04561540111899376
v 0.1882553994655609 3.8016064167022705 0.02924397774040699
v 0.18758410215377808 3.8199315071105957 0.029715238139033318
v 0.18718281388282776 3.8317346572875977 0.04555342346429825
v -0.07869698107242584 3.792757511138916 0.045398179441690445
v -0.07869698107242584 3.8018083572387695 0.028251752257347107
v -0.07869698107242584 3.820183277130127 0.029942279681563377
v -0.07869698107242584 3.8321118354797363 0.045498814433813095
v -0.13050934672355652 3.8321592807769775 0.04560988023877144
v -0.13507959246635437 3.8203678131103516 0.027911191806197166
v -0.1429419219493866 3.83505916595459 0.045729536563158035
v -0.14274495840072632 3.800692081451416 0.03043624386191368
v -0.14522582292556763 3.7949001789093018 0.04533988609910011
v -0.15000101923942566 3.825570821762085 0.02824009396135807
v -0.1617887020111084 3.8092546463012695 0.03148430958390236
v -0.1653808355331421 3.8056347370147705 0.045315954834222794
v -0.1758289933204651 3.8257362842559814 0.030556512996554375
v -0.18241313099861145 3.820629119873047 0.04532945528626442
v -0.18369746208190918 3.86899733543396 0.03185984492301941
v -0.16152054071426392 3.837092161178589 0.02892489545047283
v -0.16716402769088745 3.8689355850219727 0.03079153038561344
v -0.151851087808609 3.844684362411499 0.04565037786960602
v -0.15638455748558044 3.868771553039551 0.04560067504644394
v -0.07526068389415741 3.763895034790039 -0.06473707407712936
v -0.07526068389415741 3.77530837059021 -0.0535384863615036
v -0.07983216643333435 3.788470506668091 -0.06719156354665756
v -0.07983216643333435 3.7826411724090576 -0.08351389318704605
v -0.08240937441587448 3.8033816814422607 -0.07007558643817902
v 0.09863967448472977 3.763895034790039 -0.06473707407712936
v -0.08240937441587448 3.803504228591919 -0.08774789422750473
v 0.10314978659152985 3.7826411724090576 -0.08351389318704605
v -0.07983216643333435 3.824244737625122 -0.08351389318704605
v -0.07983216643333435 3.8182313442230225 -0.06688474863767624
v 0.10572699457406998 3.803504228591919 -0.08774789422750473
v 0.10314978659152985 3.788470506668091 -0.06719156354665756
v 0.09863967448472977 3.77530837059021 -0.0535384863615036
v -0.07526068389415741 3.77530837059021 -0.0535384863615036
v -0.07983216643333435 3.788470506668091 -0.06719156354665756
v 0.10572699457406998 3.8033816814422607 -0.07007558643817902
v -0.08240937441587448 3.8033816814422607 -0.07007558643817902
v -0.07983216643333435 3.8182313442230225 -0.06688474863767624
v 0.10314978659152985 3.824244737625122 -0.08351389318704605
v 0.10314978659152985 3.8182313442230225 -0.06688474863767624
v 0.09863967448472977 3.8313934803009033 -0.05317031219601631
v -0.07526068389415741 3.8313934803009033 -0.05317031219601631
v -0.07526068389415741 3.8313934803009033 0.05313962697982788
v 0.09863967448472977 3.8429293632507324 -0.0646757185459137
v -0.07526068389415741 3.8429293632507324 -0.0646757185459137
v -0.07526068389415741 3.8313934803009033 -0.05317031219601631
v 0.09863967448472977 3.8313934803009033 0.05313962697982788
v -0.07526068389415741 3.8429293632507324 0.06464503705501556
v -0.07526068389415741 3.8313934803009033 0.05313962697982788
v -0.07983216643333435 3.8182313442230225 0.06682339310646057
v 0.09863967448472977 3.8429293632507324 0.06464503705501556
v 0.10314978659152985 3.8182313442230225 0.06682339310646057
v -0.07983216643333435 3.8182313442230225 0.06682339310646057
v -0.07983216643333435 3.824244737625122 0.08345253765583038
v -0.08240937441587448 3.8033816814422607 0.07001422345638275
v 0.10314978659152985 3.824244737625122 0.08345253765583038
v 0.10572699457406998 3.8033816814422607 0.07001422345638275
v -0.08240937441587448 3.8033816814422607 0.07001422345638275
v -0.07983216643333435 3.788470506668091 0.0671302005648613
v -0.08240937441587448 3.803504228591919 0.08774789422750473
v 0.10572699457406998 3.803504228591919 0.08774789422750473
v -0.07983216643333435 3.7826411724090576 0.08351389318704605
v -0.07983216643333435 3.788470506668091 0.0671302005648613
v 0.10314978659152985 3.7826411724090576 0.08351389318704605
v -0.07526068389415741 3.763895034790039 0.0646757185459137
v -0.07526068389415741 3.77530837059021 0.05350780487060547
v -0.07526068389415741 3.77530837059021 -0.0535384863615036
v -0.07526068389415741 3.763895034790039 -0.06473707407712936
v 0.09863967448472977 3.763895034790039 -0.06473707407712936
v 0.09863967448472977 3.763895034790039 0.0646757185459137
v 0.09863967448472977 3.77530837059021 -0.0535384863615036
v 0.10314978659152985 3.788470506668091 0.0671302005648613
v 0.09863967448472977 3.77530837059021 0.05350780487060547
v -0.07526068389415741 3.77530837059021 -0.0535384863615036
v -0.07526068389415741 3.77530837059021 0.05350780487060547
v -0.1745753437280655 3.824735641479492 -0.06412345916032791
v -0.19709526002407074 3.790956974029541 -0.05872358754277229
v -0.15395766496658325 3.772855281829834 -0.05872358754277229
v -0.13229681551456451 3.8081064224243164 -0.06424617767333984
v -0.15745529532432556 3.841855525970459 -0.06234395131468773
v -0.15432584285736084 3.7718117237091064 -0.06473707407712936
v -0.11419498175382614 3.8287856578826904 -0.06173032894730568
v -0.15205542743206024 3.846273899078369 -0.05626910179853439
v -0.13174454867839813 3.808474540710449 -0.06884834170341492
v -0.1083042100071907 3.8346149921417236 -0.054550960659980774
v -0.14996911585330963 3.8481760025024414 -0.04724886268377304
v -0.11327454447746277 3.832221746444702 -0.06547342240810394
v -0.17482079565525055 3.8257787227630615 -0.06884834170341492
v -0.1975248008966446 3.79003643989563 -0.06473707407712936
v -0.19709526002407074 3.790956974029541 -0.05872358754277229
v -0.1745753437280655 3.824735641479492 -0.06412345916032791
v -0.15745529532432556 3.841855525970459 -0.06234395131468773
v -0.1559826135635376 3.845353364944458 -0.06559614837169647
v -0.15205542743206024 3.846273899078369 -0.05626910179853439
v -0.14947821199893951 3.8512442111968994 -0.05559411644935608
v -0.14996911585330963 3.8481760025024414 -0.04724886268377304
v -0.10775195807218552 3.839585304260254 -0.055410031229257584
v -0.14818961918354034 3.8525328636169434 -0.04712614044547081
v -0.10824285447597504 3.835228443145752 -0.04663524031639099
v -0.10652471333742142 3.8402602672576904 -0.04675796627998352
v -0.10781331360340118 3.8367319107055664 -0.034117359668016434
v -0.14895664155483246 3.850661039352417 -0.0340866819024086
v -0.1514418125152588 3.8460590839385986 -0.034148041158914566
v -0.15463264286518097 3.8415489196777344 -0.02816523052752018
v -0.10913259536027908 3.832129716873169 -0.03571277856826782
v -0.1514418125152588 3.8460590839385986 -0.034148041158914566
v -0.11186321824789047 3.828540086746216 -0.02411532774567604
v -0.11204730719327927 3.8248581886291504 -0.027612973004579544
v -0.15463264286518097 3.8415489196777344 -0.02816523052752018
v -0.1531599462032318 3.844494342803955 -0.02423805370926857
v -0.12296976149082184 3.8058974742889404 -0.02104721963405609
v -0.12315385043621063 3.80442476272583 -0.025526657700538635
v -0.16610737144947052 3.822465181350708 -0.025526657700538635
v -0.18101836740970612 3.7868456840515137 -0.03147878870368004
v -0.13788077235221863 3.7685599327087402 -0.03147878870368004
v -0.13837167620658875 3.7674553394317627 -0.02546529471874237
v -0.18150927126407623 3.785618305206299 -0.02546529471874237
v -0.16549374163150787 3.8235697746276855 -0.020985858514904976
v -0.16610737144947052 3.822465181350708 -0.025526657700538635
v -0.18101836740970612 3.7868456840515137 -0.03147878870368004
v -0.15395766496658325 3.772855281829834 0.05872358754277229
v -0.19709526002407074 3.790956974029541 0.05872358754277229
v -0.1745753437280655 3.824735641479492 0.06412345916032791
v -0.13229681551456451 3.8081064224243164 0.06424617767333984
v -0.15745529532432556 3.841855525970459 0.06234395131468773
v -0.15432584285736084 3.7718117237091064 0.06473707407712936
v -0.11419498175382614 3.8287856578826904 0.06173032894730568
v -0.15205542743206024 3.846273899078369 0.05626910179853439
v -0.13174454867839813 3.808474540710449 0.06884834170341492
v -0.1083042100071907 3.8346149921417236 0.054550960659980774
v -0.14996911585330963 3.8481760025024414 0.04724886268377304
v -0.11327454447746277 3.832221746444702 0.06547342240810394
v -0.17482079565525055 3.8257787227630615 0.06884834170341492
v -0.1975248008966446 3.79003643989563 0.06473707407712936
v -0.1745753437280655 3.824735641479492 0.06412345916032791
v -0.19709526002407074 3.790956974029541 0.05872358754277229
v -0.15745529532432556 3.841855525970459 0.06234395131468773
v -0.1559826135635376 3.845353364944458 0.06559614837169647
v -0.15205542743206024 3.846273899078369 0.05626910179853439
v -0.14947821199893951 3.8512442111968994 0.05559411644935608
v -0.14996911585330963 3.8481760025024414 0.04724886268377304
v -0.10775195807218552 3.839585304260254 0.055410031229257584
v -0.14818961918354034 3.8525328636169434 0.04712614044547081
v -0.10824285447597504 3.835228443145752 0.04663524031639099
v -0.10652471333742142 3.8402602672576904 0.04675796627998352
v -0.14895664155483246 3.850661039352417 0.0340866819024086
v -0.1514418125152588 3.8460590839385986 0.034148041158914566
v -0.10781331360340118 3.8367319107055664 0.034117359668016434
v -0.10913259536027908 3.832129716873169 0.03571277856826782
v -0.1514418125152588 3.8460590839385986 0.034148041158914566
v -0.11186321824789047 3.828540086746216 0.02411532774567604
v -0.1531599462032318 3.844494342803955 0.02423805370926857
v -0.15463264286518097 3.8415489196777344 0.02816523052752018
v -0.11204730719327927 3.8248581886291504 0.027612973004579544
v -0.15463264286518097 3.8415489196777344 0.02816523052752018
v -0.16549374163150787 3.8235697746276855 0.020985858514904976
v -0.16610737144947052 3.822465181350708 0.025526657700538635
v -0.12296976149082184 3.8058974742889404 0.02104721963405609
v -0.18150927126407623 3.785618305206299 0.02546529471874237
v -0.18101836740970612 3.7868456840515137 0.03147878870368004
v -0.13837167620658875 3.7674553394317627 0.02546529471874237
v -0.12315385043621063 3.80442476272583 0.025526657700538635
v -0.13788077235221863 3.7685599327087402 0.03147878870368004
v -0.16610737144947052 3.822465181350708 0.025526657700538635
v -0.18101836740970612 3.7868456840515137 0.03147878870368004
v -0.01493159495294094 1.8850897550582886 -0.12159402668476105
v -0.013349680230021477 1.5695827007293701 -0.11211663484573364
v -0.06303155422210693 1.5695827007293701 -0.0906859040260315
v -0.06995811313390732 1.8849387168884277 -0.09884277731180191
v -0.10015014559030533 1.5695827007293701 -0.05279538780450821
v -0.07493827491998672 1.905800700187683 -0.10675910860300064
v -0.015736667439341545 1.9059110879898071 -0.13131870329380035
v -0.11138983815908432 1.8849449157714844 -0.05704103782773018
v -0.11304784566164017 1.5695827007293701 0.010467156767845154
v -0.07524385303258896 1.9484951496124268 -0.1081041693687439
v -0.01583300530910492 1.9483405351638794 -0.13316263258457184
v -0.015393039211630821 1.968666911125183 -0.12833097577095032
v -0.07229478657245636 1.968807339668274 -0.10401254147291183
v -0.11496724933385849 1.9688361883163452 -0.06033618375658989
v -0.11984983831644058 1.948462724685669 -0.06254522502422333
v -0.11943257600069046 1.9057141542434692 -0.061619266867637634
v -0.1349559724330902 1.9483405351638794 0.012271818704903126
v -0.12956225872039795 1.968666911125183 0.011869896203279495
v -0.12527242302894592 1.884926438331604 0.011188776232302189
v -0.09211720526218414 1.5695827007293701 0.06105166673660278
v -0.13438470661640167 1.9057435989379883 0.01208711788058281
v -0.11030679196119308 1.9484928846359253 0.07256320863962173
v -0.10579729080200195 1.96892511844635 0.06988781690597534
v -0.06285237520933151 1.9687429666519165 0.11341936141252518
v -0.10992205888032913 1.9056951999664307 0.07156484574079514
v -0.10253773629665375 1.884953498840332 0.06624474376440048
v -0.05488879233598709 1.5695827007293701 0.09896796941757202
v -0.06073108687996864 1.8849756717681885 0.10767524689435959
v 0.007107850164175034 1.5695827007293701 0.11211849004030228
v -0.06500250846147537 1.905844807624817 0.11629847437143326
v -0.06532465666532516 1.9484639167785645 0.11781779676675797
v 0.007914148271083832 1.968666911125183 0.12828372418880463
v 0.007499954663217068 1.8851338624954224 0.12154309451580048
v 0.056733883917331696 1.5695827007293701 0.09071844071149826
v 0.008406886830925941 1.9483405351638794 0.13313809037208557
v 0.00836025271564722 1.9059313535690308 0.13130152225494385
v 0.0625675842165947 1.8850295543670654 0.0988624095916748
v 0.09394758939743042 1.5695827007293701 0.05279845371842384
v 0.06750170886516571 1.9058767557144165 0.10675910860300064
v 0.06782202422618866 1.948494553565979 0.1080765575170517
v 0.06482203304767609 1.968807339668274 0.10398922115564346
v 0.10751967132091522 1.9688361883163452 0.06031225249171257
v 0.11241758614778519 1.948462724685669 0.0625041127204895
v 0.12207107990980148 1.968666911125183 -0.011915303766727448
v 0.1039993166923523 1.885041356086731 0.057021401822566986
v 0.10681214928627014 1.5695827007293701 -0.010419294238090515
v 0.11205985397100449 1.905834436416626 0.061599016189575195
v 0.11791379749774933 1.8850780725479126 -0.011215776205062866
v 0.08590729534626007 1.5695827007293701 -0.061054736375808716
v 0.12753906846046448 1.9483405351638794 -0.012338701635599136
v 0.12697085738182068 1.9058798551559448 -0.012119639664888382
v 0.09515764564275742 1.8850147724151611 -0.06629567593336105
v 0.04861751198768616 1.5695827007293701 -0.09896549582481384
v 0.10257632285356522 1.9058018922805786 -0.07156545668840408
v 0.05332398787140846 1.8850823640823364 -0.10770101845264435
v -0.013349680230021477 1.5695827007293701 -0.11211663484573364
v -0.01493159495294094 1.8850897550582886 -0.12159402668476105
v -0.015736667439341545 1.9059110879898071 -0.13131870329380035
v 0.057574544101953506 1.9059191942214966 -0.11632179468870163
v -0.01583300530910492 1.9483405351638794 -0.13316263258457184
v 0.10288742929697037 1.948493480682373 -0.07256320863962173
v 0.09837241470813751 1.96892511844635 -0.06993322819471359
v 0.055391281843185425 1.9687429666519165 -0.11341875046491623
v 0.0579059012234211 1.9484639167785645 -0.1178380474448204
v -0.015393039211630821 1.968666911125183 -0.12833097577095032
v 0.5475345253944397 1.0743900537490845 0.0
v 0.5475345253944397 1.0743900537490845 -0.01664762571454048
v 0.37443187832832336 1.2394542694091797 -0.01664762757718563
v 0.37443187832832336 1.2394542694091797 0.016525616869330406
v 0.5475345253944397 1.0743900537490845 0.016525616869330406
v 0.37443187832832336 1.2394542694091797 0.0
v 0.35902997851371765 1.1901804208755493 -0.01664762757718563
v 0.35902997851371765 1.1901804208755493 0.016525616869330406
v 0.35902997851371765 1.1901804208755493 0.0
v 0.32945340871810913 1.1953961849212646 -0.01664762757718563
v 0.32945340871810913 1.1953961849212646 0.016525616869330406
v 0.32945340871810913 1.1953961849212646 0.0
v 0.30306771397590637 1.2080981731414795 -0.01664762757718563
v 0.30306771397590637 1.2080981731414795 0.016525616869330406
v 0.30306771397590637 1.2080981731414795 0.0
v 0.21562662720680237 1.320145606994629 0.0
v 0.21562662720680237 1.320145606994629 -0.01664762757718563
v 0.21562662720680237 1.320145606994629 0.016525616869330406
v 0.03147878870368004 1.3471448421478271 -0.01664762757718563
v 0.03147878870368004 1.3471448421478271 0.016525616869330406
v 0.03147878870368004 1.3471448421478271 0.0
v 0.03381055220961571 1.3071366548538208 -0.01664762757718563
v 0.03381055220961571 1.3071366548538208 0.016525616869330406
v 0.03381055220961571 1.3071366548538208 0.0
v 0.016567783430218697 1.2878077030181885 0.0
v 0.016567783430218697 1.2878077030181885 -0.01664762757718563
v 0.016567783430218697 1.2878077030181885 0.016525616869330406
v -0.006443026475608349 1.2776215076446533 -0.01664762757718563
v -0.006443026475608349 1.2776215076446533 0.016525616869330406
v -0.006443026475608349 1.2776215076446533 0.0
v -0.21004267036914825 1.3168318271636963 -0.01664762757718563
v -0.21004267036914825 1.3168318271636963 0.016525616869330406
v -0.21004267036914825 1.3168318271636963 0.0
v -0.4162808656692505 1.2057050466537476 -0.01664762757718563
v -0.4162808656692505 1.2057050466537476 0.016525616869330406
v -0.4162808656692505 1.2057050466537476 0.0
v -0.3862134516239166 1.1848418712615967 -0.01664762757718563
v -0.3862134516239166 1.1848418712615967 0.016525616869330406
v -0.3862134516239166 1.1848418712615967 0.0
v -0.37964770197868347 1.170421838760376 0.0
v -0.37964770197868347 1.170421838760376 -0.01664762571454048
v -0.37964770197868347 1.170421838760376 0.016525616869330406
v -0.3840044140815735 1.1539767980575562 0.0
v -0.3840044140815735 1.1539767980575562 -0.01664762571454048
v -0.3840044140815735 1.1539767980575562 0.016525616869330406
v -0.4024130403995514 1.1373475790023804 -0.01664762571454048
v -0.4024130403995514 1.1373475790023804 0.016525616869330406
v -0.4024130403995514 1.1373475790023804 0.0
v -0.4952539801597595 1.106789231300354 -0.01664762571454048
v -0.4952539801597595 1.106789231300354 0.016525616869330406
v -0.4952539801597595 1.106789231300354 0.0
v -0.5476572513580322 1.073715090751648 0.0
v -0.5476572513580322 1.073715090751648 -0.01664762571454048
v -0.5476572513580322 1.073715090751648 0.016525616869330406
v -0.6484752893447876 0.865267813205719 -0.01664762571454048
v -0.6484752893447876 0.865267813205719 0.016525616869330406
v -0.6484752893447876 0.865267813205719 0.0
v -0.6014105081558228 0.8638564348220825 0.0
v -0.6014105081558228 0.8638564348220825 -0.01664762571454048
v -0.6014105081558228 0.8638564348220825 0.016525616869330406
v -0.5895676016807556 0.8521363139152527 0.0
v -0.5895676016807556 0.8521363139152527 -0.01664762571454048
v -0.5895676016807556 0.8521363139152527 0.016525616869330406
v -0.5845972895622253 0.8321936130523682 -0.01664762571454048
v -0.5845972895622253 0.8321936130523682 0.016525616869330406
v -0.5845972895622253 0.8321936130523682 0.0
v -0.588401734828949 0.8104100823402405 0.0
v -0.588401734828949 0.8104100823402405 -0.01664762571454048
v -0.588401734828949 0.8104100823402405 0.016525616869330406
v -0.6054604053497314 0.773838222026825 0.0
v -0.6054604053497314 0.773838222026825 -0.01664762571454048
v -0.6054604053497314 0.773838222026825 0.016525616869330406
v -0.6668225526809692 0.7132123708724976 0.0
v -0.6668225526809692 0.7132123708724976 -0.01664762571454048
v -0.6668225526809692 0.7132123708724976 0.016525616869330406
v -0.6795245409011841 0.674001932144165 0.0
v -0.6795245409011841 0.674001932144165 -0.01664762571454048
v -0.6795245409011841 0.674001932144165 0.016525616869330406
v -0.6456525921821594 0.465125173330307 -0.01664762571454048
v -0.6456525921821594 0.465125173330307 0.016525616869330406
v -0.6456525921821594 0.465125173330307 0.0
v -0.6200646162033081 0.47524991631507874 -0.01664762571454048
v -0.6200646162033081 0.47524991631507874 0.016525616869330406
v -0.6200646162033081 0.47524991631507874 0.0
v -0.5974833369255066 0.47402265667915344 0.0
v -0.5974833369255066 0.47402265667915344 -0.01664762571454048
v -0.5974833369255066 0.47402265667915344 0.016525616869330406
v -0.5806087851524353 0.4607070982456207 -0.01664762571454048
v -0.5806087851524353 0.4607070982456207 0.016525616869330406
v -0.5806087851524353 0.4607070982456207 0.0
v -0.5719566941261292 0.43978261947631836 0.0
v -0.5719566941261292 0.43978261947631836 -0.01664762571454048
v -0.5719566941261292 0.43978261947631836 0.016525616869330406
v -0.5793201327323914 0.3631412386894226 -0.01664762571454048
v -0.5793201327323914 0.3631412386894226 0.0
v -0.5793201327323914 0.3631412386894226 0.016525616869330406
v -0.5693795084953308 0.31644463539123535 0.0
v -0.5693795084953308 0.31644463539123535 -0.01664762571454048
v -0.5693795084953308 0.31644463539123535 0.016525616869330406
v -0.5485777258872986 0.27539336681365967 -0.01664762571454048
v -0.5485777258872986 0.27539336681365967 0.016525616869330406
v -0.5485777258872986 0.27539336681365967 0.0
v -0.4009403586387634 0.12683558464050293 -0.01664762571454048
v -0.4009403586387634 0.12683558464050293 0.016525616869330406
v -0.4009403586387634 0.12683558464050293 0.0
v -0.10397263616323471 1.9883794784545898 -0.055041857063770294
v -0.09298879653215408 1.9592323303222656 -0.05455094575881958
v -0.1020704060792923 1.9592938423156738 0.0
v -0.09298879653215408 1.9592323303222656 0.054489608854055405
v -0.10397263616323471 1.9883794784545898 0.055041857063770294
v -0.11612233519554138 1.9877657890319824 0.0
v -0.10550668835639954 2.010040283203125 -0.055410031229257584
v -0.10550668835639954 2.010040283203125 0.05534866824746132
v -0.11814729124307632 2.010162830352783 0.0
v -0.11023157089948654 2.0319464206695557 0.0
v -0.09869549423456192 2.0309646129608154 -0.05583956465125084
v -0.09869549423456192 2.0309646129608154 0.055778201669454575
v -0.09219110757112503 2.053239345550537 0.0
v -0.07820053398609161 2.051521062850952 -0.053753238171339035
v -0.07820053398609161 2.051521062850952 0.05369190126657486
v 0.35915273427963257 0.18224561214447021 -0.01664762571454048
v 0.36798885464668274 0.19899748265743256 -0.01664762571454048
v 0.36798885464668274 0.19899748265743256 0.0
v 0.36798885464668274 0.19899748265743256 0.016525616869330406
v 0.35915273427963257 0.18224561214447021 0.016525616869330406
v 0.35915273427963257 0.18224561214447021 0.0
v 0.3589072823524475 0.1627938151359558 0.0
v 0.3589072823524475 0.1627938151359558 -0.01664762571454048
v 0.3589072823524475 0.1627938151359558 0.016525616869330406
v 0.3979949653148651 0.12241750210523605 -0.01664762571454048
v 0.3979949653148651 0.12241750210523605 0.016525616869330406
v 0.3979949653148651 0.12241750210523605 0.0
v 0.20777226984500885 0.030067456886172295 0.0
v 0.20777226984500885 0.030067456886172295 -0.01664762571454048
v 0.20777226984500885 0.030067456886172295 0.016525616869330406
v 0.13806486129760742 0.02386987954378128 -0.01664762571454048
v 0.13806486129760742 0.02386987954378128 0.016525616869330406
v 0.13806486129760742 0.02386987954378128 0.0
v -0.0016567783895879984 0.05375325307250023 0.0
v -0.0016567783895879984 0.05375325307250023 -0.01664762571454048
v -0.0016567783895879984 0.05375325307250023 0.016525616869330406
v -0.019022269174456596 0.04233988747000694 0.0
v -0.019022269174456596 0.04233988747000694 -0.01664762571454048
v -0.019022269174456596 0.04233988747000694 0.016525616869330406
v -0.02534257061779499 0.0 0.0
v -0.02534257061779499 -9.440533424442954e-12 -0.01664762571454048
v -0.02534257061779499 1.3275750941274533e-12 0.016525616869330406
v -0.21034947037696838 0.029085664078593254 0.0
v -0.21034947037696838 0.029085664078593254 -0.01664762571454048
v -0.21034947037696838 0.029085664078593254 0.016525616869330406
v -0.24962127208709717 0.058600861579179764 0.0
v -0.24962127208709717 0.058600861579179764 -0.01664762571454048
v -0.24962127208709717 0.058600861579179764 0.016525616869330406
v -0.3259557783603668 0.16782550513744354 0.0
v -0.3259557783603668 0.16782550513744354 -0.01664762571454048
v -0.3259557783603668 0.16782550513744354 0.016525616869330406
v -0.3519119620323181 0.17537306249141693 -0.01664762571454048
v -0.3519119620323181 0.17537306249141693 0.016525616869330406
v -0.3519119620323181 0.17537306249141693 0.0
v -0.39087697863578796 0.1568416804075241 0.0
v -0.39087697863578796 0.1568416804075241 -0.01664762571454048
v -0.39087697863578796 0.1568416804075241 0.016525616869330406
v -0.4009403586387634 0.12683558464050293 -0.01664762571454048
v -0.4009403586387634 0.12683558464050293 0.016525616869330406
v -0.4009403586387634 0.12683558464050293 0.0
v -0.07719359546899796 1.4811598062515259 -0.06663930416107178
v -0.07719359546899796 1.3921232223510742 -0.057250894606113434
v -0.16874593496322632 1.382796287536621 -0.08142758160829544
v -0.1797911375761032 1.4762508869171143 -0.08848423510789871
v -0.3576493263244629 1.3964799642562866 -0.08078328520059586
v -0.33654075860977173 1.3228148221969604 -0.07596635073423386
v -0.184884175658226 1.5147862434387207 0.0
v -0.07719359546899796 1.5222110748291016 0.0
v -0.07719359546899796 1.4811598062515259 0.06663930416107178
v -0.36808091402053833 1.4313644170761108 0.0
v -0.1797911375761032 1.4762508869171143 0.08848423510789871
v -0.16874593496322632 1.382796287536621 0.08142758160829544
v -0.07719359546899796 1.3921232223510742 0.057250894606113434
v -0.3576493263244629 1.3964799642562866 0.08075260370969772
v -0.33654075860977173 1.3228148221969604 0.07590498775243759
v -0.531004786491394 1.2953287363052368 0.0
v -0.5181132555007935 1.2559219598770142 0.05150555446743965
v -0.5042122602462769 1.219561219215393 0.05094838887453079
v -0.5181132555007935 1.2559219598770142 -0.051536235958337784
v -0.5042141079902649 1.2195631265640259 -0.050983976572752
v -0.6041104793548584 1.225954532623291 0.0
v -0.5955811142921448 1.1917145252227783 0.03583550080657005
v -0.5876040458679199 1.1659424304962158 0.034117359668016434
v -0.5955811142921448 1.1917145252227783 -0.03583550080657005
v -0.5876040458679199 1.1659424304962158 -0.034117359668016434
v -0.633012056350708 1.207177758216858 0.0
v -0.6315393447875977 1.1776624917984009 0.027735697105526924
v -0.6301893591880798 1.1547744274139404 0.02521984651684761
v -0.6643067598342896 1.1617697477340698 0.017549578100442886
v -0.6315393447875977 1.1776624917984009 -0.027735697105526924
v -0.6301893591880798 1.1547744274139404 -0.02521984651684761
v -0.6643067598342896 1.1617697477340698 -0.017610939219594002
v -0.6649816632270813 1.1760671138763428 -0.019451804459095
v -0.6649816632270813 1.1760671138763428 0.019451804459095
v -0.6653499007225037 1.1871123313903809 -0.011842897161841393
v -0.6653499007225037 1.1871123313903809 0.011781535111367702
v -0.6658408045768738 1.1939235925674438 0.0
v -0.4840492308139801 3.879732608795166 0.009142961353063583
v -0.48253554105758667 3.8853979110717773 0.02423805370926857
v -0.4683224558830261 3.9165306091308594 0.023563070222735405
v -0.48540306091308594 3.879159927368164 0.024667587131261826
v -0.46838411688804626 3.9164693355560303 0.011658810079097748
v -0.5030316114425659 3.8424060344696045 0.012241750955581665
v -0.48249396681785583 3.882697820663452 0.003804453881457448
v -0.5026698708534241 3.8415441513061523 0.02706071361899376
v -0.4684455692768097 3.9164698123931885 0.0
v -0.5060361623764038 3.8342044353485107 0.0274288859218359
v -0.48230689764022827 3.8830649852752686 -0.0005522594437934458
v -0.5048375725746155 3.8387367725372314 0.005829405039548874
v -0.48255637288093567 3.882514476776123 -0.0049089728854596615
v -0.5151330828666687 3.8148789405822754 0.02779705822467804
v -0.46838343143463135 3.9165308475494385 -0.011658810079097748
v -0.5151337385177612 3.814817190170288 0.014051934704184532
v -0.48417478799819946 3.879303455352783 -0.010094075463712215
v -0.5151953101158142 3.814756393432617 0.0
v -0.46838343143463135 3.9165308475494385 -0.02362443134188652
v -0.5049615502357483 3.8385534286499023 0.0005522594437934458
v -0.48259714245796204 3.8853988647460938 -0.024299414828419685
v -0.5048999190330505 3.8385534286499023 -0.004724886268377304
v -0.48540306091308594 3.879159927368164 -0.024667587131261826
v -0.5151945948600769 3.8148179054260254 -0.014051934704184532
v -0.5031578540802002 3.8419158458709717 -0.011290637776255608
v -0.5151330828666687 3.8148789405822754 -0.02779705822467804
v -0.5027312636375427 3.8415446281433105 -0.02706071361899376
v -0.5060968995094299 3.834266424179077 -0.0274288859218359
v -0.47276344895362854 3.874711751937866 0.009511134587228298
v -0.4573080241680145 3.912156581878662 0.02350170724093914
v -0.4699929356575012 3.8802762031555176 0.024176690727472305
v -0.4725534915924072 3.873974561691284 0.024544863030314445
v -0.4573696553707123 3.912095069885254 0.011597448028624058
v -0.4882745146751404 3.833771228790283 0.01175085362046957
v -0.4714809060096741 3.8781392574310303 0.004233988933265209
v -0.4879235327243805 3.8356094360351562 0.02693798951804638
v -0.45737043023109436 3.912034034729004 0.0
v -0.49098578095436096 3.82789945602417 0.027244798839092255
v -0.47129392623901367 3.8785672187805176 -0.0001227243192261085
v -0.4897433817386627 3.829977035522461 0.005338507704436779
v -0.4714809060096741 3.8781392574310303 -0.004418075550347567
v -0.4997294247150421 3.8064846992492676 0.027735697105526924
v -0.4573696553707123 3.912095069885254 -0.011597448028624058
v -0.49973002076148987 3.8064229488372803 0.013990572653710842
v -0.47276243567466736 3.8748044967651367 -0.0097259022295475
v -0.4997917413711548 3.8063621520996094 0.0
v -0.4573080241680145 3.912156581878662 -0.023563070222735405
v -0.48980656266212463 3.8297324180603027 6.136215961305425e-05
v -0.4699929356575012 3.8802762031555176 -0.024176690727472305
v -0.4897403419017792 3.830406427383423 -0.005215783603489399
v -0.472492516040802 3.873974561691284 -0.02460622601211071
v -0.49973002076148987 3.8064229488372803 -0.013990572653710842
v -0.48827338218688965 3.833862781524658 -0.01162812951952219
v -0.4997294247150421 3.8064846992492676 -0.027735697105526924
v -0.4878627061843872 3.835548162460327 -0.02693798951804638
v -0.49098578095436096 3.82789945602417 -0.02730616182088852
v 0.5475345253944397 1.0743900537490845 -0.01664762571454048
v 0.5475345253944397 1.0743900537490845 0.0
v 0.5383302569389343 0.9437500238418579 0.0
v 0.5475345253944397 1.0743900537490845 0.016525616869330406
v 0.5383302569389343 0.9437500238418579 -0.01664762571454048
v 0.5383302569389343 0.9437500238418579 0.016525616869330406
v 0.5483936071395874 0.8987715244293213 0.0
v 0.5483936071395874 0.8987715244293213 -0.01664762571454048
v 0.5483936071395874 0.8987715244293213 0.016525616869330406
v 0.5656977295875549 0.8811299800872803 0.0
v 0.5656977295875549 0.8811299800872803 -0.01664762571454048
v 0.5656977295875549 0.8811299800872803 0.016525616869330406
v 0.5948447585105896 0.8821424245834351 0.0
v 0.5948447585105896 0.8821424245834351 -0.01664762571454048
v 0.5948447585105896 0.8821424245834351 0.016525616869330406
v 0.6243600249290466 0.9243595600128174 -0.01664762571454048
v 0.6243600249290466 0.9243595600128174 0.016525616869330406
v 0.6243600249290466 0.9243595600128174 0.0
v 0.6795245409011841 0.6745542287826538 0.0
v 0.6795245409011841 0.6745542287826538 -0.01664762571454048
v 0.6795245409011841 0.6745542287826538 0.016525616869330406
v 0.5872972011566162 0.5029242634773254 0.0
v 0.5872972011566162 0.5029242634773254 -0.01664762571454048
v 0.5872972011566162 0.5029242634773254 0.016525616869330406
v 0.5909175872802734 0.4856201410293579 -0.01664762571454048
v 0.5909175872802734 0.4856201410293579 0.016525616869330406
v 0.5909175872802734 0.4856201410293579 0.0
v 0.6444253921508789 0.46156617999076843 0.0
v 0.6445481181144714 0.46193432807922363 0.016525616869330406
v 0.6445481181144714 0.46193432807922363 -0.01664762571454048
v 0.5473504662513733 0.27668195962905884 0.016525616869330406
v 0.5473504662513733 0.27668195962905884 0.0
v 0.5473504662513733 0.27668195962905884 -0.01664762571454048
v 0.5024946928024292 0.23771700263023376 0.0
v 0.5024946928024292 0.23771700263023376 0.016525616869330406
v 0.5024946928024292 0.23771700263023376 -0.01664762571454048
v 0.4256693124771118 0.23268531262874603 0.016525616869330406
v 0.4256693124771118 0.23268531262874603 -0.01664762571454048
v 0.4256693124771118 0.23268531262874603 0.0
v 0.3938223421573639 0.21851064264774323 0.016525616869330406
v 0.3938223421573639 0.21851064264774323 -0.01664762571454048
v 0.3938223421573639 0.21851064264774323 0.0
v 0.36798885464668274 0.19899748265743256 0.016525616869330406
v 0.36798885464668274 0.19899748265743256 -0.01664762571454048
v 0.36798885464668274 0.19899748265743256 0.0
v -0.5049615502357483 3.8385534286499023 0.0005522594437934458
v -0.48980656266212463 3.8297324180603027 6.136215961305425e-05
v -0.4897403419017792 3.830406427383423 -0.005215783603489399
v -0.4897433817386627 3.829977035522461 0.005338507704436779
v -0.5048999190330505 3.8385534286499023 -0.004724886268377304
v -0.5048375725746155 3.8387367725372314 0.005829405039548874
v -0.48827338218688965 3.833862781524658 -0.01162812951952219
v -0.4882745146751404 3.833771228790283 0.01175085362046957
v -0.5031578540802002 3.8419158458709717 -0.011290637776255608
v -0.5030316114425659 3.8424060344696045 0.012241750955581665
v -0.47276243567466736 3.8748044967651367 -0.0097259022295475
v -0.47276344895362854 3.874711751937866 0.009511134587228298
v -0.48417478799819946 3.879303455352783 -0.010094075463712215
v -0.4840492308139801 3.879732608795166 0.009142961353063583
v -0.48255637288093567 3.882514476776123 -0.0049089728854596615
v -0.4714809060096741 3.8781392574310303 0.004233988933265209
v -0.4714809060096741 3.8781392574310303 -0.004418075550347567
v -0.48249396681785583 3.882697820663452 0.003804453881457448
v -0.48230689764022827 3.8830649852752686 -0.0005522594437934458
v -0.47129392623901367 3.8785672187805176 -0.0001227243192261085
v -0.21587207913398743 3.848973512649536 0.09793400764465332
v -0.2656981348991394 3.8703277111053467 0.10106347501277924
v -0.23845334351062775 3.872291326522827 0.08197984099388123
v -0.21004267036914825 3.8587303161621094 0.08560021966695786
v -0.3372464179992676 3.9698569774627686 0.04945790022611618
v -0.3598276972770691 3.97225022315979 0.07725495845079422
v -0.24176691472530365 3.874377489089966 0.03945586830377579
v -0.2001633644104004 3.8461508750915527 0.03951723128557205
v -0.37725454568862915 3.9948928356170654 0.061178069561719894
v -0.24188964068889618 3.874439001083374 0.0
v -0.195254385471344 3.8443102836608887 0.0
v -0.2001633644104004 3.8461508750915527 -0.03951723128557205
v -0.35534825921058655 3.996856451034546 0.0
v -0.3960927426815033 4.020910263061523 0.0
v -0.37725454568862915 3.9948928356170654 -0.061178069561719894
v -0.24176691472530365 3.874377489089966 -0.03951723128557205
v -0.21004267036914825 3.8587303161621094 -0.08560021966695786
v -0.3372464179992676 3.9698569774627686 -0.04945790022611618
v -0.3598276972770691 3.97225022315979 -0.07725495845079422
v -0.2656981348991394 3.8703277111053467 -0.1011248379945755
v -0.23845334351062775 3.872291326522827 -0.08197984099388123
v -0.21587207913398743 3.848973512649536 -0.09793400764465332
v -0.1011248379945755 3.6084342002868652 0.00018408648611512035
v -0.12438109517097473 3.5767710208892822 0.000245448638452217
v -0.1361626386642456 3.58760142326355 -0.048169296234846115
v -0.17255038022994995 3.5623509883880615 -6.136215961305425e-05
v -0.11931872367858887 3.6173927783966064 -0.05758838728070259
v -0.0927182137966156 3.6547625064849854 6.136215961305425e-05
v -0.17776617407798767 3.578826665878296 -0.04936585575342178
v -0.26749300956726074 3.578917980194092 -0.00013499674969352782
v -0.11345863342285156 3.6631076335906982 -0.06811200082302094
v -0.09370002150535583 3.7067975997924805 0.0001227243192261085
v -0.182429701089859 3.634390115737915 -0.08713427186012268
v -0.2695026099681854 3.597830057144165 -0.050616417080163956
v -0.3473012149333954 3.6134068965911865 -3.006745464517735e-05
v -0.11422565579414368 3.7125961780548096 -0.07633452117443085
v -0.11486995220184326 3.7571144104003906 0.00018408648611512035
v -0.34540942311286926 3.630683183670044 -0.050394900143146515
v -0.4137650430202484 3.659916877746582 0.0
v -0.12932075560092926 3.754567861557007 -0.07783789187669754
v -0.16831640899181366 3.8049156665802 0.0
v -0.18101836740970612 3.7451488971710205 -0.1156676709651947
v -0.1756184846162796 3.7923669815063477 -0.0864899605512619
v -0.2580757439136505 3.8595850467681885 -2.8226593713043258e-05
v -0.3075968623161316 3.6795883178710938 -0.09237275272607803
v -0.30506259202957153 3.809013843536377 -0.12343919277191162
v -0.2626607418060303 3.8520257472991943 -0.09103751182556152
v -0.34167248010635376 3.888885974884033 -0.09039074927568436
v -0.34041085839271545 3.908494472503662 -0.00011536086822161451
v -0.41134124994277954 3.6754415035247803 -0.049887433648109436
v -0.46119800209999084 3.7082087993621826 0.00018408648611512035
v -0.41143327951431274 3.907421112060547 -0.0840354785323143
v -0.4115560054779053 3.9257991313934326 -6.136215961305425e-05
v -0.44966191053390503 3.7120440006256104 -0.0487215556204319
v -0.4780725836753845 3.7601213455200195 0.0001227243192261085
v -0.41143327951431274 3.7315263748168945 -0.08664337545633316
v -0.4616888761520386 3.75689959526062 -0.05841677635908127
v -0.47856348752975464 3.818415403366089 0.0
v -0.41057419776916504 3.853821277618408 -0.1133972704410553
v -0.46138209104537964 3.8129847049713135 -0.06918583810329437
v -0.4699114263057709 3.8763411045074463 0.0001227243192261085
v -0.4534356892108917 3.868333339691162 -0.07756176590919495
v -0.43760424852371216 3.9020211696624756 -0.07777654379606247
v -0.44806647300720215 3.9152448177337646 0.00018408648611512035
v -0.4115560054779053 3.9257991313934326 -6.136215961305425e-05
v -0.44806647300720215 3.9152448177337646 0.00018408648611512035
v -0.43729743361473083 3.9018678665161133 0.07814471423625946
v -0.4699114263057709 3.8763411045074463 0.0001227243192261085
v -0.41152533888816833 3.9073596000671387 0.08397411555051804
v -0.34041085839271545 3.908494472503662 -0.00011536086822161451
v -0.45306748151779175 3.868241548538208 0.07783789187669754
v -0.46119800209999084 3.8129847049713135 0.0694006010890007
v -0.47856348752975464 3.818415403366089 0.0
v -0.41057419776916504 3.853698492050171 0.11333590745925903
v -0.3417203426361084 3.8889238834381104 0.09020544588565826
v -0.2580757439136505 3.8595850467681885 -2.8226593713043258e-05
v -0.46156617999076843 3.756869077682495 0.05866222456097603
v -0.4780725836753845 3.7601213455200195 0.0001227243192261085
v -0.26266929507255554 3.8520257472991943 0.09103812277317047
v -0.44956985116004944 3.7120132446289062 0.04893632233142853
v -0.46119800209999084 3.7082087993621826 0.00018408648611512035
v -0.411494642496109 3.7315263748168945 0.08664337545633316
v -0.4113719165325165 3.675380229949951 0.049764711409807205
v -0.4137650430202484 3.659916877746582 0.0
v -0.3050662875175476 3.808987617492676 0.12341341376304626
v -0.34542110562324524 3.630622625350952 0.050224315375089645
v -0.3473012149333954 3.6134068965911865 -3.006745464517735e-05
v -0.30762749910354614 3.6795411109924316 0.0923525020480156
v -0.2694578170776367 3.5978105068206787 0.0505170114338398
v -0.26749300956726074 3.578917980194092 -0.00013499674969352782
v -0.17558781802654266 3.7923057079315186 0.0864899605512619
v -0.16831640899181366 3.8049156665802 0.0
v -0.17767412960529327 3.578888177871704 0.049273815006017685
v -0.17255038022994995 3.5623509883880615 -6.136215961305425e-05
v -0.12910598516464233 3.7544453144073486 0.07768449187278748
v -0.11486995220184326 3.7571144104003906 0.00018408648611512035
v -0.18107973039150238 3.7452714443206787 0.1156676709651947
v -0.11410292983055115 3.7125654220581055 0.07615043967962265
v -0.09370002150535583 3.7067975997924805 0.0001227243192261085
v -0.18249106407165527 3.634390115737915 0.08713427186012268
v -0.11333590745925903 3.6632304191589355 0.06789723038673401
v -0.0927182137966156 3.6547625064849854 6.136215961305425e-05
v -0.11913463473320007 3.6175460815429688 0.05743497982621193
v -0.1011248379945755 3.6084342002868652 0.00018408648611512035
v -0.1358558088541031 3.587754964828491 0.04810793325304985
v -0.12438109517097473 3.5767710208892822 0.000245448638452217
v -0.08136472851037979 2.0350146293640137 0.08286163210868835
v -0.09504849463701248 2.025074005126953 0.08286163210868835
v -0.07289675623178482 2.0089356899261475 0.08286163210868835
v -0.06442877650260925 2.0350146293640137 0.08286163210868835
v -0.10026427358388901 2.0089356899261475 0.08286163210868835
v -0.05074501410126686 2.025074005126953 0.08286163210868835
v -0.09504849463701248 1.99285888671875 0.08286163210868835
v -0.04552923142910004 2.0089356899261475 0.08286163210868835
v -0.08136472851037979 1.9828568696975708 0.08286162465810776
v -0.05074501410126686 1.99285888671875 0.08286163210868835
v -0.06442877650260925 1.9828568696975708 0.08286162465810776
v -0.09504849463701248 2.025074005126953 -0.08844003826379776
v -0.08136472851037979 2.0350146293640137 -0.08844003826379776
v -0.07289675623178482 2.0089356899261475 -0.08844003826379776
v -0.10026427358388901 2.0089356899261475 -0.08844003826379776
v -0.06442877650260925 2.0350146293640137 -0.08844003826379776
v -0.09504849463701248 1.99285888671875 -0.08844003826379776
v -0.05074501410126686 2.025074005126953 -0.08844003826379776
v -0.08136472851037979 1.9828568696975708 -0.08844005316495895
v -0.04552923142910004 2.0089356899261475 -0.08844003826379776
v -0.06442877650260925 1.9828568696975708 -0.08844005316495895
v -0.05074501410126686 1.99285888671875 -0.08844003826379776
v 0.525425136089325 0.6734490990638733 -0.01664762571454048
v 0.4749431014060974 0.6714861392974854 -0.08872968703508377
v 0.4478210210800171 0.7184281349182129 -0.10805876553058624
v 0.4478210210800171 0.6244213581085205 -0.10824285447597504
v 0.4727715253829956 0.9012364745140076 -0.01664762571454048
v 0.4727715253829956 0.4457242786884308 -0.01664762571454048
v 0.40348687767982483 0.8679370880126953 -0.10440771281719208
v 0.39351552724838257 0.7184281349182129 -0.10222935676574707
v 0.40348687767982483 0.47905439138412476 -0.10440771281719208
v 0.39351552724838257 0.6244213581085205 -0.10222935676574707
v 0.3271051049232483 0.26303133368492126 -0.01664762571454048
v 0.27916714549064636 1.0237969160079956 -0.10440771281719208
v 0.3271051049232483 1.083929419517517 -0.01664762757718563
v 0.27916714549064636 0.3231331408023834 -0.10440771281719208
v 0.11658012866973877 0.16170953214168549 -0.01664762571454048
v 0.09952942281961441 1.110317587852478 -0.10440771281719208
v 0.11658012866973877 1.185251235961914 -0.01664762757718563
v 0.09952942281961441 0.2366124838590622 -0.10440771281719208
v -0.117023766040802 0.16170953214168549 -0.01664762571454048
v -0.0998975932598114 1.110317587852478 -0.10440771281719208
v -0.117023766040802 1.185251235961914 -0.01664762757718563
v -0.0998975932598114 0.2366124838590622 -0.10440771281719208
v -0.32748618721961975 0.26303133368492126 -0.01664762571454048
v -0.2795966863632202 1.0237969160079956 -0.10440771281719208
v -0.32748618721961975 1.083929419517517 -0.01664762757718563
v -0.2795966863632202 0.3231331408023834 -0.10440771281719208
v -0.4731525480747223 0.4457242786884308 -0.01664762571454048
v -0.4039163887500763 0.8679370880126953 -0.10440771281719208
v -0.4731525480747223 0.9012364745140076 -0.01664762571454048
v -0.4039163887500763 0.47905439138412476 -0.10440771281719208
v -0.5251269340515137 0.6734490990638733 -0.01664762571454048
v -0.44828125834465027 0.673449695110321 -0.10440771281719208
v -0.00018408648611512035 0.673449695110321 -0.10836557298898697
v 0.36639347672462463 0.6714861392974854 -0.10222935676574707
v 0.06482203304767609 1.968807339668274 0.10398922115564346
v 0.10751967132091522 1.9688361883163452 0.06031225249171257
v 0.0002162661839975044 1.968620777130127 0.0
v 0.007914148271083832 1.968666911125183 0.12828372418880463
v 0.12207107990980148 1.968666911125183 -0.011915303766727448
v -0.06285237520933151 1.9687429666519165 0.11341936141252518
v 0.09837241470813751 1.96892511844635 -0.06993322819471359
v -0.10579729080200195 1.96892511844635 0.06988781690597534
v 0.055391281843185425 1.9687429666519165 -0.11341875046491623
v -0.12956225872039795 1.968666911125183 0.011869896203279495
v -0.015393039211630821 1.968666911125183 -0.12833097577095032
v -0.11496724933385849 1.9688361883163452 -0.06033618375658989
v -0.07229478657245636 1.968807339668274 -0.10401254147291183
v 0.4464097321033478 0.6268144249916077 -0.05829405039548874
v 0.4478210210800171 0.6244213581085205 -0.10824285447597504
v 0.39351552724838257 0.6244213581085205 -0.10222935676574707
v 0.4749431014060974 0.6714861392974854 -0.08872968703508377
v 0.394865483045578 0.6268144249916077 -0.05829405039548874
v 0.36639347672462463 0.6714861392974854 -0.10222935676574707
v 0.47224316000938416 0.6714861392974854 -0.05829405039548874
v 0.3690933585166931 0.6714861392974854 -0.05829405039548874
v 0.39351552724838257 0.7184281349182129 -0.10222935676574707
v 0.4206376075744629 0.6714861392974854 -0.057741791009902954
v 0.394865483045578 0.7160350680351257 -0.05829405039548874
v 0.4464097321033478 0.7160350680351257 -0.05829405039548874
v 0.4478210210800171 0.7184281349182129 -0.10805876553058624
v 0.39351552724838257 0.6244213581085205 0.10222935676574707
v 0.4478210210800171 0.6244213581085205 0.10824285447597504
v 0.4464097321033478 0.6268144249916077 0.05829405039548874
v 0.4749431014060974 0.6714861392974854 0.08872968703508377
v 0.394865483045578 0.6268144249916077 0.05829405039548874
v 0.36639347672462463 0.6714861392974854 0.10222935676574707
v 0.47224316000938416 0.6714861392974854 0.05829405039548874
v 0.3690933585166931 0.6714861392974854 0.05829405039548874
v 0.39351552724838257 0.7184281349182129 0.10222935676574707
v 0.4206376075744629 0.6714861392974854 0.057741791009902954
v 0.394865483045578 0.7160350680351257 0.05829405039548874
v 0.4464097321033478 0.7160350680351257 0.05829405039548874
v 0.4478210210800171 0.7184281349182129 0.10805876553058624
v -0.13293559849262238 0.7888725399971008 0.10333449393510818
v -0.13459236919879913 0.9096946716308594 0.10333449393510818
v -0.13450585305690765 0.9091417789459229 0.11646537482738495
v -0.25780758261680603 0.8930654525756836 0.10333449393510818
v -0.1330331712961197 0.7882583141326904 0.12008574604988098
v -0.25885075330734253 0.6192675828933716 0.10333449393510818
v -0.25772106647491455 0.8923898935317993 0.11579039692878723
v -0.2588869631290436 0.6186532974243164 0.11714036017656326
v -0.3486229479312897 0.6057672500610352 0.10333449393510818
v -0.3485370874404907 0.6050922870635986 0.11425633728504181
v -0.38406574726104736 0.7037626504898071 0.11824487894773483
v -0.38421303033828735 0.7044381499290466 0.10333449393510818
v -0.13450585305690765 0.9091417789459229 -0.11646537482738495
v -0.13459236919879913 0.9096946716308594 -0.10333449393510818
v -0.13293559849262238 0.7888725399971008 -0.10333449393510818
v -0.25780758261680603 0.8930654525756836 -0.10333449393510818
v -0.1330331712961197 0.7882583141326904 -0.12008574604988098
v -0.25885075330734253 0.6192675828933716 -0.10333449393510818
v -0.25772106647491455 0.8923898935317993 -0.11579039692878723
v -0.2588869631290436 0.6186532974243164 -0.11714036017656326
v -0.3486229479312897 0.6057672500610352 -0.10333449393510818
v -0.3485370874404907 0.6050922870635986 -0.11425633728504181
v -0.38406574726104736 0.7037626504898071 -0.11824487894773483
v -0.38421303033828735 0.7044381499290466 -0.10333449393510818
v -0.08688881248235703 0.538207471370697 -0.1226377934217453
v -0.08688881248235703 0.5383915901184082 -0.09797021001577377
v -0.048414744436740875 0.5030162930488586 -0.09797021001577377
v -0.12155843526124954 0.5380848050117493 -0.09797021001577377
v -0.04844542592763901 0.5030162930488586 -0.12260711938142776
v -0.04341372475028038 0.4471767246723175 -0.09797021001577377
v -0.12155843526124954 0.5380848050117493 -0.12239234894514084
v -0.04341372475028038 0.4471767246723175 -0.12211622297763824
v -0.06387800723314285 0.40548112988471985 -0.09797021001577377
v -0.17758210003376007 0.45806851983070374 -0.12116510421037674
v -0.06393937021493912 0.4053584337234497 -0.12159463763237
v -0.09333184361457825 0.3786045014858246 -0.09797021001577377
v -0.1637142300605774 0.523419201374054 -0.12196281552314758
v -0.1637142300605774 0.523419201374054 -0.09797021001577377
v -0.19046814739704132 0.5548979640007019 -0.09797021001577377
v -0.09333184361457825 0.3786045014858246 -0.12110374122858047
v -0.2171606719493866 0.3193286657333374 -0.09797021001577377
v -0.1905294954776764 0.5547752976417542 -0.12202417850494385
v -0.21722204983234406 0.31926730275154114 -0.11963105201721191
v -0.2945997416973114 0.4324191212654114 -0.09797021001577377
v -0.22262191772460938 0.57465660572052 -0.12196281552314758
v -0.22262191772460938 0.5747179985046387 -0.09797021001577377
v -0.2728775143623352 0.5634273290634155 -0.09797021001577377
v -0.29472246766090393 0.43229642510414124 -0.12012194842100143
v -0.30797669291496277 0.4717522859573364 -0.09797021001577377
v -0.27281615138053894 0.5634886622428894 -0.12147191911935806
v -0.30797669291496277 0.4717522859573364 -0.12036740034818649
v -0.3026995360851288 0.5251373648643494 -0.09797021001577377
v -0.3027302026748657 0.5251986980438232 -0.12091965973377228
v -0.048414744436740875 0.5030162930488586 0.09797021001577377
v -0.08688881248235703 0.5383915901184082 0.09797021001577377
v -0.08688881248235703 0.538207471370697 0.1226377934217453
v -0.12155843526124954 0.5380848050117493 0.09797021001577377
v -0.04844542592763901 0.5030162930488586 0.12260711938142776
v -0.04341372475028038 0.4471767246723175 0.09797021001577377
v -0.12155843526124954 0.5380848050117493 0.12239234894514084
v -0.04341372475028038 0.4471767246723175 0.12211622297763824
v -0.06387800723314285 0.40548112988471985 0.09797021001577377
v -0.1637142300605774 0.523419201374054 0.12196281552314758
v -0.1637142300605774 0.523419201374054 0.09797021001577377
v -0.19046814739704132 0.5548979640007019 0.09797021001577377
v -0.06393937021493912 0.4053584337234497 0.12159463763237
v -0.09333184361457825 0.3786045014858246 0.09797021001577377
v -0.1905294954776764 0.5547752976417542 0.12202417850494385
v -0.09333184361457825 0.3786045014858246 0.12110374122858047
v -0.2171606719493866 0.3193286657333374 0.09797021001577377
v -0.22262191772460938 0.57465660572052 0.12196281552314758
v -0.22262191772460938 0.5747179985046387 0.09797021001577377
v -0.2728775143623352 0.5634273290634155 0.09797021001577377
v -0.21722204983234406 0.31926730275154114 0.11963105201721191
v -0.2945997416973114 0.4324191212654114 0.09797021001577377
v -0.27281615138053894 0.5634886622428894 0.12147191911935806
v -0.29472246766090393 0.43229642510414124 0.12012194842100143
v -0.30797669291496277 0.4717522859573364 0.09797021001577377
v -0.3027302026748657 0.5251986980438232 0.12091965973377228
v -0.3026995360851288 0.5251373648643494 0.09797021001577377
v -0.30797669291496277 0.4717522859573364 0.12036740034818649
v -0.17758210003376007 0.45806851983070374 0.12116510421037674
v 0.4727715253829956 0.4457242786884308 0.016525616869330406
v 0.525425136089325 0.6734490990638733 0.016525616869330406
v 0.4749431014060974 0.6714861392974854 0.08872968703508377
v 0.4478210210800171 0.7184281349182129 0.10805876553058624
v 0.4478210210800171 0.6244213581085205 0.10824285447597504
v 0.4727715253829956 0.9012364745140076 0.016525616869330406
v 0.40348687767982483 0.47905439138412476 0.10440771281719208
v 0.39351552724838257 0.6244213581085205 0.10222935676574707
v 0.3271051049232483 0.26303133368492126 0.016525616869330406
v 0.40348687767982483 0.8679370880126953 0.10440771281719208
v 0.39351552724838257 0.7184281349182129 0.10222935676574707
v 0.27916714549064636 0.3231331408023834 0.10440771281719208
v 0.11658012866973877 0.16170953214168549 0.016525616869330406
v 0.27916714549064636 1.0237969160079956 0.10440771281719208
v 0.3271051049232483 1.083929419517517 0.016525616869330406
v 0.09952942281961441 0.2366124838590622 0.10440771281719208
v -0.117023766040802 0.16170953214168549 0.016525616869330406
v 0.09952942281961441 1.110317587852478 0.10440771281719208
v 0.11658012866973877 1.185251235961914 0.016525616869330406
v -0.0998975932598114 0.2366124838590622 0.10440771281719208
v -0.32748618721961975 0.26303133368492126 0.016525616869330406
v -0.0998975932598114 1.110317587852478 0.10440771281719208
v -0.117023766040802 1.185251235961914 0.016525616869330406
v -0.2795966863632202 0.3231331408023834 0.10440771281719208
v -0.4731525480747223 0.4457242786884308 0.016525616869330406
v -0.2795966863632202 1.0237969160079956 0.10440771281719208
v -0.32748618721961975 1.083929419517517 0.016525616869330406
v -0.4039163887500763 0.47905439138412476 0.10440771281719208
v -0.5251269340515137 0.6734490990638733 0.016525616869330406
v -0.4039163887500763 0.8679370880126953 0.10440771281719208
v -0.4731525480747223 0.9012364745140076 0.016525616869330406
v -0.44828125834465027 0.673449695110321 0.10440771281719208
v -0.00018408648611512035 0.673449695110321 0.10836557298898697
v 0.36639347672462463 0.6714861392974854 0.10222935676574707
vt 0.37619999051094055 0.40240001678466797
vt 0.37619999051094055 0.35500001907348633
vt 0.4814999997615814 0.35500001907348633
vt 0.4814999997615814 0.40240001678466797
vt 0.7753999829292297 0.36730003356933594
vt 0.7290999889373779 0.36730003356933594
vt 0.7278000116348267 0.3862999677658081
vt 0.7766000032424927 0.3862999677658081
vt 0.7333999872207642 0.39569997787475586
vt 0.7710999846458435 0.39569997787475586
vt 0.7642999887466431 0.4047999978065491
vt 0.7401999831199646 0.4049000144004822
vt 0.7523000240325928 0.41019999980926514
vt 0.9901999831199646 0.4837000370025635
vt 0.9901999831199646 0.5299999713897705
vt 0.9751999974250793 0.5300999879837036
vt 0.9751999974250793 0.48360002040863037
vt 0.9617999792098999 0.5238999724388123
vt 0.9617999792098999 0.48979997634887695
vt 0.9477999806404114 0.5149999856948853
vt 0.9477999806404114 0.49870002269744873
vt 0.9444000124931335 0.5069000124931335
vt 0.3555999994277954 0.29350000619888306
vt 0.3555999994277954 0.3898000121116638
vt 0.3382999897003174 0.3898000121116638
vt 0.3382999897003174 0.29350000619888306
vt 0.3276999890804291 0.3898000121116638
vt 0.3276999890804291 0.29350000619888306
vt 0.3160000145435333 0.3898000121116638
vt 0.3160000145435333 0.29350000619888306
vt 0.3050000071525574 0.3898000121116638
vt 0.3050000071525574 0.29350000619888306
vt 0.29409998655319214 0.29350000619888306
vt 0.29409998655319214 0.3898000121116638
vt 0.2822999954223633 0.29350000619888306
vt 0.2822999954223633 0.3898000121116638
vt 0.2718000113964081 0.29350000619888306
vt 0.2718000113964081 0.3898000121116638
vt 0.25440001487731934 0.29350000619888306
vt 0.25440001487731934 0.3898000121116638
vt 0.3716000020503998 0.3393000364303589
vt 0.3716000020503998 0.3270000219345093
vt 0.38830000162124634 0.3270000219345093
vt 0.38830000162124634 0.3393000364303589
vt 0.40380001068115234 0.3270000219345093
vt 0.40380001068115234 0.3393000364303589
vt 0.41920000314712524 0.3393000364303589
vt 0.41920000314712524 0.3270000219345093
vt 0.43459999561309814 0.3393000364303589
vt 0.43459999561309814 0.3270000219345093
vt 0.45019999146461487 0.3393000364303589
vt 0.45019999146461487 0.3270000219345093
vt 0.4675000011920929 0.3270000219345093
vt 0.4675000011920929 0.3393000364303589
vt 0.4814999997615814 0.3270000219345093
vt 0.4814999997615814 0.3393000364303589
vt 0.49720001220703125 0.3393000364303589
vt 0.49720001220703125 0.3270000219345093
vt 0.5127230286598206 0.3389520049095154
vt 0.5128999948501587 0.3270000219345093
vt 0.5295000076293945 0.3270000219345093
vt 0.5295000076293945 0.3393000364303589
vt 0.2190999984741211 0.6502000093460083
vt 0.2134999930858612 0.6502000093460083
vt 0.2134999930858612 0.6456999778747559
vt 0.2190999984741211 0.6456999778747559
vt 0.2134999930858612 0.6413999795913696
vt 0.2190999984741211 0.6413999795913696
vt 0.2134999930858612 0.6370999813079834
vt 0.2190999984741211 0.6370999813079834
vt 0.2134999930858612 0.6326000094413757
vt 0.2190999984741211 0.6326000094413757
vt 0.2134999930858612 0.6198999881744385
vt 0.2190999984741211 0.6198999881744385
vt 0.2134999930858612 0.6173999905586243
vt 0.2190999984741211 0.6173999905586243
vt 0.2134999930858612 0.6018999814987183
vt 0.2190999984741211 0.6018999814987183
vt 0.2134999930858612 0.5989000201225281
vt 0.2190999984741211 0.5989000201225281
vt 0.2190999984741211 0.590499997138977
vt 0.2134999930858612 0.590499997138977
vt 0.2134999930858612 0.5853999853134155
vt 0.2190999984741211 0.5853999853134155
vt 0.2190999984741211 0.5802000164985657
vt 0.2134999930858612 0.5802000164985657
vt 0.2134999930858612 0.574999988079071
vt 0.2190999984741211 0.574999988079071
vt 0.2134999930858612 0.5699999928474426
vt 0.2190999984741211 0.5699999928474426
vt 0.2134999930858612 0.5616000294685364
vt 0.2190999984741211 0.5616000294685364
vt 0.2190999984741211 0.5584999918937683
vt 0.2134999930858612 0.5584999918937683
vt 0.2190999984741211 0.5430999994277954
vt 0.2134999930858612 0.5430999994277954
vt 0.2190999984741211 0.5404999852180481
vt 0.2134999930858612 0.5404999852180481
vt 0.2190999984741211 0.5278000235557556
vt 0.2134999930858612 0.5278000235557556
vt 0.20389999449253082 0.6675999760627747
vt 0.007899999618530273 0.6675999760627747
vt 0.007899999618530273 0.652899980545044
vt 0.20389999449253082 0.652899980545044
vt 0.007899999618530273 0.6392999887466431
vt 0.20389999449253082 0.6392999887466431
vt 0.007899999618530273 0.6258000135421753
vt 0.20389999449253082 0.6258000135421753
vt 0.007899999618530273 0.6122999787330627
vt 0.20389999449253082 0.6122999787330627
vt 0.007899999618530273 0.5985999703407288
vt 0.20389999449253082 0.5985999703407288
vt 0.007899999618530273 0.5834000110626221
vt 0.20389999449253082 0.5834000110626221
vt 0.007899999618530273 0.5710999965667725
vt 0.20389999449253082 0.5710999965667725
vt 0.007899999618530273 0.5572999715805054
vt 0.20389999449253082 0.5572999715805054
vt 0.007899999618530273 0.5435000061988831
vt 0.20389999449253082 0.5435000061988831
vt 0.007899999618530273 0.5289000272750854
vt 0.20389999449253082 0.5289000272750854
vt 0.3790000081062317 0.6585999727249146
vt 0.3790000081062317 0.6665999889373779
vt 0.3711000084877014 0.6682999730110168
vt 0.3711000084877014 0.6567999720573425
vt 0.3610999882221222 0.6703000068664551
vt 0.3610999882221222 0.6547999978065491
vt 0.3319999873638153 0.6740999817848206
vt 0.3319999873638153 0.6510000228881836
vt 0.2937000095844269 0.6798999905586243
vt 0.2935500144958496 0.6453499794006348
vt 0.2529999911785126 0.644599974155426
vt 0.2531000077724457 0.6815999746322632
vt 0.2321999967098236 0.6757000088691711
vt 0.2321999967098236 0.6496999859809875
vt 0.007899999618530273 0.2825999855995178
vt 0.007899999618530273 0.2581000328063965
vt 0.051899999380111694 0.2581000328063965
vt 0.051899999380111694 0.2825999855995178
vt 0.0869000032544136 0.2581000328063965
vt 0.0869000032544136 0.2825999855995178
vt 0.13300000131130219 0.2581000328063965
vt 0.13300000131130219 0.2825999855995178
vt 0.1704999953508377 0.2825999855995178
vt 0.1704999953508377 0.2581000328063965
vt 0.19589999318122864 0.2581000328063965
vt 0.19589999318122864 0.2825999855995178
vt 0.22599999606609344 0.2581000328063965
vt 0.22599999606609344 0.2825999855995178
vt 0.24150000512599945 0.2581000328063965
vt 0.2361000031232834 0.2825999855995178
vt 0.2476000040769577 0.2825999855995178
vt 0.25690001249313354 0.2581000328063965
vt 0.24979999661445618 0.2825999855995178
vt 0.2637999951839447 0.2825999855995178
vt 0.27239999175071716 0.2581000328063965
vt 0.27239999175071716 0.2825999855995178
vt 0.2833999991416931 0.2581000328063965
vt 0.2833999991416931 0.2825999855995178
vt 0.29019999504089355 0.2581000328063965
vt 0.29019999504089355 0.2825999855995178
vt 0.296999990940094 0.2581000328063965
vt 0.296999990940094 0.2825999855995178
vt 0.3077000081539154 0.2825999855995178
vt 0.3077000081539154 0.2581000328063965
vt 0.3151000142097473 0.2825999855995178
vt 0.32100000977516174 0.2581000328063965
vt 0.328000009059906 0.2825999855995178
vt 0.33090001344680786 0.2825999855995178
vt 0.33570000529289246 0.2581000328063965
vt 0.34209999442100525 0.2825999855995178
vt 0.3513000011444092 0.2825999855995178
vt 0.3513000011444092 0.2581000328063965
vt 0.38019999861717224 0.2825999855995178
vt 0.38019999861717224 0.2581000328063965
vt 0.40939998626708984 0.2825999855995178
vt 0.40939998626708984 0.2581000328063965
vt 0.44359999895095825 0.2581000328063965
vt 0.44359999895095825 0.2825999855995178
vt 0.4936999976634979 0.2825999855995178
vt 0.4936999976634979 0.2581000328063965
vt 0.5199999809265137 0.2581000328063965
vt 0.5199999809265137 0.2825999855995178
vt 0.5551999807357788 0.2581000328063965
vt 0.5551999807357788 0.2825999855995178
vt 0.6148999929428101 0.1369999647140503
vt 0.6424000263214111 0.15859997272491455
vt 0.6148999929428101 0.1843000054359436
vt 0.5552999973297119 0.1369999647140503
vt 0.5552999973297119 0.1843000054359436
vt 0.4884999990463257 0.1843000054359436
vt 0.4884999990463257 0.1369999647140503
vt 0.4250999987125397 0.1369999647140503
vt 0.4250999987125397 0.1843000054359436
vt 0.3961000144481659 0.1369999647140503
vt 0.3961000144481659 0.1843000054359436
vt 0.36820000410079956 0.1369999647140503
vt 0.36820000410079956 0.1843000054359436
vt 0.3580000102519989 0.1843000054359436
vt 0.3580000102519989 0.1369999647140503
vt 0.3492000102996826 0.1369999647140503
vt 0.3492000102996826 0.1843000054359436
vt 0.33820000290870667 0.1369999647140503
vt 0.33820000290870667 0.1843000054359436
vt 0.33090001344680786 0.1369999647140503
vt 0.33090001344680786 0.1843000054359436
vt 0.32510000467300415 0.1843000054359436
vt 0.32510000467300415 0.1369999647140503
vt 0.31940001249313354 0.1843000054359436
vt 0.31940001249313354 0.1369999647140503
vt 0.31209999322891235 0.1369999647140503
vt 0.31209999322891235 0.1843000054359436
vt 0.3009999990463257 0.1843000054359436
vt 0.3009999990463257 0.1369999647140503
vt 0.2921000123023987 0.1843000054359436
vt 0.2921000123023987 0.1369999647140503
vt 0.28200000524520874 0.1369999647140503
vt 0.28200000524520874 0.1843000054359436
vt 0.2542000114917755 0.1369999647140503
vt 0.2542000114917755 0.1843000054359436
vt 0.22519999742507935 0.1369999647140503
vt 0.22519999742507935 0.1843000054359436
vt 0.16169999539852142 0.1843000054359436
vt 0.16169999539852142 0.1369999647140503
vt 0.0949999988079071 0.1369999647140503
vt 0.0949999988079071 0.1843000054359436
vt 0.03539999946951866 0.1843000054359436
vt 0.03539999946951866 0.1369999647140503
vt 0.007899999618530273 0.15390002727508545
vt 0.08579999953508377 0.7943000197410583
vt 0.08579999953508377 0.7990999817848206
vt 0.02779100090265274 0.7990999817848206
vt 0.02779100090265274 0.7943000197410583
vt 0.08579999953508377 0.7894999980926514
vt 0.02779100090265274 0.7894999980926514
vt 0.08579999953508377 0.7846999764442444
vt 0.02779100090265274 0.7846999764442444
vt 0.02779100090265274 0.7799000144004822
vt 0.08579999953508377 0.7799000144004822
vt 0.02779100090265274 0.7750999927520752
vt 0.08579999953508377 0.7750999927520752
vt 0.02779100090265274 0.7702999711036682
vt 0.08579999953508377 0.7702999711036682
vt 0.02779100090265274 0.7656000256538391
vt 0.08579999953508377 0.7656000256538391
vt 0.08579999953508377 0.7608000040054321
vt 0.02779100090265274 0.7608000040054321
vt 0.02779100090265274 0.7559999823570251
vt 0.08579999953508377 0.7559999823570251
vt 0.08579999953508377 0.7512000203132629
vt 0.02779100090265274 0.7512000203132629
vt 0.03530000150203705 0.0070999860763549805
vt 0.03530000150203705 0.07060003280639648
vt 0.007899999618530273 0.047299981117248535
vt 0.09809999912977219 0.07060003280639648
vt 0.09809999912977219 0.0070999860763549805
vt 0.16869999468326569 0.07060003280639648
vt 0.16869999468326569 0.0070999860763549805
vt 0.2345000058412552 0.07060003280639648
vt 0.2345000058412552 0.0070999860763549805
vt 0.2720000147819519 0.07060003280639648
vt 0.2720000147819519 0.0070999860763549805
vt 0.3091999888420105 0.0070999860763549805
vt 0.3091999888420105 0.07060003280639648
vt 0.3278000056743622 0.07060003280639648
vt 0.3278000056743622 0.0070999860763549805
vt 0.33660000562667847 0.07060003280639648
vt 0.33660000562667847 0.0070999860763549805
vt 0.34529998898506165 0.07060003280639648
vt 0.34529998898506165 0.0070999860763549805
vt 0.35600000619888306 0.0070999860763549805
vt 0.35600000619888306 0.07060003280639648
vt 0.36579999327659607 0.0070999860763549805
vt 0.36579999327659607 0.07060003280639648
vt 0.3756999969482422 0.0070999860763549805
vt 0.3756999969482422 0.07060003280639648
vt 0.3840000033378601 0.0070999860763549805
vt 0.3840000033378601 0.07060003280639648
vt 0.392300009727478 0.07060003280639648
vt 0.392300009727478 0.0070999860763549805
vt 0.40220001339912415 0.0070999860763549805
vt 0.40220001339912415 0.07060003280639648
vt 0.41200000047683716 0.0070999860763549805
vt 0.41200000047683716 0.07060003280639648
vt 0.42260000109672546 0.07060003280639648
vt 0.42260000109672546 0.0070999860763549805
vt 0.43140000104904175 0.0070999860763549805
vt 0.43140000104904175 0.07060003280639648
vt 0.4401000142097473 0.07060003280639648
vt 0.4401000142097473 0.0070999860763549805
vt 0.45879998803138733 0.0070999860763549805
vt 0.45879998803138733 0.07060003280639648
vt 0.4959000051021576 0.0070999860763549805
vt 0.4959000051021576 0.07060003280639648
vt 0.5335000157356262 0.07060003280639648
vt 0.5335000157356262 0.0070999860763549805
vt 0.5992000102996826 0.0070999860763549805
vt 0.5992000102996826 0.07060003280639648
vt 0.6697999835014343 0.07060003280639648
vt 0.6697999835014343 0.0070999860763549805
vt 0.7328000068664551 0.0070999860763549805
vt 0.7328000068664551 0.07060003280639648
vt 0.760200023651123 0.044200003147125244
vt 0.8334041833877563 0.9130612015724182
vt 0.8335011005401611 0.9345117211341858
vt 0.8965505361557007 0.8864880204200745
vt 0.8240534067153931 0.9041731357574463
vt 0.8654198050498962 0.8486238718032837
vt 0.9154609441757202 0.793705940246582
vt 0.7766215205192566 0.9065370559692383
vt 0.9162604808807373 0.7529146075248718
vt 0.7966238856315613 0.9195705652236938
vt 0.9215656518936157 0.7888398170471191
vt 0.780199408531189 0.9317854642868042
vt 0.9455967545509338 0.7946990132331848
vt 0.7444018125534058 0.9815220236778259
vt 0.9709528684616089 0.716766357421875
vt 0.9673675894737244 0.6911448240280151
vt 0.6705673336982727 0.9222866296768188
vt 0.9166919589042664 0.6469568014144897
vt 0.9443055391311646 0.6670129299163818
vt 0.9378132224082947 0.6529111862182617
vt 0.9321955442428589 0.6333120465278625
vt 0.934080183506012 0.6249483227729797
vt 0.8744178414344788 0.5434091091156006
vt 0.6673991680145264 0.9778076410293579
vt 0.6740716695785522 0.9565626382827759
vt 0.6630386114120483 0.9495047926902771
vt 0.6311940550804138 0.946027934551239
vt 0.5734497308731079 0.8946025371551514
vt 0.5699100494384766 0.9620330929756165
vt 0.5318151712417603 0.9193230867385864
vt 0.5212531089782715 0.9326303601264954
vt 0.521347165107727 0.881138801574707
vt 0.5166959762573242 0.8709100484848022
vt 0.4976705014705658 0.8264552354812622
vt 0.43180400133132935 0.8422918915748596
vt 0.4579659104347229 0.7313308715820312
vt 0.4212495684623718 0.7575742602348328
vt 0.4059394299983978 0.7575742602348328
vt 0.42754802107810974 0.7545950412750244
vt 0.43093952536582947 0.7477427124977112
vt 0.4244328737258911 0.7313775420188904
vt 0.39856746792793274 0.690350353717804
vt 0.3912999927997589 0.6645302176475525
vt 0.46261999011039734 0.6281268000602722
vt 0.4140559136867523 0.5764427781105042
vt 0.4380204677581787 0.5892641544342041
vt 0.44725844264030457 0.5854843854904175
vt 0.4546228051185608 0.5802200436592102
vt 0.459661602973938 0.5719784498214722
vt 0.5102373361587524 0.5370542407035828
vt 0.4644096791744232 0.5548964738845825
vt 0.4538971185684204 0.5105031728744507
vt 0.4608738422393799 0.4939187169075012
vt 0.5353896021842957 0.4482925534248352
vt 0.5290911197662354 0.4389575719833374
vt 0.5434322357177734 0.4543503522872925
vt 0.5870786905288696 0.4648292660713196
vt 0.554677426815033 0.45499980449676514
vt 0.5635921955108643 0.450531005859375
vt 0.5810292959213257 0.4193382263183594
vt 0.5973083972930908 0.4068254232406616
vt 0.6154285669326782 0.3990793824195862
vt 0.6864839792251587 0.4484900236129761
vt 0.6970664262771606 0.4094322919845581
vt 0.7000702619552612 0.3969194293022156
vt 0.7047214508056641 0.42700982093811035
vt 0.7152835130691528 0.43187594413757324
vt 0.7957366108894348 0.47173166275024414
vt 0.7708069086074829 0.41817140579223633
vt 0.7946926951408386 0.41516733169555664
vt 0.8619409203529358 0.45777058601379395
vt 0.8537044525146484 0.47415637969970703
vt 0.8553711175918579 0.4889235496520996
vt 0.9094216823577881 0.5141776204109192
vt 0.9299643635749817 0.5363233685493469
vt 0.9397003650665283 0.6183940172195435
vt 0.9632470011711121 0.6156134009361267
vt 0.8334041833877563 0.9130612015724182
vt 0.8965505361557007 0.8864880204200745
vt 0.8335011005401611 0.9345117211341858
vt 0.8240534067153931 0.9041731357574463
vt 0.8654198050498962 0.8486238718032837
vt 0.9154609441757202 0.793705940246582
vt 0.7766215205192566 0.9065370559692383
vt 0.9162604808807373 0.7529146075248718
vt 0.7966238856315613 0.9195705652236938
vt 0.9215656518936157 0.7888398170471191
vt 0.780199408531189 0.9317854642868042
vt 0.9455967545509338 0.7946990132331848
vt 0.7444018125534058 0.9815220236778259
vt 0.9709528684616089 0.716766357421875
vt 0.9673675894737244 0.6911448240280151
vt 0.6705673336982727 0.9222866296768188
vt 0.9166919589042664 0.6469568014144897
vt 0.9443055391311646 0.6670129299163818
vt 0.9378132224082947 0.6529111862182617
vt 0.9321955442428589 0.6333120465278625
vt 0.934080183506012 0.6249483227729797
vt 0.8744178414344788 0.5434091091156006
vt 0.6673991680145264 0.9778076410293579
vt 0.6740716695785522 0.9565626382827759
vt 0.6630386114120483 0.9495047926902771
vt 0.6311940550804138 0.946027934551239
vt 0.5734497308731079 0.8946025371551514
vt 0.5699100494384766 0.9620330929756165
vt 0.5212531089782715 0.9326303601264954
vt 0.5318151712417603 0.9193230867385864
vt 0.521347165107727 0.881138801574707
vt 0.5166959762573242 0.8709100484848022
vt 0.4976705014705658 0.8264552354812622
vt 0.43180400133132935 0.8422918915748596
vt 0.4579659104347229 0.7313308715820312
vt 0.4059394299983978 0.7575742602348328
vt 0.4212495684623718 0.7575742602348328
vt 0.42754802107810974 0.7545950412750244
vt 0.43093952536582947 0.7477427124977112
vt 0.4244328737258911 0.7313775420188904
vt 0.39856746792793274 0.690350353717804
vt 0.3912999927997589 0.6645302176475525
vt 0.46261999011039734 0.6281268000602722
vt 0.4140559136867523 0.5764427781105042
vt 0.4380204677581787 0.5892641544342041
vt 0.44725844264030457 0.5854843854904175
vt 0.4546228051185608 0.5802200436592102
vt 0.459661602973938 0.5719784498214722
vt 0.5102373361587524 0.5370542407035828
vt 0.4644096791744232 0.5548964738845825
vt 0.4538971185684204 0.5105031728744507
vt 0.4608738422393799 0.4939187169075012
vt 0.5290911197662354 0.4389575719833374
vt 0.5353896021842957 0.4482925534248352
vt 0.5434322357177734 0.4543503522872925
vt 0.5870786905288696 0.4648292660713196
vt 0.554677426815033 0.45499980449676514
vt 0.5635921955108643 0.450531005859375
vt 0.5810292959213257 0.4193382263183594
vt 0.5973083972930908 0.4068254232406616
vt 0.6154285669326782 0.3990793824195862
vt 0.6864839792251587 0.4484900236129761
vt 0.6970664262771606 0.4094322919845581
vt 0.7000702619552612 0.3969194293022156
vt 0.7047214508056641 0.42700982093811035
vt 0.7152835130691528 0.43187594413757324
vt 0.7957366108894348 0.47173166275024414
vt 0.7708069086074829 0.41817140579223633
vt 0.7946926951408386 0.41516733169555664
vt 0.8619409203529358 0.45777058601379395
vt 0.8537044525146484 0.47415637969970703
vt 0.8553711175918579 0.4889235496520996
vt 0.9094216823577881 0.5141776204109192
vt 0.9299643635749817 0.5363233685493469
vt 0.9397003650665283 0.6183940172195435
vt 0.9632470011711121 0.6156134009361267
vt 0.00839999970048666 0.4952999949455261
vt 0.007199999876320362 0.4952999949455261
vt 0.007199999876320362 0.47829997539520264
vt 0.00839999970048666 0.47829997539520264
vt 0.00839999970048666 0.4772000312805176
vt 0.018699999898672104 0.4772000312805176
vt 0.018699999898672104 0.4952999949455261
vt 0.00839999970048666 0.49639999866485596
vt 0.018699999898672104 0.47829997539520264
vt 0.03550000116229057 0.47829997539520264
vt 0.03550000116229057 0.4772000312805176
vt 0.03550000116229057 0.4952999949455261
vt 0.018699999898672104 0.49639999866485596
vt 0.00839999970048666 0.5134000182151794
vt 0.018699999898672104 0.5134000182151794
vt 0.03550000116229057 0.49639999866485596
vt 0.03550000116229057 0.5134000182151794
vt 0.04919999837875366 0.5134000182151794
vt 0.04919999837875366 0.4952999949455261
vt 0.04919999837875366 0.49639999866485596
vt 0.06549999862909317 0.5134000182151794
vt 0.04919999837875366 0.47829997539520264
vt 0.04919999837875366 0.4772000312805176
vt 0.06549999862909317 0.4772000312805176
vt 0.06549999862909317 0.4952999949455261
vt 0.06549999862909317 0.47829997539520264
vt 0.13500000536441803 0.4772000312805176
vt 0.06549999862909317 0.49639999866485596
vt 0.13500000536441803 0.5134000182151794
vt 0.13500000536441803 0.4952999949455261
vt 0.13500000536441803 0.47829997539520264
vt 0.16259999573230743 0.4772000312805176
vt 0.13500000536441803 0.49639999866485596
vt 0.16259999573230743 0.5134000182151794
vt 0.16259999573230743 0.47829997539520264
vt 0.18410000205039978 0.4772000312805176
vt 0.16259999573230743 0.4952999949455261
vt 0.16259999573230743 0.49639999866485596
vt 0.18410000205039978 0.5134000182151794
vt 0.18410000205039978 0.47829997539520264
vt 0.19290000200271606 0.4772000312805176
vt 0.18410000205039978 0.4952999949455261
vt 0.18410000205039978 0.49639999866485596
vt 0.19290000200271606 0.49639999866485596
vt 0.19290000200271606 0.5134000182151794
vt 0.19290000200271606 0.4952999949455261
vt 0.19290000200271606 0.47829997539520264
vt 0.20000000298023224 0.4952999949455261
vt 0.20000000298023224 0.49639999866485596
vt 0.20000000298023224 0.5134000182151794
vt 0.20000000298023224 0.47829997539520264
vt 0.20000000298023224 0.4772000312805176
vt 0.20909999310970306 0.49639999866485596
vt 0.20909999310970306 0.5134000182151794
vt 0.21969999372959137 0.5134000182151794
vt 0.20909999310970306 0.4952999949455261
vt 0.20909999310970306 0.47829997539520264
vt 0.20909999310970306 0.4772000312805176
vt 0.21969999372959137 0.4772000312805176
vt 0.22349999845027924 0.4772000312805176
vt 0.22349999845027924 0.47829997539520264
vt 0.21969999372959137 0.47829997539520264
vt 0.22349999845027924 0.4952999949455261
vt 0.21969999372959137 0.4952999949455261
vt 0.22349999845027924 0.49639999866485596
vt 0.21969999372959137 0.49639999866485596
vt 0.22349999845027924 0.5134000182151794
vt 0.5071200132369995 0.3200629949569702
vt 0.5365999937057495 0.3130999803543091
vt 0.5307999849319458 0.32010000944137573
vt 0.5385000109672546 0.3069000244140625
vt 0.507099986076355 0.2929999828338623
vt 0.5379999876022339 0.2997000217437744
vt 0.5346999764442444 0.2929999828338623
vt 0.4887999892234802 0.32010000944137573
vt 0.4887999892234802 0.2929999828338623
vt 0.47040000557899475 0.32010000944137573
vt 0.47040000557899475 0.2929999828338623
vt 0.4519999921321869 0.32010000944137573
vt 0.4519999921321869 0.2929999828338623
vt 0.43369999527931213 0.32010000944137573
vt 0.43369999527931213 0.2929999828338623
vt 0.41530001163482666 0.32010000944137573
vt 0.41530001163482666 0.2929999828338623
vt 0.3968999981880188 0.32010000944137573
vt 0.3968999981880188 0.2929999828338623
vt 0.3677000105381012 0.3130999803543091
vt 0.3736000061035156 0.32010000944137573
vt 0.36559998989105225 0.3069000244140625
vt 0.3659999966621399 0.2997000217437744
vt 0.3693000078201294 0.2929999828338623
vt 0.02239999920129776 0.24709999561309814
vt 0.007899999618530273 0.24709999561309814
vt 0.007899999618530273 0.22280001640319824
vt 0.02239999920129776 0.22280001640319824
vt 0.05460000038146973 0.22280001640319824
vt 0.05460000038146973 0.24709999561309814
vt 0.09139999747276306 0.22280001640319824
vt 0.09139999747276306 0.24709999561309814
vt 0.14030000567436218 0.22280001640319824
vt 0.14030000567436218 0.24709999561309814
vt 0.1680999994277954 0.24709999561309814
vt 0.1688999980688095 0.22280001640319824
vt 0.20399999618530273 0.24709999561309814
vt 0.20399999618530273 0.22280001640319824
vt 0.22349999845027924 0.24709999561309814
vt 0.21559999883174896 0.22280001640319824
vt 0.22990000247955322 0.22280001640319824
vt 0.24199999868869781 0.24709999561309814
vt 0.23389999568462372 0.22280001640319824
vt 0.25040000677108765 0.22280001640319824
vt 0.2603999972343445 0.24709999561309814
vt 0.2603999972343445 0.22280001640319824
vt 0.27140000462532043 0.24709999561309814
vt 0.27140000462532043 0.22280001640319824
vt 0.2808000147342682 0.24709999561309814
vt 0.2808000147342682 0.22280001640319824
vt 0.28999999165534973 0.22280001640319824
vt 0.28999999165534973 0.24709999561309814
vt 0.3010999858379364 0.22280001640319824
vt 0.3010999858379364 0.24709999561309814
vt 0.3140999972820282 0.22280001640319824
vt 0.32010000944137573 0.24709999561309814
vt 0.33090001344680786 0.22280001640319824
vt 0.334199994802475 0.22280001640319824
vt 0.3416999876499176 0.24709999561309814
vt 0.34929999709129333 0.22280001640319824
vt 0.36059999465942383 0.22280001640319824
vt 0.36059999465942383 0.24709999561309814
vt 0.3961000144481659 0.22280001640319824
vt 0.3961000144481659 0.24709999561309814
vt 0.42260000109672546 0.22280001640319824
vt 0.42260000109672546 0.24709999561309814
vt 0.45260000228881836 0.24709999561309814
vt 0.45260000228881836 0.22280001640319824
vt 0.4959999918937683 0.22280001640319824
vt 0.4959999918937683 0.24709999561309814
vt 0.5394999980926514 0.24709999561309814
vt 0.5394999980926514 0.22280001640319824
vt 0.5591999888420105 0.22280001640319824
vt 0.5591999888420105 0.24709999561309814
vt 0.9675999879837036 0.010999977588653564
vt 0.983299970626831 0.009299993515014648
vt 0.983299970626831 0.01410001516342163
vt 0.9675999879837036 0.0163000226020813
vt 0.983299970626831 0.028299987316131592
vt 0.949999988079071 0.011500000953674316
vt 0.967706024646759 0.04000002145767212
vt 0.983299970626831 0.04000002145767212
vt 0.949999988079071 0.01660001277923584
vt 0.8916000127792358 0.018700003623962402
vt 0.983299970626831 0.05190002918243408
vt 0.8916000127792358 0.0218999981880188
vt 0.8363999724388123 0.02950000762939453
vt 0.9296110272407532 0.04000002145767212
vt 0.8851169943809509 0.04000002145767212
vt 0.9675999879837036 0.06389999389648438
vt 0.983299970626831 0.06610000133514404
vt 0.949999988079071 0.06349998712539673
vt 0.983299970626831 0.07099997997283936
vt 0.9675999879837036 0.06929999589920044
vt 0.949999988079071 0.06859999895095825
vt 0.8916000127792358 0.06150001287460327
vt 0.8916000127792358 0.05820000171661377
vt 0.8363999724388123 0.05070000886917114
vt 0.8363999724388123 0.04000002145767212
vt 0.7867000102996826 0.045400023460388184
vt 0.7867000102996826 0.03479999303817749
vt 0.7867000102996826 0.04000002145767212
vt 0.7669000029563904 0.04000002145767212
vt 0.682699978351593 0.11320000886917114
vt 0.6819080114364624 0.1636279821395874
vt 0.667900025844574 0.14219999313354492
vt 0.7042999863624573 0.13339996337890625
vt 0.6881999969482422 0.17629998922348022
vt 0.7056999802589417 0.09310001134872437
vt 0.7095000147819519 0.13980001211166382
vt 0.7224000096321106 0.12430000305175781
vt 0.7544000148773193 0.11659997701644897
vt 0.7524999976158142 0.07810002565383911
vt 0.7324000000953674 0.1395999789237976
vt 0.7111999988555908 0.17680001258850098
vt 0.7289999723434448 0.2200000286102295
vt 0.7254999876022339 0.1728000044822693
vt 0.7408000230789185 0.2060999870300293
vt 0.7490000128746033 0.2289000153541565
vt 0.7501000165939331 0.17089998722076416
vt 0.7487999796867371 0.19859999418258667
vt 0.7544999718666077 0.20969998836517334
vt 0.7709000110626221 0.21029996871948242
vt 0.7749999761581421 0.2303999662399292
vt 0.7645999789237976 0.19580000638961792
vt 0.792900025844574 0.20810002088546753
vt 0.7967000007629395 0.22750002145767212
vt 0.7876999974250793 0.19370001554489136
vt 0.7748000025749207 0.16930001974105835
vt 0.8504999876022339 0.19940000772476196
vt 0.8555999994277954 0.21160000562667847
vt 0.8446000218391418 0.1872999668121338
vt 0.9027000069618225 0.19279998540878296
vt 0.9052000045776367 0.19999998807907104
vt 0.8981999754905701 0.18340003490447998
vt 0.830299973487854 0.16600000858306885
vt 0.8851000070571899 0.16339999437332153
vt 0.9534000158309937 0.18559998273849487
vt 0.955299973487854 0.18930000066757202
vt 0.9466000199317932 0.17760002613067627
vt 0.9714000225067139 0.17589998245239258
vt 0.9771000146865845 0.18029999732971191
vt 0.9846000075340271 0.15469998121261597
vt 0.9684000015258789 0.17040002346038818
vt 0.9764000177383423 0.156499981880188
vt 0.9591000080108643 0.12660002708435059
vt 0.97079998254776 0.15770000219345093
vt 0.9541000127792358 0.1340000033378601
vt 0.9325000047683716 0.11720001697540283
vt 0.9629999995231628 0.1592000126838684
vt 0.949400007724762 0.14319998025894165
vt 0.9280999898910522 0.12950003147125244
vt 0.883899986743927 0.10540002584457397
vt 0.9327999949455261 0.16170001029968262
vt 0.9244999885559082 0.13830000162124634
vt 0.878600001335144 0.12449997663497925
vt 0.8287000060081482 0.08859997987747192
vt 0.8762000203132629 0.13489997386932373
vt 0.8206999897956848 0.11739999055862427
vt 0.8202999830245972 0.13190001249313354
vt 0.7598000168800354 0.13440001010894775
vt 0.9719759821891785 0.30494797229766846
vt 0.9697999954223633 0.2547999620437622
vt 0.9854000210762024 0.2832000255584717
vt 0.9488000273704529 0.27549999952316284
vt 0.9460999965667725 0.2354000210762024
vt 0.9661999940872192 0.31779998540878296
vt 0.9302999973297119 0.2669999599456787
vt 0.9437999725341797 0.28209996223449707
vt 0.8981999754905701 0.26030004024505615
vt 0.8988000154495239 0.22179996967315674
vt 0.9207000136375427 0.2827000021934509
vt 0.9430999755859375 0.3188999891281128
vt 0.9272000193595886 0.3625999689102173
vt 0.9286999702453613 0.31550002098083496
vt 0.9147999882698059 0.3493000268936157
vt 0.9075999855995178 0.3723999857902527
vt 0.9039999842643738 0.31439995765686035
vt 0.9065999984741211 0.34200000762939453
vt 0.9014000296592712 0.35339999198913574
vt 0.8848999738693237 0.3546000123023987
vt 0.8817999958992004 0.3747999668121338
vt 0.8906000256538391 0.33980000019073486
vt 0.8629000186920166 0.3531000018119812
vt 0.8598999977111816 0.37279999256134033
vt 0.8673999905586243 0.3385000228881836
vt 0.8794999718666077 0.31379997730255127
vt 0.8932999968528748 0.2782999873161316
vt 0.8240000009536743 0.3125
vt 0.8319000005722046 0.26339995861053467
vt 0.8325999975204468 0.27779996395111084
vt 0.8228999972343445 0.23500001430511475
vt 0.7771000266075134 0.28299999237060547
vt 0.7742999792098999 0.272599995136261
vt 0.7681000232696533 0.25380003452301025
vt 0.76910001039505 0.3118000030517578
vt 0.7249000072479248 0.27950000762939453
vt 0.7200000286102295 0.26740002632141113
vt 0.7287999987602234 0.2882000207901001
vt 0.6991000175476074 0.28509998321533203
vt 0.6937999725341797 0.27779996395111084
vt 0.7041000127792358 0.2939000129699707
vt 0.6776999831199646 0.30840003490448
vt 0.6693999767303467 0.3070000410079956
vt 0.6833999752998352 0.3091999888420105
vt 0.6834999918937683 0.32749998569488525
vt 0.6779000163078308 0.33219999074935913
vt 0.699999988079071 0.3400999903678894
vt 0.6912999749183655 0.31050002574920654
vt 0.70169997215271 0.33649998903274536
vt 0.7501999735832214 0.3492000102996826
vt 0.6862999796867371 0.32190001010894775
vt 0.7524999976158142 0.3418999910354614
vt 0.8004999756813049 0.35909998416900635
vt 0.708299994468689 0.32829999923706055
vt 0.7214000225067139 0.3119000196456909
vt 0.7566999793052673 0.33230000734329224
vt 0.8105000257492065 0.3343999981880188
vt 0.8051000237464905 0.3467000126838684
vt 0.16619999706745148 0.46230000257492065
vt 0.16619999706745148 0.4666000008583069
vt 0.156700000166893 0.4666000008583069
vt 0.156700000166893 0.46230000257492065
vt 0.16619999706745148 0.455299973487854
vt 0.15219999849796295 0.4666000008583069
vt 0.156700000166893 0.455299973487854
vt 0.16619999706745148 0.448199987411499
vt 0.15219999849796295 0.46230000257492065
vt 0.1477999985218048 0.46230000257492065
vt 0.1477999985218048 0.4666000008583069
vt 0.15219999849796295 0.455299973487854
vt 0.13189999759197235 0.46230000257492065
vt 0.13189999759197235 0.4666000008583069
vt 0.1477999985218048 0.455299973487854
vt 0.13189999759197235 0.455299973487854
vt 0.05469999834895134 0.46230000257492065
vt 0.05469999834895134 0.4666000008583069
vt 0.05469999834895134 0.455299973487854
vt 0.03999999910593033 0.46230000257492065
vt 0.03999999910593033 0.4666000008583069
vt 0.025299999862909317 0.46230000257492065
vt 0.025299999862909317 0.4666000008583069
vt 0.007899999618530273 0.4666000008583069
vt 0.007899999618530273 0.46230000257492065
vt 0.03999999910593033 0.455299973487854
vt 0.025299999862909317 0.455299973487854
vt 0.007899999618530273 0.455299973487854
vt 0.025299999862909317 0.448199987411499
vt 0.007899999618530273 0.448199987411499
vt 0.007899999618530273 0.4410499930381775
vt 0.03999999910593033 0.448199987411499
vt 0.05469999834895134 0.448199987411499
vt 0.03999999910593033 0.4410499930381775
vt 0.025299999862909317 0.4410499930381775
vt 0.007899999618530273 0.43389999866485596
vt 0.025299999862909317 0.43389999866485596
vt 0.007899999618530273 0.42910003662109375
vt 0.025299999862909317 0.42910003662109375
vt 0.03999999910593033 0.43389999866485596
vt 0.03999999910593033 0.42910003662109375
vt 0.05469999834895134 0.4410499930381775
vt 0.05469999834895134 0.43389999866485596
vt 0.05469999834895134 0.42910003662109375
vt 0.13189999759197235 0.448199987411499
vt 0.13189999759197235 0.4410499930381775
vt 0.13189999759197235 0.43389999866485596
vt 0.13189999759197235 0.42910003662109375
vt 0.1477999985218048 0.42910003662109375
vt 0.1477999985218048 0.43389999866485596
vt 0.15219999849796295 0.42910003662109375
vt 0.1477999985218048 0.4410499930381775
vt 0.15219999849796295 0.43389999866485596
vt 0.1477999985218048 0.448199987411499
vt 0.15219999849796295 0.4410499930381775
vt 0.15219999849796295 0.448199987411499
vt 0.156700000166893 0.4410499930381775
vt 0.156700000166893 0.448199987411499
vt 0.16619999706745148 0.4410499930381775
vt 0.156700000166893 0.43389999866485596
vt 0.16619999706745148 0.43389999866485596
vt 0.156700000166893 0.42910003662109375
vt 0.16619999706745148 0.42910003662109375
vt 0.156700000166893 0.4666000008583069
vt 0.16619999706745148 0.4666000008583069
vt 0.16619999706745148 0.46230000257492065
vt 0.156700000166893 0.46230000257492065
vt 0.16619999706745148 0.455299973487854
vt 0.15219999849796295 0.4666000008583069
vt 0.156700000166893 0.455299973487854
vt 0.16619999706745148 0.448199987411499
vt 0.15219999849796295 0.46230000257492065
vt 0.1477999985218048 0.46230000257492065
vt 0.1477999985218048 0.4666000008583069
vt 0.15219999849796295 0.455299973487854
vt 0.13189999759197235 0.46230000257492065
vt 0.13189999759197235 0.4666000008583069
vt 0.1477999985218048 0.455299973487854
vt 0.13189999759197235 0.455299973487854
vt 0.05469999834895134 0.46230000257492065
vt 0.05469999834895134 0.4666000008583069
vt 0.05469999834895134 0.455299973487854
vt 0.03999999910593033 0.46230000257492065
vt 0.03999999910593033 0.4666000008583069
vt 0.025299999862909317 0.46230000257492065
vt 0.025299999862909317 0.4666000008583069
vt 0.007899999618530273 0.4666000008583069
vt 0.007899999618530273 0.46230000257492065
vt 0.03999999910593033 0.455299973487854
vt 0.025299999862909317 0.455299973487854
vt 0.007899999618530273 0.455299973487854
vt 0.03999999910593033 0.448199987411499
vt 0.025299999862909317 0.448199987411499
vt 0.007899999618530273 0.448199987411499
vt 0.007899999618530273 0.4410499930381775
vt 0.05469999834895134 0.448199987411499
vt 0.025299999862909317 0.4410499930381775
vt 0.007899999618530273 0.43389999866485596
vt 0.03999999910593033 0.4410499930381775
vt 0.025299999862909317 0.43389999866485596
vt 0.007899999618530273 0.42910003662109375
vt 0.025299999862909317 0.42910003662109375
vt 0.03999999910593033 0.43389999866485596
vt 0.03999999910593033 0.42910003662109375
vt 0.05469999834895134 0.4410499930381775
vt 0.05469999834895134 0.43389999866485596
vt 0.05469999834895134 0.42910003662109375
vt 0.13189999759197235 0.448199987411499
vt 0.13189999759197235 0.4410499930381775
vt 0.13189999759197235 0.43389999866485596
vt 0.13189999759197235 0.42910003662109375
vt 0.1477999985218048 0.42910003662109375
vt 0.1477999985218048 0.43389999866485596
vt 0.15219999849796295 0.42910003662109375
vt 0.1477999985218048 0.4410499930381775
vt 0.1477999985218048 0.448199987411499
vt 0.15219999849796295 0.43389999866485596
vt 0.15219999849796295 0.4410499930381775
vt 0.15219999849796295 0.448199987411499
vt 0.156700000166893 0.4410499930381775
vt 0.156700000166893 0.448199987411499
vt 0.16619999706745148 0.4410499930381775
vt 0.156700000166893 0.43389999866485596
vt 0.16619999706745148 0.43389999866485596
vt 0.156700000166893 0.42910003662109375
vt 0.16619999706745148 0.42910003662109375
vt 0.8956500291824341 0.3873000144958496
vt 0.8956500291824341 0.38380002975463867
vt 0.9010999798774719 0.38380002975463867
vt 0.9010999798774719 0.3873000144958496
vt 0.9052000045776367 0.38380002975463867
vt 0.8956500291824341 0.4261000156402588
vt 0.9052000045776367 0.3873000144958496
vt 0.9010999798774719 0.4261000156402588
vt 0.9093000292778015 0.3873000144958496
vt 0.9093000292778015 0.38380002975463867
vt 0.9052000045776367 0.4261000156402588
vt 0.9010999798774719 0.4294999837875366
vt 0.8956500291824341 0.4294999837875366
vt 0.8956500291824341 0.4682999849319458
vt 0.9010999798774719 0.4682999849319458
vt 0.9052000045776367 0.4294999837875366
vt 0.9052000045776367 0.4682999849319458
vt 0.9093000292778015 0.4682999849319458
vt 0.9093000292778015 0.4261000156402588
vt 0.9093000292778015 0.4294999837875366
vt 0.914650022983551 0.4294999837875366
vt 0.914650022983551 0.4682999849319458
vt 0.9411500096321106 0.4682999849319458
vt 0.914650022983551 0.4261000156402588
vt 0.914650022983551 0.3873000144958496
vt 0.914650022983551 0.38380002975463867
vt 0.9411500096321106 0.4294999837875366
vt 0.9411500096321106 0.3873000144958496
vt 0.9411500096321106 0.38380002975463867
vt 0.9465000033378601 0.38380002975463867
vt 0.9411500096321106 0.4261000156402588
vt 0.9465000033378601 0.4294999837875366
vt 0.9465000033378601 0.4682999849319458
vt 0.9465000033378601 0.3873000144958496
vt 0.9506000280380249 0.38380002975463867
vt 0.9465000033378601 0.4261000156402588
vt 0.9506000280380249 0.4294999837875366
vt 0.9506000280380249 0.4682999849319458
vt 0.9546999931335449 0.4682999849319458
vt 0.9506000280380249 0.3873000144958496
vt 0.9506000280380249 0.4261000156402588
vt 0.9546999931335449 0.3873000144958496
vt 0.9546999931335449 0.38380002975463867
vt 0.9546999931335449 0.4261000156402588
vt 0.9601500034332275 0.3873000144958496
vt 0.9601500034332275 0.38380002975463867
vt 0.9850000143051147 0.38380002975463867
vt 0.9850000143051147 0.3873000144958496
vt 0.9850000143051147 0.4261000156402588
vt 0.9601500034332275 0.4261000156402588
vt 0.9850000143051147 0.4294999837875366
vt 0.9546999931335449 0.4294999837875366
vt 0.9601500034332275 0.4294999837875366
vt 0.9850000143051147 0.4682999849319458
vt 0.9601500034332275 0.4682999849319458
vt 0.0348999984562397 0.7343999743461609
vt 0.017000000923871994 0.7343999743461609
vt 0.017000000923871994 0.7111999988555908
vt 0.0348999984562397 0.7111999988555908
vt 0.04910000041127205 0.7343999743461609
vt 0.017000000923871994 0.7087000012397766
vt 0.04910000041127205 0.7111999988555908
vt 0.05510000139474869 0.7343999743461609
vt 0.0348999984562397 0.7087000012397766
vt 0.05510000139474869 0.7111999988555908
vt 0.05959999933838844 0.7343999743461609
vt 0.04910000041127205 0.7087000012397766
vt 0.0348999984562397 0.6855999827384949
vt 0.017000000923871994 0.6855999827384949
vt 0.017000000923871994 0.6830999851226807
vt 0.0348999984562397 0.6830999851226807
vt 0.04910000041127205 0.6830999851226807
vt 0.04910000041127205 0.6855999827384949
vt 0.05510000139474869 0.6830999851226807
vt 0.05510000139474869 0.6855999827384949
vt 0.05959999933838844 0.6830999851226807
vt 0.05510000139474869 0.7087000012397766
vt 0.05959999933838844 0.6855999827384949
vt 0.05959999933838844 0.7111999988555908
vt 0.05959999933838844 0.7087000012397766
vt 0.06620000302791595 0.7087000012397766
vt 0.06620000302791595 0.6855999827384949
vt 0.06620000302791595 0.6830999851226807
vt 0.07209999859333038 0.6830999851226807
vt 0.06620000302791595 0.7111999988555908
vt 0.06620000302791595 0.7343999743461609
vt 0.07209999859333038 0.7087000012397766
vt 0.07209999859333038 0.7111999988555908
vt 0.07209999859333038 0.7343999743461609
vt 0.07209999859333038 0.6855999827384949
vt 0.08429999649524689 0.7087000012397766
vt 0.08429999649524689 0.7111999988555908
vt 0.08429999649524689 0.7343999743461609
vt 0.10090000182390213 0.7343999743461609
vt 0.10090000182390213 0.7111999988555908
vt 0.10090000182390213 0.7087000012397766
vt 0.10090000182390213 0.6855999827384949
vt 0.08429999649524689 0.6855999827384949
vt 0.08429999649524689 0.6830999851226807
vt 0.10090000182390213 0.6830999851226807
vt 0.017000000923871994 0.7111999988555908
vt 0.017000000923871994 0.7343999743461609
vt 0.0348999984562397 0.7343999743461609
vt 0.0348999984562397 0.7111999988555908
vt 0.04910000041127205 0.7343999743461609
vt 0.017000000923871994 0.7087000012397766
vt 0.04910000041127205 0.7111999988555908
vt 0.05510000139474869 0.7343999743461609
vt 0.0348999984562397 0.7087000012397766
vt 0.05510000139474869 0.7111999988555908
vt 0.05959999933838844 0.7343999743461609
vt 0.04910000041127205 0.7087000012397766
vt 0.0348999984562397 0.6855999827384949
vt 0.017000000923871994 0.6855999827384949
vt 0.0348999984562397 0.6830999851226807
vt 0.017000000923871994 0.6830999851226807
vt 0.04910000041127205 0.6830999851226807
vt 0.04910000041127205 0.6855999827384949
vt 0.05510000139474869 0.6830999851226807
vt 0.05510000139474869 0.6855999827384949
vt 0.05959999933838844 0.6830999851226807
vt 0.05510000139474869 0.7087000012397766
vt 0.05959999933838844 0.6855999827384949
vt 0.05959999933838844 0.7111999988555908
vt 0.05959999933838844 0.7087000012397766
vt 0.06620000302791595 0.6855999827384949
vt 0.06620000302791595 0.6830999851226807
vt 0.06620000302791595 0.7087000012397766
vt 0.06620000302791595 0.7111999988555908
vt 0.06620000302791595 0.7343999743461609
vt 0.07209999859333038 0.7087000012397766
vt 0.07209999859333038 0.6855999827384949
vt 0.07209999859333038 0.6830999851226807
vt 0.07209999859333038 0.7111999988555908
vt 0.07209999859333038 0.7343999743461609
vt 0.08429999649524689 0.6855999827384949
vt 0.08429999649524689 0.6830999851226807
vt 0.08429999649524689 0.7087000012397766
vt 0.10090000182390213 0.6855999827384949
vt 0.10090000182390213 0.6830999851226807
vt 0.10090000182390213 0.7087000012397766
vt 0.08429999649524689 0.7111999988555908
vt 0.10090000182390213 0.7111999988555908
vt 0.08429999649524689 0.7343999743461609
vt 0.10090000182390213 0.7343999743461609
vt 0.007899999618530273 0.38839995861053467
vt 0.007899999618530273 0.29350000619888306
vt 0.03020000085234642 0.29350000619888306
vt 0.03020000085234642 0.38839995861053467
vt 0.052000001072883606 0.29350000619888306
vt 0.03020000085234642 0.3950999975204468
vt 0.007899999618530273 0.3950999975204468
vt 0.052000001072883606 0.38839995861053467
vt 0.06689999997615814 0.29350000619888306
vt 0.03020000085234642 0.4075000286102295
vt 0.007899999618530273 0.4075000286102295
vt 0.007899999618530273 0.4139000177383423
vt 0.03020000085234642 0.4139000177383423
vt 0.052000001072883606 0.4139000177383423
vt 0.052000001072883606 0.4075000286102295
vt 0.052000001072883606 0.3950999975204468
vt 0.06689999997615814 0.4075000286102295
vt 0.06689999997615814 0.4139000177383423
vt 0.06689999997615814 0.38839995861053467
vt 0.08905000239610672 0.29350000619888306
vt 0.06689999997615814 0.3950999975204468
vt 0.08905000239610672 0.4075000286102295
vt 0.08905000239610672 0.4139000177383423
vt 0.1103999987244606 0.4139000177383423
vt 0.08905000239610672 0.3950999975204468
vt 0.08905000239610672 0.38839995861053467
vt 0.1103999987244606 0.29350000619888306
vt 0.1103999987244606 0.38839995861053467
vt 0.1251000016927719 0.29350000619888306
vt 0.1103999987244606 0.3950999975204468
vt 0.1103999987244606 0.4075000286102295
vt 0.1251000016927719 0.4139000177383423
vt 0.1251000016927719 0.38839995861053467
vt 0.14669999480247498 0.29350000619888306
vt 0.1251000016927719 0.4075000286102295
vt 0.1251000016927719 0.3950999975204468
vt 0.14669999480247498 0.38839995861053467
vt 0.16820000112056732 0.29350000619888306
vt 0.14669999480247498 0.3950999975204468
vt 0.14669999480247498 0.4075000286102295
vt 0.14669999480247498 0.4139000177383423
vt 0.16820000112056732 0.4139000177383423
vt 0.16820000112056732 0.4075000286102295
vt 0.18310000002384186 0.4139000177383423
vt 0.16820000112056732 0.38839995861053467
vt 0.18310000002384186 0.29350000619888306
vt 0.16820000112056732 0.3950999975204468
vt 0.18310000002384186 0.38839995861053467
vt 0.2054000049829483 0.29350000619888306
vt 0.18310000002384186 0.4075000286102295
vt 0.18310000002384186 0.3950999975204468
vt 0.2054000049829483 0.38839995861053467
vt 0.227400004863739 0.29350000619888306
vt 0.2054000049829483 0.3950999975204468
vt 0.227400004863739 0.38839995861053467
vt 0.24230000376701355 0.29350000619888306
vt 0.24230000376701355 0.38839995861053467
vt 0.24230000376701355 0.3950999975204468
vt 0.227400004863739 0.3950999975204468
vt 0.24230000376701355 0.4075000286102295
vt 0.2054000049829483 0.4075000286102295
vt 0.2054000049829483 0.4139000177383423
vt 0.227400004863739 0.4139000177383423
vt 0.227400004863739 0.4075000286102295
vt 0.24230000376701355 0.4139000177383423
vt 0.6807000041007996 0.0812000036239624
vt 0.6807000041007996 0.09759998321533203
vt 0.620199978351593 0.09759998321533203
vt 0.620199978351593 0.09759998321533203
vt 0.6807000041007996 0.09759998321533203
vt 0.620199978351593 0.0812000036239624
vt 0.6071000099182129 0.09759998321533203
vt 0.6071000099182129 0.09759998321533203
vt 0.6071000099182129 0.0812000036239624
vt 0.599399983882904 0.09759998321533203
vt 0.599399983882904 0.09759998321533203
vt 0.599399983882904 0.0812000036239624
vt 0.5921000242233276 0.09759998321533203
vt 0.5921000242233276 0.09759998321533203
vt 0.5921000242233276 0.0812000036239624
vt 0.5562999844551086 0.0812000036239624
vt 0.5562999844551086 0.09759998321533203
vt 0.5562999844551086 0.09759998321533203
vt 0.5094000101089478 0.09759998321533203
vt 0.5094000101089478 0.09759998321533203
vt 0.5094000101089478 0.0812000036239624
vt 0.4991999864578247 0.09759998321533203
vt 0.4991999864578247 0.09759998321533203
vt 0.4991999864578247 0.0812000036239624
vt 0.4925999939441681 0.0812000036239624
vt 0.4925999939441681 0.09759998321533203
vt 0.4925999939441681 0.09759998321533203
vt 0.4862000048160553 0.09759998321533203
vt 0.4862000048160553 0.09759998321533203
vt 0.4862000048160553 0.0812000036239624
vt 0.43389999866485596 0.09759998321533203
vt 0.43389999866485596 0.09759998321533203
vt 0.43389999866485596 0.0812000036239624
vt 0.37459999322891235 0.09759998321533203
vt 0.37459999322891235 0.09759998321533203
vt 0.37459999322891235 0.0812000036239624
vt 0.3653999865055084 0.09759998321533203
vt 0.3653999865055084 0.09759998321533203
vt 0.3653999865055084 0.0812000036239624
vt 0.361299991607666 0.0812000036239624
vt 0.361299991607666 0.09759998321533203
vt 0.361299991607666 0.09759998321533203
vt 0.3571000099182129 0.0812000036239624
vt 0.3571000099182129 0.09759998321533203
vt 0.3571000099182129 0.09759998321533203
vt 0.35089999437332153 0.09759998321533203
vt 0.35089999437332153 0.09759998321533203
vt 0.35089999437332153 0.0812000036239624
vt 0.3262999951839447 0.09759998321533203
vt 0.3262999951839447 0.09759998321533203
vt 0.3262999951839447 0.0812000036239624
vt 0.310699999332428 0.0812000036239624
vt 0.310699999332428 0.09759998321533203
vt 0.310699999332428 0.09759998321533203
vt 0.25220000743865967 0.09759998321533203
vt 0.25220000743865967 0.09759998321533203
vt 0.25220000743865967 0.0812000036239624
vt 0.24040000140666962 0.0812000036239624
vt 0.24040000140666962 0.09759998321533203
vt 0.24040000140666962 0.09759998321533203
vt 0.2362000048160553 0.0812000036239624
vt 0.2362000048160553 0.09759998321533203
vt 0.2362000048160553 0.09759998321533203
vt 0.23100000619888306 0.09759998321533203
vt 0.23100000619888306 0.09759998321533203
vt 0.23100000619888306 0.0812000036239624
vt 0.22550000250339508 0.0812000036239624
vt 0.22550000250339508 0.09759998321533203
vt 0.22550000250339508 0.09759998321533203
vt 0.21529999375343323 0.0812000036239624
vt 0.21529999375343323 0.09759998321533203
vt 0.21529999375343323 0.09759998321533203
vt 0.19339999556541443 0.0812000036239624
vt 0.19339999556541443 0.09759998321533203
vt 0.19339999556541443 0.09759998321533203
vt 0.18299999833106995 0.0812000036239624
vt 0.18299999833106995 0.09759998321533203
vt 0.18299999833106995 0.09759998321533203
vt 0.12970000505447388 0.09759998321533203
vt 0.12970000505447388 0.09759998321533203
vt 0.12970000505447388 0.0812000036239624
vt 0.12280000001192093 0.09759998321533203
vt 0.12280000001192093 0.09759998321533203
vt 0.12280000001192093 0.0812000036239624
vt 0.11710000038146973 0.0812000036239624
vt 0.11710000038146973 0.09759998321533203
vt 0.11710000038146973 0.09759998321533203
vt 0.11169999837875366 0.09759998321533203
vt 0.11169999837875366 0.09759998321533203
vt 0.11169999837875366 0.0812000036239624
vt 0.10599999874830246 0.0812000036239624
vt 0.10599999874830246 0.09759998321533203
vt 0.10599999874830246 0.09759998321533203
vt 0.08659999817609787 0.09759998321533203
vt 0.08659999817609787 0.0812000036239624
vt 0.08659999817609787 0.09759998321533203
vt 0.07460000365972519 0.0812000036239624
vt 0.07460000365972519 0.09759998321533203
vt 0.07460000365972519 0.09759998321533203
vt 0.06300000101327896 0.09759998321533203
vt 0.06300000101327896 0.09759998321533203
vt 0.06300000101327896 0.0812000036239624
vt 0.010300000198185444 0.09759998321533203
vt 0.010300000198185444 0.09759998321533203
vt 0.010300000198185444 0.0812000036239624
vt 0.19359999895095825 0.46529996395111084
vt 0.18619999289512634 0.46529996395111084
vt 0.18619999289512634 0.44749999046325684
vt 0.18619999289512634 0.42989999055862427
vt 0.19359999895095825 0.42989999055862427
vt 0.19359999895095825 0.44749999046325684
vt 0.2004999965429306 0.46529996395111084
vt 0.2004999965429306 0.42989999055862427
vt 0.2004999965429306 0.44749999046325684
vt 0.20759999752044678 0.44749999046325684
vt 0.20759999752044678 0.46529996395111084
vt 0.20759999752044678 0.42989999055862427
vt 0.21649999916553497 0.44749999046325684
vt 0.21649999916553497 0.46529996395111084
vt 0.21649999916553497 0.42989999055862427
vt 0.4746739864349365 0.19359999895095825
vt 0.4852469861507416 0.1964629888534546
vt 0.4857740104198456 0.21119999885559082
vt 0.4852469861507416 0.1964629888534546
vt 0.4746739864349365 0.19359999895095825
vt 0.4746739864349365 0.21119999885559082
vt 0.4632740020751953 0.21119999885559082
vt 0.4632740020751953 0.19359999895095825
vt 0.4632740020751953 0.19359999895095825
vt 0.433898001909256 0.19359999895095825
vt 0.433898001909256 0.19359999895095825
vt 0.433898001909256 0.21119999885559082
vt 0.42094698548316956 0.21119999885559082
vt 0.42094698548316956 0.19359999895095825
vt 0.42094698548316956 0.19359999895095825
vt 0.3800469934940338 0.19359999895095825
vt 0.3800469934940338 0.19359999895095825
vt 0.3800469934940338 0.21119999885559082
vt 0.3240000009536743 0.21119999885559082
vt 0.3240000009536743 0.19359999895095825
vt 0.3240000009536743 0.19359999895095825
vt 0.31189998984336853 0.21119999885559082
vt 0.31189998984336853 0.19359999895095825
vt 0.31189998984336853 0.19359999895095825
vt 0.28679999709129333 0.21119999885559082
vt 0.28679999709129333 0.19359999895095825
vt 0.28679999709129333 0.19359999895095825
vt 0.17720000445842743 0.21119999885559082
vt 0.17720000445842743 0.19359999895095825
vt 0.17720000445842743 0.19359999895095825
vt 0.148499995470047 0.21119999885559082
vt 0.148499995470047 0.19359999895095825
vt 0.148499995470047 0.19359999895095825
vt 0.07029999792575836 0.21119999885559082
vt 0.07029999792575836 0.19359999895095825
vt 0.07029999792575836 0.19359999895095825
vt 0.054499998688697815 0.19359999895095825
vt 0.054499998688697815 0.19359999895095825
vt 0.054499998688697815 0.21119999885559082
vt 0.02889999933540821 0.21119999885559082
vt 0.02889999933540821 0.19359999895095825
vt 0.02889999933540821 0.19359999895095825
vt 0.010300000198185444 0.19359999895095825
vt 0.010300000198185444 0.19359999895095825
vt 0.010300000198185444 0.21119999885559082
vt 0.38449999690055847 0.6118999719619751
vt 0.38449999690055847 0.6330000162124634
vt 0.36010000109672546 0.6347000002861023
vt 0.36090001463890076 0.6134999990463257
vt 0.3181999921798706 0.6127499938011169
vt 0.3120500147342682 0.6289499998092651
vt 0.36230000853538513 0.5924999713897705
vt 0.38449999690055847 0.5924999713897705
vt 0.38449999690055847 0.5730000138282776
vt 0.3197999894618988 0.5924999713897705
vt 0.36090001463890076 0.571399986743927
vt 0.36010000109672546 0.5501999855041504
vt 0.38449999690055847 0.5519000291824341
vt 0.3181999921798706 0.5721499919891357
vt 0.31200000643730164 0.5559499859809875
vt 0.27959999442100525 0.5924999713897705
vt 0.27619999647140503 0.5771999955177307
vt 0.2718000113964081 0.5688999891281128
vt 0.27619999647140503 0.607699990272522
vt 0.2718000113964081 0.6159999966621399
vt 0.2500999867916107 0.5924999713897705
vt 0.24650000035762787 0.5807999968528748
vt 0.243599995970726 0.5752999782562256
vt 0.24650000035762787 0.6040999889373779
vt 0.243599995970726 0.6096000075340271
vt 0.24210000038146973 0.5924999713897705
vt 0.23810000717639923 0.5835999846458435
vt 0.2345000058412552 0.5795999765396118
vt 0.22930000722408295 0.5867999792098999
vt 0.23810000717639923 0.6013000011444092
vt 0.2345000058412552 0.6053000092506409
vt 0.22930000722408295 0.5981000065803528
vt 0.23199999332427979 0.5967000126838684
vt 0.23199999332427979 0.5881999731063843
vt 0.2337000072002411 0.5947999954223633
vt 0.2337000072002411 0.5902000069618225
vt 0.23469999432563782 0.5924999713897705
vt 0.5706999897956848 0.367900013923645
vt 0.5807999968528748 0.37189996242523193
vt 0.5807999968528748 0.3932000398635864
vt 0.5807999968528748 0.3676999807357788
vt 0.5715000033378601 0.3932000398635864
vt 0.5717999935150146 0.34175002574920654
vt 0.5672000050544739 0.3700000047683716
vt 0.5807999968528748 0.3416000008583069
vt 0.5640000104904175 0.3932000398635864
vt 0.5807999968528748 0.33649998903274536
vt 0.5644000172615051 0.3702999949455261
vt 0.5683000087738037 0.3393999934196472
vt 0.5616999864578247 0.3698999881744385
vt 0.5807999968528748 0.32280004024505615
vt 0.5566999912261963 0.3932000398635864
vt 0.5741000175476074 0.32260000705718994
vt 0.5583999752998352 0.3676999807357788
vt 0.5651999711990356 0.32239997386932373
vt 0.5485000014305115 0.3932000398635864
vt 0.5649999976158142 0.33889997005462646
vt 0.5485000014305115 0.37150001525878906
vt 0.5616000294685364 0.3392000198364258
vt 0.5485000014305115 0.36720001697540283
vt 0.5564000010490417 0.32239997386932373
vt 0.5577999949455261 0.3416000008583069
vt 0.5485000014305115 0.3222999572753906
vt 0.5485000014305115 0.340999960899353
vt 0.5485000014305115 0.3359000086784363
vt 0.510450005531311 0.3964500427246094
vt 0.5005000233650208 0.42159998416900635
vt 0.5005000233650208 0.4003000259399414
vt 0.5005000233650208 0.3960000276565552
vt 0.5094000101089478 0.42159998416900635
vt 0.5097000002861023 0.3694000244140625
vt 0.5139999985694885 0.3986999988555908
vt 0.5005000233650208 0.3698999881744385
vt 0.516700029373169 0.42159998416900635
vt 0.5005000233650208 0.3646000027656555
vt 0.516700029373169 0.39899998903274536
vt 0.5133000016212463 0.3668999671936035
vt 0.5194000005722046 0.3986999988555908
vt 0.5005000233650208 0.3499000072479248
vt 0.5238999724388123 0.42159998416900635
vt 0.5077999830245972 0.3499000072479248
vt 0.5228000283241272 0.3964500427246094
vt 0.516700029373169 0.3499000072479248
vt 0.5327000021934509 0.42159998416900635
vt 0.516700029373169 0.36660003662109375
vt 0.5327000021934509 0.4003000259399414
vt 0.5199999809265137 0.3668999671936035
vt 0.5327000021934509 0.3960000276565552
vt 0.5253999829292297 0.3499000072479248
vt 0.5236499905586243 0.3694000244140625
vt 0.5327000021934509 0.3499000072479248
vt 0.5327000021934509 0.3698999881744385
vt 0.5327000021934509 0.3646000027656555
vt 0.6169000267982483 0.10790002346038818
vt 0.6169000267982483 0.125
vt 0.5521000027656555 0.125
vt 0.6169000267982483 0.10790002346038818
vt 0.5521000027656555 0.10790002346038818
vt 0.5521000027656555 0.10790002346038818
vt 0.52920001745224 0.125
vt 0.52920001745224 0.10790002346038818
vt 0.52920001745224 0.10790002346038818
vt 0.5166500210762024 0.125
vt 0.5166500210762024 0.10790002346038818
vt 0.5166500210762024 0.10790002346038818
vt 0.5019999742507935 0.125
vt 0.5019999742507935 0.10790002346038818
vt 0.5019999742507935 0.10790002346038818
vt 0.476500004529953 0.10790002346038818
vt 0.476500004529953 0.10790002346038818
vt 0.476500004529953 0.125
vt 0.3495999872684479 0.125
vt 0.3495999872684479 0.10790002346038818
vt 0.3495999872684479 0.10790002346038818
vt 0.25290000438690186 0.125
vt 0.25290000438690186 0.10790002346038818
vt 0.25290000438690186 0.10790002346038818
vt 0.24420000612735748 0.10790002346038818
vt 0.24420000612735748 0.10790002346038818
vt 0.24420000612735748 0.125
vt 0.21449999511241913 0.125
vt 0.21449999511241913 0.10790002346038818
vt 0.21449999511241913 0.10790002346038818
vt 0.11110000312328339 0.10790002346038818
vt 0.11110000312328339 0.125
vt 0.11110000312328339 0.10790002346038818
vt 0.08169999718666077 0.125
vt 0.08169999718666077 0.10790002346038818
vt 0.08169999718666077 0.10790002346038818
vt 0.04360000044107437 0.10790002346038818
vt 0.04360000044107437 0.10790002346038818
vt 0.04360000044107437 0.125
vt 0.026399999856948853 0.10790002346038818
vt 0.026399999856948853 0.10790002346038818
vt 0.026399999856948853 0.125
vt 0.010579000227153301 0.11068201065063477
vt 0.010579000227153301 0.11068201065063477
vt 0.010300000198185444 0.125
vt 0.5929999947547913 0.2766000032424927
vt 0.5925999879837036 0.2888000011444092
vt 0.5859000086784363 0.28690004348754883
vt 0.599399983882904 0.2872999906539917
vt 0.5891000032424927 0.2757999897003174
vt 0.5968999862670898 0.2760000228881836
vt 0.5777000188827515 0.28154999017715454
vt 0.6087499856948853 0.2820500135421753
vt 0.5845000147819519 0.27275002002716064
vt 0.6020500063896179 0.27310001850128174
vt 0.5799499750137329 0.23229998350143433
vt 0.6082500219345093 0.23264998197555542
vt 0.5856999754905701 0.23989999294281006
vt 0.602400004863739 0.24014997482299805
vt 0.5906000137329102 0.2371000051498413
vt 0.6003000140190125 0.22679996490478516
vt 0.588699996471405 0.22630000114440918
vt 0.5978000164031982 0.23729997873306274
vt 0.5942999720573425 0.23680001497268677
vt 0.5945000052452087 0.22600001096725464
vt 0.9922000169754028 0.9872000217437744
vt 0.9704999923706055 0.9926000237464905
vt 0.9764999747276306 0.9815000295639038
vt 0.9922000169754028 0.9811999797821045
vt 0.9213550090789795 0.9689350128173828
vt 0.9146999716758728 0.9814000129699707
vt 0.9764999747276306 0.9646999835968018
vt 0.9922000169754028 0.9638000130653381
vt 0.9033929705619812 0.9744399785995483
vt 0.9764999747276306 0.949400007724762
vt 0.9922000169754028 0.949400007724762
vt 0.9922000169754028 0.9350000023841858
vt 0.9092209935188293 0.9493970274925232
vt 0.8901000022888184 0.949400007724762
vt 0.9033929705619812 0.924314022064209
vt 0.9764999747276306 0.9340000152587891
vt 0.9922000169754028 0.9175999760627747
vt 0.9213550090789795 0.9298059940338135
vt 0.9146999716758728 0.9174000024795532
vt 0.9704999923706055 0.9061999917030334
vt 0.9764999747276306 0.9172999858856201
vt 0.9922000169754028 0.9117000102996826
vt 0.11590000241994858 0.7809000015258789
vt 0.12110000103712082 0.7962999939918518
vt 0.13680000603199005 0.788100004196167
vt 0.13490000367164612 0.8115000128746033
vt 0.1363999992609024 0.7783499956130981
vt 0.11590000241994858 0.7628999948501587
vt 0.14704999327659607 0.7971500158309937
vt 0.17264999449253082 0.8273500204086304
vt 0.13979999721050262 0.7628999948501587
vt 0.12039999663829803 0.7387999892234802
vt 0.15889999270439148 0.7789999842643738
vt 0.17865000665187836 0.8077499866485596
vt 0.21320000290870667 0.8300999999046326
vt 0.14745000004768372 0.7473999857902527
vt 0.1354999989271164 0.7175999879837036
vt 0.21324999630451202 0.8083999752998352
vt 0.24169999361038208 0.8240000009536743
vt 0.15674999356269836 0.7375500202178955
vt 0.163100004196167 0.7001000046730042
vt 0.17389999330043793 0.7473000288009644
vt 0.17520000040531158 0.7301499843597412
vt 0.2152000069618225 0.6911500096321106
vt 0.20502500236034393 0.7789999842643738
vt 0.22032499313354492 0.7473000288009644
vt 0.21347500383853912 0.7243250012397766
vt 0.24334999918937683 0.7260500192642212
vt 0.25529998540878296 0.698199987411499
vt 0.23694999516010284 0.8033999800682068
vt 0.2687000036239624 0.8091999888420105
vt 0.25760000944137573 0.7316499948501587
vt 0.27469998598098755 0.7106000185012817
vt 0.2547000050544739 0.7946000099182129
vt 0.28459998965263367 0.7886999845504761
vt 0.24070000648498535 0.7789999842643738
vt 0.2628999948501587 0.7802500128746033
vt 0.29089999198913574 0.7628999948501587
vt 0.2500999867916107 0.7473000288009644
vt 0.267549991607666 0.7628999948501587
vt 0.290800005197525 0.7401000261306763
vt 0.26600000262260437 0.7459499835968018
vt 0.26339998841285706 0.7355999946594238
vt 0.2849000096321106 0.7229999899864197
vt 0.12939999997615814 0.9764000177383423
vt 0.11680000275373459 0.9864000082015991
vt 0.10419999808073044 0.9649999737739563
vt 0.09969999641180038 0.9925000071525574
vt 0.10824999958276749 0.9592000246047974
vt 0.14159999787807465 0.9571999907493591
vt 0.09390000253915787 0.9675999879837036
vt 0.07689999788999557 0.9692000150680542
vt 0.07689999788999557 0.9927999973297119
vt 0.09260000288486481 0.9519000053405762
vt 0.1137000024318695 0.9452000260353088
vt 0.1488499939441681 0.9169999957084656
vt 0.05889999866485596 0.9644500017166138
vt 0.05119999870657921 0.9861999750137329
vt 0.1154249981045723 0.9153249859809875
vt 0.045249998569488525 0.9563500285148621
vt 0.030700000002980232 0.970300018787384
vt 0.05939999967813492 0.9424999952316284
vt 0.036400001496076584 0.9387000203132629
vt 0.01590000092983246 0.9434999823570251
vt 0.09260000288486481 0.9220250248908997
vt 0.03150000050663948 0.9150000214576721
vt 0.009800000116229057 0.914900004863739
vt 0.05939999967813492 0.9068250060081482
vt 0.03207499906420708 0.8804500102996826
vt 0.012550000101327896 0.8745499849319458
vt 0.10965000092983246 0.8770999908447266
vt 0.13979999721050262 0.8650000095367432
vt 0.042750000953674316 0.8487499952316284
vt 0.028300000354647636 0.8367999792098999
vt 0.10215000063180923 0.8585500121116638
vt 0.12219999730587006 0.8374999761581421
vt 0.09260000288486481 0.8755999803543091
vt 0.0925000011920929 0.8492000102996826
vt 0.10100000351667404 0.8223000168800354
vt 0.05939999967813492 0.8607000112533569
vt 0.07689999788999557 0.8414999842643738
vt 0.07689999788999557 0.8176000118255615
vt 0.06080000102519989 0.838100016117096
vt 0.05889999866485596 0.8176000118255615
vt 0.05184999853372574 0.8385999798774719
vt 0.043699998408555984 0.8230000138282776
vt 0.19565799832344055 0.937861979007721
vt 0.20174400508403778 0.9422550201416016
vt 0.19189999997615814 0.9489240050315857
vt 0.18808899819850922 0.937861979007721
vt 0.20401999354362488 0.9494529962539673
vt 0.18200300633907318 0.9422550201416016
vt 0.20174400508403778 0.9565979838371277
vt 0.1797800064086914 0.9494529962539673
vt 0.19565799832344055 0.9609379768371582
vt 0.18200300633907318 0.9565979838371277
vt 0.18808899819850922 0.9609379768371582
vt 0.20294100046157837 0.8861539959907532
vt 0.19426000118255615 0.8923439979553223
vt 0.18889999389648438 0.8752080202102661
vt 0.20618699491024017 0.8758879899978638
vt 0.18346500396728516 0.8923439979553223
vt 0.20294100046157837 0.8656970262527466
vt 0.1749349981546402 0.8861539959907532
vt 0.19426000118255615 0.8593559861183167
vt 0.17161299288272858 0.8758879899978638
vt 0.18346500396728516 0.8593559861183167
vt 0.1749349981546402 0.8656970262527466
vt 0.6008139848709106 0.8805339932441711
vt 0.6086146235466003 0.8605159521102905
vt 0.5973773002624512 0.8405231237411499
vt 0.6378536820411682 0.8602609038352966
vt 0.5247669816017151 0.8249459862709045
vt 0.6929709911346436 0.9012230038642883
vt 0.5590999722480774 0.7961999773979187
vt 0.6078928709030151 0.8155375123023987
vt 0.6913999915122986 0.8561000227928162
vt 0.6476771831512451 0.8345727920532227
vt 0.784417986869812 0.8779169917106628
vt 0.5252500176429749 0.7298499941825867
vt 0.4817250072956085 0.7412260174751282
vt 0.7638000249862671 0.8378999829292297
vt 0.8567540049552917 0.8173199892044067
vt 0.5234500169754028 0.6554999947547913
vt 0.4797300100326538 0.6467580199241638
vt 0.8208500146865845 0.790149986743927
vt 0.8955690264701843 0.7310460209846497
vt 0.5542500019073486 0.5876500010490417
vt 0.5183629989624023 0.5606629848480225
vt 0.8515499830245972 0.7221999764442444
vt 0.8928760290145874 0.6366299986839294
vt 0.611299991607666 0.5398499965667725
vt 0.5906869769096375 0.49984198808670044
vt 0.8497999906539917 0.6478000283241272
vt 0.850130021572113 0.5523800253868103
vt 0.6837000250816345 0.5216000080108643
vt 0.6823430061340332 0.47666501998901367
vt 0.8159000277519226 0.5814499855041504
vt 0.7748910188674927 0.49537503719329834
vt 0.7565000057220459 0.5363500118255615
vt 0.6875 0.6888999938964844
vt 0.6327345967292786 0.8127688765525818
vt 0.6089500188827515 0.36399996280670166
vt 0.5978000164031982 0.35109996795654297
vt 0.6241000294685364 0.33869999647140503
vt 0.6255999803543091 0.3687000274658203
vt 0.5954999923706055 0.3393000364303589
vt 0.6371999979019165 0.36640000343322754
vt 0.6002500057220459 0.32225000858306885
vt 0.6496000289916992 0.3551499843597412
vt 0.6128000020980835 0.3109999895095825
vt 0.6542999744415283 0.33809995651245117
vt 0.6243000030517578 0.3086000084877014
vt 0.6521000266075134 0.3263000249862671
vt 0.640999972820282 0.31349998712539673
vt 0.3607349991798401 0.7574939727783203
vt 0.3627539873123169 0.768002986907959
vt 0.32862499356269836 0.7665029764175415
vt 0.3817090094089508 0.7351030111312866
vt 0.3344019949436188 0.7577199935913086
vt 0.3100909888744354 0.7351030111312866
vt 0.3735640048980713 0.7352129817008972
vt 0.3221360146999359 0.7352129817008972
vt 0.327455997467041 0.7033429741859436
vt 0.3467999994754791 0.7351999878883362
vt 0.334852010011673 0.71315598487854
vt 0.36062300205230713 0.7124800086021423
vt 0.3628470003604889 0.7004600167274475
vt 0.32862499356269836 0.7665029764175415
vt 0.3627539873123169 0.768002986907959
vt 0.3607349991798401 0.7574939727783203
vt 0.3817090094089508 0.7351030111312866
vt 0.3344019949436188 0.7577199935913086
vt 0.3100909888744354 0.7351030111312866
vt 0.3735640048980713 0.7352129817008972
vt 0.3221360146999359 0.7352129817008972
vt 0.327455997467041 0.7033429741859436
vt 0.3467999994754791 0.7351999878883362
vt 0.334852010011673 0.71315598487854
vt 0.36062300205230713 0.7124800086021423
vt 0.3628470003604889 0.7004600167274475
vt 0.2903999984264374 0.4214000105857849
vt 0.22869999706745148 0.4702000021934509
vt 0.24089999496936798 0.4702000021934509
vt 0.2827000021934509 0.52920001745224
vt 0.295199990272522 0.43229997158050537
vt 0.421099990606308 0.4255000352859497
vt 0.28790000081062317 0.51910001039505
vt 0.41530001163482666 0.43560004234313965
vt 0.4625999927520752 0.4702000021934509
vt 0.4505000114440918 0.4702000021934509
vt 0.4163999855518341 0.5160999894142151
vt 0.42239999771118164 0.5253999829292297
vt 0.24089999496936798 0.4702000021934509
vt 0.22869999706745148 0.4702000021934509
vt 0.2903999984264374 0.4214000105857849
vt 0.2827000021934509 0.52920001745224
vt 0.295199990272522 0.43229997158050537
vt 0.421099990606308 0.4255000352859497
vt 0.28790000081062317 0.51910001039505
vt 0.41530001163482666 0.43560004234313965
vt 0.4625999927520752 0.4702000021934509
vt 0.4505000114440918 0.4702000021934509
vt 0.4163999855518341 0.5160999894142151
vt 0.42239999771118164 0.5253999829292297
vt 0.28884559869766235 0.9669482111930847
vt 0.2864322066307068 0.9829707741737366
vt 0.24623268842697144 0.959709107875824
vt 0.31490570306777954 0.9787237048149109
vt 0.2588287889957428 0.9494307637214661
vt 0.23074141144752502 0.9140085577964783
vt 0.31181690096855164 0.9628947377204895
vt 0.24705329537391663 0.9138633608818054
vt 0.23952490091323853 0.8762212991714478
vt 0.33893850445747375 0.9013156294822693
vt 0.2540019750595093 0.8833636045455933
vt 0.2570907771587372 0.8506441712379456
vt 0.34028929471969604 0.9488994479179382
vt 0.33990320563316345 0.9669482111930847
vt 0.36210229992866516 0.9792066216468811
vt 0.2691555917263031 0.8609720468521118
vt 0.3427026867866516 0.7908998727798462
vt 0.36596328020095825 0.9630871415138245
vt 0.34241339564323425 0.803543210029602
vt 0.42541828751564026 0.8543115258216858
vt 0.3905758261680603 0.9693616032600403
vt 0.392795592546463 0.9849002957344055
vt 0.4327542185783386 0.9636669754981995
vt 0.41335350275039673 0.8636736273765564
vt 0.44259920716285706 0.8812406063079834
vt 0.42097872495651245 0.9533390402793884
vt 0.4286039173603058 0.8876107335090637
vt 0.44925859570503235 0.9254452586174011
vt 0.4340566098690033 0.9234189391136169
vt 0.24623268842697144 0.959709107875824
vt 0.2864322066307068 0.9829707741737366
vt 0.28884559869766235 0.9669482111930847
vt 0.31490570306777954 0.9787237048149109
vt 0.2588287889957428 0.9494307637214661
vt 0.23074141144752502 0.9140085577964783
vt 0.31181690096855164 0.9628947377204895
vt 0.24705329537391663 0.9138633608818054
vt 0.23952490091323853 0.8762212991714478
vt 0.34028929471969604 0.9488994479179382
vt 0.33990320563316345 0.9669482111930847
vt 0.36210229992866516 0.9792066216468811
vt 0.2540019750595093 0.8833636045455933
vt 0.2570907771587372 0.8506441712379456
vt 0.36596328020095825 0.9630871415138245
vt 0.2691555917263031 0.8609720468521118
vt 0.3427026867866516 0.7908998727798462
vt 0.3905758261680603 0.9693616032600403
vt 0.392795592546463 0.9849002957344055
vt 0.4327542185783386 0.9636669754981995
vt 0.34241339564323425 0.803543210029602
vt 0.42541828751564026 0.8543115258216858
vt 0.42097872495651245 0.9533390402793884
vt 0.41335350275039673 0.8636736273765564
vt 0.44259920716285706 0.8812406063079834
vt 0.4340566098690033 0.9234189391136169
vt 0.44925859570503235 0.9254452586174011
vt 0.4286039173603058 0.8876107335090637
vt 0.33893850445747375 0.9013156294822693
vt 0.6929709911346436 0.9012230038642883
vt 0.6008139848709106 0.8805339932441711
vt 0.6086146235466003 0.8605159521102905
vt 0.5973773002624512 0.8405231237411499
vt 0.6378536820411682 0.8602609038352966
vt 0.5247669816017151 0.8249459862709045
vt 0.6913999915122986 0.8561000227928162
vt 0.6476771831512451 0.8345727920532227
vt 0.784417986869812 0.8779169917106628
vt 0.5590999722480774 0.7961999773979187
vt 0.6078928709030151 0.8155375123023987
vt 0.7638000249862671 0.8378999829292297
vt 0.8567540049552917 0.8173199892044067
vt 0.5252500176429749 0.7298499941825867
vt 0.4817250072956085 0.7412260174751282
vt 0.8208500146865845 0.790149986743927
vt 0.8955690264701843 0.7310460209846497
vt 0.5234500169754028 0.6554999947547913
vt 0.4797300100326538 0.6467580199241638
vt 0.8515499830245972 0.7221999764442444
vt 0.8928760290145874 0.6366299986839294
vt 0.5542500019073486 0.5876500010490417
vt 0.5183629989624023 0.5606629848480225
vt 0.8497999906539917 0.6478000283241272
vt 0.850130021572113 0.5523800253868103
vt 0.611299991607666 0.5398499965667725
vt 0.5906869769096375 0.49984198808670044
vt 0.8159000277519226 0.5814499855041504
vt 0.7748910188674927 0.49537503719329834
vt 0.6837000250816345 0.5216000080108643
vt 0.6823430061340332 0.47666501998901367
vt 0.7565000057220459 0.5363500118255615
vt 0.6875 0.6888999938964844
vt 0.6327345967292786 0.8127688765525818
vn 0.0026440443471074104 -0.999996542930603 0.0
vn 0.002644044579938054 -0.999996542930603 0.0
vn 0.0026440443471074104 -0.999996542930603 0.0
vn 0.0026440443471074104 -0.999996542930603 0.0
vn -0.7142188549041748 -0.022905226796865463 -0.6995475888252258
vn -0.7140130400657654 -0.022912094369530678 0.6997573971748352
vn -0.6366348266601562 0.22379475831985474 0.7379783391952515
vn -0.6364719867706299 0.2238563746213913 -0.7381000518798828
vn -0.6741312146186829 0.4675501883029938 0.5717900991439819
vn -0.6740841269493103 0.467440128326416 -0.5719355940818787
vn -0.6174103021621704 0.6614058017730713 -0.42584851384162903
vn -0.6174580454826355 0.6613680720329285 0.42583781480789185
vn -0.5732060074806213 0.8194113373756409 0.00022432752302847803
vn 0.7132928967475891 -0.022936100140213966 0.7004906535148621
vn 0.7130176424980164 -0.02294526807963848 -0.7007705569267273
vn 0.6730989813804626 0.36662980914115906 -0.6422774791717529
vn 0.6728954911231995 0.36670196056365967 0.6424494385719299
vn 0.37840041518211365 0.7938862442970276 -0.4759809076786041
vn 0.37824755907058716 0.7939108610153198 0.47606122493743896
vn 0.3376798927783966 0.8629875183105469 -0.3757990598678589
vn 0.337776243686676 0.8630392551422119 0.37559351325035095
vn 0.3085169196128845 0.951218843460083 0.00021496992849279195
vn -0.7140130400657654 -0.022912096232175827 0.6997573971748352
vn 0.7132929563522339 -0.022936102002859116 0.7004905939102173
vn 0.6728955507278442 0.3667019307613373 0.6424494385719299
vn -0.636634886264801 0.22379477322101593 0.7379782795906067
vn 0.37824761867523193 0.7939108610153198 0.47606131434440613
vn -0.6741312146186829 0.4675501585006714 0.5717900991439819
vn 0.33777621388435364 0.8630392551422119 0.37559351325035095
vn -0.6174580454826355 0.6613680720329285 0.42583784461021423
vn 0.3085169494152069 0.951218843460083 0.00021496994304470718
vn -0.5732060074806213 0.8194112777709961 0.00022432749392464757
vn -0.6174103021621704 0.6614058017730713 -0.42584851384162903
vn 0.3376798927783966 0.8629875183105469 -0.3757990598678589
vn -0.6740841865539551 0.4674401581287384 -0.5719355940818787
vn 0.37840035557746887 0.7938862442970276 -0.4759809374809265
vn -0.6364719867706299 0.2238563746213913 -0.7381000518798828
vn 0.6730989813804626 0.36662980914115906 -0.6422774791717529
vn -0.7142188549041748 -0.022905226796865463 -0.6995475888252258
vn 0.7130176424980164 -0.02294526807963848 -0.7007705569267273
vn 0.2646218538284302 0.4719608724117279 -0.8409686088562012
vn 0.13854818046092987 0.8808262348175049 -0.4527135193347931
vn 0.37089985609054565 0.8879855871200562 -0.27187302708625793
vn 0.7106544375419617 0.4787437915802002 -0.5155333280563354
vn 0.456664115190506 0.8896391987800598 9.471473458688706e-05
vn 0.8771786689758301 0.48016414046287537 0.00014119036495685577
vn 0.7107145190238953 0.4788706600666046 0.5153327584266663
vn 0.370828777551651 0.8880599141120911 0.271727055311203
vn 0.26487651467323303 0.4722106456756592 0.8407482504844666
vn 0.13859014213085175 0.8812193274497986 0.45193514227867126
vn -0.18881136178970337 0.5054751038551331 0.8419294357299805
vn -0.1298052817583084 0.8815757036209106 0.45384469628334045
vn -0.286499559879303 0.9162231087684631 0.28009507060050964
vn -0.48016342520713806 0.7568270564079285 0.44345909357070923
vn -0.33088910579681396 0.9436696767807007 7.767218630760908e-05
vn -0.5703834891319275 0.8213785290718079 8.965052984422073e-05
vn -0.48010554909706116 0.7567002773284912 -0.44373804330825806
vn -0.2865508198738098 0.9161410927772522 -0.2803109586238861
vn -0.18864667415618896 0.505192756652832 -0.8421358466148376
vn -0.12978695333003998 0.8811773657798767 -0.454622745513916
vn 0.13854819536209106 0.8808262944221497 -0.45271357893943787
vn 0.2646218538284302 0.4719608724117279 -0.8409686088562012
vn 0.26341554522514343 0.653824508190155 0.7093136310577393
vn 0.26783305406570435 0.6651119589805603 0.6970592141151428
vn 0.3697492182254791 0.9291179180145264 -0.005052146967500448
vn 0.369746595621109 0.9291189312934875 -0.005058355629444122
vn 0.3715633451938629 0.9284067749977112 0.0012345012510195374
vn 0.37156403064727783 0.9284064769744873 0.0012373276986181736
vn 0.3715621531009674 0.9283966422080994 0.004613974131643772
vn 0.37155622243881226 0.9283990859985352 0.00460722716525197
vn 0.2699216306209564 0.6630885601043701 -0.6981804966926575
vn 0.2649843394756317 0.6504424214363098 -0.7118342518806458
vn 0.02088766358792782 0.033221449702978134 -0.9992297291755676
vn 0.02103598415851593 0.033601999282836914 -0.9992139339447021
vn 0.027492161840200424 0.05104123055934906 -0.998318076133728
vn 0.027476733550429344 0.051025282591581345 -0.9983193278312683
vn 0.025548359379172325 0.044619083404541016 -0.9986773729324341
vn 0.025504037737846375 0.04443129524588585 -0.9986868500709534
vn 0.018441928550601006 0.02628953568637371 -0.9994843006134033
vn 0.018350735306739807 0.026090767234563828 -0.9994911551475525
vn -0.32392415404319763 -0.6025144457817078 -0.7294172644615173
vn -0.34419623017311096 -0.6393860578536987 -0.6875423192977905
vn -0.47778183221817017 -0.8784646391868591 -0.00494904862716794
vn -0.47778183221817017 -0.8784646391868591 -0.004949296824634075
vn -0.4781469702720642 -0.8782797455787659 0.0005013638292439282
vn -0.4781474173069 -0.8782795071601868 0.0005079456022940576
vn -0.478494793176651 -0.8780765533447266 0.004941117484122515
vn -0.478494793176651 -0.8780765533447266 0.00493658659979701
vn -0.3436256945133209 -0.6395775675773621 0.6876496076583862
vn -0.3231751322746277 -0.602603018283844 0.7296762466430664
vn 0.019692402333021164 0.02435232326388359 0.9995094537734985
vn 0.01961814984679222 0.0241945069283247 0.9995147585868835
vn 0.02671939693391323 0.042127419263124466 0.9987549185752869
vn 0.026787886396050453 0.04235728085041046 0.9987433552742004
vn 0.028642473742365837 0.050838083028793335 0.9982960820198059
vn 0.028625845909118652 0.05085325986146927 0.9982958436012268
vn 0.020167091861367226 0.03433791175484657 0.9992067813873291
vn 0.019976479932665825 0.03392820432782173 0.9992246031761169
vn 0.26341554522514343 0.653824508190155 0.7093136310577393
vn 0.26783305406570435 0.6651119589805603 0.6970592141151428
vn 0.3191629648208618 0.003608792321756482 -0.9476929903030396
vn 0.3192659914493561 0.0036087867338210344 -0.9476583003997803
vn 0.8129427433013916 0.0035701615270227194 -0.5823326706886292
vn 0.8128499388694763 0.003570171073079109 -0.5824622511863708
vn 0.9999937415122986 0.0035488794092088938 0.00011138706031488255
vn 0.9999937415122986 0.0035488796420395374 0.00011124501907033846
vn 0.812874972820282 0.003553529502823949 0.582427442073822
vn 0.8127883076667786 0.0035535332281142473 0.5825483798980713
vn 0.3192601501941681 0.0035776973236352205 0.9476603865623474
vn 0.31916099786758423 0.0035777019802480936 0.9476937651634216
vn -0.29857137799263 0.0036204932257533073 0.954380452632904
vn -0.2986765503883362 0.003620502771809697 0.954347550868988
vn -0.8046548962593079 0.0036878755781799555 0.5937314033508301
vn -0.8047475218772888 0.0036878937389701605 0.5936057567596436
vn -0.999993085861206 0.0037303632125258446 0.00011142148287035525
vn -0.999993085861206 0.0037303632125258446 0.00011125556193292141
vn -0.8046008944511414 0.003710030112415552 -0.5938044786453247
vn -0.8046873807907104 0.0037100398913025856 -0.593687117099762
vn -0.2983652353286743 0.003656473010778427 -0.9544448256492615
vn -0.29847875237464905 0.003656483255326748 -0.9544093012809753
vn 0.3192659914493561 0.0036087867338210344 -0.9476583003997803
vn 0.3191629648208618 0.003608792321756482 -0.9476929903030396
vn -0.6796541213989258 -0.5633037686347961 0.4698501527309418
vn -0.6790844798088074 -0.5629214644432068 -0.47113022208213806
vn -0.08780763298273087 -0.7865840792655945 -0.6112081408500671
vn -0.08802000433206558 -0.7866497039794922 0.6110931038856506
vn 0.1989852339029312 -0.7273558974266052 -0.6567787528038025
vn 0.19905799627304077 -0.7273019552230835 0.6568163633346558
vn 0.2840157449245453 -0.6506825685501099 -0.7042352557182312
vn 0.28423011302948 -0.6506920456886292 0.7041400074958801
vn 0.2367083579301834 -0.6496018171310425 -0.7224864363670349
vn 0.23674720525741577 -0.6497420072555542 0.7223476767539978
vn 0.21962770819664001 -0.6515490412712097 0.7261181473731995
vn 0.21971933543682098 -0.6515265107154846 -0.7261106967926025
vn 0.22208885848522186 -0.7536256313323975 -0.6186476349830627
vn 0.22208885848522186 -0.7536256313323975 0.6186476349830627
vn -0.11295071244239807 -0.9915967583656311 -0.06307192891836166
vn -0.1269347369670868 -0.9898973107337952 -0.06317414343357086
vn -0.9202303886413574 -0.3902489244937897 -0.029697639867663383
vn -0.9180544018745422 -0.3953114449977875 -0.030082890763878822
vn -1.0 0.0 0.0
vn -1.0 0.0 0.0
vn -1.0 0.0 0.0
vn -1.0 0.0 0.0
vn -1.0 0.0 0.0
vn -1.0 0.0 0.0
vn -0.9999393820762634 -0.01009751483798027 -0.004404556937515736
vn -0.9999016523361206 -0.012855110689997673 -0.0056074270978569984
vn -0.9995394349098206 -0.029350798577070236 -0.007711383514106274
vn -0.9994212985038757 -0.03339612856507301 -0.0064603472128510475
vn -0.9989016652107239 -0.04649032652378082 0.005849110893905163
vn -0.9980929493904114 -0.060563765466213226 -0.011939264833927155
vn -0.9980604648590088 -0.06037904694676399 0.015157225541770458
vn -0.998009979724884 -0.06120285391807556 0.015178447589278221
vn -0.9975646734237671 -0.06596261262893677 0.022664468735456467
vn -0.99721360206604 -0.07407046854496002 -0.008873830549418926
vn -0.9977500438690186 -0.06638788431882858 -0.009357851929962635
vn -0.9979750514030457 -0.06354498863220215 -0.0028044201899319887
vn -0.9983376860618591 -0.05676193907856941 0.010001187212765217
vn -0.9983351230621338 -0.056922025978565216 0.009321833960711956
vn -0.998289942741394 -0.05845736712217331 2.9666509249182127e-09
vn -0.998289942741394 -0.05845736712217331 3.0155979935386767e-09
vn -0.9983378648757935 -0.056757502257823944 -0.010011049918830395
vn -0.9983353018760681 -0.05691836029291153 -0.009329344145953655
vn -0.9979751706123352 -0.06354257464408875 0.0027999121230095625
vn -0.9977505207061768 -0.06638234853744507 0.009345827624201775
vn -0.9972133040428162 -0.07407283782958984 0.008883023634552956
vn -0.9980093240737915 -0.06121223419904709 -0.015184564515948296
vn -0.9975636601448059 -0.06597579270601273 -0.02267148345708847
vn -0.9980600476264954 -0.06038183346390724 -0.015172766521573067
vn -0.9989017248153687 -0.04648863151669502 -0.005843123886734247
vn -0.9980931878089905 -0.06055848300457001 0.011944377794861794
vn -0.9994214773178101 -0.03339224308729172 0.006458672694861889
vn -0.9995395541191101 -0.0293478574603796 0.007707579527050257
vn -0.9999016523361206 -0.012855910696089268 0.005603024270385504
vn -0.9999393224716187 -0.010101272724568844 0.004402462858706713
vn -1.0 0.0 0.0
vn -1.0 0.0 0.0
vn -1.0 0.0 0.0
vn -1.0 0.0 0.0
vn -1.0 0.0 0.0
vn -1.0 0.0 0.0
vn -0.9202303290367126 -0.3902489244937897 0.02969764731824398
vn -0.9180731177330017 -0.3952682316303253 0.030079612508416176
vn -0.12707211077213287 -0.9898786544799805 0.06319060176610947
vn -0.11295733600854874 -0.9915949702262878 0.06308778375387192
vn -0.005181295797228813 -0.024022666737437248 -0.9996979832649231
vn -0.011368594132363796 -0.043057579547166824 -0.9990079402923584
vn -0.002938461722806096 -0.017121903598308563 -0.9998491406440735
vn -0.001309931743890047 -0.011016913689672947 -0.9999384880065918
vn -0.0013099248753860593 -0.011016912758350372 -0.9999384880065918
vn -0.00123239541426301 -0.012667175382375717 -0.9999189972877502
vn -0.0012323802802711725 -0.012667229399085045 -0.9999189972877502
vn 0.0002780236827675253 -0.037419985979795456 -0.9992995858192444
vn 0.00027804981800727546 -0.03742056339979172 -0.9992995858192444
vn 0.002073108684271574 -0.09547869116067886 -0.9954293370246887
vn 0.002074698219075799 -0.09555381536483765 -0.9954221248626709
vn 0.0036090058274567127 -0.1895325481891632 -0.981867790222168
vn 0.0036099450662732124 -0.1896020770072937 -0.9818543791770935
vn 0.004713308531790972 -0.3570314347743988 -0.9340805411338806
vn 0.004712606780230999 -0.35677146911621094 -0.9341798424720764
vn 0.005167023744434118 -0.5656484365463257 -0.8246303200721741
vn 0.005170579534024 -0.5679033398628235 -0.8230790495872498
vn 0.004087112378329039 -0.8252768516540527 -0.5647135376930237
vn 0.004057406913489103 -0.8283925652503967 -0.5601333975791931
vn 0.001008810242637992 -0.9759337306022644 -0.21806512773036957
vn 0.0009987585945054889 -0.9761112332344055 -0.21726933121681213
vn -0.000685894105117768 -0.9999997615814209 -4.759586502700586e-09
vn -0.0006858939887024462 -0.9999997615814209 -9.518923427265236e-09
vn 0.000975988048594445 -0.97615647315979 0.21706584095954895
vn 0.0009859043639153242 -0.9759794473648071 0.21786044538021088
vn 0.0040164608508348465 -0.8252514600753784 0.5647512078285217
vn 0.003987592179328203 -0.8283421993255615 0.5602083206176758
vn 0.005121961236000061 -0.5676565766334534 0.8232495188713074
vn 0.00511946203187108 -0.5654038190841675 0.8247984051704407
vn 0.004651061724871397 -0.35741910338401794 0.9339325428009033
vn 0.004650209564715624 -0.3571598529815674 0.9340317249298096
vn 0.003483650740236044 -0.19009600579738617 0.9817593693733215
vn 0.0034845450427383184 -0.1901623159646988 0.98174649477005
vn 0.002009062096476555 -0.09533768892288208 0.9954429864883423
vn 0.0020105144940316677 -0.09541378915309906 0.9954356551170349
vn 0.000277851358987391 -0.03712085261940956 0.9993107318878174
vn 0.0002778772031888366 -0.03712141513824463 0.9993107318878174
vn -0.001297259470447898 -0.012732353061437607 0.9999181032180786
vn -0.0012972421245649457 -0.012732405215501785 0.9999181032180786
vn -0.0015045235631987453 -0.011082089506089687 0.9999374747276306
vn -0.0015045168111100793 -0.011082084849476814 0.9999374747276306
vn -0.0032239591237157583 -0.01719938963651657 0.9998469352722168
vn -0.005495834164321423 -0.024186598137021065 0.9996923804283142
vn -0.011763202026486397 -0.04346001148223877 0.9989859461784363
vn -0.9999998807907104 -0.0005596003611572087 0.0
vn -0.8094591498374939 0.5871762037277222 0.0
vn -0.8094591498374939 0.5871762037277222 0.0
vn -0.9999998807907104 -0.0005596003611572087 0.0
vn -0.8099905848503113 -0.5864428877830505 0.0
vn -0.8099905252456665 -0.5864430069923401 0.0
vn -0.3103826344013214 -0.9506117105484009 0.0
vn -0.31038254499435425 -0.9506117701530457 0.0
vn 0.31038254499435425 -0.9506117701530457 0.0
vn 0.3103826642036438 -0.9506117105484009 0.0
vn 0.8099905252456665 -0.5864430069923401 0.0
vn 0.8099905848503113 -0.5864428877830505 0.0
vn 0.9999998807907104 -0.0005596004193648696 0.0
vn 0.9999998807907104 -0.0005596004193648696 0.0
vn 0.8094591498374939 0.5871762633323669 0.0
vn 0.8094591498374939 0.5871762633323669 0.0
vn 0.30898940563201904 0.9510654807090759 0.0
vn 0.30898940563201904 0.9510654807090759 0.0
vn -0.30898937582969666 0.9510654807090759 0.0
vn -0.30898937582969666 0.9510654807090759 0.0
vn -0.8094591498374939 0.5871762037277222 0.0
vn -0.8094591498374939 0.5871762037277222 0.0
vn -0.021677786484360695 0.007654140237718821 -0.9997357130050659
vn -0.01804514043033123 0.021223904564976692 -0.9996119141578674
vn -0.007737892679870129 0.05963173136115074 -0.9981904625892639
vn -0.01998470537364483 -0.004668688867241144 -0.9997894167900085
vn -0.019985347986221313 -0.0046685985289514065 -0.9997894167900085
vn -0.012000718154013157 -0.009110844694077969 -0.9998865127563477
vn -0.012001082301139832 -0.009110414423048496 -0.9998865127563477
vn -0.008364725857973099 0.010579620487987995 -0.9999090433120728
vn -0.008364371955394745 0.010597591288387775 -0.9999088644981384
vn -0.007317662704735994 0.042323142290115356 -0.9990772604942322
vn -0.007315766531974077 0.04235006123781204 -0.9990760684013367
vn -0.004738318268209696 0.15068553388118744 -0.9885704517364502
vn -0.0047623408026993275 0.14950594305992126 -0.9887493848800659
vn -0.001859326264820993 0.3698354661464691 -0.929095447063446
vn -0.0018587494269013405 0.3699096441268921 -0.9290658831596375
vn -0.0009466608171351254 0.5922290682792664 -0.805769145488739
vn -0.0009468890493735671 0.5912388563156128 -0.8064960241317749
vn -0.0006205746904015541 0.7707250118255615 -0.6371676921844482
vn -0.0006229679565876722 0.7700936198234558 -0.6379305720329285
vn 0.000743334589060396 0.8916434645652771 -0.4527377188205719
vn 0.0007475932943634689 0.8918288350105286 -0.4523724317550659
vn 0.0021912523079663515 0.9579412341117859 -0.28695619106292725
vn 0.0021915773395448923 0.9579593539237976 -0.2868955433368683
vn 0.0018329203594475985 0.9921773076057434 -0.12482348084449768
vn 0.0018334068590775132 0.9921701550483704 -0.12488000094890594
vn 0.0010739470599219203 0.999999463558197 2.0319212126196362e-05
vn 0.0010739470599219203 0.999999463558197 2.0319212126196362e-05
vn 0.0018481884617358446 0.9921815395355225 0.12478949129581451
vn 0.0018479268765076995 0.9921853542327881 0.12475953251123428
vn 0.002182750729843974 0.9579212069511414 0.28702312707901
vn 0.0021830990444868803 0.9579392075538635 0.28696295619010925
vn 0.0006568405660800636 0.8915722370147705 0.4528781473636627
vn 0.0006609645206481218 0.8917443752288818 0.45253899693489075
vn -0.000775155087467283 0.7707156538963318 0.6371788382530212
vn -0.0007776645361445844 0.7701026201248169 0.637919545173645
vn -0.0010886926902458072 0.5908881425857544 0.8067528009414673
vn -0.0010888318065553904 0.591866135597229 0.8060355186462402
vn -0.0018537137657403946 0.3696076273918152 0.9291861057281494
vn -0.00185322982724756 0.3696780800819397 0.929158091545105
vn -0.004550897050648928 0.15092714130878448 0.9885344505310059
vn -0.00457399059087038 0.14974956214427948 0.9887133836746216
vn -0.007186461240053177 0.04235049709677696 0.9990770220756531
vn -0.007188767194747925 0.04232368990778923 0.999078094959259
vn -0.008429649285972118 0.010509527288377285 0.9999092817306519
vn -0.00842924416065216 0.010527616366744041 0.9999091029167175
vn -0.012001046910881996 -0.009115210734307766 0.9998864531517029
vn -0.01200070045888424 -0.009115657769143581 0.9998864531517029
vn -0.019866937771439552 -0.004674830473959446 0.99979168176651
vn -0.019867578521370888 -0.004674759227782488 0.99979168176651
vn -0.021591337397694588 0.007537632714956999 0.9997384548187256
vn -0.017981257289648056 0.021137764677405357 0.9996148943901062
vn -0.007737892679870129 0.05963173136115074 0.9981904625892639
vn -0.0 0.0 -1.0
vn -0.0 0.0 -1.0
vn -0.0 0.0 -1.0
vn -0.0 0.0 -1.0
vn -0.0 0.0 -1.0
vn -0.0 0.0 -1.0
vn 3.1879747730556574e-09 -1.3764807071936502e-09 -1.0
vn -0.0 0.0 -1.0
vn -0.0 0.0 -1.0
vn -0.0 0.0 -1.0
vn 4.426524036205137e-09 -1.9112524896058858e-09 -1.0
vn -0.0 0.0 -1.0
vn 7.321740547183708e-09 -2.8234790061532067e-09 -1.0
vn -0.0 0.0 -1.0
vn -0.0 0.0 -1.0
vn 4.702533029643519e-09 -1.6271164415826433e-09 -1.0
vn -0.0 0.0 -1.0
vn -0.0 0.0 -1.0
vn -0.0 0.0 -1.0
vn -0.0 0.0 -1.0
vn -0.0 0.0 -1.0
vn -0.0 0.0 -1.0
vn 8.289548603102048e-09 -2.5911270906675554e-09 -1.0
vn 5.676044079194753e-09 -1.7452926881489361e-09 -1.0
vn -0.0 0.0 -1.0
vn -0.0 0.0 -1.0
vn -0.0 0.0 -1.0
vn -0.0 0.0 -1.0
vn -0.0 0.0 -1.0
vn -0.0 0.0 -1.0
vn -0.0 0.0 -1.0
vn -0.0 0.0 -1.0
vn -0.0 0.0 -1.0
vn -1.069347166371415e-09 -1.1468384020218991e-09 -1.0
vn -1.0951928253177812e-08 7.2728281175216125e-09 -1.0
vn 3.504577605895065e-08 -4.6776602147247104e-08 -1.0
vn -0.0 0.0 -1.0
vn 1.0204231237764816e-08 -2.652117991885916e-08 -1.0
vn -2.0362907804383212e-08 1.0161261165819724e-08 -1.0
vn -1.0151135043656723e-08 2.0630674057997567e-08 -1.0
vn -8.930949313423753e-09 1.5937118291731167e-08 -1.0
vn -5.706821681883412e-09 1.2157398421308585e-09 -1.0
vn -2.496805429075266e-09 -1.0785320414541388e-09 -1.0
vn -0.0 0.0 -1.0
vn -0.0 0.0 -1.0
vn -0.0 0.0 -1.0
vn -0.0 0.0 -1.0
vn -0.0 0.0 -1.0
vn -0.0 0.0 -1.0
vn -0.0 0.0 -1.0
vn -0.0 0.0 -1.0
vn -0.0 0.0 -1.0
vn -0.0 0.0 -1.0
vn -0.0 0.0 -1.0
vn -0.0 0.0 -1.0
vn -0.0 0.0 -1.0
vn -0.0 0.0 -1.0
vn -0.0 0.0 -1.0
vn -0.0 0.0 -1.0
vn -0.0 0.0 -1.0
vn -0.0 0.0 -1.0
vn -0.0 0.0 -1.0
vn -0.0 0.0 -1.0
vn -0.0 0.0 -1.0
vn -0.0 0.0 -1.0
vn -0.0 0.0 -1.0
vn -0.0 0.0 -1.0
vn -0.0 0.0 -1.0
vn -0.0 0.0 -1.0
vn -0.0 0.0 -1.0
vn -0.0 0.0 -1.0
vn -0.0 0.0 -1.0
vn -0.0 0.0 -1.0
vn -0.0 0.0 -1.0
vn -0.0 0.0 -1.0
vn -0.0 0.0 -1.0
vn -0.0 0.0 1.0
vn -0.0 0.0 1.0
vn -0.0 0.0 1.0
vn -0.0 0.0 1.0
vn -0.0 0.0 1.0
vn -0.0 0.0 1.0
vn -0.0 0.0 1.0
vn -0.0 0.0 1.0
vn -0.0 0.0 1.0
vn -0.0 0.0 1.0
vn -0.0 0.0 1.0
vn -0.0 0.0 1.0
vn -0.0 0.0 1.0
vn -0.0 0.0 1.0
vn -0.0 0.0 1.0
vn -0.0 0.0 1.0
vn -0.0 0.0 1.0
vn -0.0 0.0 1.0
vn -0.0 0.0 1.0
vn -0.0 0.0 1.0
vn -0.0 0.0 1.0
vn -0.0 0.0 1.0
vn -0.0 0.0 1.0
vn -0.0 0.0 1.0
vn -0.0 0.0 1.0
vn -0.0 0.0 1.0
vn -0.0 0.0 1.0
vn -0.0 0.0 1.0
vn -0.0 0.0 1.0
vn -0.0 0.0 1.0
vn -0.0 0.0 1.0
vn -0.0 0.0 1.0
vn -0.0 0.0 1.0
vn -0.0 0.0 1.0
vn -0.0 0.0 1.0
vn -0.0 0.0 1.0
vn -0.0 0.0 1.0
vn -0.0 0.0 1.0
vn -0.0 0.0 1.0
vn -0.0 0.0 1.0
vn -0.0 0.0 1.0
vn -0.0 0.0 1.0
vn -0.0 0.0 1.0
vn -0.0 0.0 1.0
vn -0.0 0.0 1.0
vn -0.0 0.0 1.0
vn -0.0 0.0 1.0
vn -0.0 0.0 1.0
vn -0.0 0.0 1.0
vn -0.0 0.0 1.0
vn -0.0 0.0 1.0
vn -0.0 0.0 1.0
vn -0.0 0.0 1.0
vn -0.0 0.0 1.0
vn -0.0 0.0 1.0
vn -0.0 0.0 1.0
vn -0.0 0.0 1.0
vn -0.0 0.0 1.0
vn -0.0 0.0 1.0
vn -0.0 0.0 1.0
vn -0.0 0.0 1.0
vn -0.0 0.0 1.0
vn -0.0 0.0 1.0
vn -0.0 0.0 1.0
vn -0.0 0.0 1.0
vn -0.0 0.0 1.0
vn -0.0 0.0 1.0
vn -0.0 0.0 1.0
vn -0.0 0.0 1.0
vn -0.0 0.0 1.0
vn -0.0 0.0 1.0
vn -0.0 0.0 1.0
vn -0.0 0.0 1.0
vn -0.0 0.0 1.0
vn -0.0 0.0 1.0
vn -0.0 0.0 1.0
vn 0.7251920104026794 -0.40169596672058105 0.5592288970947266
vn -0.3891292214393616 -0.7125967144966125 0.5837674736976624
vn -0.39949047565460205 -0.7239068746566772 -0.5624644756317139
vn 0.7129311561584473 -0.40407902002334595 -0.5731050372123718
vn -0.39949047565460205 -0.7239068150520325 -0.5624644756317139
vn -0.5984640717506409 -0.31228286027908325 -0.7377806305885315
vn 0.6738693118095398 0.31278952956199646 0.6693750023841858
vn -0.3891292214393616 -0.7125967144966125 0.5837674736976624
vn 0.6703763604164124 0.29879435896873474 -0.6792036294937134
vn 0.5638316869735718 0.45479831099510193 -0.6893855333328247
vn -0.5130259990692139 -0.44760578870773315 -0.7324298620223999
vn 0.5699071288108826 0.46398064494132996 0.6781798005104065
vn -0.5926524996757507 -0.29055190086364746 0.7512273788452148
vn -0.39949047565460205 -0.7239068746566772 -0.5624644756317139
vn -0.5984640717506409 -0.31228283047676086 -0.7377806305885315
vn -0.5157867074012756 -0.4444428086280823 0.7324170470237732
vn -0.5130259394645691 -0.44760578870773315 -0.7324298620223999
vn -0.45151060819625854 -0.5257859826087952 -0.7208934426307678
vn 0.4825829267501831 0.5336441397666931 0.6945053935050964
vn -0.4421329200267792 -0.5355879664421082 0.7194887399673462
vn -0.3911730945110321 -0.5652388334274292 -0.7262841463088989
vn 0.4734119772911072 0.5413172841072083 -0.6948789954185486
vn -0.45151060819625854 -0.5257859826087952 -0.7208934426307678
vn -0.3911731243133545 -0.5652388334274292 -0.7262842059135437
vn 0.414033442735672 0.5795280933380127 0.7019426822662354
vn 0.4130154550075531 0.5954200625419617 -0.6891250014305115
vn -0.3393000662326813 -0.6018608212471008 -0.7229377627372742
vn -0.38980886340141296 -0.5802432894706726 0.7150992155075073
vn -0.33930012583732605 -0.6018608212471008 -0.7229377627372742
vn 0.3530680537223816 0.620562732219696 0.700174868106842
vn 0.3546907901763916 0.6291161179542542 -0.6916700005531311
vn -0.23843194544315338 -0.6332880854606628 -0.7362719774246216
vn -0.3405275344848633 -0.6101652979850769 0.7153595685958862
vn -0.23843197524547577 -0.6332881450653076 -0.7362719178199768
vn 0.25948405265808105 0.6849016547203064 -0.680865466594696
vn -0.10048943758010864 -0.6742386221885681 -0.731644868850708
vn 0.25705885887145996 0.683337926864624 0.6833520531654358
vn -0.23905719816684723 -0.6375308632850647 0.7323974967002869
vn -0.10048943012952805 -0.6742385625839233 -0.731644868850708
vn 0.10379099100828171 0.7225655913352966 -0.6834664344787598
vn 0.02704319916665554 -0.686862587928772 -0.7262839674949646
vn 0.10336853563785553 0.7205429673194885 0.6856623888015747
vn -0.10067643970251083 -0.6754719018936157 0.7304806113243103
vn 0.02040986716747284 -0.6872077584266663 0.7261741757392883
vn 0.02704319916665554 -0.686862587928772 -0.7262840270996094
vn -0.037557948380708694 0.7199978828430176 0.692959189414978
vn -0.03200744464993477 0.7238498330116272 -0.6892147660255432
vn -0.23322013020515442 0.6860513687133789 0.6891602873802185
vn 0.1528259515762329 -0.6541524529457092 0.7407623529434204
vn 0.1915522664785385 -0.6339301466941833 -0.7492932677268982
vn -0.2141115814447403 0.7131717801094055 -0.6674894690513611
vn 0.19155225157737732 -0.6339302062988281 -0.7492932081222534
vn 0.38282135128974915 -0.5294460654258728 0.7570566534996033
vn 0.4085890054702759 -0.5215941667556763 -0.7489957213401794
vn 0.5727589130401611 -0.3645295202732086 -0.7342108488082886
vn -0.489382266998291 0.5923956632614136 0.6399785280227661
vn -0.4613943099975586 0.5750296711921692 -0.6756154298782349
vn 0.4085890054702759 -0.5215941667556763 -0.7489957213401794
vn 0.5727589130401611 -0.3645295202732086 -0.7342108488082886
vn 0.6499137878417969 -0.29575520753860474 -0.7001007199287415
vn -0.655894935131073 0.26956266164779663 -0.7050800323486328
vn -0.6285913586616516 0.3711853623390198 -0.683443009853363
vn -0.6559534668922424 0.27252432703971863 0.7038860321044922
vn -0.625774085521698 0.38185665011405945 0.6801413297653198
vn 0.6479616165161133 -0.2920173704624176 0.7034711241722107
vn 0.5719684362411499 -0.34793272614479065 0.7428290247917175
vn 0.6499137878417969 -0.29575520753860474 -0.7001007199287415
vn -0.18864667415618896 0.505192756652832 -0.8421357870101929
vn -0.696898341178894 0.3793129622936249 -0.6086496114730835
vn -0.48010554909706116 0.7567002773284912 -0.44373804330825806
vn -0.7715131640434265 0.07412302494049072 -0.6318807005882263
vn -0.18844236433506012 -0.01159173995256424 -0.98201584815979
vn -0.7608044743537903 -0.18735961616039276 -0.6213477849960327
vn -0.6914307475090027 -0.29710525274276733 -0.6585225462913513
vn 0.2646218538284302 0.4719608724117279 -0.8409686088562012
vn 0.29757386445999146 2.3481663902202854e-07 -0.9546988606452942
vn 0.7106544971466064 0.4787438213825226 -0.5155333280563354
vn 0.8088887333869934 6.715792721934122e-08 -0.5879617929458618
vn 0.8771786689758301 0.48016414046287537 0.00014119036495685577
vn 1.0 0.0 0.00016264250734820962
vn 0.7107145190238953 0.4788706600666046 0.515332818031311
vn 0.8090436458587646 -6.850151379467206e-08 0.5877485871315002
vn 0.26487651467323303 0.4722106456756592 0.8407482504844666
vn 0.2979808449745178 -2.3621208811164252e-07 0.9545718431472778
vn -0.18881136178970337 0.5054751038551331 0.8419294357299805
vn -0.18865907192230225 -0.011621038429439068 0.9819738864898682
vn -0.6970212459564209 0.379320353269577 0.6085042953491211
vn -0.48016342520713806 0.7568270564079285 0.44345909357070923
vn -0.7716488838195801 0.07469014078378677 0.6316481232643127
vn -0.760421633720398 -0.18669059872627258 0.6220173239707947
vn -0.691679835319519 -0.2984878122806549 0.6576351523399353
vn 0.865705132484436 -0.4998384118080139 -0.026763396337628365
vn -0.1269347369670868 -0.9898973107337952 -0.06317414343357086
vn -0.11295071244239807 -0.9915967583656311 -0.06307192891836166
vn 0.8631798624992371 -0.5041744112968445 -0.02699555829167366
vn 1.0 0.0 0.0
vn 1.0 0.0 0.0
vn 1.0 0.0 0.0
vn 1.0 0.0 0.0
vn 1.0 0.0 0.0
vn 1.0 0.0 0.0
vn 0.9999803304672241 -0.00577333802357316 -0.002469115424901247
vn 0.9999687671661377 -0.007274191360920668 -0.0031109931878745556
vn 0.9998840689659119 -0.014652577228844166 -0.004141378682106733
vn 0.999870777130127 -0.015722647309303284 -0.003356923582032323
vn 0.9996153116226196 -0.027735821902751923 -0.0001338453876087442
vn 0.9986428618431091 -0.04549150913953781 -0.025356905534863472
vn 0.9988235235214233 -0.04826771095395088 -0.00466851657256484
vn 0.9988383054733276 -0.04723547399044037 0.009529320523142815
vn 0.9986818432807922 -0.05085690692067146 0.0069414954632520676
vn 0.9983181953430176 -0.05794091895222664 0.0019271448254585266
vn 0.9983386397361755 -0.05717199668288231 0.007163424510508776
vn 0.998335599899292 -0.05692092701792717 0.009284411557018757
vn 0.9983095526695251 -0.057247210294008255 0.010042620822787285
vn 0.9983084797859192 -0.057379890233278275 0.009366187267005444
vn 0.9982887506484985 -0.058477409183979034 -2.4223047603300074e-06
vn 0.9982887506484985 -0.05847740173339844 -2.2948738660488743e-06
vn 0.9983083009719849 -0.05738425999879837 -0.009359493851661682
vn 0.9983093738555908 -0.05725106596946716 -0.010039174929261208
vn 0.9983354210853577 -0.056924834847450256 -0.009275543503463268
vn 0.998338520526886 -0.057174697518348694 -0.0071577392518520355
vn 0.9983181953430176 -0.05794091895222664 -0.001927145291119814
vn 0.9988383054733276 -0.04723547771573067 -0.009529322385787964
vn 0.9986818432807922 -0.05085691437125206 -0.006941497325897217
vn 0.9988231062889099 -0.048276081681251526 0.00467624282464385
vn 0.9996153712272644 -0.02773332968354225 0.00013616583601105958
vn 0.9986390471458435 -0.045537836849689484 0.025424163788557053
vn 0.999870777130127 -0.015723437070846558 0.00335849542170763
vn 0.9998840689659119 -0.014652352780103683 0.004144289530813694
vn 0.9999687075614929 -0.007273772265762091 0.0031121140345931053
vn 0.9999803304672241 -0.005773629993200302 0.002470271894708276
vn 1.0 0.0 0.0
vn 1.0 0.0 0.0
vn 1.0 0.0 0.0
vn 1.0 0.0 0.0
vn 1.0 0.0 0.0
vn 1.0 0.0 0.0
vn 0.8656485080718994 -0.49993544816970825 0.026783140376210213
vn 0.8631784915924072 -0.5041759014129639 0.027010316029191017
vn -0.11295734345912933 -0.9915949702262878 0.06308778375387192
vn -0.12707209587097168 -0.9898785948753357 0.06319059431552887
vn 0.06406600773334503 -0.9723362326622009 -0.22462855279445648
vn -0.20708587765693665 -0.9529520869255066 -0.22135436534881592
vn -0.20875155925750732 -0.9226762652397156 -0.32417815923690796
vn 0.06849806755781174 -0.9610285758972168 -0.26782873272895813
vn -0.21107786893844604 -0.9713001847267151 0.10964522510766983
vn 0.0773291140794754 -0.9704341292381287 -0.22864346206188202
vn 0.10212051123380661 -0.9947720170021057 1.4081445442570839e-05
vn -0.23061984777450562 -0.9730439782142639 -2.63137781075784e-06
vn 0.049163494259119034 -0.9707964658737183 -0.23481328785419464
vn 0.02313912659883499 -0.968417227268219 -0.24825942516326904
vn -0.21107977628707886 -0.9713000655174255 -0.10964276641607285
vn 0.021944157779216766 -0.9812585115432739 -0.19144278764724731
vn 0.007971655577421188 -0.9946759939193726 0.10274302214384079
vn 0.09565772861242294 -0.9954143166542053 5.243124905973673e-05
vn 0.08237118273973465 -0.9966017603874207 6.163982470752671e-05
vn 0.06871268153190613 -0.9612467288970947 0.26698949933052063
vn -0.20873083174228668 -0.9228606224060059 0.3236660957336426
vn 0.049318213015794754 -0.9709927439689636 0.23396778106689453
vn -0.20709624886512756 -0.9529737830162048 0.22125151753425598
vn 0.06429185718297958 -0.9725379943847656 0.2236880511045456
vn 0.07754173129796982 -0.9706971645355225 0.22745168209075928
vn 0.023229487240314484 -0.9686638116836548 0.24728694558143616
vn 0.022016670554876328 -0.981415331363678 0.19062860310077667
vn 0.007983610033988953 -0.9946768283843994 -0.1027345359325409
vn 0.021761072799563408 -0.9997631907463074 2.1628204194712453e-05
vn 0.022943034768104553 -0.9992026686668396 -0.03267618641257286
vn 0.022940408438444138 -0.99920254945755 0.03267993777990341
vn 0.027012351900339127 -0.9996351003646851 4.464964509232061e-10
vn 0.4553989768028259 -0.890287458896637 1.2020191206829622e-05
vn -0.8247220516204834 0.565538227558136 3.829378592001831e-09
vn -0.8473608493804932 -0.5299589037895203 0.03351524472236633
vn -0.8959193825721741 -0.4442167282104492 -1.0594505717165248e-08
vn -0.8327658176422119 0.5290217995643616 -0.16320885717868805
vn -0.7786107063293457 -0.6085984110832214 0.15288345515727997
vn 0.031381309032440186 0.999507486820221 3.1690367450210033e-06
vn -0.8144267797470093 0.30047401785850525 -0.49641153216362
vn -0.049361176788806915 0.9934974908828735 -0.10259751230478287
vn 0.16488464176654816 0.9863126873970032 -0.0006265515112318099
vn 0.15722520649433136 0.9875627756118774 9.726676580612548e-06
vn -0.18548527359962463 0.6512399911880493 -0.73585444688797
vn -0.8133061528205872 -0.532201886177063 -0.2351475954055786
vn -0.569899320602417 -0.8053209185600281 0.16331863403320312
vn -0.6363187432289124 -0.31523385643959045 -0.704078197479248
vn -0.5365498065948486 -0.7873707413673401 -0.3035813271999359
vn -0.20709623396396637 -0.9529737830162048 0.2212515026330948
vn -0.1679259091615677 -0.05577559396624565 -0.9842205047607422
vn -0.34751495718955994 -0.7166987657546997 -0.6046290397644043
vn -0.15586626529693604 -0.898772656917572 -0.40977242588996887
vn 0.08565323799848557 -0.9035248756408691 -0.4198884963989258
vn 0.06429185718297958 -0.9725379943847656 0.2236880660057068
vn -0.01783605106174946 -0.6751751899719238 -0.7374418377876282
vn 0.1357894390821457 -0.9240924715995789 -0.35723158717155457
vn 0.07754173129796982 -0.9706971645355225 0.22745168209075928
vn 0.14879953861236572 -0.7173535227775574 -0.680634081363678
vn 0.16241101920604706 0.0387154221534729 -0.9859634041786194
vn 0.09137747436761856 -0.9598820805549622 -0.265097439289093
vn 0.023229489102959633 -0.9686638712882996 0.24728696048259735
vn 0.16604351997375488 -0.7818164825439453 -0.6009929776191711
vn 0.028377046808600426 -0.9829483032226562 -0.1816796213388443
vn 0.007983608171343803 -0.9946768283843994 -0.1027345284819603
vn 0.12109226733446121 -0.8207964301109314 -0.5582382678985596
vn 0.28872156143188477 0.03808334842324257 -0.9566553831100464
vn 0.28604522347450256 -0.005098932422697544 -0.958202600479126
vn 0.034213677048683167 -0.9876670241355896 -0.15278513729572296
vn 0.022943036630749702 -0.9992026686668396 -0.03267618641257286
vn 0.1128993034362793 -0.8155598640441895 -0.5675525069236755
vn 0.4116983711719513 -0.8947431445121765 -0.1730295717716217
vn 0.4553989768028259 -0.890287458896637 1.2020191206829622e-05
vn 0.995718777179718 0.09243452548980713 -2.162793680327013e-05
vn 0.441444456577301 -0.7248502373695374 -0.5288846492767334
vn 0.9928097724914551 0.07891669124364853 -0.09000556170940399
vn 0.40350252389907837 0.9149785041809082 -1.9176621208316647e-05
vn 0.9170485734939575 0.08381451666355133 -0.3898680806159973
vn 0.4073678255081177 0.9122506976127625 0.04301483929157257
vn 0.09759464859962463 0.9952263236045837 -1.3201324691181071e-06
vn 0.5432502031326294 -0.0402904637157917 -0.8386036157608032
vn 0.40213844180107117 0.7648046612739563 -0.5033473968505859
vn 0.13890440762043 0.9831855893135071 0.11853981763124466
vn 0.08953440934419632 0.9959837794303894 1.453197313594501e-07
vn 0.24698813259601593 -0.0713159590959549 -0.9663906693458557
vn 0.22829867899417877 0.8470274806022644 -0.48002520203590393
vn 0.1326041966676712 0.979266345500946 0.15314608812332153
vn 0.14223770797252655 0.9898325800895691 7.640066542080604e-06
vn 0.23719604313373566 0.8581464886665344 -0.4553270936012268
vn 0.1848999261856079 0.9784361720085144 0.09205853939056396
vn 0.245290607213974 0.8142298460006714 -0.5261770486831665
vn 0.15202361345291138 0.7604411244392395 -0.6313621997833252
vn -0.8473608493804932 -0.5299589037895203 -0.03351525217294693
vn -0.8247220516204834 0.5655382871627808 3.829379036091041e-09
vn -0.8959193825721741 -0.4442167282104492 -1.0594505717165248e-08
vn -0.832744836807251 0.5290247797966003 0.16330581903457642
vn 0.031381309032440186 0.999507486820221 3.169036517647328e-06
vn -0.778605043888092 -0.6085917949676514 -0.15293902158737183
vn -0.04943395406007767 0.9934873580932617 0.10266099870204926
vn -0.8144910931587219 0.30033573508262634 0.4963896572589874
vn 0.16487747430801392 0.9863138198852539 0.0006256446940824389
vn 0.15722522139549255 0.9875628352165222 9.726676580612548e-06
vn -0.18555618822574615 0.6511164307594299 0.7359458804130554
vn -0.8133041858673096 -0.5322102904319763 0.23513537645339966
vn -0.569857120513916 -0.8052673935890198 -0.16372929513454437
vn -0.6362785696983337 -0.315181702375412 0.7041378617286682
vn -0.5365697741508484 -0.7874318957328796 0.30338728427886963
vn -0.20708583295345306 -0.9529521465301514 -0.22135435044765472
vn -0.16778384149074554 -0.05585738271474838 0.9842401146888733
vn -0.3473920226097107 -0.7167083621025085 0.6046883463859558
vn -0.15593396127223969 -0.8988270163536072 0.4096274673938751
vn 0.08567242324352264 -0.9034144878387451 0.42012208700180054
vn 0.06406600028276443 -0.9723361730575562 -0.2246285378932953
vn -0.01771099679172039 -0.6750718951225281 0.7375393509864807
vn 0.13586121797561646 -0.9240044355392456 0.3574320077896118
vn 0.0773291066288948 -0.9704341292381287 -0.22864346206188202
vn 0.14880090951919556 -0.7172623872756958 0.6807297468185425
vn 0.16238392889499664 0.03838137909770012 0.9859809279441833
vn 0.15197230875492096 0.7603092789649963 0.6315332055091858
vn 0.28873059153556824 0.037664804607629776 0.956669270992279
vn 0.1849006861448288 0.9784353375434875 -0.09206560999155045
vn 0.24533212184906006 0.8141463398933411 0.5262869596481323
vn 0.14223772287368774 0.9898325800895691 7.640065632585902e-06
vn 0.23725196719169617 0.8580711483955383 0.45543983578681946
vn 0.1326035112142563 0.9792657494544983 -0.15315011143684387
vn 0.08953441679477692 0.9959837794303894 1.453197455703048e-07
vn 0.28603360056877136 -0.005509621929377317 0.9582037329673767
vn 0.13890480995178223 0.9831855297088623 -0.11853986978530884
vn 0.09759464114904404 0.995226263999939 -1.3201323554312694e-06
vn 0.2282932698726654 0.8469160199165344 0.4802244305610657
vn 0.4073704183101654 0.9122481942176819 -0.04304148256778717
vn 0.40350252389907837 0.9149785041809082 -1.9176621208316647e-05
vn 0.402083158493042 0.7647004723548889 0.5035498142242432
vn 0.992831826210022 0.07901225239038467 0.08967801183462143
vn 0.995718777179718 0.09243451803922653 -2.1627934984280728e-05
vn 0.9171295762062073 0.08380497246980667 0.3896794021129608
vn 0.4116392433643341 -0.8947572112083435 0.17309759557247162
vn 0.4553990066051483 -0.890287458896637 1.2020191206829622e-05
vn 0.02294040657579899 -0.99920254945755 0.03267993777990341
vn 0.5430657863616943 -0.04043393209576607 0.8387161493301392
vn 0.034133363515138626 -0.9876747727394104 0.1527528166770935
vn 0.007971657440066338 -0.9946759939193726 0.10274302959442139
vn 0.44126376509666443 -0.7249001860618591 0.5289669632911682
vn 0.02840499021112919 -0.982933759689331 0.18175363540649414
vn 0.02313912659883499 -0.968417227268219 -0.24825942516326904
vn 0.11264478415250778 -0.8156434893608093 0.5674828886985779
vn 0.246770441532135 -0.07167893648147583 0.9664194583892822
vn 0.12108788639307022 -0.8208248019218445 0.5581974387168884
vn 0.16605521738529205 -0.7818086743354797 0.6009998917579651
vn 0.09144778549671173 -0.9598400592803955 0.26522529125213623
vn 0.3766198754310608 0.1085604578256607 -0.9199848175048828
vn 0.979547381401062 0.20121192932128906 0.000884930370375514
vn 0.8901719450950623 0.4556245505809784 0.00046561993076466024
vn 0.28132036328315735 0.1860499531030655 -0.9414054751396179
vn -0.6152613759040833 -0.0823785662651062 -0.78400719165802
vn 0.4989025592803955 0.8666534423828125 -0.0028320348355919123
vn -0.555958092212677 -0.2724035084247589 -0.7853069305419922
vn -0.9850336313247681 -0.1709229201078415 0.022231077775359154
vn 0.17090879380702972 0.31616857647895813 -0.9331814646720886
vn 0.05289475992321968 0.36656811833381653 -0.9288864135742188
vn 0.13479992747306824 0.9908450245857239 0.00743092829361558
vn -0.38584351539611816 -0.5266249775886536 -0.7574898600578308
vn 0.005110221914947033 0.3962230980396271 -0.9181401133537292
vn 0.006511541083455086 0.9998746514320374 0.014434313401579857
vn -0.15370605885982513 -0.6230432391166687 -0.7669364809989929
vn -0.0001971276942640543 -0.5942445397377014 -0.804284393787384
vn -0.018654249608516693 0.3875037431716919 -0.9216793775558472
vn -0.061684828251600266 0.9980198740959167 0.012299317866563797
vn 0.04931594803929329 -0.5820505023002625 -0.8116558790206909
vn -0.12342356145381927 0.3425278961658478 -0.9313653111457825
vn -0.3523591458797455 0.9358582496643066 0.0035182982683181763
vn -0.26449376344680786 0.24833358824253082 -0.9318656325340271
vn -0.7213789820671082 0.6925400495529175 -0.0007725119940005243
vn -0.8572429418563843 0.5149118304252625 0.0006609795382246375
vn -0.2843349277973175 0.1760673075914383 -0.9424192309379578
vn 0.21670342981815338 -0.5742020606994629 -0.7895135879516602
vn 0.4650362432003021 -0.44778919219970703 -0.7636924982070923
vn 0.5988608002662659 -0.3335285186767578 -0.7280964255332947
vn 0.721101701259613 -0.6924200654029846 0.023810667917132378
vn 0.8721833825111389 -0.48872503638267517 0.021072102710604668
vn 0.5894301533699036 -0.3287850022315979 0.7378838062286377
vn 0.3491336703300476 -0.936844527721405 0.020690370351076126
vn 0.07993065565824509 -0.9967249035835266 0.012273496948182583
vn 0.21693390607833862 -0.5561584234237671 0.8022639751434326
vn 0.46120181679725647 -0.4453088641166687 0.7674587368965149
vn -0.2665214538574219 0.16490858793258667 0.9496164917945862
vn -0.24703693389892578 0.23066069185733795 0.9411527514457703
vn -0.8572429418563843 0.5149118304252625 0.0006609795382246375
vn -0.7213790416717529 0.6925400495529175 -0.0007725120522081852
vn -0.11592326313257217 0.3411467373371124 0.932834804058075
vn -0.3523591458797455 0.9358582496643066 0.00351829850114882
vn 0.050261229276657104 -0.5155378580093384 0.8553915023803711
vn -0.019430356100201607 0.44065061211586 0.8974683880805969
vn -0.061684828251600266 0.9980198740959167 0.012299317866563797
vn -0.0064176879823207855 -0.9999311566352844 0.009822632186114788
vn -0.0038237886037677526 -0.5123486518859863 0.8587689995765686
vn 0.003721641143783927 0.46188119053840637 0.8869339823722839
vn 0.006511541549116373 0.9998746514320374 0.014434314332902431
vn 0.13479991257190704 0.9908450245857239 0.007430928759276867
vn 0.043456967920064926 0.3841532766819 0.9222460389137268
vn 0.4989025592803955 0.8666534423828125 -0.002832035068422556
vn -0.1568065881729126 -0.6027066111564636 0.7824043035507202
vn 0.15578019618988037 0.2933442294597626 0.9432294368743896
vn -0.24899643659591675 -0.9683382511138916 0.017938882112503052
vn -0.3826412558555603 -0.5277875661849976 0.7583047151565552
vn -0.5879449248313904 -0.8085440993309021 0.02402649261057377
vn -0.5425826907157898 -0.26912111043930054 0.7957247495651245
vn -0.8780978322029114 -0.4779490530490875 0.02255958691239357
vn -0.596060037612915 -0.08233881741762161 0.7987070083618164
vn 0.275662899017334 0.17654508352279663 0.9449030756950378
vn 0.37328261137008667 0.10401950031518936 0.9218677282333374
vn 0.8901719450950623 0.4556245505809784 0.00046561993076466024
vn 0.979547381401062 0.20121192932128906 0.000884930370375514
vn 0.8901718258857727 0.4556247591972351 -0.0004655545635614544
vn 0.9795473217964172 0.20121215283870697 -0.0008849942241795361
vn 0.3766200542449951 0.10856050252914429 0.9199848175048828
vn 0.281320184469223 0.1860499083995819 0.9414055347442627
vn -0.6152613162994385 -0.08237855136394501 0.7840072512626648
vn 0.4989025592803955 0.8666534423828125 0.0028320567216724157
vn -0.5559582114219666 -0.2724035680294037 0.7853068113327026
vn -0.9850336313247681 -0.17092300951480865 -0.022230856120586395
vn 0.1709088236093521 0.31616878509521484 0.9331814050674438
vn 0.05289478227496147 0.36656811833381653 0.9288864135742188
vn 0.1348000317811966 0.9908449649810791 -0.007430927827954292
vn -0.3858436644077301 -0.5266251564025879 0.7574897408485413
vn 0.005110221914947033 0.3962230980396271 0.9181401133537292
vn 0.006511541083455086 0.9998746514320374 -0.014434326440095901
vn -0.15370619297027588 -0.6230433583259583 0.7669364213943481
vn -0.00019712767971213907 -0.5942445397377014 0.804284393787384
vn -0.01865425519645214 0.3875037431716919 0.9216793775558472
vn -0.06168485805392265 0.9980198740959167 -0.01229928433895111
vn 0.04931596294045448 -0.5820505023002625 0.8116558194160461
vn -0.12342355400323868 0.3425278961658478 0.9313653111457825
vn -0.3523590862751007 0.9358583092689514 -0.003518210956826806
vn -0.2644937038421631 0.24833357334136963 0.9318656325340271
vn -0.7213789224624634 0.6925402283668518 0.0007725120522081852
vn -0.8572429418563843 0.5149118304252625 -0.0006610194686800241
vn -0.2843349277973175 0.1760673075914383 0.9424192309379578
vn 0.2167033702135086 -0.5742020606994629 0.7895135879516602
vn 0.46503615379333496 -0.44778919219970703 0.7636924982070923
vn 0.5988608002662659 -0.3335285484790802 0.7280964255332947
vn 0.3491336405277252 -0.936844527721405 -0.020690392702817917
vn 0.721101701259613 -0.6924200654029846 -0.023810667917132378
vn 0.8721833825111389 -0.4887250065803528 -0.02107212133705616
vn 0.5894301533699036 -0.3287850320339203 -0.7378838062286377
vn 0.0799306109547615 -0.9967249035835266 -0.012273506261408329
vn 0.46120181679725647 -0.4453088641166687 -0.7674587368965149
vn -0.2665214538574219 0.16490858793258667 -0.9496164917945862
vn 0.21693386137485504 -0.5561583638191223 -0.8022640943527222
vn -0.24703682959079742 0.23066069185733795 -0.9411527514457703
vn -0.8572429418563843 0.5149118304252625 -0.0006610194686800241
vn -0.7213789224624634 0.692540168762207 0.0007725119940005243
vn -0.11592323333024979 0.3411468267440796 -0.9328347444534302
vn -0.3523590862751007 0.9358583092689514 -0.003518210956826806
vn 0.0502612330019474 -0.5155378580093384 -0.8553915023803711
vn -0.01943034492433071 0.44065061211586 -0.8974683880805969
vn -0.06168486177921295 0.9980198740959167 -0.01229928433895111
vn -0.0064176879823207855 -0.9999311566352844 -0.009822632186114788
vn -0.00382378906942904 -0.5123486518859863 -0.8587689995765686
vn 0.003721639746800065 0.46188119053840637 -0.8869339823722839
vn 0.006511541549116373 0.9998746514320374 -0.014434327371418476
vn 0.1348000317811966 0.9908449649810791 -0.007430927827954292
vn 0.04345698282122612 0.3841533362865448 -0.9222460389137268
vn 0.4989025592803955 0.8666534423828125 0.002832056488841772
vn -0.1568065881729126 -0.6027066111564636 -0.7824043035507202
vn -0.24899636209011078 -0.9683382511138916 -0.017938978970050812
vn 0.15578030049800873 0.29334428906440735 -0.9432293772697449
vn -0.3826412260532379 -0.5277876257896423 -0.7583047151565552
vn -0.5879448056221008 -0.8085442185401917 -0.024026639759540558
vn -0.5425828695297241 -0.26912128925323486 -0.795724630355835
vn -0.8780977725982666 -0.47794926166534424 -0.022559532895684242
vn -0.5960602164268494 -0.08233892917633057 -0.7987068295478821
vn 0.27566292881965637 0.1765451580286026 -0.9449030756950378
vn 0.3732825517654419 0.10401968657970428 -0.9218677282333374
vn 0.8901718258857727 0.4556247293949127 -0.00046555453445762396
vn 0.9795473217964172 0.20121215283870697 -0.0008849942241795361
vn -0.581845760345459 -0.7685940861701965 -0.2659297585487366
vn -0.7940922379493713 0.533431887626648 0.29132112860679626
vn -0.7776140570640564 0.14947719871997833 0.6107151508331299
vn -0.640680730342865 -0.43600860238075256 -0.6320005059242249
vn -0.7775447964668274 -0.006010024342685938 0.6287989020347595
vn 0.5825259685516357 -0.7679541707038879 -0.2662893533706665
vn -0.6993234753608704 0.0009000217542052269 -0.7148048281669617
vn 0.640485942363739 -0.43556174635887146 -0.6325059533119202
vn -0.6404556035995483 0.43764063715934753 -0.631100058555603
vn -0.7758703827857971 -0.15819783508777618 0.6107361316680908
vn 0.6993234753608704 0.0009000217542052269 -0.7148048281669617
vn 0.7776334285736084 0.1508176326751709 0.610360860824585
vn 0.7942494750022888 0.5336790680885315 0.2904382348060608
vn -0.7940922379493713 0.5334319472312927 0.29132115840911865
vn -0.7776140570640564 0.14947719871997833 0.6107151508331299
vn 0.7775447964668274 -0.006010024342685938 0.6287989020347595
vn -0.7775447964668274 -0.006010024342685938 0.6287989020347595
vn -0.7758703231811523 -0.158197820186615 0.6107361316680908
vn 0.6402626633644104 0.437193900346756 -0.631605327129364
vn 0.7758809328079224 -0.15953756868839264 0.6103740930557251
vn 0.7940171360969543 -0.5345376133918762 0.2894933521747589
vn -0.7938615679740906 -0.5342931151390076 0.29037007689476013
vn -0.7939878702163696 -0.5339129567146301 -0.2907238006591797
vn 0.5824781060218811 0.7685208320617676 -0.2647547423839569
vn -0.5817932486534119 0.7691640853881836 -0.26439207792282104
vn -0.7938615679740906 -0.5342931151390076 0.29037007689476013
vn 0.7941438555717468 -0.5341582298278809 -0.28984561562538147
vn -0.5817093253135681 0.7691160440444946 0.26471641659736633
vn -0.7939878702163696 -0.5339128971099854 -0.2907237708568573
vn -0.7757217884063721 -0.15795694291591644 -0.6109871864318848
vn 0.5823944807052612 0.76847243309021 0.2650788128376007
vn 0.7757323980331421 -0.15929697453975677 -0.6106257438659668
vn -0.7757217884063721 -0.15795694291591644 -0.6109871864318848
vn -0.6407244801521301 0.43832600116729736 0.6303511261940002
vn -0.7775704860687256 -0.006027225870639086 -0.6287668943405151
vn 0.6405319571495056 0.4378785789012909 0.630857527256012
vn 0.7775704860687256 -0.006027232855558395 -0.6287669539451599
vn -0.7775704860687256 -0.006027225870639086 -0.6287669539451599
vn -0.777498185634613 0.14926113188266754 -0.61091548204422
vn -0.699022114276886 0.0018237574258819222 0.7150977849960327
vn 0.699022114276886 0.0018237534677609801 0.7150977849960327
vn -0.6404333114624023 -0.43649646639823914 0.6319146156311035
vn -0.7774981260299683 0.14926114678382874 -0.6109155416488647
vn 0.6402389407157898 -0.43605145812034607 0.6324186325073242
vn -0.5819864273071289 -0.7687079906463623 0.26529204845428467
vn -0.7942310571670532 0.53304523229599 -0.2916501462459564
vn -0.7940922379493713 0.533431887626648 0.29132112860679626
vn -0.581845760345459 -0.7685940861701965 -0.2659297585487366
vn 0.5825259685516357 -0.7679541110992432 -0.2662893533706665
vn 0.5826664566993713 -0.7680683732032776 0.26565176248550415
vn 0.7942494750022888 0.5336790680885315 0.2904382348060608
vn 0.7775170803070068 0.1506018489599228 -0.6105622053146362
vn 0.794388473033905 0.5332936644554138 -0.2907661497592926
vn -0.7940922379493713 0.533431887626648 0.29132112860679626
vn -0.7942310571670532 0.5330452919006348 -0.2916501760482788
vn -0.5355713963508606 0.4473682940006256 0.7162575721740723
vn -0.5743290185928345 0.4781666398048401 0.664456844329834
vn 0.6133432388305664 -0.2610958516597748 0.7454120516777039
vn 0.5996056199073792 -0.4087696969509125 0.688026487827301
vn -0.6086023449897766 0.2490566223859787 0.7533750534057617
vn 0.5386865139007568 -0.4138071537017822 -0.7338804602622986
vn 0.5802127718925476 -0.7250121831893921 0.3710936903953552
vn -0.8177348971366882 -0.21541835367679596 0.5337645411491394
vn 0.540196418762207 -0.3578607141971588 -0.7616584897041321
vn 0.6322846412658691 -0.771270215511322 0.073201984167099
vn -0.9336650967597961 -0.3575021028518677 0.02149060368537903
vn 0.6442537903785706 0.09900689870119095 -0.7583763599395752
vn -0.5973723530769348 0.46638593077659607 -0.6524035930633545
vn -0.6594876646995544 0.35407423973083496 -0.6631044745445251
vn -0.5743290185928345 0.4781666398048401 0.664456844329834
vn -0.5355713963508606 0.4473682940006256 0.7162575721740723
vn -0.6086024045944214 0.2490566372871399 0.7533750534057617
vn -0.42810001969337463 0.6907716393470764 -0.582722008228302
vn -0.817734956741333 -0.21541836857795715 0.5337645411491394
vn -0.3483254611492157 0.9090726375579834 -0.2285965085029602
vn -0.9336650967597961 -0.3575021028518677 0.02149060368537903
vn 0.7954864501953125 0.470406711101532 -0.3819933235645294
vn -0.3525294065475464 0.9346359968185425 0.046675775200128555
vn 0.5340808033943176 -0.84454745054245 -0.03869669511914253
vn 0.8549879193305969 0.5185330510139465 0.010913149453699589
vn 0.8305464386940002 0.43053147196769714 0.35332033038139343
vn -0.3296804130077362 0.8920766711235046 0.3090471029281616
vn -0.9044094681739807 -0.1900024712085724 -0.38202449679374695
vn -0.7816692590713501 0.16452859342098236 -0.6016008257865906
vn 0.5760123133659363 -0.7802392840385437 -0.24379587173461914
vn -0.9044094085693359 -0.19000244140625 -0.38202446699142456
vn 0.6791471242904663 0.1372728943824768 0.7210515737533569
vn 0.6929622292518616 -0.5934996008872986 -0.40934285521507263
vn -0.7816691994667053 0.16452859342098236 -0.6016008257865906
vn -0.4118235111236572 0.6338970065116882 0.6546571254730225
vn 0.5642573237419128 -0.2471127212047577 0.7877492904663086
vn 0.7072281837463379 -0.29474493861198425 -0.6426147222518921
vn -0.6666745543479919 0.34634265303611755 -0.6599938273429871
vn -0.6280765533447266 0.377817302942276 -0.6802749037742615
vn 0.7200458645820618 -0.17992959916591644 -0.6701935529708862
vn 0.5957661271095276 -0.32744067907333374 0.7333793640136719
vn -0.6539525985717773 0.18904975056648254 0.7325341105461121
vn -0.6207259297370911 0.32423678040504456 0.7138416171073914
vn -0.6666745543479919 0.34634265303611755 -0.6599938273429871
vn -0.6280765533447266 0.377817302942276 -0.6802749037742615
vn 0.6133431792259216 -0.26109591126441956 -0.7454119920730591
vn -0.5743290185928345 0.47816669940948486 -0.6644567847251892
vn -0.5355713963508606 0.4473683536052704 -0.7162575125694275
vn 0.5996056199073792 -0.4087696969509125 -0.688026487827301
vn -0.6086024045944214 0.2490566372871399 -0.7533749938011169
vn 0.5386865139007568 -0.4138071835041046 0.7338804602622986
vn 0.5802127718925476 -0.7250121831893921 -0.37109360098838806
vn -0.8177348971366882 -0.21541832387447357 -0.5337645411491394
vn 0.540196418762207 -0.3578607141971588 0.7616584897041321
vn 0.6322846412658691 -0.771270215511322 -0.0732019692659378
vn -0.9336651563644409 -0.3575020432472229 -0.02149059623479843
vn 0.6442537903785706 0.09900689870119095 0.7583763599395752
vn -0.5973723530769348 0.46638593077659607 0.6524035930633545
vn -0.6594876050949097 0.35407423973083496 0.6631044745445251
vn -0.5355713963508606 0.4473683536052704 -0.7162575125694275
vn -0.5743290185928345 0.47816669940948486 -0.6644567847251892
vn -0.6086024045944214 0.2490566521883011 -0.7533750534057617
vn -0.42810001969337463 0.6907716393470764 0.582722008228302
vn -0.817734956741333 -0.21541829407215118 -0.5337645411491394
vn -0.3483254313468933 0.9090726375579834 0.2285965085029602
vn -0.9336650967597961 -0.3575020730495453 -0.02149059623479843
vn 0.7954864501953125 0.470406711101532 0.3819933831691742
vn -0.352529376745224 0.9346359968185425 -0.046675775200128555
vn 0.5340808033943176 -0.84454745054245 0.03869670629501343
vn 0.8549879193305969 0.5185330510139465 -0.010913149453699589
vn -0.32968035340309143 0.8920767307281494 -0.30904704332351685
vn -0.9044094085693359 -0.1900024116039276 0.38202449679374695
vn 0.8305464386940002 0.43053147196769714 -0.35332033038139343
vn 0.5760123133659363 -0.7802392840385437 0.24379587173461914
vn -0.9044094085693359 -0.1900024116039276 0.38202449679374695
vn 0.6791471242904663 0.1372728943824768 -0.7210515737533569
vn -0.41182348132133484 0.6338970065116882 -0.6546571254730225
vn -0.7816691994667053 0.16452862322330475 0.6016008257865906
vn 0.6929622292518616 -0.5934996008872986 0.4093429446220398
vn -0.7816691994667053 0.16452862322330475 0.6016008853912354
vn -0.6207258701324463 0.32423681020736694 -0.7138416171073914
vn -0.6666744947433472 0.3463427424430847 0.6599938869476318
vn 0.5642572641372681 -0.24711275100708008 -0.7877494096755981
vn -0.6539525389671326 0.18904975056648254 -0.7325341105461121
vn -0.6280766129493713 0.3778173327445984 0.6802749037742615
vn 0.5957661271095276 -0.32744067907333374 -0.7333793640136719
vn 0.7072281837463379 -0.29474496841430664 0.6426147222518921
vn 0.7200458645820618 -0.17992962896823883 0.6701935529708862
vn -0.6666744947433472 0.34634271264076233 0.6599938273429871
vn -0.6280766129493713 0.377817302942276 0.6802749037742615
vn -0.09398495405912399 -0.24109885096549988 -0.9659390449523926
vn -0.09665421396493912 -0.03154359012842178 -0.9948180317878723
vn -0.5606037974357605 -0.03327672556042671 -0.8274153470993042
vn -0.5452761650085449 -0.23044933378696442 -0.8059572577476501
vn -0.8815083503723145 -0.03746291249990463 -0.47067999839782715
vn -0.5458149313926697 -0.21895506978034973 -0.8087921142578125
vn -0.09301526099443436 -0.22764071822166443 -0.9692924618721008
vn -0.8585489988327026 -0.23461848497390747 -0.4559033513069153
vn -0.9946652054786682 -0.038831986486911774 0.09556826204061508
vn -0.5587466359138489 0.10279185324907303 -0.8229435682296753
vn -0.09598226845264435 0.09764503687620163 -0.9905821084976196
vn -0.09490346908569336 0.23822857439517975 -0.9665611982345581
vn -0.5467368364334106 0.23801641166210175 -0.8027620911598206
vn -0.8536518216133118 0.25326043367385864 -0.4551238417625427
vn -0.8776456713676453 0.11516793817281723 -0.46526822447776794
vn -0.8632805943489075 -0.21073447167873383 -0.45862576365470886
vn -0.9884490966796875 0.11918265372514725 0.09361618757247925
vn -0.9619271159172058 0.2572811543941498 0.09221021085977554
vn -0.967937171459198 -0.2336176484823227 0.09230687469244003
vn -0.8313682079315186 -0.0359506793320179 0.5545579195022583
vn -0.974044144153595 -0.20658138394355774 0.09253229945898056
vn -0.8279876708984375 0.1114509329199791 0.5495591163635254
vn -0.8075747489929199 0.24586471915245056 0.5360723733901978
vn -0.462809294462204 0.2417275458574295 0.8528630137443542
vn -0.8132745623588562 -0.21079419553279877 0.5423563122749329
vn -0.81040358543396 -0.22784988582134247 0.539750337600708
vn -0.4751117527484894 -0.033236145973205566 0.8792975544929504
vn -0.46143999695777893 -0.23901952803134918 0.8543669581413269
vn 0.0971016064286232 -0.03107878565788269 0.9947891235351562
vn -0.4613947868347168 -0.22339582443237305 0.8586089015007019
vn -0.4728316366672516 0.10214537382125854 0.8752123117446899
vn 0.09447076916694641 0.2386782467365265 0.9664926528930664
vn 0.09349540621042252 -0.24124309420585632 0.9659505486488342
vn 0.5605493187904358 -0.031178144738078117 0.8275339007377625
vn 0.09613704681396484 0.09798271954059601 0.9905337691307068
vn 0.09349815547466278 -0.2277253121137619 0.9692261219024658
vn 0.5451350808143616 -0.229460671544075 0.8063346743583679
vn 0.8817095160484314 -0.03420782834291458 0.4705510437488556
vn 0.5457581877708435 -0.2186492681503296 0.8089131712913513
vn 0.5588018298149109 0.10361362993717194 0.8228029608726501
vn 0.5463123917579651 0.23904384672641754 0.8027458190917969
vn 0.8533053994178772 0.25456324219703674 0.455046683549881
vn 0.8776009678840637 0.11621881276369095 0.46509116888046265
vn 0.9614962339401245 0.2589447796344757 -0.09204679727554321
vn 0.8589274287223816 -0.23257781565189362 0.4562359154224396
vn 0.9948254823684692 -0.035214923322200775 -0.09530049562454224
vn 0.863521933555603 -0.20991888642311096 0.458545446395874
vn 0.9684642553329468 -0.2314758002758026 -0.09217358380556107
vn 0.8314773440361023 -0.03300099074840546 -0.5545777678489685
vn 0.9882937669754028 0.12035823613405228 -0.09375162422657013
vn 0.9742322564125061 -0.2057364135980606 -0.09243392199277878
vn 0.8105687499046326 -0.22589527070522308 -0.5403237342834473
vn 0.4754200279712677 -0.03159918263554573 -0.8791913390159607
vn 0.8135235905647278 -0.21011734008789062 -0.5422453880310059
vn 0.46130022406578064 -0.23804131150245667 -0.8547154664993286
vn -0.09665421396493912 -0.03154359012842178 -0.9948180317878723
vn -0.0939849466085434 -0.24109886586666107 -0.9659390449523926
vn -0.09301527589559555 -0.22764071822166443 -0.9692924618721008
vn 0.4613872468471527 -0.22290880978107452 -0.85873943567276
vn -0.09598227590322495 0.09764503687620163 -0.9905821084976196
vn 0.827925980091095 0.11222708970308304 -0.5494940280914307
vn 0.807212233543396 0.24680285155773163 -0.5361872315406799
vn 0.4625471532344818 0.24210578203201294 -0.8528979420661926
vn 0.4728982448577881 0.1024608165025711 -0.8751394152641296
vn -0.09490346908569336 0.23822857439517975 -0.9665611982345581
vn 0.9325395822525024 0.36106783151626587 0.0
vn 0.9325395822525024 0.3610678017139435 0.0
vn -0.25041064620018005 0.9681397676467896 0.0
vn -0.25041061639785767 0.9681397676467896 0.0
vn 0.9325395822525024 0.3610678017139435 0.0
vn -0.25041061639785767 0.9681397676467896 0.0
vn -0.5198230147361755 0.8542739748954773 0.0
vn -0.5198230743408203 0.8542739748954773 0.0
vn -0.5198230147361755 0.8542739748954773 0.0
vn 0.3065856397151947 0.9518430829048157 0.0
vn 0.3065856397151947 0.9518430829048157 0.0
vn 0.3065856695175171 0.9518430829048157 0.0
vn 0.6275403499603271 0.7785840630531311 0.0
vn 0.6275403499603271 0.7785840630531311 0.0
vn 0.6275403499603271 0.7785840630531311 0.0
vn 0.5028153657913208 0.8643938899040222 0.0
vn 0.5028153657913208 0.8643938899040222 0.0
vn 0.5028153657913208 0.8643938302993774 0.0
vn -0.6755544543266296 0.7373101711273193 0.0
vn -0.6755544543266296 0.7373101711273193 0.0
vn -0.6755543351173401 0.7373101711273193 0.0
vn -0.9443774223327637 0.32886359095573425 0.0
vn -0.9443774223327637 0.32886362075805664 0.0
vn -0.9443774223327637 0.32886359095573425 0.0
vn -0.5887898802757263 0.808286190032959 0.0
vn -0.5887898206710815 0.808286190032959 0.0
vn -0.5887898206710815 0.808286190032959 0.0
vn -0.11300089210271835 0.9935948848724365 0.0
vn -0.11300087720155716 0.9935948848724365 0.0
vn -0.11300086975097656 0.9935948848724365 0.0
vn -0.15139999985694885 0.988472580909729 0.0
vn -0.15139999985694885 0.988472580909729 0.0
vn -0.15139999985694885 0.988472580909729 0.0
vn -0.9984217286109924 0.05616138130426407 0.0
vn -0.9984217286109924 0.056161317974328995 0.0
vn -0.9984217286109924 0.05616134777665138 0.0
vn -0.7675860524177551 -0.6409459710121155 0.0
vn -0.7675859928131104 -0.6409459710121155 0.0
vn -0.7675860524177551 -0.6409459710121155 0.0
vn -0.9964617490768433 -0.0840478241443634 0.0
vn -0.9964617490768433 -0.0840478390455246 0.0
vn -0.9964617490768433 -0.0840478390455246 0.0
vn -0.8537983894348145 0.5206038951873779 0.0
vn -0.8537983894348145 0.5206038951873779 0.0
vn -0.8537984490394592 0.5206038355827332 0.0
vn -0.5023525953292847 0.8646628856658936 0.0
vn -0.5023525953292847 0.8646628856658936 0.0
vn -0.5023525953292847 0.8646628856658936 0.0
vn -0.42638522386550903 0.9045417308807373 0.0
vn -0.42638522386550903 0.9045417308807373 0.0
vn -0.42638522386550903 0.9045417308807373 0.0
vn -0.7457471489906311 0.6662290692329407 0.0
vn -0.7457471489906311 0.6662290692329407 0.0
vn -0.7457471489906311 0.6662290692329407 0.0
vn -0.8550429344177246 -0.5185572504997253 0.0
vn -0.8550429344177246 -0.5185572504997253 0.0
vn -0.8550429344177246 -0.5185571908950806 0.0
vn -0.39409518241882324 -0.9190696477890015 0.0
vn -0.39409521222114563 -0.9190696477890015 0.0
vn -0.39409521222114563 -0.9190696477890015 0.0
vn -0.8690927624702454 -0.494649201631546 0.0
vn -0.8690927028656006 -0.49464932084083557 0.0
vn -0.8690927028656006 -0.4946492612361908 0.0
vn -0.9993637800216675 -0.03566722944378853 0.0
vn -0.9993637204170227 -0.03566721826791763 0.0
vn -0.9993637800216675 -0.03566722571849823 0.0
vn -0.953944981098175 0.2999817430973053 0.0
vn -0.953944981098175 0.2999817132949829 0.0
vn -0.953944981098175 0.2999817728996277 0.0
vn -0.8173854351043701 0.5760912299156189 0.0
vn -0.8173854351043701 0.5760912299156189 0.0
vn -0.8173854351043701 0.5760912895202637 0.0
vn -0.8512911200523376 0.5246936678886414 0.0
vn -0.8512911200523376 0.5246936082839966 0.0
vn -0.8512911200523376 0.5246937274932861 0.0
vn -0.9970938563346863 0.07618290930986404 0.0
vn -0.9970938563346863 0.07618290185928345 0.0
vn -0.9970938563346863 0.07618290185928345 0.0
vn -0.4939499795436859 -0.8694903254508972 0.0
vn -0.4939499795436859 -0.869490385055542 0.0
vn -0.49394991993904114 -0.869490385055542 0.0
vn 0.16054457426071167 -0.9870285987854004 0.0
vn 0.16054458916187286 -0.9870285987854004 0.0
vn 0.16054458916187286 -0.9870285987854004 0.0
vn -0.3533731698989868 -0.9354825019836426 0.0
vn -0.35337314009666443 -0.9354825019836426 0.0
vn -0.3533731698989868 -0.9354825019836426 0.0
vn -0.7976470589637756 -0.6031244993209839 0.0
vn -0.7976470589637756 -0.6031246185302734 0.0
vn -0.7976470589637756 -0.6031244993209839 0.0
vn -0.9890458583831787 -0.14760862290859222 0.0
vn -0.9890458583831787 -0.14760860800743103 0.0
vn -0.9890458583831787 -0.14760860800743103 0.0
vn -0.9983770251274109 -0.056950848549604416 0.0
vn -0.9983770251274109 -0.056950852274894714 0.0
vn -0.9983770251274109 -0.05695085600018501 0.0
vn -0.9429612159729004 -0.33290278911590576 0.0
vn -0.9429612159729004 -0.33290281891822815 0.0
vn -0.9429612159729004 -0.33290278911590576 0.0
vn -0.8105810284614563 -0.585626482963562 0.0
vn -0.8105810880661011 -0.585626482963562 0.0
vn -0.8105810880661011 -0.585626482963562 0.0
vn 0.22734519839286804 -0.9738142490386963 0.0
vn 0.22734518349170685 -0.9738142490386963 0.0
vn 0.22734519839286804 -0.9738142490386963 0.0
vn -0.7608044743537903 -0.18735961616039276 -0.6213477849960327
vn -0.6914307475090027 -0.29710525274276733 -0.6585225462913513
vn -0.916567862033844 -0.3998791575431824 4.690352579928003e-05
vn -0.691679835319519 -0.2984878122806549 0.6576351523399353
vn -0.760421633720398 -0.18669059872627258 0.6220173239707947
vn -0.9707510471343994 -0.24008847773075104 5.2903720643371344e-05
vn -0.7715131640434265 0.07412303239107132 -0.6318807601928711
vn -0.7716488838195801 0.07469014078378677 0.6316481232643127
vn -0.9927311539649963 0.1203533485531807 8.380964573007077e-05
vn -0.8632422685623169 0.5047898888587952 0.00010634599311742932
vn -0.696898341178894 0.3793129622936249 -0.6086496114730835
vn -0.6970212459564209 0.379320353269577 0.6085042953491211
vn -0.5703834295272827 0.8213785290718079 8.965052984422073e-05
vn -0.48010554909706116 0.7567002773284912 -0.44373804330825806
vn -0.48016342520713806 0.7568270564079285 0.44345909357070923
vn 0.9691593647003174 -0.2464347928762436 0.0
vn 0.7618494033813477 -0.6477541923522949 0.0
vn 0.7618494033813477 -0.6477541923522949 0.0
vn 0.7618494033813477 -0.6477541923522949 0.0
vn 0.9691593647003174 -0.2464347630739212 0.0
vn 0.9691593647003174 -0.2464347630739212 0.0
vn 0.9293003082275391 0.36932510137557983 0.0
vn 0.9293003082275391 0.36932504177093506 0.0
vn 0.9293003082275391 0.36932507157325745 0.0
vn 0.9847573637962341 -0.17393380403518677 0.0
vn 0.9847573637962341 -0.17393380403518677 0.0
vn 0.9847573637962341 -0.17393380403518677 0.0
vn 0.2670412063598633 -0.963685154914856 0.0
vn 0.2670411467552185 -0.9636852145195007 0.0
vn 0.2670411765575409 -0.963685154914856 0.0
vn -0.060976218432188034 -0.9981392621994019 0.0
vn -0.060976218432188034 -0.9981392621994019 0.0
vn -0.060976218432188034 -0.9981392621994019 0.0
vn 0.18431389331817627 -0.9828674793243408 0.0
vn 0.18431386351585388 -0.9828674793243408 0.0
vn 0.18431386351585388 -0.9828674793243408 0.0
vn 0.8425676822662354 -0.5385904908180237 0.0
vn 0.8425676822662354 -0.5385904908180237 0.0
vn 0.8425676822662354 -0.5385904908180237 0.0
vn 0.5918393135070801 -0.8060559630393982 0.0
vn 0.5918393135070801 -0.8060559630393982 0.0
vn 0.5918393135070801 -0.8060559630393982 0.0
vn -0.389619916677475 -0.9209757447242737 0.0
vn -0.389619916677475 -0.9209757447242737 0.0
vn -0.389619916677475 -0.9209757447242737 0.0
vn -0.7192085981369019 -0.6947941780090332 0.0
vn -0.7192085981369019 -0.6947942972183228 0.0
vn -0.7192085981369019 -0.6947942972183228 0.0
vn -0.5825814604759216 -0.8127723336219788 0.0
vn -0.5825814604759216 -0.8127723336219788 0.0
vn -0.5825814008712769 -0.8127723336219788 0.0
vn 0.08038937300443649 -0.9967635273933411 0.0
vn 0.0803893506526947 -0.9967635273933411 0.0
vn 0.0803893655538559 -0.9967635273933411 0.0
vn 0.7483481764793396 -0.6633061766624451 0.0
vn 0.7483481764793396 -0.6633061766624451 0.0
vn 0.7483481764793396 -0.6633061766624451 0.0
vn 0.22734519839286804 -0.9738142490386963 0.0
vn 0.22734518349170685 -0.9738142490386963 0.0
vn 0.22734519839286804 -0.9738142490386963 0.0
vn 0.12878863513469696 0.5313834547996521 -0.8372843861579895
vn 0.22208885848522186 -0.7536256313323975 -0.6186476349830627
vn 0.2197193205356598 -0.6515265107154846 -0.7261106967926025
vn -0.06463916599750519 0.5180357098579407 -0.8529130816459656
vn -0.3386826515197754 0.4249458312988281 -0.8394731283187866
vn 0.2367083728313446 -0.6496018767356873 -0.7224864363670349
vn -0.21416020393371582 0.9767985939979553 1.5872574294917285e-05
vn -0.005336938891559839 0.9999857544898987 -2.1826936702495914e-08
vn 0.12878865003585815 0.5313835144042969 0.8372843861579895
vn -0.5431529879570007 0.8396338224411011 5.767833499703556e-05
vn -0.06468463689088821 0.5179630517959595 0.8529537916183472
vn 0.21962769329547882 -0.6515490412712097 0.7261182069778442
vn 0.22208885848522186 -0.7536256313323975 0.6186476349830627
vn -0.3386881351470947 0.42480650544166565 0.8395414352416992
vn 0.23674720525741577 -0.6497420072555542 0.7223476767539978
vn -0.6892518997192383 0.7245217561721802 9.16202407097444e-05
vn -0.3914460241794586 0.2905391454696655 0.8731306195259094
vn 0.28423011302948 -0.6506921052932739 0.7041400074958801
vn -0.3916521370410919 0.2906225025653839 -0.8730104565620422
vn 0.2840157747268677 -0.6506825685501099 -0.7042351961135864
vn -0.645828902721405 0.7634821534156799 5.943405631114729e-05
vn -0.33005115389823914 0.2364063262939453 0.9138808846473694
vn 0.19905802607536316 -0.7273019552230835 0.6568164825439453
vn -0.33021852374076843 0.23641227185726166 -0.913818895816803
vn 0.1989852339029312 -0.7273558974266052 -0.6567787528038025
vn -0.4345364272594452 0.9006542563438416 0.00013192823098506778
vn -0.26402604579925537 0.24089749157428741 0.9339479207992554
vn -0.08802000433206558 -0.7866497039794922 0.6110931038856506
vn -0.6796541213989258 -0.5633037686347961 0.4698501527309418
vn -0.2635094225406647 0.24115429818630219 -0.9340275526046753
vn -0.08780764043331146 -0.7865840792655945 -0.6112081408500671
vn -0.6790844798088074 -0.5629214644432068 -0.47113022208213806
vn -0.729059100151062 0.14413803815841675 -0.6691017150878906
vn -0.7285366654396057 0.14510534703731537 0.6694616079330444
vn -0.7529997229576111 0.4551059603691101 -0.475257933139801
vn -0.7535873055458069 0.4549420475959778 0.47448286414146423
vn -0.7718145847320557 0.6358470916748047 0.0008648403454571962
vn -0.9097275137901306 0.41426655650138855 -0.027913665398955345
vn -0.9083653688430786 0.4132497310638428 -0.06400763988494873
vn -0.917130172252655 0.397793173789978 -0.02515833079814911
vn -0.9044932723045349 0.42511728405952454 -0.03416558355093002
vn -0.9211176037788391 0.38922205567359924 -0.0069717951118946075
vn -0.9045488834381104 0.4258941411972046 0.020137179642915726
vn -0.9212576150894165 0.3889000713825226 -0.006418806966394186
vn -0.9043474197387695 0.426305890083313 0.020472675561904907
vn -0.9233133792877197 0.3840472996234894 0.0003341236733831465
vn -0.9068619608879089 0.4194667339324951 0.040609680116176605
vn -0.923315703868866 0.3840418756008148 0.0002962771977763623
vn -0.9140635132789612 0.40523403882980347 0.016534093767404556
vn -0.9217169284820557 0.3877977430820465 0.007126861717551947
vn -0.9137237071990967 0.4060342609882355 0.015661733224987984
vn -0.921697735786438 0.3878417909145355 0.007217343896627426
vn -0.9185851812362671 0.39522287249565125 0.0005124951712787151
vn -0.9098724126815796 0.41348156332969666 0.03413516655564308
vn -0.9181348085403442 0.396266907453537 0.0010206472361460328
vn -0.9179286956787109 0.3958130180835724 0.027186430990695953
vn -0.9181435108184814 0.3962465226650238 0.0011281666811555624
vn -0.9090084433555603 0.4099804162979126 0.07496513426303864
vn -0.9137672185897827 0.4060322642326355 -0.012935133650898933
vn -0.9058471322059631 0.4214325249195099 0.04284517094492912
vn -0.9174101948738098 0.3979373872280121 -0.0020849877037107944
vn -0.9044236540794373 0.42641735076904297 -0.013644957914948463
vn -0.9124432802200317 0.4089002311229706 -0.0157490037381649
vn -0.9037925601005554 0.4278534948825836 -0.010018971748650074
vn -0.9065268039703369 0.42088690400123596 -0.03260927274823189
vn 0.9282369613647461 -0.3716893196105957 -0.014937576837837696
vn 0.9256565570831299 -0.37808260321617126 -0.014612725004553795
vn 0.9271847009658813 -0.3730948865413666 -0.03359634429216385
vn 0.928861677646637 -0.37004008889198303 -0.016924213618040085
vn 0.9241588711738586 -0.38198623061180115 -0.0041206046007573605
vn 0.928224503993988 -0.37188655138015747 0.009985084645450115
vn 0.9241266846656799 -0.38206639885902405 -0.0038938033394515514
vn 0.9307447075843811 -0.36556190252304077 0.008877219632267952
vn 0.9232843518257141 -0.3841171860694885 2.944963739537343e-07
vn 0.9268580079078674 -0.37493398785591125 0.018939174711704254
vn 0.9232843518257141 -0.38411715626716614 -8.687300578458235e-06
vn 0.922284722328186 -0.3864530324935913 0.006713493261486292
vn 0.9239271283149719 -0.3825574517250061 0.0028906792867928743
vn 0.922936737537384 -0.38486021757125854 0.008391753770411015
vn 0.9239500761032104 -0.3825008273124695 0.00306671392172575
vn 0.9205935597419739 -0.39052054286003113 0.0011269206879660487
vn 0.9283679723739624 -0.3712253272533417 0.018018154427409172
vn 0.9210461378097534 -0.38943082094192505 -0.00420956127345562
vn 0.925368070602417 -0.37882092595100403 0.013735457323491573
vn 0.9210634231567383 -0.3893888592720032 -0.004296105355024338
vn 0.9281504154205322 -0.37029415369033813 0.03767070546746254
vn 0.9230108857154846 -0.38469192385673523 -0.007945562712848186
vn 0.9300680756568909 -0.36665281653404236 0.02321791462600231
vn 0.9227840900421143 -0.38529178500175476 -0.0044557442888617516
vn 0.9272134900093079 -0.3745225965976715 -0.0028128253761678934
vn 0.9237744808197021 -0.38290610909461975 -0.004873028956353664
vn 0.9290497303009033 -0.36994680762290955 -0.0024533167015761137
vn 0.9249044060707092 -0.3800206184387207 -0.011669551022350788
vn 0.9325395822525024 0.3610678017139435 0.0
vn 0.9325395822525024 0.36106783151626587 0.0
vn 0.9971973299980164 0.07481648772954941 0.0
vn 0.9325395822525024 0.3610678017139435 0.0
vn 0.9971973299980164 0.07481648772954941 0.0
vn 0.9971973299980164 0.07481648772954941 0.0
vn 0.8785743713378906 0.4776056110858917 0.0
vn 0.8785743713378906 0.4776056110858917 0.0
vn 0.8785743713378906 0.4776056110858917 0.0
vn 0.37107452750205994 0.9286031126976013 0.0
vn 0.37107452750205994 0.9286031126976013 0.0
vn 0.37107452750205994 0.9286031126976013 0.0
vn -0.4773954153060913 0.8786885738372803 0.0
vn -0.4773954749107361 0.8786885738372803 0.0
vn -0.4773954451084137 0.8786885738372803 0.0
vn 0.19513963162899017 0.9807754755020142 0.0
vn 0.19513973593711853 0.9807754755020142 0.0
vn 0.19513967633247375 0.9807754755020142 0.0
vn 0.9905105233192444 -0.13743676245212555 0.0
vn 0.9905105233192444 -0.13743679225444794 0.0
vn 0.9905105233192444 -0.13743676245212555 0.0
vn 0.9897328019142151 -0.14292992651462555 0.0
vn 0.9897328019142151 -0.14292994141578674 0.0
vn 0.9897328019142151 -0.14292992651462555 0.0
vn 0.778238832950592 0.6279346942901611 0.0065139480866491795
vn 0.7782387137413025 0.6279342770576477 -0.006562034599483013
vn 0.7782554030418396 0.6279479265213013 -2.4043405574047938e-05
vn 0.9474833011627197 0.31980523467063904 -2.582122579042334e-05
vn 0.9418016672134399 0.33609113097190857 -0.007240714505314827
vn 0.941823422908783 0.336031436920166 0.007187068462371826
vn 0.7841612696647644 -0.6205564141273499 0.0009609821136109531
vn 0.7841615676879883 -0.6205567121505737 3.52148754245718e-06
vn 0.7841612696647644 -0.6205564737319946 -0.0009539391612634063
vn 0.3804827034473419 -0.9247880578041077 0.0
vn 0.3804827928543091 -0.9247880578041077 0.0
vn 0.3804827034473419 -0.9247880578041077 0.0
vn 0.23972363770008087 -0.9708411693572998 0.0
vn 0.23972369730472565 -0.9708411693572998 0.0
vn 0.23972363770008087 -0.9708411693572998 0.0
vn 0.507978618144989 -0.8613697290420532 0.0
vn 0.507978618144989 -0.8613697290420532 0.0
vn 0.5079786777496338 -0.8613696694374084 0.0
vn 0.7618494033813477 -0.6477541923522949 0.0
vn 0.7618494033813477 -0.6477541923522949 0.0
vn 0.7618494033813477 -0.6477541923522949 0.0
vn 0.4957990348339081 0.8684029579162598 0.007724676746875048
vn 0.49564817547798157 0.8684762120246887 0.009061058983206749
vn 0.46815240383148193 0.8360635042190552 0.28606143593788147
vn 0.4746880531311035 0.8320252299308777 -0.287063330411911
vn 0.4682965874671936 0.8363068699836731 0.2851126194000244
vn 0.4712637662887573 0.8271419405937195 -0.30618077516555786
vn 0.24985074996948242 0.44676077365875244 0.8590573072433472
vn 0.24326510727405548 0.43797603249549866 -0.8654473423957825
vn 0.23463185131549835 0.41937223076820374 0.8769690990447998
vn 0.21061165630817413 0.37992942333221436 -0.900719940662384
vn -0.18997536599636078 -0.445343017578125 0.874973714351654
vn -0.187403604388237 -0.44767579436302185 -0.8743376135826111
vn -0.18018001317977905 -0.4219631254673004 0.8885281682014465
vn -0.19037532806396484 -0.4553161561489105 -0.8697381019592285
vn -0.3569842576980591 -0.860859751701355 0.3626054525375366
vn -0.3533836305141449 -0.8711803555488586 -0.3408297002315521
vn -0.3587605059146881 -0.8662015795707703 0.347830206155777
vn -0.35433945059776306 -0.8734496831893921 -0.33396005630493164
vn -0.3770177662372589 -0.9261026382446289 0.013841884210705757
vn -0.377032995223999 -0.9261578917503357 0.00881787110120058
vn -0.20708587765693665 -0.9529521465301514 -0.2213543802499771
vn -0.5698570609092712 -0.8052674531936646 -0.16372926533222198
vn -0.5175606608390808 -0.7972266674041748 -0.31074199080467224
vn -0.20875154435634613 -0.9226762056350708 -0.32417812943458557
vn -0.6205857396125793 -0.7315297722816467 -0.2823784649372101
vn -0.778605043888092 -0.6085917353630066 -0.15293902158737183
vn -0.6312091946601868 -0.7756126523017883 0.0001656169188208878
vn -0.21107791364192963 -0.9713001847267151 0.10964523255825043
vn -0.8473607897758484 -0.529958963394165 -0.03351524844765663
vn -0.641538679599762 -0.7670907378196716 -1.2224002603034023e-05
vn -0.23061984777450562 -0.9730439782142639 -2.63137781075784e-06
vn -0.21107979118824005 -0.9713000655174255 -0.10964276641607285
vn -0.6055805087089539 -0.795784056186676 -6.199123617989244e-06
vn -0.8959193825721741 -0.4442167282104492 -1.0594505717165248e-08
vn -0.8473607897758484 -0.529958963394165 0.03351524472236633
vn -0.6311975121498108 -0.7756221890449524 -0.00021779797680210322
vn -0.20873083174228668 -0.9228606224060059 0.3236660957336426
vn -0.6206191182136536 -0.7315682768821716 0.28220537304878235
vn -0.7786107659339905 -0.6085984706878662 0.15288347005844116
vn -0.569899320602417 -0.8053209185600281 0.16331863403320312
vn -0.5177680253982544 -0.7972380518913269 0.31036728620529175
vn -0.20709623396396637 -0.9529737830162048 0.2212515026330948
vn 0.9178911447525024 -0.39683210849761963 0.0004367569927126169
vn 0.5787275433540344 -0.8155192732810974 0.0016919340705499053
vn 0.43655771017074585 -0.7029500007629395 -0.561496913433075
vn 0.0479883998632431 -0.9988479018211365 9.063051402335986e-05
vn 0.6588574051856995 -0.39542457461357117 -0.6399580836296082
vn 0.9946632981300354 -0.10317382961511612 -0.0003504242340568453
vn 0.03536693751811981 -0.7968423366546631 -0.6031513214111328
vn -0.2834996283054352 -0.9589722752571106 -0.0003321525873616338
vn 0.7383238077163696 -0.16414394974708557 -0.6541672945022583
vn 0.9857644438743591 0.16813232004642487 -7.802471372997388e-05
vn 0.09505542367696762 -0.38872167468070984 -0.9164387583732605
vn -0.23807983100414276 -0.7636304497718811 -0.6001554131507874
vn -0.47841131687164307 -0.8781359195709229 -0.00019074048032052815
vn 0.7937939763069153 0.11029557883739471 -0.5981019735336304
vn 0.8253306746482849 0.564649760723114 0.00018326134886592627
vn -0.39627376198768616 -0.712995707988739 -0.5784499049186707
vn -0.6327853798866272 -0.7743272185325623 -0.00019748788326978683
vn 0.7221620082855225 0.4930814206600189 -0.4851316511631012
vn 0.602914035320282 0.7978061437606812 2.2119984350865707e-06
vn 0.27555951476097107 0.05911043658852577 -0.9594649076461792
vn 0.5391821265220642 0.6433466672897339 -0.5434958338737488
vn 0.5077257752418518 0.8615188002586365 4.7294368414441124e-05
vn -0.173666849732399 -0.38206493854522705 -0.907670795917511
vn 0.04730868712067604 0.12102556973695755 -0.991521418094635
vn 0.42455387115478516 0.7197430729866028 -0.5492940545082092
vn 0.26237109303474426 0.7624651789665222 -0.5914459228515625
vn 0.3514104187488556 0.9362215399742126 -7.24118945072405e-05
vn -0.5363346934318542 -0.6419315934181213 -0.5479679703712463
vn -0.8562050461769104 -0.5166353583335876 0.0009110355749726295
vn -0.10969607532024384 0.7945430278778076 -0.5972170829772949
vn -0.014848723076283932 0.9998897910118103 3.638229100033641e-05
vn -0.7331661581993103 -0.4827994704246521 -0.4789280891418457
vn -0.9870259761810303 -0.16055750846862793 0.0010418578749522567
vn -0.3860493302345276 -0.3209916949272156 -0.8648296594619751
vn -0.8080687522888184 -0.21287080645561218 -0.5492821931838989
vn -0.9985162615776062 0.05444684624671936 0.0009675622568465769
vn -0.2860104739665985 0.14711494743824005 -0.946865975856781
vn -0.8314285278320312 -0.03857814893126488 -0.5542908310890198
vn -0.9532849788665771 0.3020663857460022 0.0019291664939373732
vn -0.7996193170547485 0.24717915058135986 -0.5472764372825623
vn -0.5755581855773926 0.6491922736167908 -0.497274786233902
vn -0.629652202129364 0.7768744826316833 0.0020567295141518116
vn -0.014848723076283932 0.9998897910118103 3.638229100033641e-05
vn -0.629652202129364 0.7768744826316833 0.0020567295141518116
vn -0.5746467113494873 0.6469866037368774 0.5011880397796631
vn -0.9532849788665771 0.3020664155483246 0.0019291667267680168
vn -0.10895372182130814 0.7950963377952576 0.596616268157959
vn 0.35141047835350037 0.9362215399742126 -7.241188723128289e-05
vn -0.7980207204818726 0.24697761237621307 0.5496953725814819
vn -0.8305045366287231 -0.037753161042928696 0.5557310581207275
vn -0.9985162019729614 0.054446835070848465 0.000967562198638916
vn -0.28516244888305664 0.1471090316772461 0.9471226930618286
vn 0.2621554434299469 0.7630615830421448 0.5907720923423767
vn 0.5077258348464966 0.8615187406539917 4.7294368414441124e-05
vn -0.8069649934768677 -0.21239736676216125 0.5510852932929993
vn -0.9870259761810303 -0.16055753827095032 0.0010418578749522567
vn 0.4240562319755554 0.7198895215988159 0.549486517906189
vn -0.7319805026054382 -0.4830547869205475 0.4804817736148834
vn -0.8562051057815552 -0.5166352391242981 0.0009110355167649686
vn -0.3852100372314453 -0.32134807109832764 0.8650714755058289
vn -0.5360372066497803 -0.6428061127662659 0.547233521938324
vn -0.6327854990959167 -0.7743271589279175 -0.00019748789782170206
vn 0.047044601291418076 0.1213952898979187 0.9914888143539429
vn -0.3963612914085388 -0.7137090563774109 0.5775094032287598
vn -0.47841131687164307 -0.8781359195709229 -0.00019074049487244338
vn -0.1739029735326767 -0.3826475739479065 0.9073801040649414
vn -0.23794688284397125 -0.7641916275024414 0.5994936227798462
vn -0.2834996283054352 -0.9589722752571106 -0.0003321525873616338
vn 0.5391831398010254 0.6431381106376648 0.5437416434288025
vn 0.6029140949249268 0.7978060841560364 2.211998662460246e-06
vn 0.035459019243717194 -0.7967559099197388 0.6032600998878479
vn 0.0479883998632431 -0.9988479018211365 9.063051402335986e-05
vn 0.7225686311721802 0.4928651452064514 0.48474591970443726
vn 0.8253306150436401 0.564649760723114 0.0001832613634178415
vn 0.275953471660614 0.059206634759902954 0.9593457579612732
vn 0.7940444946289062 0.10952091217041016 0.5979118347167969
vn 0.9857644438743591 0.16813234984874725 -7.802471372997388e-05
vn 0.09564591199159622 -0.38901329040527344 0.9162535071372986
vn 0.7389945983886719 -0.16350270807743073 0.6535701155662537
vn 0.9946632981300354 -0.10317382216453552 -0.0003504242340568453
vn 0.6598125100135803 -0.39365673065185547 0.640064001083374
vn 0.9178911447525024 -0.39683207869529724 0.00043675690540112555
vn 0.437307745218277 -0.7016764879226685 0.5625052452087402
vn 0.5787275433540344 -0.8155192732810974 0.0016919340705499053
vn -0.0 0.0 1.0
vn -0.0 0.0 1.0
vn -0.0 -1.0339176981233322e-07 1.0
vn -0.0 0.0 1.0
vn -0.0 0.0 1.0
vn -0.0 0.0 1.0
vn 1.3575996149484126e-07 -1.8705952697928296e-07 1.0
vn -0.0 0.0 1.0
vn 1.3546055299684667e-07 -3.2967966490105027e-07 1.0
vn -1.3575996149484126e-07 -1.870595696118471e-07 1.0
vn -1.354605814185561e-07 -3.2967975016617856e-07 1.0
vn -0.0 0.0 -1.0
vn -0.0 0.0 -1.0
vn -0.0 2.0678353962466645e-07 -1.0
vn -0.0 0.0 -1.0
vn -0.0 0.0 -1.0
vn -2.7151992298968253e-07 3.7411905395856593e-07 -1.0
vn -0.0 0.0 -1.0
vn -2.7092110599369335e-07 6.593593298021005e-07 -1.0
vn -0.0 0.0 -1.0
vn 2.709211628371122e-07 6.593595003323571e-07 -1.0
vn 2.7151992298968253e-07 3.741191392236942e-07 -1.0
vn 0.8094663023948669 0.002277346793562174 -0.5871620178222656
vn 0.8095256090164185 -0.002681244630366564 -0.5870785117149353
vn 0.5822256207466125 0.14319151639938354 -0.8003184199333191
vn 0.58600252866745 -0.1455785036087036 -0.7971248030662537
vn 0.6804385781288147 0.3477368950843811 -0.6450445055961609
vn 0.6807920932769775 -0.34979310631752014 -0.6435580849647522
vn 0.4026471972465515 0.21268868446350098 -0.8903026580810547
vn 0.005630070809274912 -0.013501533307135105 -0.9998930096626282
vn 0.40099993348121643 -0.21418820321559906 -0.8906865119934082
vn 0.0054592108353972435 0.013823076151311398 -0.999889612197876
vn 0.46902456879615784 -0.5881537199020386 -0.6588559150695801
vn 0.28855443000793457 0.36186832189559937 -0.8864466547966003
vn 0.4689582884311676 0.5881338119506836 -0.6589210033416748
vn 0.2885970175266266 -0.3619113564491272 -0.8864153027534485
vn 0.16734211146831512 -0.7335394024848938 -0.6587234735488892
vn 0.10300193727016449 0.4512783885002136 -0.886418879032135
vn 0.167308509349823 0.7334166169166565 -0.6588687300682068
vn 0.10301828384399414 -0.45136985182762146 -0.8863704204559326
vn -0.1674056053161621 -0.733511745929718 -0.6587381958961487
vn -0.10295582562685013 0.4512660801410675 -0.8864305019378662
vn -0.167371928691864 0.7333890199661255 -0.658883273601532
vn -0.10297217220067978 -0.45135757327079773 -0.8863820433616638
vn -0.4690512716770172 -0.5882218480110168 -0.6587761044502258
vn -0.28861743211746216 0.36189937591552734 -0.8864134550094604
vn -0.4689849615097046 0.5882018208503723 -0.6588411927223206
vn -0.28866004943847656 -0.36194244027137756 -0.8863820433616638
vn -0.6778705716133118 -0.32639560103416443 -0.6587544679641724
vn -0.41712647676467896 0.20087501406669617 -0.8863717317581177
vn -0.6778824329376221 0.32637444138526917 -0.6587527394294739
vn -0.41710758209228516 -0.20084671676158905 -0.8863869905471802
vn -0.7523565888404846 -2.6448158678249456e-05 -0.6587561368942261
vn -0.4629364013671875 -1.9089966372121125e-05 -0.8863915205001831
vn -0.00041352116386406124 -3.929145350412e-06 -0.9999999403953552
vn 0.016737069934606552 3.931710671167821e-05 -0.9998599290847778
vn -0.00206185644492507 0.9999977946281433 -0.0005130753852427006
vn -0.0010867305099964142 0.9999980926513672 -0.0016381563618779182
vn -5.110268830321729e-05 1.0 3.4293163935217308e-06
vn -0.0006390842027030885 0.9999997615814209 -0.0003212753508705646
vn -0.0002820001682266593 0.9999995231628418 0.0009878798155114055
vn 0.0022948672994971275 0.9999973773956299 0.00019877518934663385
vn -0.0018046996556222439 0.9999967217445374 0.001818848424591124
vn 0.0016795473638921976 0.9999970197677612 -0.0018069761572405696
vn -0.002331895288079977 0.9999973177909851 -5.707320451620035e-05
vn 0.0002663185296114534 0.9999995231628418 -0.0009748648735694587
vn 0.0006890391232445836 0.9999997615814209 0.0002756821340881288
vn 0.0010218680836260319 0.999998152256012 0.0016194006893783808
vn 0.001975839026272297 0.9999979734420776 0.00041621894342824817
vn -0.38537678122520447 0.6740581393241882 -0.6301828026771545
vn -0.45122769474983215 0.8902016878128052 -0.06272666901350021
vn 0.4804649353027344 0.8749435544013977 -0.060226865112781525
vn -0.997637152671814 -0.0001593216584296897 -0.06870352476835251
vn 0.38781076669692993 0.6732521653175354 -0.6295509338378906
vn 0.9980949759483337 -0.0005679617752321064 -0.06169474497437477
vn -0.7746650576591492 -0.00043850819929502904 -0.6323716044425964
vn 0.7766287326812744 -0.0004587616422213614 -0.62995845079422
vn 0.48054197430610657 -0.8748984932899475 -0.06026734411716461
vn 4.241594524501124e-06 -1.3708317965210881e-05 -1.0
vn 0.38740596175193787 -0.673399806022644 -0.6296422481536865
vn -0.3849179446697235 -0.6741975545883179 -0.63031405210495
vn -0.4506702423095703 -0.8904759883880615 -0.06284031271934509
vn 0.4804649353027344 0.8749435544013977 0.060226865112781525
vn -0.45122772455215454 0.8902016282081604 0.06272666901350021
vn -0.38537681102752686 0.6740581393241882 0.6301828026771545
vn -0.997637152671814 -0.00015935870760586113 0.0687035322189331
vn 0.38781076669692993 0.6732521653175354 0.6295509338378906
vn 0.9980949759483337 -0.0005679617752321064 0.06169474497437477
vn -0.7746650576591492 -0.00043854129035025835 0.6323716640472412
vn 0.7766287326812744 -0.0004587616422213614 0.62995845079422
vn 0.48054197430610657 -0.8748984932899475 0.06026734411716461
vn 4.241594524501124e-06 -1.3708317965210881e-05 1.0
vn 0.38740596175193787 -0.673399806022644 0.6296422481536865
vn -0.3849179446697235 -0.6741975545883179 0.63031405210495
vn -0.45067018270492554 -0.8904759883880615 0.06284031271934509
vn 0.9537360668182373 -0.3004764914512634 -0.010074563324451447
vn 0.6410831809043884 0.7665456533432007 0.03768569603562355
vn 0.5428307056427002 0.6033570766448975 0.5842046141624451
vn -0.5235509276390076 0.8507735133171082 0.045595526695251465
vn 0.7152627110481262 -0.23418721556663513 0.6584494113922119
vn 0.5203779935836792 -0.853053867816925 -0.03880634903907776
vn -0.4046598970890045 0.6480973958969116 0.6451513171195984
vn 0.38411328196525574 -0.6742216944694519 0.6307790279388428
vn -0.5248607993125916 -0.8502960205078125 -0.03895958140492439
vn -0.4194755554199219 -0.7104487419128418 0.5650689601898193
vn -0.7688506841659546 0.08271589130163193 0.6340557336807251
vn -0.9908127188682556 0.13442778587341309 0.01481069065630436
vn 0.5428307056427002 0.6033570766448975 -0.5842046141624451
vn 0.6410831809043884 0.7665456533432007 -0.03768569603562355
vn 0.9537360668182373 -0.3004764914512634 0.010074562393128872
vn -0.5235509276390076 0.8507735133171082 -0.045595526695251465
vn 0.715262770652771 -0.23418721556663513 -0.6584493517875671
vn 0.5203779935836792 -0.853053867816925 0.03880634531378746
vn -0.4046598970890045 0.6480973958969116 -0.6451513171195984
vn 0.3841133117675781 -0.6742216944694519 -0.6307790279388428
vn -0.5248607993125916 -0.8502960205078125 0.038959577679634094
vn -0.41947558522224426 -0.7104487419128418 -0.5650689601898193
vn -0.7688507437705994 0.08271593600511551 -0.6340557336807251
vn -0.9908127188682556 0.13442783057689667 -0.01481069065630436
vn 0.27549684047698975 0.7176311016082764 -0.6396148800849915
vn 0.35923850536346436 0.9332383871078491 -0.0037194269243627787
vn 0.8965452313423157 0.4429475963115692 -0.0020363645162433386
vn -0.16967590153217316 0.9854981303215027 -0.0019008798990398645
vn 0.6903173327445984 0.3387060761451721 -0.6393279433250427
vn 0.9832401275634766 -0.18231531977653503 -0.0003363865544088185
vn -0.13011620938777924 0.7254691123962402 -0.6758434176445007
vn 0.743248701095581 -0.14333611726760864 -0.6534801125526428
vn 0.8001067638397217 -0.5998574495315552 0.0005242865299805999
vn -0.007490134332329035 -0.00939176231622696 -0.9999278783798218
vn 0.5909255146980286 -0.4529345631599426 -0.6675757765769958
vn 0.5586980581283569 -0.8293707370758057 0.0008587747579440475
vn 0.12752525508403778 0.48986828327178955 -0.8624188899993896
vn 0.26192590594291687 0.9650867581367493 -0.0015918825520202518
vn 0.6510995626449585 0.758985161781311 -0.003319718176499009
vn 0.40672868490219116 -0.6164886951446533 -0.6741762161254883
vn -0.25796717405319214 -0.966144323348999 0.004266009666025639
vn 0.4776121973991394 0.556280791759491 -0.6800281405448914
vn -0.212662473320961 -0.7867287397384644 -0.5795106887817383
vn -0.8946558237075806 -0.44673123955726624 0.004708865191787481
vn 0.12548649311065674 0.761085569858551 -0.636397659778595
vn 0.16590139269828796 0.9861397743225098 -0.0022740766871720552
vn -0.5353503823280334 0.8446300029754639 0.00043717073276638985
vn -0.6611842513084412 -0.3337458372116089 -0.671899676322937
vn -0.9935212135314941 -0.11362595856189728 0.0021978854201734066
vn -0.414873868227005 0.6469797492027283 -0.6397631168365479
vn -0.746870756149292 -0.09011971950531006 -0.6588342785835266
vn -0.9286728501319885 0.3708985447883606 0.0009935025591403246
vn -0.7093138694763184 0.27763915061950684 -0.6479123830795288
vn 0.8965451717376709 0.4429476261138916 0.0020363647490739822
vn 0.3592384159564972 0.9332384467124939 0.0037194269243627787
vn 0.2754967510700226 0.7176311016082764 0.6396148204803467
vn -0.16967590153217316 0.9854981303215027 0.0019008798990398645
vn 0.6903173327445984 0.3387060761451721 0.6393279433250427
vn 0.9832400679588318 -0.18231526017189026 0.0003363865544088185
vn -0.13011620938777924 0.7254691123962402 0.6758434176445007
vn 0.743248701095581 -0.14333608746528625 0.6534801125526428
vn 0.8001067638397217 -0.5998574495315552 -0.0005242865299805999
vn 0.12752525508403778 0.48986828327178955 0.8624188899993896
vn 0.26192596554756165 0.9650867581367493 0.0015918825520202518
vn 0.6510995626449585 0.758985161781311 0.003319718176499009
vn 0.5909255146980286 -0.4529345631599426 0.6675757765769958
vn 0.5586979985237122 -0.8293707370758057 -0.0008587748743593693
vn 0.4776121973991394 0.556280791759491 0.6800281405448914
vn 0.4067286550998688 -0.6164886951446533 0.6741761565208435
vn -0.2579672038555145 -0.9661442637443542 -0.004265983588993549
vn 0.12548649311065674 0.761085569858551 0.636397659778595
vn 0.16590139269828796 0.9861397743225098 0.0022740766871720552
vn -0.5353503823280334 0.8446300029754639 -0.00043717073276638985
vn -0.2126624882221222 -0.7867286801338196 0.5795106887817383
vn -0.8946558237075806 -0.44673123955726624 -0.004708846099674702
vn -0.4148738980293274 0.6469797492027283 0.6397631168365479
vn -0.6611841917037964 -0.3337458074092865 0.671899676322937
vn -0.9935212135314941 -0.11362595856189728 -0.0021978854201734066
vn -0.7093138694763184 0.27763915061950684 0.6479123830795288
vn -0.9286728501319885 0.37089860439300537 -0.0009935026755556464
vn -0.746870756149292 -0.09011971205472946 0.6588342785835266
vn -0.007490134332329035 -0.00939176231622696 0.9999278783798218
vn 0.6811913847923279 -0.3499974012374878 0.6430242657661438
vn 0.809851884841919 0.002276576356962323 0.5866299867630005
vn 0.8099110722541809 -0.0026799573097378016 0.5865465402603149
vn 0.5825791954994202 0.14331728219985962 0.8000385761260986
vn 0.5863532423973083 -0.14570507407188416 0.7968437671661377
vn 0.6808384656906128 0.34794139862060547 0.6445120573043823
vn 0.40129417181015015 -0.21433767676353455 0.8905180096626282
vn 0.0054592108353972435 0.013823073357343674 0.999889612197876
vn 0.4693073034286499 -0.5885082483291626 0.6583378911018372
vn 0.4029420018196106 0.21283726394176483 0.8901337385177612
vn 0.005630070809274912 -0.013501533307135105 0.9998930096626282
vn 0.2888029217720032 -0.3621695041656494 0.8862427473068237
vn 0.16744296252727509 -0.7339813113212585 0.6582053303718567
vn 0.28876030445098877 0.36212649941444397 0.8862741589546204
vn 0.4692409932613373 0.5884883403778076 0.6584029197692871
vn 0.10309171676635742 -0.45169171690940857 0.8861979246139526
vn -0.16750645637512207 -0.7339537739753723 0.6582199931144714
vn 0.10307540744543076 0.4516003727912903 0.886246383190155
vn 0.16740940511226654 0.7338587641716003 0.6583505868911743
vn -0.10304560512304306 -0.45167940855026245 0.8862095475196838
vn -0.4693340063095093 -0.5885762572288513 0.6582580804824829
vn -0.1030292734503746 0.451587975025177 0.8862580060958862
vn -0.16747282445430756 0.7338311076164246 0.6583651900291443
vn -0.2888658344745636 -0.362200528383255 0.8862095475196838
vn -0.6782789826393127 -0.3265922963619232 0.6582363843917847
vn -0.2888232469558716 0.3621574938297272 0.8862409591674805
vn -0.46926766633987427 0.5885564088821411 0.6583231091499329
vn -0.41740497946739197 -0.20098993182182312 0.886214554309845
vn -0.7528099417686462 -2.6457069907337427e-05 0.6582379937171936
vn -0.41742390394210815 0.20101824402809143 0.8861991763114929
vn -0.6782909035682678 0.32657110691070557 0.6582346558570862
vn -0.4632664620876312 -1.909378988784738e-05 0.8862190246582031
vn -0.00041352116386406124 -3.92929405279574e-06 0.9999999403953552
vn 0.016737069934606552 3.931710671167821e-05 0.9998599290847778
f 2/2/2 3/3/3 1/1/1
f 4/4/4 1/1/1 3/3/3
f 6/6/6 7/7/7 5/5/5
f 8/8/8 5/5/5 7/7/7
f 7/7/7 9/9/9 8/8/8
f 10/10/10 8/8/8 9/9/9
f 10/10/10 9/9/9 11/11/11
f 12/12/12 11/11/11 9/9/9
f 11/11/11 12/12/12 13/13/13
f 15/15/15 16/16/16 14/14/14
f 17/17/17 14/14/14 16/16/16
f 16/16/16 18/18/18 17/17/17
f 19/19/19 17/17/17 18/18/18
f 18/18/18 20/20/20 19/19/19
f 21/21/21 19/19/19 20/20/20
f 20/20/20 22/22/22 21/21/21
f 24/24/24 25/25/25 23/23/23
f 26/26/26 23/23/23 25/25/25
f 25/25/25 27/27/27 26/26/26
f 28/28/28 26/26/26 27/27/27
f 27/27/27 29/29/29 28/28/28
f 30/30/30 28/28/28 29/29/29
f 29/29/29 31/31/31 30/30/30
f 32/32/32 30/30/30 31/31/31
f 32/32/32 31/31/31 33/33/33
f 34/34/34 33/33/33 31/31/31
f 33/33/33 34/34/34 35/35/35
f 36/36/36 35/35/35 34/34/34
f 35/35/35 36/36/36 37/37/37
f 38/38/38 37/37/37 36/36/36
f 37/37/37 38/38/38 39/39/39
f 40/40/40 39/39/39 38/38/38
f 42/42/42 43/43/43 41/41/41
f 44/44/44 41/41/41 43/43/43
f 43/43/43 45/45/45 44/44/44
f 46/46/46 44/44/44 45/45/45
f 46/46/46 45/45/45 47/47/47
f 48/48/48 47/47/47 45/45/45
f 47/47/47 48/48/48 49/49/49
f 50/50/50 49/49/49 48/48/48
f 49/49/49 50/50/50 51/51/51
f 52/52/52 51/51/51 50/50/50
f 52/52/52 53/53/53 51/51/51
f 54/54/54 51/51/51 53/53/53
f 53/53/53 55/55/55 54/54/54
f 56/56/56 54/54/54 55/55/55
f 56/56/56 55/55/55 57/57/57
f 58/58/58 57/57/57 55/55/55
f 57/57/57 58/58/58 59/59/59
f 60/60/60 59/59/59 58/58/58
f 60/60/60 61/61/61 59/59/59
f 62/62/62 59/59/59 61/61/61
f 64/64/64 65/65/65 63/63/63
f 66/66/66 63/63/63 65/65/65
f 65/65/65 67/67/67 66/66/66
f 68/68/68 66/66/66 67/67/67
f 67/67/67 69/69/69 68/68/68
f 70/70/70 68/68/68 69/69/69
f 69/69/69 71/71/71 70/70/70
f 72/72/72 70/70/70 71/71/71
f 71/71/71 73/73/73 72/72/72
f 74/74/74 72/72/72 73/73/73
f 73/73/73 75/75/75 74/74/74
f 76/76/76 74/74/74 75/75/75
f 75/75/75 77/77/77 76/76/76
f 78/78/78 76/76/76 77/77/77
f 77/77/77 79/79/79 78/78/78
f 80/80/80 78/78/78 79/79/79
f 80/80/80 79/79/79 81/81/81
f 82/82/82 81/81/81 79/79/79
f 82/82/82 83/83/83 81/81/81
f 84/84/84 81/81/81 83/83/83
f 84/84/84 83/83/83 85/85/85
f 86/86/86 85/85/85 83/83/83
f 86/86/86 87/87/87 85/85/85
f 88/88/88 85/85/85 87/87/87
f 87/87/87 89/89/89 88/88/88
f 90/90/90 88/88/88 89/89/89
f 89/89/89 91/91/91 90/90/90
f 92/92/92 90/90/90 91/91/91
f 92/92/92 91/91/91 93/93/93
f 94/94/94 93/93/93 91/91/91
f 93/93/93 94/94/94 95/95/95
f 96/96/96 95/95/95 94/94/94
f 95/95/95 96/96/96 97/97/97
f 98/98/98 97/97/97 96/96/96
f 97/97/97 98/98/98 99/99/99
f 100/100/100 99/99/99 98/98/98
f 102/102/102 103/103/103 101/101/101
f 104/104/104 101/101/101 103/103/103
f 103/103/103 105/105/105 104/104/104
f 106/106/106 104/104/104 105/105/105
f 105/105/105 107/107/107 106/106/106
f 108/108/108 106/106/106 107/107/107
f 107/107/107 109/109/109 108/108/108
f 110/110/110 108/108/108 109/109/109
f 109/109/109 111/111/111 110/110/110
f 112/112/112 110/110/110 111/111/111
f 111/111/111 113/113/113 112/112/112
f 114/114/114 112/112/112 113/113/113
f 113/113/113 115/115/115 114/114/114
f 116/116/116 114/114/114 115/115/115
f 115/115/115 117/117/117 116/116/116
f 118/118/118 116/116/116 117/117/117
f 117/117/117 119/119/119 118/118/118
f 120/120/120 118/118/118 119/119/119
f 119/119/119 121/121/121 120/120/120
f 122/122/122 120/120/120 121/121/121
f 124/124/124 125/125/125 123/123/123
f 126/126/126 123/123/123 125/125/125
f 125/125/125 127/127/127 126/126/126
f 128/128/128 126/126/126 127/127/127
f 127/127/127 129/129/129 128/128/128
f 130/130/130 128/128/128 129/129/129
f 129/129/129 131/131/131 130/130/130
f 132/132/132 130/130/130 131/131/131
f 132/132/132 131/131/131 133/133/133
f 134/134/134 133/133/133 131/131/131
f 134/134/134 135/135/135 133/133/133
f 136/136/136 133/133/133 135/135/135
f 138/138/138 139/139/139 137/137/137
f 140/140/140 137/137/137 139/139/139
f 139/139/139 141/141/141 140/140/140
f 142/142/142 140/140/140 141/141/141
f 141/141/141 143/143/143 142/142/142
f 144/144/144 142/142/142 143/143/143
f 144/144/144 143/143/143 145/145/145
f 146/146/146 145/145/145 143/143/143
f 146/146/146 147/147/147 145/145/145
f 148/148/148 145/145/145 147/147/147
f 147/147/147 149/149/149 148/148/148
f 150/150/150 148/148/148 149/149/149
f 149/149/149 151/151/151 150/150/150
f 152/152/152 150/150/150 151/151/151
f 151/151/151 153/153/153 152/152/152
f 151/151/151 154/154/154 153/153/153
f 155/155/155 153/153/153 154/154/154
f 154/154/154 156/156/156 155/155/155
f 154/154/154 157/157/157 156/156/156
f 158/158/158 156/156/156 157/157/157
f 157/157/157 159/159/159 158/158/158
f 160/160/160 158/158/158 159/159/159
f 159/159/159 161/161/161 160/160/160
f 162/162/162 160/160/160 161/161/161
f 161/161/161 163/163/163 162/162/162
f 164/164/164 162/162/162 163/163/163
f 164/164/164 163/163/163 165/165/165
f 166/166/166 165/165/165 163/163/163
f 165/165/165 166/166/166 167/167/167
f 168/168/168 167/167/167 166/166/166
f 167/167/167 168/168/168 169/169/169
f 169/169/169 168/168/168 170/170/170
f 171/171/171 170/170/170 168/168/168
f 170/170/170 171/171/171 172/172/172
f 172/172/172 171/171/171 173/173/173
f 174/174/174 173/173/173 171/171/171
f 173/173/173 174/174/174 175/175/175
f 176/176/176 175/175/175 174/174/174
f 175/175/175 176/176/176 177/177/177
f 178/178/178 177/177/177 176/176/176
f 178/178/178 179/179/179 177/177/177
f 180/180/180 177/177/177 179/179/179
f 180/180/180 179/179/179 181/181/181
f 182/182/182 181/181/181 179/179/179
f 182/182/182 183/183/183 181/181/181
f 184/184/184 181/181/181 183/183/183
f 183/183/183 185/185/185 184/184/184
f 186/186/186 184/184/184 185/185/185
f 188/188/188 189/189/189 187/187/187
f 187/187/187 189/189/189 190/190/190
f 191/191/191 190/190/190 189/189/189
f 191/191/191 192/192/192 190/190/190
f 193/193/193 190/190/190 192/192/192
f 193/193/193 192/192/192 194/194/194
f 195/195/195 194/194/194 192/192/192
f 194/194/194 195/195/195 196/196/196
f 197/197/197 196/196/196 195/195/195
f 196/196/196 197/197/197 198/198/198
f 199/199/199 198/198/198 197/197/197
f 199/199/199 200/200/200 198/198/198
f 201/201/201 198/198/198 200/200/200
f 201/201/201 200/200/200 202/202/202
f 203/203/203 202/202/202 200/200/200
f 202/202/202 203/203/203 204/204/204
f 205/205/205 204/204/204 203/203/203
f 204/204/204 205/205/205 206/206/206
f 207/207/207 206/206/206 205/205/205
f 207/207/207 208/208/208 206/206/206
f 209/209/209 206/206/206 208/208/208
f 208/208/208 210/210/210 209/209/209
f 211/211/211 209/209/209 210/210/210
f 211/211/211 210/210/210 212/212/212
f 213/213/213 212/212/212 210/210/210
f 213/213/213 214/214/214 212/212/212
f 215/215/215 212/212/212 214/214/214
f 214/214/214 216/216/216 215/215/215
f 217/217/217 215/215/215 216/216/216
f 217/217/217 216/216/216 218/218/218
f 219/219/219 218/218/218 216/216/216
f 218/218/218 219/219/219 220/220/220
f 221/221/221 220/220/220 219/219/219
f 220/220/220 221/221/221 222/222/222
f 223/223/223 222/222/222 221/221/221
f 223/223/223 224/224/224 222/222/222
f 225/225/225 222/222/222 224/224/224
f 225/225/225 224/224/224 226/226/226
f 227/227/227 226/226/226 224/224/224
f 227/227/227 228/228/228 226/226/226
f 229/229/229 226/226/226 228/228/228
f 228/228/228 230/230/230 229/229/229
f 232/232/232 233/233/233 231/231/231
f 234/234/234 231/231/231 233/233/233
f 231/231/231 234/234/234 235/235/235
f 236/236/236 235/235/235 234/234/234
f 235/235/235 236/236/236 237/237/237
f 238/238/238 237/237/237 236/236/236
f 238/238/238 239/239/239 237/237/237
f 240/240/240 237/237/237 239/239/239
f 239/239/239 241/241/241 240/240/240
f 242/242/242 240/240/240 241/241/241
f 241/241/241 243/243/243 242/242/242
f 244/244/244 242/242/242 243/243/243
f 243/243/243 245/245/245 244/244/244
f 246/246/246 244/244/244 245/245/245
f 246/246/246 245/245/245 247/247/247
f 248/248/248 247/247/247 245/245/245
f 248/248/248 249/249/249 247/247/247
f 250/250/250 247/247/247 249/249/249
f 250/250/250 249/249/249 251/251/251
f 252/252/252 251/251/251 249/249/249
f 254/254/254 255/255/255 253/253/253
f 254/254/254 253/253/253 256/256/256
f 257/257/257 256/256/256 253/253/253
f 256/256/256 257/257/257 258/258/258
f 259/259/259 258/258/258 257/257/257
f 258/258/258 259/259/259 260/260/260
f 261/261/261 260/260/260 259/259/259
f 260/260/260 261/261/261 262/262/262
f 263/263/263 262/262/262 261/261/261
f 263/263/263 264/264/264 262/262/262
f 265/265/265 262/262/262 264/264/264
f 265/265/265 264/264/264 266/266/266
f 267/267/267 266/266/266 264/264/264
f 266/266/266 267/267/267 268/268/268
f 269/269/269 268/268/268 267/267/267
f 268/268/268 269/269/269 270/270/270
f 271/271/271 270/270/270 269/269/269
f 271/271/271 272/272/272 270/270/270
f 273/273/273 270/270/270 272/272/272
f 272/272/272 274/274/274 273/273/273
f 275/275/275 273/273/273 274/274/274
f 274/274/274 276/276/276 275/275/275
f 277/277/277 275/275/275 276/276/276
f 276/276/276 278/278/278 277/277/277
f 279/279/279 277/277/277 278/278/278
f 279/279/279 278/278/278 280/280/280
f 281/281/281 280/280/280 278/278/278
f 281/281/281 282/282/282 280/280/280
f 283/283/283 280/280/280 282/282/282
f 282/282/282 284/284/284 283/283/283
f 285/285/285 283/283/283 284/284/284
f 285/285/285 284/284/284 286/286/286
f 287/287/287 286/286/286 284/284/284
f 287/287/287 288/288/288 286/286/286
f 289/289/289 286/286/286 288/288/288
f 289/289/289 288/288/288 290/290/290
f 291/291/291 290/290/290 288/288/288
f 291/291/291 292/292/292 290/290/290
f 293/293/293 290/290/290 292/292/292
f 292/292/292 294/294/294 293/293/293
f 295/295/295 293/293/293 294/294/294
f 295/295/295 294/294/294 296/296/296
f 297/297/297 296/296/296 294/294/294
f 297/297/297 298/298/298 296/296/296
f 299/299/299 296/296/296 298/298/298
f 299/299/299 298/298/298 300/300/300
f 301/301/301 300/300/300 298/298/298
f 301/301/301 302/302/302 300/300/300
f 303/303/303 300/300/300 302/302/302
f 304/304/304 303/303/303 302/302/302
f 306/306/306 307/307/307 305/305/305
f 307/307/307 308/308/308 305/305/305
f 307/307/307 309/309/309 308/308/308
f 307/307/307 310/310/310 309/309/309
f 309/309/309 311/311/311 308/308/308
f 312/312/312 309/309/309 310/310/310
f 313/313/313 308/308/308 311/311/311
f 310/310/310 314/314/314 312/312/312
f 311/311/311 315/315/315 313/313/313
f 314/314/314 316/316/316 312/312/312
f 315/315/315 311/311/311 317/317/317
f 318/318/318 312/312/312 316/316/316
f 312/312/312 318/318/318 319/319/319
f 320/320/320 317/317/317 311/311/311
f 312/312/312 319/319/319 321/321/321
f 322/322/322 321/321/321 319/319/319
f 323/323/323 321/321/321 322/322/322
f 321/321/321 323/323/323 324/324/324
f 321/321/321 324/324/324 325/325/325
f 321/321/321 325/325/325 326/326/326
f 317/317/317 328/328/328 327/327/327
f 328/328/328 317/317/317 320/320/320
f 329/329/329 328/328/328 320/320/320
f 329/329/329 320/320/320 330/330/330
f 331/331/331 330/330/330 320/320/320
f 331/331/331 332/332/332 330/330/330
f 333/333/333 334/334/334 332/332/332
f 335/335/335 333/333/333 332/332/332
f 332/332/332 331/331/331 335/335/335
f 336/336/336 335/335/335 331/331/331
f 336/336/336 331/331/331 337/337/337
f 336/336/336 337/337/337 338/338/338
f 339/339/339 338/338/338 337/337/337
f 340/340/340 341/341/341 338/338/338
f 342/342/342 340/340/340 338/338/338
f 339/339/339 342/342/342 338/338/338
f 343/343/343 342/342/342 339/339/339
f 339/339/339 344/344/344 343/343/343
f 345/345/345 344/344/344 339/339/339
f 346/346/346 345/345/345 339/339/339
f 339/339/339 347/347/347 346/346/346
f 346/346/346 349/349/349 348/348/348
f 346/346/346 347/347/347 349/349/349
f 350/350/350 349/349/349 347/347/347
f 351/351/351 350/350/350 347/347/347
f 351/351/351 347/347/347 352/352/352
f 353/353/353 352/352/352 347/347/347
f 353/353/353 354/354/354 352/352/352
f 355/355/355 354/354/354 353/353/353
f 355/355/355 353/353/353 356/356/356
f 357/357/357 358/358/358 356/356/356
f 357/357/357 356/356/356 359/359/359
f 359/359/359 356/356/356 353/353/353
f 360/360/360 359/359/359 353/353/353
f 361/361/361 359/359/359 360/360/360
f 360/360/360 362/362/362 361/361/361
f 363/363/363 362/362/362 360/360/360
f 364/364/364 363/363/363 360/360/360
f 365/365/365 364/364/364 360/360/360
f 360/360/360 366/366/366 365/365/365
f 368/368/368 365/365/365 367/367/367
f 367/367/367 365/365/365 366/366/366
f 367/367/367 366/366/366 369/369/369
f 370/370/370 369/369/369 366/366/366
f 366/366/366 371/371/371 370/370/370
f 372/372/372 370/370/370 371/371/371
f 371/371/371 373/373/373 372/372/372
f 373/373/373 375/375/375 374/374/374
f 371/371/371 375/375/375 373/373/373
f 371/371/371 376/376/376 375/375/375
f 371/371/371 326/326/326 376/376/376
f 377/377/377 376/376/376 326/326/326
f 326/326/326 378/378/378 377/377/377
f 378/378/378 326/326/326 325/325/325
f 325/325/325 379/379/379 378/378/378
f 379/379/379 380/380/380 378/378/378
f 382/382/382 383/383/383 381/381/381
f 384/384/384 382/382/382 381/381/381
f 382/382/382 384/384/384 385/385/385
f 382/382/382 385/385/385 386/386/386
f 387/387/387 385/385/385 384/384/384
f 388/388/388 386/386/386 385/385/385
f 384/384/384 389/389/389 387/387/387
f 390/390/390 386/386/386 388/388/388
f 391/391/391 387/387/387 389/389/389
f 390/390/390 388/388/388 392/392/392
f 391/391/391 393/393/393 387/387/387
f 394/394/394 392/392/392 388/388/388
f 394/394/394 388/388/388 395/395/395
f 396/396/396 387/387/387 393/393/393
f 388/388/388 397/397/397 395/395/395
f 398/398/398 395/395/395 397/397/397
f 397/397/397 399/399/399 398/398/398
f 399/399/399 397/397/397 400/400/400
f 400/400/400 397/397/397 401/401/401
f 397/397/397 402/402/402 401/401/401
f 404/404/404 393/393/393 403/403/403
f 393/393/393 404/404/404 396/396/396
f 404/404/404 405/405/405 396/396/396
f 405/405/405 406/406/406 396/396/396
f 407/407/407 396/396/396 406/406/406
f 408/408/408 407/407/407 406/406/406
f 409/409/409 410/410/410 408/408/408
f 410/410/410 411/411/411 408/408/408
f 408/408/408 411/411/411 407/407/407
f 412/412/412 407/407/407 411/411/411
f 407/407/407 412/412/412 413/413/413
f 413/413/413 412/412/412 414/414/414
f 414/414/414 415/415/415 413/413/413
f 416/416/416 417/417/417 414/414/414
f 417/417/417 418/418/418 414/414/414
f 418/418/418 419/419/419 414/414/414
f 414/414/414 419/419/419 415/415/415
f 420/420/420 415/415/415 419/419/419
f 420/420/420 421/421/421 415/415/415
f 421/421/421 422/422/422 415/415/415
f 423/423/423 415/415/415 422/422/422
f 425/425/425 422/422/422 424/424/424
f 422/422/422 425/425/425 423/423/423
f 426/426/426 423/423/423 425/425/425
f 426/426/426 427/427/427 423/423/423
f 427/427/427 428/428/428 423/423/423
f 429/429/429 423/423/423 428/428/428
f 430/430/430 429/429/429 428/428/428
f 430/430/430 431/431/431 429/429/429
f 429/429/429 431/431/431 432/432/432
f 433/433/433 434/434/434 432/432/432
f 434/434/434 435/435/435 432/432/432
f 432/432/432 435/435/435 429/429/429
f 435/435/435 436/436/436 429/429/429
f 435/435/435 437/437/437 436/436/436
f 438/438/438 436/436/436 437/437/437
f 438/438/438 439/439/439 436/436/436
f 439/439/439 440/440/440 436/436/436
f 440/440/440 441/441/441 436/436/436
f 436/436/436 441/441/441 442/442/442
f 441/441/441 444/444/444 443/443/443
f 443/443/443 442/442/442 441/441/441
f 442/442/442 443/443/443 445/445/445
f 445/445/445 446/446/446 442/442/442
f 442/442/442 446/446/446 447/447/447
f 448/448/448 447/447/447 446/446/446
f 449/449/449 447/447/447 448/448/448
f 450/450/450 451/451/451 449/449/449
f 451/451/451 447/447/447 449/449/449
f 452/452/452 447/447/447 451/451/451
f 447/447/447 452/452/452 402/402/402
f 453/453/453 402/402/402 452/452/452
f 454/454/454 402/402/402 453/453/453
f 454/454/454 401/401/401 402/402/402
f 455/455/455 401/401/401 454/454/454
f 456/456/456 455/455/455 454/454/454
f 458/458/458 459/459/459 457/457/457
f 460/460/460 457/457/457 459/459/459
f 461/461/461 462/462/462 460/460/460
f 457/457/457 460/460/460 463/463/463
f 457/457/457 463/463/463 464/464/464
f 465/465/465 460/460/460 462/462/462
f 465/465/465 463/463/463 460/460/460
f 465/465/465 462/462/462 466/466/466
f 467/467/467 466/466/466 462/462/462
f 463/463/463 465/465/465 468/468/468
f 466/466/466 468/468/468 465/465/465
f 469/469/469 464/464/464 463/463/463
f 463/463/463 468/468/468 469/469/469
f 464/464/464 469/469/469 470/470/470
f 471/471/471 470/470/470 469/469/469
f 469/469/469 472/472/472 471/471/471
f 472/472/472 469/469/469 468/468/468
f 473/473/473 471/471/471 472/472/472
f 473/473/473 472/472/472 474/474/474
f 468/468/468 475/475/475 472/472/472
f 476/476/476 474/474/474 472/472/472
f 476/476/476 472/472/472 475/475/475
f 474/474/474 476/476/476 477/477/477
f 475/475/475 468/468/468 478/478/478
f 466/466/466 478/478/478 468/468/468
f 466/466/466 467/467/467 478/478/478
f 479/479/479 478/478/478 467/467/467
f 479/479/479 480/480/480 478/478/478
f 475/475/475 478/478/478 481/481/481
f 475/475/475 481/481/481 476/476/476
f 482/482/482 478/478/478 480/480/480
f 482/482/482 481/481/481 478/478/478
f 480/480/480 483/483/483 482/482/482
f 484/484/484 476/476/476 481/481/481
f 484/484/484 477/477/477 476/476/476
f 477/477/477 484/484/484 485/485/485
f 481/481/481 482/482/482 486/486/486
f 481/481/481 486/486/486 484/484/484
f 487/487/487 482/482/482 483/483/483
f 487/487/487 486/486/486 482/482/482
f 483/483/483 488/488/488 487/487/487
f 489/489/489 485/485/485 484/484/484
f 489/489/489 484/484/484 486/486/486
f 485/485/485 489/489/489 490/490/490
f 491/491/491 487/487/487 488/488/488
f 487/487/487 491/491/491 486/486/486
f 488/488/488 492/492/492 491/491/491
f 486/486/486 493/493/493 489/489/489
f 493/493/493 486/486/486 491/491/491
f 494/494/494 490/490/490 489/489/489
f 494/494/494 489/489/489 493/493/493
f 490/490/490 494/494/494 495/495/495
f 496/496/496 491/491/491 492/492/492
f 491/491/491 496/496/496 493/493/493
f 492/492/492 497/497/497 496/496/496
f 493/493/493 498/498/498 494/494/494
f 498/498/498 493/493/493 496/496/496
f 499/499/499 495/495/495 494/494/494
f 499/499/499 494/494/494 498/498/498
f 499/499/499 500/500/500 495/495/495
f 501/501/501 495/495/495 500/500/500
f 498/498/498 502/502/502 499/499/499
f 500/500/500 499/499/499 502/502/502
f 496/496/496 503/503/503 498/498/498
f 502/502/502 498/498/498 503/503/503
f 503/503/503 496/496/496 497/497/497
f 502/502/502 504/504/504 500/500/500
f 502/502/502 503/503/503 504/504/504
f 500/500/500 505/505/505 501/501/501
f 505/505/505 500/500/500 504/504/504
f 506/506/506 501/501/501 505/505/505
f 503/503/503 497/497/497 507/507/507
f 507/507/507 504/504/504 503/503/503
f 508/508/508 507/507/507 497/497/497
f 505/505/505 509/509/509 506/506/506
f 505/505/505 504/504/504 509/509/509
f 510/510/510 506/506/506 509/509/509
f 510/510/510 509/509/509 511/511/511
f 504/504/504 507/507/507 512/512/512
f 512/512/512 509/509/509 504/504/504
f 507/507/507 508/508/508 513/513/513
f 513/513/513 512/512/512 507/507/507
f 514/514/514 513/513/513 508/508/508
f 514/514/514 515/515/515 513/513/513
f 516/516/516 517/517/517 515/515/515
f 518/518/518 515/515/515 517/517/517
f 518/518/518 513/513/513 515/515/515
f 517/517/517 519/519/519 518/518/518
f 518/518/518 520/520/520 513/513/513
f 520/520/520 518/518/518 519/519/519
f 512/512/512 513/513/513 520/520/520
f 512/512/512 520/520/520 509/509/509
f 519/519/519 521/521/521 520/520/520
f 522/522/522 509/509/509 520/520/520
f 522/522/522 520/520/520 521/521/521
f 522/522/522 511/511/511 509/509/509
f 521/521/521 523/523/523 522/522/522
f 511/511/511 522/522/522 523/523/523
f 525/525/525 526/526/526 524/524/524
f 525/525/525 524/524/524 527/527/527
f 528/528/528 527/527/527 524/524/524
f 529/529/529 527/527/527 528/528/528
f 528/528/528 530/530/530 529/529/529
f 524/524/524 531/531/531 528/528/528
f 532/532/532 528/528/528 531/531/531
f 531/531/531 533/533/533 532/532/532
f 534/534/534 532/532/532 533/533/533
f 533/533/533 535/535/535 534/534/534
f 536/536/536 534/534/534 535/535/535
f 535/535/535 537/537/537 536/536/536
f 538/538/538 536/536/536 537/537/537
f 537/537/537 539/539/539 538/538/538
f 540/540/540 538/538/538 539/539/539
f 539/539/539 541/541/541 540/540/540
f 542/542/542 540/540/540 541/541/541
f 541/541/541 544/544/544 543/543/543
f 543/543/543 545/545/545 541/541/541
f 542/542/542 541/541/541 545/545/545
f 545/545/545 546/546/546 542/542/542
f 546/546/546 547/547/547 542/542/542
f 549/549/549 550/550/550 548/548/548
f 551/551/551 548/548/548 550/550/550
f 551/551/551 552/552/552 548/548/548
f 553/553/553 548/548/548 552/552/552
f 552/552/552 554/554/554 553/553/553
f 555/555/555 553/553/553 554/554/554
f 554/554/554 556/556/556 555/555/555
f 557/557/557 555/555/555 556/556/556
f 557/557/557 556/556/556 558/558/558
f 559/559/559 558/558/558 556/556/556
f 558/558/558 559/559/559 560/560/560
f 561/561/561 560/560/560 559/559/559
f 560/560/560 561/561/561 562/562/562
f 563/563/563 562/562/562 561/561/561
f 562/562/562 563/563/563 564/564/564
f 562/562/562 564/564/564 565/565/565
f 566/566/566 565/565/565 564/564/564
f 565/565/565 566/566/566 567/567/567
f 565/565/565 567/567/567 568/568/568
f 569/569/569 568/568/568 567/567/567
f 568/568/568 569/569/569 570/570/570
f 571/571/571 570/570/570 569/569/569
f 570/570/570 571/571/571 572/572/572
f 573/573/573 572/572/572 571/571/571
f 573/573/573 574/574/574 572/572/572
f 575/575/575 572/572/572 574/574/574
f 574/574/574 576/576/576 575/575/575
f 577/577/577 575/575/575 576/576/576
f 576/576/576 578/578/578 577/577/577
f 579/579/579 577/577/577 578/578/578
f 580/580/580 579/579/579 578/578/578
f 580/580/580 581/581/581 579/579/579
f 582/582/582 579/579/579 581/581/581
f 583/583/583 582/582/582 581/581/581
f 583/583/583 584/584/584 582/582/582
f 585/585/585 582/582/582 584/584/584
f 584/584/584 586/586/586 585/585/585
f 587/587/587 585/585/585 586/586/586
f 586/586/586 588/588/588 587/587/587
f 589/589/589 587/587/587 588/588/588
f 589/589/589 588/588/588 590/590/590
f 591/591/591 590/590/590 588/588/588
f 591/591/591 592/592/592 590/590/590
f 593/593/593 590/590/590 592/592/592
f 593/593/593 592/592/592 594/594/594
f 595/595/595 594/594/594 592/592/592
f 595/595/595 596/596/596 594/594/594
f 597/597/597 594/594/594 596/596/596
f 599/599/599 600/600/600 598/598/598
f 601/601/601 598/598/598 600/600/600
f 600/600/600 602/602/602 601/601/601
f 598/598/598 601/601/601 603/603/603
f 604/604/604 601/601/601 602/602/602
f 605/605/605 604/604/604 602/602/602
f 606/606/606 603/603/603 601/601/601
f 601/601/601 604/604/604 606/606/606
f 603/603/603 606/606/606 607/607/607
f 604/604/604 605/605/605 608/608/608
f 609/609/609 607/607/607 606/606/606
f 610/610/610 607/607/607 609/609/609
f 606/606/606 611/611/611 609/609/609
f 611/611/611 606/606/606 604/604/604
f 609/609/609 612/612/612 610/610/610
f 612/612/612 609/609/609 611/611/611
f 604/604/604 608/608/608 613/613/613
f 614/614/614 613/613/613 608/608/608
f 611/611/611 604/604/604 615/615/615
f 613/613/613 615/615/615 604/604/604
f 616/616/616 617/617/617 614/614/614
f 613/613/613 614/614/614 617/617/617
f 617/617/617 618/618/618 613/613/613
f 615/615/615 613/613/613 618/618/618
f 618/618/618 619/619/619 615/615/615
f 615/615/615 620/620/620 611/611/611
f 620/620/620 615/615/615 619/619/619
f 612/612/612 611/611/611 620/620/620
f 620/620/620 619/619/619 621/621/621
f 620/620/620 621/621/621 612/612/612
f 622/622/622 612/612/612 621/621/621
f 622/622/622 610/610/610 612/612/612
f 621/621/621 623/623/623 622/622/622
f 610/610/610 622/622/622 624/624/624
f 625/625/625 622/622/622 623/623/623
f 625/625/625 624/624/624 622/622/622
f 623/623/623 626/626/626 625/625/625
f 626/626/626 624/624/624 625/625/625
f 628/628/628 629/629/629 627/627/627
f 627/627/627 630/630/630 628/628/628
f 631/631/631 628/628/628 630/630/630
f 627/627/627 632/632/632 630/630/630
f 630/630/630 633/633/633 631/631/631
f 634/634/634 630/630/630 632/632/632
f 630/630/630 634/634/634 633/633/633
f 634/634/634 632/632/632 635/635/635
f 636/636/636 635/635/635 632/632/632
f 637/637/637 633/633/633 634/634/634
f 634/634/634 635/635/635 637/637/637
f 638/638/638 631/631/631 633/633/633
f 631/631/631 638/638/638 639/639/639
f 633/633/633 637/637/637 640/640/640
f 638/638/638 633/633/633 640/640/640
f 641/641/641 639/639/639 638/638/638
f 638/638/638 640/640/640 641/641/641
f 639/639/639 641/641/641 642/642/642
f 643/643/643 640/640/640 637/637/637
f 644/644/644 641/641/641 640/640/640
f 640/640/640 643/643/643 644/644/644
f 645/645/645 642/642/642 641/641/641
f 645/645/645 641/641/641 644/644/644
f 645/645/645 646/646/646 642/642/642
f 647/647/647 642/642/642 646/646/646
f 644/644/644 648/648/648 645/645/645
f 646/646/646 645/645/645 648/648/648
f 648/648/648 644/644/644 643/643/643
f 646/646/646 649/649/649 647/647/647
f 650/650/650 647/647/647 649/649/649
f 648/648/648 651/651/651 646/646/646
f 649/649/649 646/646/646 651/651/651
f 643/643/643 652/652/652 648/648/648
f 651/651/651 648/648/648 652/652/652
f 649/649/649 653/653/653 650/650/650
f 654/654/654 650/650/650 653/653/653
f 651/651/651 655/655/655 649/649/649
f 653/653/653 649/649/649 655/655/655
f 653/653/653 656/656/656 654/654/654
f 657/657/657 654/654/654 656/656/656
f 655/655/655 658/658/658 653/653/653
f 656/656/656 653/653/653 658/658/658
f 655/655/655 651/651/651 659/659/659
f 652/652/652 659/659/659 651/651/651
f 658/658/658 655/655/655 660/660/660
f 659/659/659 660/660/660 655/655/655
f 656/656/656 661/661/661 657/657/657
f 662/662/662 657/657/657 661/661/661
f 658/658/658 663/663/663 656/656/656
f 661/661/661 656/656/656 663/663/663
f 661/661/661 664/664/664 662/662/662
f 665/665/665 662/662/662 664/664/664
f 665/665/665 664/664/664 666/666/666
f 663/663/663 667/667/667 661/661/661
f 664/664/664 661/661/661 667/667/667
f 668/668/668 666/666/666 664/664/664
f 666/666/666 668/668/668 669/669/669
f 664/664/664 667/667/667 670/670/670
f 670/670/670 668/668/668 664/664/664
f 671/671/671 669/669/669 668/668/668
f 668/668/668 670/670/670 671/671/671
f 669/669/669 671/671/671 672/672/672
f 673/673/673 670/670/670 667/667/667
f 667/667/667 663/663/663 673/673/673
f 674/674/674 671/671/671 670/670/670
f 673/673/673 674/674/674 670/670/670
f 675/675/675 672/672/672 671/671/671
f 671/671/671 674/674/674 675/675/675
f 672/672/672 675/675/675 676/676/676
f 677/677/677 673/673/673 663/663/663
f 673/673/673 677/677/677 674/674/674
f 663/663/663 658/658/658 677/677/677
f 660/660/660 677/677/677 658/658/658
f 678/678/678 674/674/674 677/677/677
f 677/677/677 660/660/660 678/678/678
f 678/678/678 675/675/675 674/674/674
f 679/679/679 676/676/676 675/675/675
f 675/675/675 678/678/678 679/679/679
f 676/676/676 679/679/679 680/680/680
f 681/681/681 678/678/678 660/660/660
f 681/681/681 679/679/679 678/678/678
f 660/660/660 659/659/659 681/681/681
f 682/682/682 680/680/680 679/679/679
f 679/679/679 681/681/681 682/682/682
f 680/680/680 682/682/682 636/636/636
f 635/635/635 636/636/636 682/682/682
f 683/683/683 681/681/681 659/659/659
f 683/683/683 682/682/682 681/681/681
f 659/659/659 652/652/652 683/683/683
f 635/635/635 682/682/682 684/684/684
f 683/683/683 684/684/684 682/682/682
f 684/684/684 683/683/683 652/652/652
f 684/684/684 637/637/637 635/635/635
f 652/652/652 643/643/643 684/684/684
f 637/637/637 684/684/684 643/643/643
f 686/686/686 687/687/687 685/685/685
f 686/686/686 685/685/685 688/688/688
f 686/686/686 688/688/688 689/689/689
f 690/690/690 688/688/688 685/685/685
f 691/691/691 689/689/689 688/688/688
f 688/688/688 690/690/690 692/692/692
f 688/688/688 692/692/692 691/691/691
f 691/691/691 693/693/693 689/689/689
f 694/694/694 689/689/689 693/693/693
f 695/695/695 691/691/691 692/692/692
f 691/691/691 695/695/695 693/693/693
f 696/696/696 692/692/692 690/690/690
f 690/690/690 697/697/697 696/696/696
f 698/698/698 692/692/692 696/696/696
f 692/692/692 698/698/698 695/695/695
f 699/699/699 696/696/696 697/697/697
f 696/696/696 699/699/699 698/698/698
f 697/697/697 700/700/700 699/699/699
f 701/701/701 695/695/695 698/698/698
f 702/702/702 698/698/698 699/699/699
f 698/698/698 702/702/702 701/701/701
f 703/703/703 699/699/699 700/700/700
f 699/699/699 703/703/703 702/702/702
f 703/703/703 700/700/700 704/704/704
f 705/705/705 704/704/704 700/700/700
f 702/702/702 703/703/703 706/706/706
f 704/704/704 706/706/706 703/703/703
f 706/706/706 701/701/701 702/702/702
f 704/704/704 705/705/705 707/707/707
f 708/708/708 707/707/707 705/705/705
f 706/706/706 704/704/704 709/709/709
f 707/707/707 709/709/709 704/704/704
f 701/701/701 706/706/706 710/710/710
f 709/709/709 710/710/710 706/706/706
f 695/695/695 701/701/701 711/711/711
f 710/710/710 711/711/711 701/701/701
f 711/711/711 693/693/693 695/695/695
f 710/710/710 709/709/709 712/712/712
f 693/693/693 711/711/711 713/713/713
f 693/693/693 713/713/713 694/694/694
f 711/711/711 710/710/710 714/714/714
f 714/714/714 713/713/713 711/711/711
f 712/712/712 714/714/714 710/710/710
f 715/715/715 694/694/694 713/713/713
f 714/714/714 712/712/712 716/716/716
f 714/714/714 716/716/716 713/713/713
f 713/713/713 717/717/717 715/715/715
f 717/717/717 713/713/713 716/716/716
f 718/718/718 715/715/715 717/717/717
f 719/719/719 716/716/716 712/712/712
f 717/717/717 720/720/720 718/718/718
f 721/721/721 718/718/718 720/720/720
f 716/716/716 722/722/722 717/717/717
f 720/720/720 717/717/717 722/722/722
f 716/716/716 719/719/719 722/722/722
f 720/720/720 723/723/723 721/721/721
f 724/724/724 721/721/721 723/723/723
f 722/722/722 725/725/725 720/720/720
f 723/723/723 720/720/720 725/725/725
f 723/723/723 726/726/726 724/724/724
f 727/727/727 724/724/724 726/726/726
f 725/725/725 728/728/728 723/723/723
f 726/726/726 723/723/723 728/728/728
f 726/726/726 729/729/729 727/727/727
f 729/729/729 726/726/726 728/728/728
f 730/730/730 727/727/727 729/729/729
f 730/730/730 729/729/729 731/731/731
f 732/732/732 728/728/728 725/725/725
f 733/733/733 731/731/731 729/729/729
f 731/731/731 733/733/733 734/734/734
f 729/729/729 728/728/728 735/735/735
f 729/729/729 735/735/735 733/733/733
f 732/732/732 735/735/735 728/728/728
f 736/736/736 734/734/734 733/733/733
f 734/734/734 736/736/736 737/737/737
f 738/738/738 733/733/733 735/735/735
f 735/735/735 732/732/732 738/738/738
f 733/733/733 738/738/738 736/736/736
f 732/732/732 725/725/725 739/739/739
f 739/739/739 738/738/738 732/732/732
f 722/722/722 739/739/739 725/725/725
f 739/739/739 722/722/722 719/719/719
f 738/738/738 739/739/739 740/740/740
f 719/719/719 740/740/740 739/739/739
f 740/740/740 736/736/736 738/738/738
f 740/740/740 719/719/719 741/741/741
f 712/712/712 741/741/741 719/719/719
f 741/741/741 712/712/712 709/709/709
f 709/709/709 707/707/707 741/741/741
f 736/736/736 740/740/740 742/742/742
f 741/741/741 742/742/742 740/740/740
f 742/742/742 741/741/741 707/707/707
f 742/742/742 737/737/737 736/736/736
f 707/707/707 708/708/708 742/742/742
f 737/737/737 742/742/742 708/708/708
f 744/744/744 745/745/745 743/743/743
f 746/746/746 743/743/743 745/745/745
f 743/743/743 746/746/746 747/747/747
f 745/745/745 748/748/748 746/746/746
f 749/749/749 747/747/747 746/746/746
f 747/747/747 749/749/749 750/750/750
f 751/751/751 746/746/746 748/748/748
f 746/746/746 751/751/751 749/749/749
f 751/751/751 748/748/748 752/752/752
f 753/753/753 752/752/752 748/748/748
f 754/754/754 749/749/749 751/751/751
f 752/752/752 753/753/753 755/755/755
f 756/756/756 755/755/755 753/753/753
f 752/752/752 757/757/757 751/751/751
f 754/754/754 751/751/751 757/757/757
f 755/755/755 758/758/758 752/752/752
f 757/757/757 752/752/752 758/758/758
f 755/755/755 756/756/756 759/759/759
f 760/760/760 759/759/759 756/756/756
f 758/758/758 755/755/755 761/761/761
f 759/759/759 761/761/761 755/755/755
f 759/759/759 760/760/760 762/762/762
f 759/759/759 762/762/762 761/761/761
f 763/763/763 762/762/762 760/760/760
f 762/762/762 763/763/763 764/764/764
f 765/765/765 764/764/764 763/763/763
f 765/765/765 766/766/766 764/764/764
f 767/767/767 764/764/764 766/766/766
f 762/762/762 764/764/764 768/768/768
f 768/768/768 761/761/761 762/762/762
f 764/764/764 767/767/767 769/769/769
f 769/769/769 768/768/768 764/764/764
f 770/770/770 769/769/769 767/767/767
f 769/769/769 770/770/770 771/771/771
f 769/769/769 771/771/771 768/768/768
f 772/772/772 771/771/771 770/770/770
f 772/772/772 773/773/773 771/771/771
f 768/768/768 774/774/774 761/761/761
f 774/774/774 768/768/768 771/771/771
f 775/775/775 761/761/761 774/774/774
f 761/761/761 775/775/775 758/758/758
f 774/774/774 771/771/771 776/776/776
f 774/774/774 776/776/776 775/775/775
f 777/777/777 771/771/771 773/773/773
f 777/777/777 776/776/776 771/771/771
f 773/773/773 778/778/778 777/777/777
f 779/779/779 777/777/777 778/778/778
f 777/777/777 779/779/779 776/776/776
f 778/778/778 780/780/780 779/779/779
f 781/781/781 779/779/779 780/780/780
f 779/779/779 781/781/781 782/782/782
f 782/782/782 776/776/776 779/779/779
f 783/783/783 782/782/782 781/781/781
f 776/776/776 782/782/782 784/784/784
f 784/784/784 775/775/775 776/776/776
f 782/782/782 783/783/783 785/785/785
f 785/785/785 784/784/784 782/782/782
f 786/786/786 785/785/785 783/783/783
f 775/775/775 784/784/784 787/787/787
f 787/787/787 758/758/758 775/775/775
f 758/758/758 787/787/787 757/757/757
f 784/784/784 785/785/785 788/788/788
f 788/788/788 787/787/787 784/784/784
f 785/785/785 786/786/786 789/789/789
f 789/789/789 788/788/788 785/785/785
f 790/790/790 789/789/789 786/786/786
f 790/790/790 791/791/791 789/789/789
f 792/792/792 789/789/789 791/791/791
f 789/789/789 792/792/792 788/788/788
f 791/791/791 793/793/793 792/792/792
f 794/794/794 788/788/788 792/792/792
f 788/788/788 794/794/794 787/787/787
f 795/795/795 792/792/792 793/793/793
f 792/792/792 795/795/795 794/794/794
f 796/796/796 757/757/757 787/787/787
f 796/796/796 787/787/787 794/794/794
f 757/757/757 796/796/796 754/754/754
f 794/794/794 797/797/797 796/796/796
f 797/797/797 794/794/794 795/795/795
f 798/798/798 754/754/754 796/796/796
f 798/798/798 796/796/796 797/797/797
f 754/754/754 798/798/798 749/749/749
f 797/797/797 795/795/795 799/799/799
f 797/797/797 799/799/799 798/798/798
f 800/800/800 749/749/749 798/798/798
f 800/800/800 798/798/798 799/799/799
f 800/800/800 750/750/750 749/749/749
f 800/800/800 799/799/799 750/750/750
f 801/801/801 750/750/750 799/799/799
f 802/802/802 799/799/799 795/795/795
f 799/799/799 802/802/802 801/801/801
f 795/795/795 793/793/793 802/802/802
f 803/803/803 801/801/801 802/802/802
f 804/804/804 802/802/802 793/793/793
f 802/802/802 804/804/804 803/803/803
f 805/805/805 803/803/803 804/804/804
f 807/807/807 808/808/808 806/806/806
f 809/809/809 806/806/806 808/808/808
f 808/808/808 810/810/810 809/809/809
f 806/806/806 809/809/809 811/811/811
f 812/812/812 809/809/809 810/810/810
f 810/810/810 813/813/813 812/812/812
f 814/814/814 811/811/811 809/809/809
f 809/809/809 812/812/812 814/814/814
f 814/814/814 815/815/815 811/811/811
f 816/816/816 811/811/811 815/815/815
f 817/817/817 814/814/814 812/812/812
f 815/815/815 818/818/818 816/816/816
f 819/819/819 816/816/816 818/818/818
f 815/815/815 814/814/814 820/820/820
f 817/817/817 820/820/820 814/814/814
f 818/818/818 815/815/815 821/821/821
f 820/820/820 821/821/821 815/815/815
f 818/818/818 822/822/822 819/819/819
f 823/823/823 819/819/819 822/822/822
f 822/822/822 818/818/818 824/824/824
f 821/821/821 824/824/824 818/818/818
f 822/822/822 825/825/825 823/823/823
f 822/822/822 824/824/824 825/825/825
f 826/826/826 823/823/823 825/825/825
f 825/825/825 827/827/827 826/826/826
f 828/828/828 826/826/826 827/827/827
f 828/828/828 827/827/827 829/829/829
f 830/830/830 829/829/829 827/827/827
f 825/825/825 831/831/831 827/827/827
f 831/831/831 825/825/825 824/824/824
f 827/827/827 832/832/832 830/830/830
f 832/832/832 827/827/827 831/831/831
f 833/833/833 830/830/830 832/832/832
f 831/831/831 824/824/824 834/834/834
f 832/832/832 835/835/835 833/833/833
f 832/832/832 831/831/831 835/835/835
f 834/834/834 835/835/835 831/831/831
f 836/836/836 833/833/833 835/835/835
f 836/836/836 835/835/835 837/837/837
f 838/838/838 834/834/834 824/824/824
f 824/824/824 821/821/821 838/838/838
f 839/839/839 837/837/837 835/835/835
f 837/837/837 839/839/839 840/840/840
f 834/834/834 841/841/841 835/835/835
f 839/839/839 835/835/835 841/841/841
f 834/834/834 838/838/838 841/841/841
f 842/842/842 840/840/840 839/839/839
f 839/839/839 841/841/841 842/842/842
f 840/840/840 842/842/842 843/843/843
f 844/844/844 843/843/843 842/842/842
f 842/842/842 845/845/845 844/844/844
f 845/845/845 842/842/842 841/841/841
f 846/846/846 844/844/844 845/845/845
f 841/841/841 847/847/847 845/845/845
f 847/847/847 841/841/841 838/838/838
f 845/845/845 848/848/848 846/846/846
f 848/848/848 845/845/845 847/847/847
f 849/849/849 846/846/846 848/848/848
f 838/838/838 850/850/850 847/847/847
f 850/850/850 838/838/838 821/821/821
f 821/821/821 820/820/820 850/850/850
f 847/847/847 851/851/851 848/848/848
f 851/851/851 847/847/847 850/850/850
f 848/848/848 852/852/852 849/849/849
f 852/852/852 848/848/848 851/851/851
f 853/853/853 849/849/849 852/852/852
f 853/853/853 852/852/852 854/854/854
f 855/855/855 854/854/854 852/852/852
f 852/852/852 851/851/851 855/855/855
f 854/854/854 855/855/855 856/856/856
f 851/851/851 850/850/850 857/857/857
f 857/857/857 855/855/855 851/851/851
f 858/858/858 850/850/850 820/820/820
f 858/858/858 857/857/857 850/850/850
f 820/820/820 817/817/817 858/858/858
f 855/855/855 857/857/857 859/859/859
f 859/859/859 856/856/856 855/855/855
f 857/857/857 858/858/858 860/860/860
f 860/860/860 859/859/859 857/857/857
f 861/861/861 858/858/858 817/817/817
f 861/861/861 860/860/860 858/858/858
f 817/817/817 812/812/812 861/861/861
f 860/860/860 862/862/862 859/859/859
f 860/860/860 861/861/861 862/862/862
f 863/863/863 861/861/861 812/812/812
f 863/863/863 862/862/862 861/861/861
f 863/863/863 812/812/812 813/813/813
f 863/863/863 813/813/813 862/862/862
f 864/864/864 862/862/862 813/813/813
f 865/865/865 859/859/859 862/862/862
f 862/862/862 864/864/864 865/865/865
f 859/859/859 865/865/865 856/856/856
f 866/866/866 865/865/865 864/864/864
f 867/867/867 856/856/856 865/865/865
f 865/865/865 866/866/866 867/867/867
f 868/868/868 867/867/867 866/866/866
f 870/870/870 871/871/871 869/869/869
f 872/872/872 869/869/869 871/871/871
f 871/871/871 873/873/873 872/872/872
f 869/869/869 872/872/872 874/874/874
f 875/875/875 872/872/872 873/873/873
f 876/876/876 874/874/874 872/872/872
f 872/872/872 875/875/875 876/876/876
f 875/875/875 873/873/873 877/877/877
f 878/878/878 877/877/877 873/873/873
f 879/879/879 876/876/876 875/875/875
f 875/875/875 877/877/877 879/879/879
f 876/876/876 880/880/880 874/874/874
f 881/881/881 874/874/874 880/880/880
f 881/881/881 880/880/880 882/882/882
f 883/883/883 882/882/882 880/880/880
f 880/880/880 876/876/876 884/884/884
f 880/880/880 884/884/884 883/883/883
f 879/879/879 884/884/884 876/876/876
f 885/885/885 883/883/883 884/884/884
f 885/885/885 884/884/884 886/886/886
f 879/879/879 887/887/887 884/884/884
f 887/887/887 879/879/879 877/877/877
f 888/888/888 886/886/886 884/884/884
f 888/888/888 884/884/884 887/887/887
f 888/888/888 889/889/889 886/886/886
f 890/890/890 886/886/886 889/889/889
f 890/890/890 889/889/889 891/891/891
f 887/887/887 892/892/892 888/888/888
f 889/889/889 888/888/888 892/892/892
f 877/877/877 893/893/893 887/887/887
f 892/892/892 887/887/887 893/893/893
f 877/877/877 878/878/878 893/893/893
f 894/894/894 893/893/893 878/878/878
f 889/889/889 892/892/892 895/895/895
f 895/895/895 891/891/891 889/889/889
f 893/893/893 894/894/894 896/896/896
f 893/893/893 896/896/896 892/892/892
f 897/897/897 896/896/896 894/894/894
f 897/897/897 898/898/898 896/896/896
f 899/899/899 895/895/895 892/892/892
f 899/899/899 892/892/892 896/896/896
f 895/895/895 900/900/900 891/891/891
f 895/895/895 899/899/899 900/900/900
f 901/901/901 891/891/891 900/900/900
f 902/902/902 896/896/896 898/898/898
f 896/896/896 902/902/902 899/899/899
f 898/898/898 903/903/903 902/902/902
f 904/904/904 900/900/900 899/899/899
f 904/904/904 899/899/899 902/902/902
f 900/900/900 905/905/905 901/901/901
f 900/900/900 904/904/904 905/905/905
f 906/906/906 901/901/901 905/905/905
f 906/906/906 905/905/905 907/907/907
f 902/902/902 908/908/908 904/904/904
f 908/908/908 902/902/902 903/903/903
f 909/909/909 904/904/904 908/908/908
f 909/909/909 905/905/905 904/904/904
f 908/908/908 903/903/903 910/910/910
f 908/908/908 910/910/910 909/909/909
f 911/911/911 910/910/910 903/903/903
f 909/909/909 912/912/912 905/905/905
f 912/912/912 909/909/909 910/910/910
f 910/910/910 911/911/911 913/913/913
f 910/910/910 913/913/913 912/912/912
f 914/914/914 913/913/913 911/911/911
f 915/915/915 916/916/916 914/914/914
f 913/913/913 914/914/914 916/916/916
f 916/916/916 917/917/917 913/913/913
f 918/918/918 913/913/913 917/917/917
f 918/918/918 912/912/912 913/913/913
f 917/917/917 919/919/919 918/918/918
f 920/920/920 905/905/905 912/912/912
f 912/912/912 918/918/918 920/920/920
f 920/920/920 907/907/907 905/905/905
f 921/921/921 918/918/918 919/919/919
f 921/921/921 920/920/920 918/918/918
f 920/920/920 921/921/921 907/907/907
f 919/919/919 922/922/922 921/921/921
f 923/923/923 907/907/907 921/921/921
f 923/923/923 921/921/921 922/922/922
f 925/925/925 926/926/926 924/924/924
f 927/927/927 924/924/924 926/926/926
f 924/924/924 927/927/927 928/928/928
f 926/926/926 929/929/929 927/927/927
f 930/930/930 928/928/928 927/927/927
f 928/928/928 930/930/930 931/931/931
f 932/932/932 927/927/927 929/929/929
f 927/927/927 932/932/932 930/930/930
f 933/933/933 931/931/931 930/930/930
f 931/931/931 933/933/933 934/934/934
f 935/935/935 930/930/930 932/932/932
f 930/930/930 935/935/935 933/933/933
f 932/932/932 929/929/929 936/936/936
f 937/937/937 936/936/936 929/929/929
f 938/938/938 939/939/939 937/937/937
f 936/936/936 937/937/937 939/939/939
f 939/939/939 940/940/940 936/936/936
f 936/936/936 941/941/941 932/932/932
f 941/941/941 936/936/936 940/940/940
f 935/935/935 932/932/932 941/941/941
f 940/940/940 942/942/942 941/941/941
f 943/943/943 941/941/941 942/942/942
f 941/941/941 943/943/943 935/935/935
f 942/942/942 944/944/944 943/943/943
f 945/945/945 935/935/935 943/943/943
f 945/945/945 933/933/933 935/935/935
f 946/946/946 943/943/943 944/944/944
f 943/943/943 946/946/946 945/945/945
f 933/933/933 945/945/945 947/947/947
f 947/947/947 934/934/934 933/933/933
f 948/948/948 945/945/945 946/946/946
f 948/948/948 947/947/947 945/945/945
f 948/948/948 946/946/946 949/949/949
f 948/948/948 949/949/949 947/947/947
f 946/946/946 944/944/944 950/950/950
f 950/950/950 949/949/949 946/946/946
f 951/951/951 950/950/950 944/944/944
f 951/951/951 952/952/952 950/950/950
f 947/947/947 953/953/953 934/934/934
f 953/953/953 947/947/947 949/949/949
f 954/954/954 934/934/934 953/953/953
f 949/949/949 950/950/950 955/955/955
f 949/949/949 955/955/955 953/953/953
f 953/953/953 956/956/956 954/954/954
f 956/956/956 953/953/953 955/955/955
f 957/957/957 954/954/954 956/956/956
f 958/958/958 955/955/955 950/950/950
f 958/958/958 950/950/950 952/952/952
f 955/955/955 959/959/959 956/956/956
f 955/955/955 958/958/958 959/959/959
f 956/956/956 960/960/960 957/957/957
f 960/960/960 956/956/956 959/959/959
f 961/961/961 957/957/957 960/960/960
f 961/961/961 960/960/960 962/962/962
f 963/963/963 962/962/962 960/960/960
f 963/963/963 960/960/960 964/964/964
f 959/959/959 964/964/964 960/960/960
f 964/964/964 959/959/959 965/965/965
f 966/966/966 959/959/959 958/958/958
f 966/966/966 965/965/965 959/959/959
f 958/958/958 952/952/952 966/966/966
f 967/967/967 966/966/966 952/952/952
f 966/966/966 967/967/967 965/965/965
f 968/968/968 965/965/965 967/967/967
f 970/970/970 971/971/971 969/969/969
f 972/972/972 969/969/969 971/971/971
f 971/971/971 973/973/973 972/972/972
f 969/969/969 972/972/972 974/974/974
f 975/975/975 972/972/972 973/973/973
f 973/973/973 976/976/976 975/975/975
f 977/977/977 974/974/974 972/972/972
f 972/972/972 975/975/975 977/977/977
f 978/978/978 975/975/975 976/976/976
f 976/976/976 979/979/979 978/978/978
f 980/980/980 977/977/977 975/975/975
f 975/975/975 978/978/978 980/980/980
f 977/977/977 981/981/981 974/974/974
f 982/982/982 974/974/974 981/981/981
f 984/984/984 982/982/982 983/983/983
f 981/981/981 983/983/983 982/982/982
f 983/983/983 981/981/981 985/985/985
f 981/981/981 977/977/977 986/986/986
f 986/986/986 985/985/985 981/981/981
f 980/980/980 986/986/986 977/977/977
f 985/985/985 986/986/986 987/987/987
f 988/988/988 987/987/987 986/986/986
f 986/986/986 980/980/980 988/988/988
f 987/987/987 988/988/988 989/989/989
f 990/990/990 988/988/988 980/980/980
f 990/990/990 980/980/980 978/978/978
f 991/991/991 989/989/989 988/988/988
f 988/988/988 990/990/990 991/991/991
f 978/978/978 992/992/992 990/990/990
f 992/992/992 978/978/978 979/979/979
f 993/993/993 991/991/991 990/990/990
f 993/993/993 990/990/990 992/992/992
f 991/991/991 994/994/994 989/989/989
f 995/995/995 989/989/989 994/994/994
f 993/993/993 996/996/996 991/991/991
f 993/993/993 992/992/992 996/996/996
f 994/994/994 991/991/991 996/996/996
f 992/992/992 979/979/979 997/997/997
f 997/997/997 996/996/996 992/992/992
f 998/998/998 997/997/997 979/979/979
f 996/996/996 999/999/999 994/994/994
f 996/996/996 997/997/997 999/999/999
f 994/994/994 1000/1000/1000 995/995/995
f 1000/1000/1000 994/994/994 999/999/999
f 1001/1001/1001 995/995/995 1000/1000/1000
f 997/997/997 998/998/998 1002/1002/1002
f 1002/1002/1002 999/999/999 997/997/997
f 1003/1003/1003 1002/1002/1002 998/998/998
f 1000/1000/1000 1004/1004/1004 1001/1001/1001
f 1005/1005/1005 1001/1001/1001 1004/1004/1004
f 999/999/999 1006/1006/1006 1000/1000/1000
f 1004/1004/1004 1000/1000/1000 1006/1006/1006
f 999/999/999 1002/1002/1002 1006/1006/1006
f 1004/1004/1004 1007/1007/1007 1005/1005/1005
f 1008/1008/1008 1005/1005/1005 1007/1007/1007
f 1004/1004/1004 1006/1006/1006 1007/1007/1007
f 1009/1009/1009 1007/1007/1007 1006/1006/1006
f 1010/1010/1010 1006/1006/1006 1002/1002/1002
f 1006/1006/1006 1010/1010/1010 1009/1009/1009
f 1002/1002/1002 1003/1003/1003 1010/1010/1010
f 1011/1011/1011 1009/1009/1009 1010/1010/1010
f 1012/1012/1012 1010/1010/1010 1003/1003/1003
f 1011/1011/1011 1010/1010/1010 1013/1013/1013
f 1012/1012/1012 1013/1013/1013 1010/1010/1010
f 1015/1015/1015 1016/1016/1016 1014/1014/1014
f 1017/1017/1017 1014/1014/1014 1016/1016/1016
f 1016/1016/1016 1018/1018/1018 1017/1017/1017
f 1017/1017/1017 1019/1019/1019 1014/1014/1014
f 1020/1020/1020 1014/1014/1014 1019/1019/1019
f 1021/1021/1021 1017/1017/1017 1018/1018/1018
f 1017/1017/1017 1021/1021/1021 1019/1019/1019
f 1018/1018/1018 1022/1022/1022 1021/1021/1021
f 1019/1019/1019 1023/1023/1023 1020/1020/1020
f 1024/1024/1024 1020/1020/1020 1023/1023/1023
f 1024/1024/1024 1023/1023/1023 1025/1025/1025
f 1026/1026/1026 1025/1025/1025 1023/1023/1023
f 1026/1026/1026 1023/1023/1023 1027/1027/1027
f 1023/1023/1023 1019/1019/1019 1028/1028/1028
f 1028/1028/1028 1027/1027/1027 1023/1023/1023
f 1029/1029/1029 1019/1019/1019 1021/1021/1021
f 1029/1029/1029 1028/1028/1028 1019/1019/1019
f 1028/1028/1028 1030/1030/1030 1027/1027/1027
f 1028/1028/1028 1029/1029/1029 1030/1030/1030
f 1031/1031/1031 1027/1027/1027 1030/1030/1030
f 1021/1021/1021 1032/1032/1032 1029/1029/1029
f 1032/1032/1032 1021/1021/1021 1022/1022/1022
f 1022/1022/1022 1033/1033/1033 1032/1032/1032
f 1034/1034/1034 1030/1030/1030 1029/1029/1029
f 1034/1034/1034 1029/1029/1029 1032/1032/1032
f 1030/1030/1030 1035/1035/1035 1031/1031/1031
f 1036/1036/1036 1031/1031/1031 1035/1035/1035
f 1036/1036/1036 1035/1035/1035 1037/1037/1037
f 1034/1034/1034 1038/1038/1038 1030/1030/1030
f 1034/1034/1034 1032/1032/1032 1038/1038/1038
f 1035/1035/1035 1030/1030/1030 1038/1038/1038
f 1039/1039/1039 1032/1032/1032 1033/1033/1033
f 1039/1039/1039 1038/1038/1038 1032/1032/1032
f 1033/1033/1033 1040/1040/1040 1039/1039/1039
f 1041/1041/1041 1039/1039/1039 1040/1040/1040
f 1039/1039/1039 1041/1041/1041 1038/1038/1038
f 1040/1040/1040 1042/1042/1042 1041/1041/1041
f 1038/1038/1038 1043/1043/1043 1035/1035/1035
f 1043/1043/1043 1038/1038/1038 1041/1041/1041
f 1044/1044/1044 1037/1037/1037 1035/1035/1035
f 1044/1044/1044 1035/1035/1035 1043/1043/1043
f 1037/1037/1037 1044/1044/1044 1045/1045/1045
f 1046/1046/1046 1041/1041/1041 1042/1042/1042
f 1041/1041/1041 1046/1046/1046 1043/1043/1043
f 1042/1042/1042 1047/1047/1047 1046/1046/1046
f 1044/1044/1044 1043/1043/1043 1048/1048/1048
f 1048/1048/1048 1045/1045/1045 1044/1044/1044
f 1049/1049/1049 1043/1043/1043 1046/1046/1046
f 1049/1049/1049 1048/1048/1048 1043/1043/1043
f 1050/1050/1050 1046/1046/1046 1047/1047/1047
f 1047/1047/1047 1051/1051/1051 1050/1050/1050
f 1049/1049/1049 1046/1046/1046 1052/1052/1052
f 1050/1050/1050 1052/1052/1052 1046/1046/1046
f 1048/1048/1048 1049/1049/1049 1053/1053/1053
f 1048/1048/1048 1053/1053/1053 1045/1045/1045
f 1052/1052/1052 1053/1053/1053 1049/1049/1049
f 1054/1054/1054 1045/1045/1045 1053/1053/1053
f 1054/1054/1054 1053/1053/1053 1055/1055/1055
f 1056/1056/1056 1055/1055/1055 1053/1053/1053
f 1053/1053/1053 1052/1052/1052 1056/1056/1056
f 1055/1055/1055 1056/1056/1056 1057/1057/1057
f 1050/1050/1050 1058/1058/1058 1052/1052/1052
f 1058/1058/1058 1050/1050/1050 1051/1051/1051
f 1051/1051/1051 1059/1059/1059 1058/1058/1058
f 1060/1060/1060 1056/1056/1056 1052/1052/1052
f 1060/1060/1060 1052/1052/1052 1058/1058/1058
f 1061/1061/1061 1058/1058/1058 1059/1059/1059
f 1058/1058/1058 1061/1061/1061 1060/1060/1060
f 1059/1059/1059 1062/1062/1062 1061/1061/1061
f 1056/1056/1056 1060/1060/1060 1063/1063/1063
f 1063/1063/1063 1057/1057/1057 1056/1056/1056
f 1064/1064/1064 1060/1060/1060 1061/1061/1061
f 1064/1064/1064 1063/1063/1063 1060/1060/1060
f 1065/1065/1065 1061/1061/1061 1062/1062/1062
f 1062/1062/1062 1066/1066/1066 1065/1065/1065
f 1064/1064/1064 1061/1061/1061 1067/1067/1067
f 1065/1065/1065 1067/1067/1067 1061/1061/1061
f 1064/1064/1064 1067/1067/1067 1063/1063/1063
f 1068/1068/1068 1065/1065/1065 1066/1066/1066
f 1065/1065/1065 1068/1068/1068 1067/1067/1067
f 1066/1066/1066 1069/1069/1069 1068/1068/1068
f 1070/1070/1070 1068/1068/1068 1069/1069/1069
f 1070/1070/1070 1071/1071/1071 1068/1068/1068
f 1072/1072/1072 1068/1068/1068 1071/1071/1071
f 1072/1072/1072 1067/1067/1067 1068/1068/1068
f 1071/1071/1071 1073/1073/1073 1072/1072/1072
f 1074/1074/1074 1063/1063/1063 1067/1067/1067
f 1067/1067/1067 1072/1072/1072 1074/1074/1074
f 1063/1063/1063 1074/1074/1074 1057/1057/1057
f 1075/1075/1075 1057/1057/1057 1074/1074/1074
f 1075/1075/1075 1074/1074/1074 1076/1076/1076
f 1077/1077/1077 1072/1072/1072 1073/1073/1073
f 1077/1077/1077 1074/1074/1074 1072/1072/1072
f 1077/1077/1077 1076/1076/1076 1074/1074/1074
f 1073/1073/1073 1078/1078/1078 1077/1077/1077
f 1076/1076/1076 1077/1077/1077 1078/1078/1078
f 1080/1080/1080 1081/1081/1081 1079/1079/1079
f 1083/1083/1083 1079/1079/1079 1082/1082/1082
f 1084/1084/1084 1079/1079/1079 1081/1081/1081
f 1084/1084/1084 1082/1082/1082 1079/1079/1079
f 1081/1081/1081 1085/1085/1085 1084/1084/1084
f 1082/1082/1082 1084/1084/1084 1086/1086/1086
f 1087/1087/1087 1084/1084/1084 1085/1085/1085
f 1087/1087/1087 1086/1086/1086 1084/1084/1084
f 1085/1085/1085 1088/1088/1088 1087/1087/1087
f 1086/1086/1086 1087/1087/1087 1089/1089/1089
f 1090/1090/1090 1087/1087/1087 1088/1088/1088
f 1090/1090/1090 1089/1089/1089 1087/1087/1087
f 1088/1088/1088 1091/1091/1091 1090/1090/1090
f 1089/1089/1089 1090/1090/1090 1092/1092/1092
f 1093/1093/1093 1090/1090/1090 1091/1091/1091
f 1093/1093/1093 1092/1092/1092 1090/1090/1090
f 1093/1093/1093 1091/1091/1091 1094/1094/1094
f 1093/1093/1093 1094/1094/1094 1092/1092/1092
f 1095/1095/1095 1094/1094/1094 1091/1091/1091
f 1096/1096/1096 1092/1092/1092 1094/1094/1094
f 1095/1095/1095 1097/1097/1097 1094/1094/1094
f 1096/1096/1096 1094/1094/1094 1098/1098/1098
f 1099/1099/1099 1094/1094/1094 1097/1097/1097
f 1099/1099/1099 1098/1098/1098 1094/1094/1094
f 1097/1097/1097 1100/1100/1100 1099/1099/1099
f 1098/1098/1098 1099/1099/1099 1101/1101/1101
f 1102/1102/1102 1099/1099/1099 1100/1100/1100
f 1102/1102/1102 1101/1101/1101 1099/1099/1099
f 1102/1102/1102 1100/1100/1100 1103/1103/1103
f 1102/1102/1102 1103/1103/1103 1101/1101/1101
f 1104/1104/1104 1103/1103/1103 1100/1100/1100
f 1105/1105/1105 1101/1101/1101 1103/1103/1103
f 1104/1104/1104 1106/1106/1106 1103/1103/1103
f 1105/1105/1105 1103/1103/1103 1107/1107/1107
f 1108/1108/1108 1103/1103/1103 1106/1106/1106
f 1108/1108/1108 1107/1107/1107 1103/1103/1103
f 1106/1106/1106 1109/1109/1109 1108/1108/1108
f 1107/1107/1107 1108/1108/1108 1110/1110/1110
f 1111/1111/1111 1108/1108/1108 1109/1109/1109
f 1111/1111/1111 1110/1110/1110 1108/1108/1108
f 1109/1109/1109 1112/1112/1112 1111/1111/1111
f 1110/1110/1110 1111/1111/1111 1113/1113/1113
f 1114/1114/1114 1111/1111/1111 1112/1112/1112
f 1114/1114/1114 1113/1113/1113 1111/1111/1111
f 1112/1112/1112 1115/1115/1115 1114/1114/1114
f 1113/1113/1113 1114/1114/1114 1116/1116/1116
f 1117/1117/1117 1114/1114/1114 1115/1115/1115
f 1117/1117/1117 1116/1116/1116 1114/1114/1114
f 1117/1117/1117 1115/1115/1115 1118/1118/1118
f 1117/1117/1117 1118/1118/1118 1116/1116/1116
f 1119/1119/1119 1118/1118/1118 1115/1115/1115
f 1120/1120/1120 1116/1116/1116 1118/1118/1118
f 1118/1118/1118 1119/1119/1119 1121/1121/1121
f 1118/1118/1118 1121/1121/1121 1120/1120/1120
f 1122/1122/1122 1121/1121/1121 1119/1119/1119
f 1123/1123/1123 1120/1120/1120 1121/1121/1121
f 1122/1122/1122 1124/1124/1124 1121/1121/1121
f 1123/1123/1123 1121/1121/1121 1125/1125/1125
f 1126/1126/1126 1121/1121/1121 1124/1124/1124
f 1126/1126/1126 1125/1125/1125 1121/1121/1121
f 1124/1124/1124 1127/1127/1127 1126/1126/1126
f 1125/1125/1125 1126/1126/1126 1128/1128/1128
f 1129/1129/1129 1126/1126/1126 1127/1127/1127
f 1129/1129/1129 1128/1128/1128 1126/1126/1126
f 1129/1129/1129 1127/1127/1127 1130/1130/1130
f 1129/1129/1129 1130/1130/1130 1128/1128/1128
f 1131/1131/1131 1130/1130/1130 1127/1127/1127
f 1132/1132/1132 1128/1128/1128 1130/1130/1130
f 1131/1131/1131 1133/1133/1133 1130/1130/1130
f 1132/1132/1132 1130/1130/1130 1134/1134/1134
f 1135/1135/1135 1130/1130/1130 1133/1133/1133
f 1135/1135/1135 1134/1134/1134 1130/1130/1130
f 1135/1135/1135 1133/1133/1133 1136/1136/1136
f 1135/1135/1135 1136/1136/1136 1134/1134/1134
f 1137/1137/1137 1136/1136/1136 1133/1133/1133
f 1138/1138/1138 1134/1134/1134 1136/1136/1136
f 1136/1136/1136 1137/1137/1137 1139/1139/1139
f 1136/1136/1136 1139/1139/1139 1138/1138/1138
f 1140/1140/1140 1139/1139/1139 1137/1137/1137
f 1141/1141/1141 1138/1138/1138 1139/1139/1139
f 1140/1140/1140 1142/1142/1142 1139/1139/1139
f 1141/1141/1141 1139/1139/1139 1143/1143/1143
f 1144/1144/1144 1139/1139/1139 1142/1142/1142
f 1144/1144/1144 1143/1143/1143 1139/1139/1139
f 1144/1144/1144 1142/1142/1142 1145/1145/1145
f 1144/1144/1144 1145/1145/1145 1143/1143/1143
f 1146/1146/1146 1145/1145/1145 1142/1142/1142
f 1147/1147/1147 1143/1143/1143 1145/1145/1145
f 1145/1145/1145 1146/1146/1146 1148/1148/1148
f 1145/1145/1145 1148/1148/1148 1147/1147/1147
f 1149/1149/1149 1148/1148/1148 1146/1146/1146
f 1150/1150/1150 1147/1147/1147 1148/1148/1148
f 1148/1148/1148 1149/1149/1149 1151/1151/1151
f 1148/1148/1148 1151/1151/1151 1150/1150/1150
f 1152/1152/1152 1151/1151/1151 1149/1149/1149
f 1153/1153/1153 1150/1150/1150 1151/1151/1151
f 1151/1151/1151 1152/1152/1152 1154/1154/1154
f 1151/1151/1151 1154/1154/1154 1153/1153/1153
f 1155/1155/1155 1154/1154/1154 1152/1152/1152
f 1156/1156/1156 1153/1153/1153 1154/1154/1154
f 1155/1155/1155 1157/1157/1157 1154/1154/1154
f 1156/1156/1156 1154/1154/1154 1158/1158/1158
f 1159/1159/1159 1154/1154/1154 1157/1157/1157
f 1159/1159/1159 1158/1158/1158 1154/1154/1154
f 1157/1157/1157 1160/1160/1160 1159/1159/1159
f 1158/1158/1158 1159/1159/1159 1161/1161/1161
f 1162/1162/1162 1159/1159/1159 1160/1160/1160
f 1162/1162/1162 1161/1161/1161 1159/1159/1159
f 1162/1162/1162 1160/1160/1160 1163/1163/1163
f 1162/1162/1162 1163/1163/1163 1161/1161/1161
f 1164/1164/1164 1163/1163/1163 1160/1160/1160
f 1165/1165/1165 1161/1161/1161 1163/1163/1163
f 1164/1164/1164 1166/1166/1166 1163/1163/1163
f 1165/1165/1165 1163/1163/1163 1167/1167/1167
f 1168/1168/1168 1163/1163/1163 1166/1166/1166
f 1168/1168/1168 1167/1167/1167 1163/1163/1163
f 1168/1168/1168 1166/1166/1166 1169/1169/1169
f 1168/1168/1168 1169/1169/1169 1167/1167/1167
f 1170/1170/1170 1169/1169/1169 1166/1166/1166
f 1171/1171/1171 1167/1167/1167 1169/1169/1169
f 1170/1170/1170 1172/1172/1172 1169/1169/1169
f 1169/1169/1169 1173/1173/1173 1171/1171/1171
f 1173/1173/1173 1169/1169/1169 1172/1172/1172
f 1174/1174/1174 1171/1171/1171 1173/1173/1173
f 1173/1173/1173 1172/1172/1172 1175/1175/1175
f 1173/1173/1173 1175/1175/1175 1174/1174/1174
f 1176/1176/1176 1175/1175/1175 1172/1172/1172
f 1177/1177/1177 1174/1174/1174 1175/1175/1175
f 1176/1176/1176 1178/1178/1178 1175/1175/1175
f 1177/1177/1177 1175/1175/1175 1179/1179/1179
f 1180/1180/1180 1175/1175/1175 1178/1178/1178
f 1180/1180/1180 1179/1179/1179 1175/1175/1175
f 1178/1178/1178 1181/1181/1181 1180/1180/1180
f 1179/1179/1179 1180/1180/1180 1182/1182/1182
f 1183/1183/1183 1180/1180/1180 1181/1181/1181
f 1183/1183/1183 1182/1182/1182 1180/1180/1180
f 1185/1185/1185 1186/1186/1186 1184/1184/1184
f 1187/1187/1187 1188/1188/1188 1186/1186/1186
f 1189/1189/1189 1184/1184/1184 1186/1186/1186
f 1189/1189/1189 1186/1186/1186 1188/1188/1188
f 1184/1184/1184 1189/1189/1189 1190/1190/1190
f 1188/1188/1188 1191/1191/1191 1189/1189/1189
f 1192/1192/1192 1190/1190/1190 1189/1189/1189
f 1192/1192/1192 1189/1189/1189 1191/1191/1191
f 1192/1192/1192 1193/1193/1193 1190/1190/1190
f 1192/1192/1192 1191/1191/1191 1193/1193/1193
f 1194/1194/1194 1190/1190/1190 1193/1193/1193
f 1195/1195/1195 1193/1193/1193 1191/1191/1191
f 1193/1193/1193 1196/1196/1196 1194/1194/1194
f 1193/1193/1193 1195/1195/1195 1196/1196/1196
f 1197/1197/1197 1194/1194/1194 1196/1196/1196
f 1198/1198/1198 1196/1196/1196 1195/1195/1195
f 1200/1200/1200 1201/1201/1201 1199/1199/1199
f 1202/1202/1202 1203/1203/1203 1201/1201/1201
f 1204/1204/1204 1199/1199/1199 1201/1201/1201
f 1204/1204/1204 1201/1201/1201 1203/1203/1203
f 1204/1204/1204 1205/1205/1205 1199/1199/1199
f 1204/1204/1204 1203/1203/1203 1205/1205/1205
f 1206/1206/1206 1199/1199/1199 1205/1205/1205
f 1207/1207/1207 1205/1205/1205 1203/1203/1203
f 1206/1206/1206 1205/1205/1205 1208/1208/1208
f 1207/1207/1207 1209/1209/1209 1205/1205/1205
f 1210/1210/1210 1208/1208/1208 1205/1205/1205
f 1210/1210/1210 1205/1205/1205 1209/1209/1209
f 1210/1210/1210 1211/1211/1211 1208/1208/1208
f 1210/1210/1210 1209/1209/1209 1211/1211/1211
f 1212/1212/1212 1208/1208/1208 1211/1211/1211
f 1213/1213/1213 1211/1211/1211 1209/1209/1209
f 1212/1212/1212 1211/1211/1211 1214/1214/1214
f 1213/1213/1213 1215/1215/1215 1211/1211/1211
f 1216/1216/1216 1214/1214/1214 1211/1211/1211
f 1216/1216/1216 1211/1211/1211 1215/1215/1215
f 1216/1216/1216 1217/1217/1217 1214/1214/1214
f 1216/1216/1216 1215/1215/1215 1217/1217/1217
f 1218/1218/1218 1214/1214/1214 1217/1217/1217
f 1219/1219/1219 1217/1217/1217 1215/1215/1215
f 1217/1217/1217 1220/1220/1220 1218/1218/1218
f 1217/1217/1217 1219/1219/1219 1220/1220/1220
f 1221/1221/1221 1218/1218/1218 1220/1220/1220
f 1222/1222/1222 1220/1220/1220 1219/1219/1219
f 1220/1220/1220 1223/1223/1223 1221/1221/1221
f 1220/1220/1220 1222/1222/1222 1223/1223/1223
f 1224/1224/1224 1221/1221/1221 1223/1223/1223
f 1225/1225/1225 1223/1223/1223 1222/1222/1222
f 1223/1223/1223 1226/1226/1226 1224/1224/1224
f 1223/1223/1223 1225/1225/1225 1226/1226/1226
f 1227/1227/1227 1224/1224/1224 1226/1226/1226
f 1228/1228/1228 1226/1226/1226 1225/1225/1225
f 1226/1226/1226 1229/1229/1229 1227/1227/1227
f 1226/1226/1226 1228/1228/1228 1229/1229/1229
f 1230/1230/1230 1227/1227/1227 1229/1229/1229
f 1231/1231/1231 1229/1229/1229 1228/1228/1228
f 1229/1229/1229 1232/1232/1232 1230/1230/1230
f 1229/1229/1229 1231/1231/1231 1232/1232/1232
f 1233/1233/1233 1230/1230/1230 1232/1232/1232
f 1234/1234/1234 1232/1232/1232 1231/1231/1231
f 1233/1233/1233 1232/1232/1232 1235/1235/1235
f 1234/1234/1234 1236/1236/1236 1232/1232/1232
f 1237/1237/1237 1235/1235/1235 1232/1232/1232
f 1237/1237/1237 1232/1232/1232 1236/1236/1236
f 1237/1237/1237 1238/1238/1238 1235/1235/1235
f 1237/1237/1237 1236/1236/1236 1238/1238/1238
f 1239/1239/1239 1235/1235/1235 1238/1238/1238
f 1240/1240/1240 1238/1238/1238 1236/1236/1236
f 1239/1239/1239 1238/1238/1238 1241/1241/1241
f 1240/1240/1240 1242/1242/1242 1238/1238/1238
f 1243/1243/1243 1241/1241/1241 1238/1238/1238
f 1243/1243/1243 1238/1238/1238 1242/1242/1242
f 1245/1245/1245 1246/1246/1246 1244/1244/1244
f 1247/1247/1247 1244/1244/1244 1246/1246/1246
f 1247/1247/1247 1246/1246/1246 1248/1248/1248
f 1249/1249/1249 1248/1248/1248 1246/1246/1246
f 1247/1247/1247 1250/1250/1250 1244/1244/1244
f 1251/1251/1251 1244/1244/1244 1250/1250/1250
f 1251/1251/1251 1250/1250/1250 1252/1252/1252
f 1250/1250/1250 1247/1247/1247 1253/1253/1253
f 1248/1248/1248 1253/1253/1253 1247/1247/1247
f 1254/1254/1254 1252/1252/1252 1250/1250/1250
f 1250/1250/1250 1253/1253/1253 1254/1254/1254
f 1256/1256/1256 1252/1252/1252 1255/1255/1255
f 1254/1254/1254 1255/1255/1255 1252/1252/1252
f 1254/1254/1254 1257/1257/1257 1255/1255/1255
f 1257/1257/1257 1254/1254/1254 1253/1253/1253
f 1258/1258/1258 1255/1255/1255 1257/1257/1257
f 1253/1253/1253 1259/1259/1259 1257/1257/1257
f 1253/1253/1253 1248/1248/1248 1259/1259/1259
f 1257/1257/1257 1260/1260/1260 1258/1258/1258
f 1260/1260/1260 1257/1257/1257 1259/1259/1259
f 1261/1261/1261 1258/1258/1258 1260/1260/1260
f 1262/1262/1262 1259/1259/1259 1248/1248/1248
f 1248/1248/1248 1249/1249/1249 1262/1262/1262
f 1263/1263/1263 1262/1262/1262 1249/1249/1249
f 1259/1259/1259 1264/1264/1264 1260/1260/1260
f 1259/1259/1259 1262/1262/1262 1264/1264/1264
f 1260/1260/1260 1265/1265/1265 1261/1261/1261
f 1265/1265/1265 1260/1260/1260 1264/1264/1264
f 1266/1266/1266 1261/1261/1261 1265/1265/1265
f 1262/1262/1262 1263/1263/1263 1267/1267/1267
f 1267/1267/1267 1264/1264/1264 1262/1262/1262
f 1268/1268/1268 1267/1267/1267 1263/1263/1263
f 1264/1264/1264 1269/1269/1269 1265/1265/1265
f 1264/1264/1264 1267/1267/1267 1269/1269/1269
f 1265/1265/1265 1270/1270/1270 1266/1266/1266
f 1270/1270/1270 1265/1265/1265 1269/1269/1269
f 1271/1271/1271 1266/1266/1266 1270/1270/1270
f 1271/1271/1271 1270/1270/1270 1272/1272/1272
f 1267/1267/1267 1268/1268/1268 1273/1273/1273
f 1273/1273/1273 1269/1269/1269 1267/1267/1267
f 1274/1274/1274 1273/1273/1273 1268/1268/1268
f 1274/1274/1274 1275/1275/1275 1273/1273/1273
f 1275/1275/1275 1272/1272/1272 1276/1276/1276
f 1276/1276/1276 1273/1273/1273 1275/1275/1275
f 1277/1277/1277 1276/1276/1276 1272/1272/1272
f 1277/1277/1277 1272/1272/1272 1270/1270/1270
f 1278/1278/1278 1273/1273/1273 1276/1276/1276
f 1276/1276/1276 1277/1277/1277 1278/1278/1278
f 1278/1278/1278 1269/1269/1269 1273/1273/1273
f 1270/1270/1270 1279/1279/1279 1277/1277/1277
f 1279/1279/1279 1278/1278/1278 1277/1277/1277
f 1269/1269/1269 1279/1279/1279 1270/1270/1270
f 1280/1280/1280 1269/1269/1269 1278/1278/1278
f 1279/1279/1279 1280/1280/1280 1278/1278/1278
f 1280/1280/1280 1279/1279/1279 1269/1269/1269
f 1282/1282/1282 1283/1283/1283 1281/1281/1281
f 1281/1281/1281 1284/1284/1284 1282/1282/1282
f 1283/1283/1283 1285/1285/1285 1281/1281/1281
f 1281/1281/1281 1286/1286/1286 1284/1284/1284
f 1287/1287/1287 1281/1281/1281 1285/1285/1285
f 1288/1288/1288 1284/1284/1284 1286/1286/1286
f 1285/1285/1285 1289/1289/1289 1287/1287/1287
f 1286/1286/1286 1290/1290/1290 1288/1288/1288
f 1291/1291/1291 1287/1287/1287 1289/1289/1289
f 1286/1286/1286 1292/1292/1292 1290/1290/1290
f 1291/1291/1291 1289/1289/1289 1293/1293/1293
f 1294/1294/1294 1290/1290/1290 1292/1292/1292
f 1295/1295/1295 1293/1293/1293 1289/1289/1289
f 1292/1292/1292 1296/1296/1296 1294/1294/1294
f 1293/1293/1293 1295/1295/1295 1297/1297/1297
f 1296/1296/1296 1292/1292/1292 1298/1298/1298
f 1299/1299/1299 1297/1297/1297 1295/1295/1295
f 1300/1300/1300 1298/1298/1298 1292/1292/1292
f 1299/1299/1299 1301/1301/1301 1297/1297/1297
f 1300/1300/1300 1302/1302/1302 1298/1298/1298
f 1301/1301/1301 1303/1303/1303 1297/1297/1297
f 1304/1304/1304 1298/1298/1298 1302/1302/1302
f 1297/1297/1297 1303/1303/1303 1305/1305/1305
f 1306/1306/1306 1304/1304/1304 1302/1302/1302
f 1307/1307/1307 1305/1305/1305 1303/1303/1303
f 1306/1306/1306 1302/1302/1302 1308/1308/1308
f 1307/1307/1307 1308/1308/1308 1305/1305/1305
f 1305/1305/1305 1308/1308/1308 1302/1302/1302
f 1310/1310/1310 1311/1311/1311 1309/1309/1309
f 1311/1311/1311 1312/1312/1312 1309/1309/1309
f 1310/1310/1310 1309/1309/1309 1313/1313/1313
f 1309/1309/1309 1312/1312/1312 1314/1314/1314
f 1315/1315/1315 1313/1313/1313 1309/1309/1309
f 1316/1316/1316 1314/1314/1314 1312/1312/1312
f 1313/1313/1313 1315/1315/1315 1317/1317/1317
f 1316/1316/1316 1318/1318/1318 1314/1314/1314
f 1319/1319/1319 1317/1317/1317 1315/1315/1315
f 1314/1314/1314 1318/1318/1318 1320/1320/1320
f 1319/1319/1319 1321/1321/1321 1317/1317/1317
f 1322/1322/1322 1320/1320/1320 1318/1318/1318
f 1323/1323/1323 1317/1317/1317 1321/1321/1321
f 1320/1320/1320 1322/1322/1322 1324/1324/1324
f 1321/1321/1321 1325/1325/1325 1323/1323/1323
f 1324/1324/1324 1326/1326/1326 1320/1320/1320
f 1327/1327/1327 1323/1323/1323 1325/1325/1325
f 1328/1328/1328 1320/1320/1320 1326/1326/1326
f 1329/1329/1329 1327/1327/1327 1325/1325/1325
f 1328/1328/1328 1326/1326/1326 1330/1330/1330
f 1325/1325/1325 1331/1331/1331 1329/1329/1329
f 1332/1332/1332 1330/1330/1330 1326/1326/1326
f 1325/1325/1325 1333/1333/1333 1331/1331/1331
f 1334/1334/1334 1330/1330/1330 1332/1332/1332
f 1335/1335/1335 1331/1331/1331 1333/1333/1333
f 1334/1334/1334 1336/1336/1336 1330/1330/1330
f 1335/1335/1335 1333/1333/1333 1336/1336/1336
f 1333/1333/1333 1330/1330/1330 1336/1336/1336
f 1338/1338/1338 1339/1339/1339 1337/1337/1337
f 1338/1338/1338 1340/1340/1340 1339/1339/1339
f 1341/1341/1341 1337/1337/1337 1339/1339/1339
f 1342/1342/1342 1339/1339/1339 1340/1340/1340
f 1339/1339/1339 1343/1343/1343 1341/1341/1341
f 1339/1339/1339 1342/1342/1342 1343/1343/1343
f 1344/1344/1344 1341/1341/1341 1343/1343/1343
f 1345/1345/1345 1343/1343/1343 1342/1342/1342
f 1343/1343/1343 1346/1346/1346 1344/1344/1344
f 1343/1343/1343 1345/1345/1345 1346/1346/1346
f 1347/1347/1347 1344/1344/1344 1346/1346/1346
f 1348/1348/1348 1346/1346/1346 1345/1345/1345
f 1346/1346/1346 1349/1349/1349 1347/1347/1347
f 1346/1346/1346 1348/1348/1348 1349/1349/1349
f 1350/1350/1350 1347/1347/1347 1349/1349/1349
f 1351/1351/1351 1349/1349/1349 1348/1348/1348
f 1350/1350/1350 1349/1349/1349 1352/1352/1352
f 1351/1351/1351 1353/1353/1353 1349/1349/1349
f 1354/1354/1354 1352/1352/1352 1349/1349/1349
f 1354/1354/1354 1349/1349/1349 1353/1353/1353
f 1354/1354/1354 1355/1355/1355 1352/1352/1352
f 1354/1354/1354 1353/1353/1353 1355/1355/1355
f 1356/1356/1356 1352/1352/1352 1355/1355/1355
f 1357/1357/1357 1355/1355/1355 1353/1353/1353
f 1355/1355/1355 1358/1358/1358 1356/1356/1356
f 1355/1355/1355 1357/1357/1357 1358/1358/1358
f 1359/1359/1359 1356/1356/1356 1358/1358/1358
f 1360/1360/1360 1358/1358/1358 1357/1357/1357
f 1359/1359/1359 1358/1358/1358 1361/1361/1361
f 1360/1360/1360 1362/1362/1362 1358/1358/1358
f 1363/1363/1363 1361/1361/1361 1358/1358/1358
f 1363/1363/1363 1358/1358/1358 1362/1362/1362
f 1363/1363/1363 1364/1364/1364 1361/1361/1361
f 1363/1363/1363 1362/1362/1362 1364/1364/1364
f 1365/1365/1365 1364/1364/1364 1362/1362/1362
f 1366/1366/1366 1361/1361/1361 1364/1364/1364
f 1365/1365/1365 1367/1367/1367 1364/1364/1364
f 1364/1364/1364 1368/1368/1368 1366/1366/1366
f 1368/1368/1368 1364/1364/1364 1367/1367/1367
f 1369/1369/1369 1366/1366/1366 1368/1368/1368
f 1368/1368/1368 1367/1367/1367 1370/1370/1370
f 1368/1368/1368 1370/1370/1370 1369/1369/1369
f 1371/1371/1371 1370/1370/1370 1367/1367/1367
f 1372/1372/1372 1369/1369/1369 1370/1370/1370
f 1371/1371/1371 1373/1373/1373 1370/1370/1370
f 1372/1372/1372 1370/1370/1370 1374/1374/1374
f 1375/1375/1375 1370/1370/1370 1373/1373/1373
f 1375/1375/1375 1374/1374/1374 1370/1370/1370
f 1373/1373/1373 1376/1376/1376 1375/1375/1375
f 1374/1374/1374 1375/1375/1375 1377/1377/1377
f 1378/1378/1378 1375/1375/1375 1376/1376/1376
f 1378/1378/1378 1377/1377/1377 1375/1375/1375
f 1376/1376/1376 1379/1379/1379 1378/1378/1378
f 1377/1377/1377 1378/1378/1378 1380/1380/1380
f 1381/1381/1381 1378/1378/1378 1379/1379/1379
f 1381/1381/1381 1380/1380/1380 1378/1378/1378
f 1383/1383/1383 1384/1384/1384 1382/1382/1382
f 1383/1383/1383 1382/1382/1382 1385/1385/1385
f 1386/1386/1386 1382/1382/1382 1384/1384/1384
f 1387/1387/1387 1385/1385/1385 1382/1382/1382
f 1384/1384/1384 1388/1388/1388 1386/1386/1386
f 1385/1385/1385 1387/1387/1387 1389/1389/1389
f 1390/1390/1390 1386/1386/1386 1388/1388/1388
f 1391/1391/1391 1389/1389/1389 1387/1387/1387
f 1388/1388/1388 1392/1392/1392 1390/1390/1390
f 1389/1389/1389 1391/1391/1391 1393/1393/1393
f 1394/1394/1394 1390/1390/1390 1392/1392/1392
f 1395/1395/1395 1393/1393/1393 1391/1391/1391
f 1394/1394/1394 1392/1392/1392 1396/1396/1396
f 1393/1393/1393 1395/1395/1395 1397/1397/1397
f 1398/1398/1398 1396/1396/1396 1392/1392/1392
f 1399/1399/1399 1397/1397/1397 1395/1395/1395
f 1396/1396/1396 1398/1398/1398 1400/1400/1400
f 1397/1397/1397 1399/1399/1399 1401/1401/1401
f 1401/1401/1401 1400/1400/1400 1398/1398/1398
f 1400/1400/1400 1401/1401/1401 1399/1399/1399
f 1403/1403/1403 1404/1404/1404 1402/1402/1402
f 1405/1405/1405 1402/1402/1402 1404/1404/1404
f 1404/1404/1404 1403/1403/1403 1406/1406/1406
f 1407/1407/1407 1406/1406/1406 1403/1403/1403
f 1404/1404/1404 1408/1408/1408 1405/1405/1405
f 1408/1408/1408 1404/1404/1404 1406/1406/1406
f 1409/1409/1409 1405/1405/1405 1408/1408/1408
f 1407/1407/1407 1410/1410/1410 1406/1406/1406
f 1408/1408/1408 1411/1411/1411 1409/1409/1409
f 1408/1408/1408 1406/1406/1406 1411/1411/1411
f 1412/1412/1412 1409/1409/1409 1411/1411/1411
f 1412/1412/1412 1411/1411/1411 1413/1413/1413
f 1406/1406/1406 1410/1410/1410 1414/1414/1414
f 1414/1414/1414 1411/1411/1411 1406/1406/1406
f 1415/1415/1415 1414/1414/1414 1410/1410/1410
f 1415/1415/1415 1416/1416/1416 1414/1414/1414
f 1417/1417/1417 1413/1413/1413 1411/1411/1411
f 1413/1413/1413 1417/1417/1417 1418/1418/1418
f 1414/1414/1414 1419/1419/1419 1411/1411/1411
f 1419/1419/1419 1414/1414/1414 1416/1416/1416
f 1417/1417/1417 1411/1411/1411 1419/1419/1419
f 1416/1416/1416 1420/1420/1420 1419/1419/1419
f 1420/1420/1420 1421/1421/1421 1419/1419/1419
f 1422/1422/1422 1418/1418/1418 1417/1417/1417
f 1422/1422/1422 1417/1417/1417 1419/1419/1419
f 1422/1422/1422 1419/1419/1419 1421/1421/1421
f 1418/1418/1418 1422/1422/1422 1423/1423/1423
f 1421/1421/1421 1423/1423/1423 1422/1422/1422
f 1425/1425/1425 1426/1426/1426 1424/1424/1424
f 1425/1425/1425 1427/1427/1427 1426/1426/1426
f 1428/1428/1428 1424/1424/1424 1426/1426/1426
f 1424/1424/1424 1428/1428/1428 1429/1429/1429
f 1430/1430/1430 1426/1426/1426 1427/1427/1427
f 1426/1426/1426 1430/1430/1430 1428/1428/1428
f 1427/1427/1427 1431/1431/1431 1430/1430/1430
f 1432/1432/1432 1429/1429/1429 1428/1428/1428
f 1429/1429/1429 1432/1432/1432 1433/1433/1433
f 1434/1434/1434 1428/1428/1428 1430/1430/1430
f 1432/1432/1432 1428/1428/1428 1434/1434/1434
f 1435/1435/1435 1430/1430/1430 1431/1431/1431
f 1430/1430/1430 1435/1435/1435 1434/1434/1434
f 1431/1431/1431 1436/1436/1436 1435/1435/1435
f 1437/1437/1437 1433/1433/1433 1432/1432/1432
f 1433/1433/1433 1437/1437/1437 1438/1438/1438
f 1439/1439/1439 1435/1435/1435 1436/1436/1436
f 1436/1436/1436 1440/1440/1440 1439/1439/1439
f 1441/1441/1441 1438/1438/1438 1437/1437/1437
f 1438/1438/1438 1441/1441/1441 1442/1442/1442
f 1437/1437/1437 1432/1432/1432 1443/1443/1443
f 1437/1437/1437 1443/1443/1443 1441/1441/1441
f 1432/1432/1432 1434/1434/1434 1443/1443/1443
f 1444/1444/1444 1442/1442/1442 1441/1441/1441
f 1444/1444/1444 1441/1441/1441 1443/1443/1443
f 1442/1442/1442 1444/1444/1444 1445/1445/1445
f 1434/1434/1434 1446/1446/1446 1443/1443/1443
f 1446/1446/1446 1434/1434/1434 1435/1435/1435
f 1435/1435/1435 1439/1439/1439 1446/1446/1446
f 1443/1443/1443 1447/1447/1447 1444/1444/1444
f 1447/1447/1447 1443/1443/1443 1446/1446/1446
f 1448/1448/1448 1445/1445/1445 1444/1444/1444
f 1448/1448/1448 1444/1444/1444 1447/1447/1447
f 1448/1448/1448 1449/1449/1449 1445/1445/1445
f 1447/1447/1447 1449/1449/1449 1448/1448/1448
f 1450/1450/1450 1445/1445/1445 1449/1449/1449
f 1439/1439/1439 1451/1451/1451 1446/1446/1446
f 1451/1451/1451 1439/1439/1439 1440/1440/1440
f 1440/1440/1440 1452/1452/1452 1451/1451/1451
f 1449/1449/1449 1453/1453/1453 1450/1450/1450
f 1454/1454/1454 1450/1450/1450 1453/1453/1453
f 1455/1455/1455 1451/1451/1451 1452/1452/1452
f 1452/1452/1452 1456/1456/1456 1455/1455/1455
f 1457/1457/1457 1446/1446/1446 1451/1451/1451
f 1451/1451/1451 1455/1455/1455 1457/1457/1457
f 1446/1446/1446 1457/1457/1457 1447/1447/1447
f 1458/1458/1458 1455/1455/1455 1456/1456/1456
f 1458/1458/1458 1457/1457/1457 1455/1455/1455
f 1456/1456/1456 1459/1459/1459 1458/1458/1458
f 1460/1460/1460 1447/1447/1447 1457/1457/1457
f 1447/1447/1447 1460/1460/1460 1449/1449/1449
f 1453/1453/1453 1449/1449/1449 1460/1460/1460
f 1461/1461/1461 1457/1457/1457 1458/1458/1458
f 1461/1461/1461 1458/1458/1458 1459/1459/1459
f 1460/1460/1460 1457/1457/1457 1461/1461/1461
f 1459/1459/1459 1462/1462/1462 1461/1461/1461
f 1463/1463/1463 1460/1460/1460 1461/1461/1461
f 1463/1463/1463 1461/1461/1461 1462/1462/1462
f 1460/1460/1460 1463/1463/1463 1453/1453/1453
f 1463/1463/1463 1462/1462/1462 1464/1464/1464
f 1464/1464/1464 1453/1453/1453 1463/1463/1463
f 1453/1453/1453 1464/1464/1464 1454/1454/1454
f 1465/1465/1465 1464/1464/1464 1462/1462/1462
f 1465/1465/1465 1454/1454/1454 1464/1464/1464
f 1467/1467/1467 1468/1468/1468 1466/1466/1466
f 1467/1467/1467 1469/1469/1469 1468/1468/1468
f 1470/1470/1470 1466/1466/1466 1468/1468/1468
f 1466/1466/1466 1470/1470/1470 1471/1471/1471
f 1472/1472/1472 1468/1468/1468 1469/1469/1469
f 1468/1468/1468 1472/1472/1472 1470/1470/1470
f 1472/1472/1472 1469/1469/1469 1473/1473/1473
f 1474/1474/1474 1473/1473/1473 1469/1469/1469
f 1475/1475/1475 1470/1470/1470 1472/1472/1472
f 1475/1475/1475 1472/1472/1472 1473/1473/1473
f 1476/1476/1476 1471/1471/1471 1470/1470/1470
f 1470/1470/1470 1475/1475/1475 1476/1476/1476
f 1471/1471/1471 1476/1476/1476 1477/1477/1477
f 1473/1473/1473 1474/1474/1474 1478/1478/1478
f 1479/1479/1479 1478/1478/1478 1474/1474/1474
f 1480/1480/1480 1477/1477/1477 1476/1476/1476
f 1478/1478/1478 1479/1479/1479 1481/1481/1481
f 1482/1482/1482 1481/1481/1481 1479/1479/1479
f 1483/1483/1483 1473/1473/1473 1478/1478/1478
f 1478/1478/1478 1481/1481/1481 1483/1483/1483
f 1473/1473/1473 1483/1483/1483 1475/1475/1475
f 1481/1481/1481 1482/1482/1482 1484/1484/1484
f 1484/1484/1484 1483/1483/1483 1481/1481/1481
f 1485/1485/1485 1484/1484/1484 1482/1482/1482
f 1486/1486/1486 1476/1476/1476 1475/1475/1475
f 1475/1475/1475 1483/1483/1483 1486/1486/1486
f 1480/1480/1480 1476/1476/1476 1486/1486/1486
f 1484/1484/1484 1485/1485/1485 1487/1487/1487
f 1488/1488/1488 1487/1487/1487 1485/1485/1485
f 1483/1483/1483 1484/1484/1484 1489/1489/1489
f 1487/1487/1487 1489/1489/1489 1484/1484/1484
f 1489/1489/1489 1486/1486/1486 1483/1483/1483
f 1487/1487/1487 1488/1488/1488 1490/1490/1490
f 1489/1489/1489 1487/1487/1487 1490/1490/1490
f 1491/1491/1491 1490/1490/1490 1488/1488/1488
f 1480/1480/1480 1486/1486/1486 1492/1492/1492
f 1480/1480/1480 1492/1492/1492 1477/1477/1477
f 1493/1493/1493 1477/1477/1477 1492/1492/1492
f 1490/1490/1490 1491/1491/1491 1494/1494/1494
f 1495/1495/1495 1494/1494/1494 1491/1491/1491
f 1492/1492/1492 1496/1496/1496 1493/1493/1493
f 1497/1497/1497 1493/1493/1493 1496/1496/1496
f 1498/1498/1498 1492/1492/1492 1486/1486/1486
f 1492/1492/1492 1498/1498/1498 1496/1496/1496
f 1486/1486/1486 1489/1489/1489 1498/1498/1498
f 1496/1496/1496 1499/1499/1499 1497/1497/1497
f 1499/1499/1499 1496/1496/1496 1498/1498/1498
f 1500/1500/1500 1497/1497/1497 1499/1499/1499
f 1501/1501/1501 1498/1498/1498 1489/1489/1489
f 1489/1489/1489 1490/1490/1490 1501/1501/1501
f 1494/1494/1494 1501/1501/1501 1490/1490/1490
f 1499/1499/1499 1498/1498/1498 1502/1502/1502
f 1499/1499/1499 1502/1502/1502 1500/1500/1500
f 1498/1498/1498 1501/1501/1501 1502/1502/1502
f 1503/1503/1503 1500/1500/1500 1502/1502/1502
f 1501/1501/1501 1504/1504/1504 1502/1502/1502
f 1502/1502/1502 1504/1504/1504 1503/1503/1503
f 1501/1501/1501 1494/1494/1494 1504/1504/1504
f 1505/1505/1505 1503/1503/1503 1504/1504/1504
f 1506/1506/1506 1504/1504/1504 1494/1494/1494
f 1504/1504/1504 1506/1506/1506 1505/1505/1505
f 1494/1494/1494 1495/1495/1495 1506/1506/1506
f 1507/1507/1507 1505/1505/1505 1506/1506/1506
f 1507/1507/1507 1506/1506/1506 1495/1495/1495
f 1509/1509/1509 1510/1510/1510 1508/1508/1508
f 1508/1508/1508 1510/1510/1510 1511/1511/1511
f 1512/1512/1512 1510/1510/1510 1509/1509/1509
f 1511/1511/1511 1510/1510/1510 1513/1513/1513
f 1514/1514/1514 1510/1510/1510 1512/1512/1512
f 1513/1513/1513 1510/1510/1510 1515/1515/1515
f 1516/1516/1516 1510/1510/1510 1514/1514/1514
f 1515/1515/1515 1510/1510/1510 1517/1517/1517
f 1518/1518/1518 1510/1510/1510 1516/1516/1516
f 1517/1517/1517 1510/1510/1510 1518/1518/1518
f 1520/1520/1520 1521/1521/1521 1519/1519/1519
f 1519/1519/1519 1521/1521/1521 1522/1522/1522
f 1523/1523/1523 1521/1521/1521 1520/1520/1520
f 1522/1522/1522 1521/1521/1521 1524/1524/1524
f 1525/1525/1525 1521/1521/1521 1523/1523/1523
f 1524/1524/1524 1521/1521/1521 1526/1526/1526
f 1527/1527/1527 1521/1521/1521 1525/1525/1525
f 1526/1526/1526 1521/1521/1521 1528/1528/1528
f 1529/1529/1529 1521/1521/1521 1527/1527/1527
f 1528/1528/1528 1521/1521/1521 1529/1529/1529
f 1531/1531/1531 1532/1532/1532 1530/1530/1530
f 1531/1531/1531 1530/1530/1530 1533/1533/1533
f 1534/1534/1534 1530/1530/1530 1532/1532/1532
f 1535/1535/1535 1533/1533/1533 1530/1530/1530
f 1532/1532/1532 1536/1536/1536 1534/1534/1534
f 1532/1532/1532 1537/1537/1537 1536/1536/1536
f 1535/1535/1535 1538/1538/1538 1533/1533/1533
f 1533/1533/1533 1538/1538/1538 1539/1539/1539
f 1535/1535/1535 1540/1540/1540 1538/1538/1538
f 1536/1536/1536 1541/1541/1541 1534/1534/1534
f 1542/1542/1542 1534/1534/1534 1541/1541/1541
f 1543/1543/1543 1538/1538/1538 1540/1540/1540
f 1540/1540/1540 1544/1544/1544 1543/1543/1543
f 1541/1541/1541 1545/1545/1545 1542/1542/1542
f 1546/1546/1546 1542/1542/1542 1545/1545/1545
f 1547/1547/1547 1543/1543/1543 1544/1544/1544
f 1544/1544/1544 1548/1548/1548 1547/1547/1547
f 1545/1545/1545 1549/1549/1549 1546/1546/1546
f 1550/1550/1550 1546/1546/1546 1549/1549/1549
f 1551/1551/1551 1547/1547/1547 1548/1548/1548
f 1548/1548/1548 1552/1552/1552 1551/1551/1551
f 1549/1549/1549 1553/1553/1553 1550/1550/1550
f 1554/1554/1554 1550/1550/1550 1553/1553/1553
f 1555/1555/1555 1551/1551/1551 1552/1552/1552
f 1552/1552/1552 1556/1556/1556 1555/1555/1555
f 1553/1553/1553 1557/1557/1557 1554/1554/1554
f 1558/1558/1558 1554/1554/1554 1557/1557/1557
f 1559/1559/1559 1555/1555/1555 1556/1556/1556
f 1556/1556/1556 1560/1560/1560 1559/1559/1559
f 1560/1560/1560 1558/1558/1558 1561/1561/1561
f 1561/1561/1561 1559/1559/1559 1560/1560/1560
f 1557/1557/1557 1561/1561/1561 1558/1558/1558
f 1562/1562/1562 1555/1555/1555 1559/1559/1559
f 1562/1562/1562 1559/1559/1559 1561/1561/1561
f 1562/1562/1562 1561/1561/1561 1557/1557/1557
f 1562/1562/1562 1551/1551/1551 1555/1555/1555
f 1562/1562/1562 1557/1557/1557 1553/1553/1553
f 1562/1562/1562 1547/1547/1547 1551/1551/1551
f 1553/1553/1553 1549/1549/1549 1562/1562/1562
f 1562/1562/1562 1543/1543/1543 1547/1547/1547
f 1549/1549/1549 1545/1545/1545 1562/1562/1562
f 1538/1538/1538 1543/1543/1543 1562/1562/1562
f 1545/1545/1545 1541/1541/1541 1562/1562/1562
f 1562/1562/1562 1539/1539/1539 1538/1538/1538
f 1541/1541/1541 1536/1536/1536 1562/1562/1562
f 1563/1563/1563 1539/1539/1539 1562/1562/1562
f 1562/1562/1562 1536/1536/1536 1537/1537/1537
f 1537/1537/1537 1563/1563/1563 1562/1562/1562
f 1565/1565/1565 1566/1566/1566 1564/1564/1564
f 1566/1566/1566 1567/1567/1567 1564/1564/1564
f 1568/1568/1568 1566/1566/1566 1565/1565/1565
f 1567/1567/1567 1566/1566/1566 1569/1569/1569
f 1568/1568/1568 1570/1570/1570 1566/1566/1566
f 1566/1566/1566 1571/1571/1571 1569/1569/1569
f 1566/1566/1566 1570/1570/1570 1572/1572/1572
f 1566/1566/1566 1573/1573/1573 1571/1571/1571
f 1566/1566/1566 1572/1572/1572 1574/1574/1574
f 1575/1575/1575 1573/1573/1573 1566/1566/1566
f 1566/1566/1566 1574/1574/1574 1576/1576/1576
f 1566/1566/1566 1576/1576/1576 1575/1575/1575
f 1578/1578/1578 1579/1579/1579 1577/1577/1577
f 1578/1578/1578 1577/1577/1577 1580/1580/1580
f 1581/1581/1581 1577/1577/1577 1579/1579/1579
f 1579/1579/1579 1582/1582/1582 1581/1581/1581
f 1583/1583/1583 1580/1580/1580 1577/1577/1577
f 1584/1584/1584 1581/1581/1581 1582/1582/1582
f 1582/1582/1582 1585/1585/1585 1584/1584/1584
f 1586/1586/1586 1577/1577/1577 1581/1581/1581
f 1586/1586/1586 1581/1581/1581 1584/1584/1584
f 1583/1583/1583 1577/1577/1577 1586/1586/1586
f 1587/1587/1587 1584/1584/1584 1585/1585/1585
f 1586/1586/1586 1584/1584/1584 1587/1587/1587
f 1587/1587/1587 1585/1585/1585 1588/1588/1588
f 1587/1587/1587 1588/1588/1588 1586/1586/1586
f 1588/1588/1588 1583/1583/1583 1586/1586/1586
f 1583/1583/1583 1588/1588/1588 1580/1580/1580
f 1589/1589/1589 1588/1588/1588 1585/1585/1585
f 1589/1589/1589 1580/1580/1580 1588/1588/1588
f 1591/1591/1591 1592/1592/1592 1590/1590/1590
f 1591/1591/1591 1593/1593/1593 1592/1592/1592
f 1594/1594/1594 1590/1590/1590 1592/1592/1592
f 1590/1590/1590 1594/1594/1594 1595/1595/1595
f 1596/1596/1596 1592/1592/1592 1593/1593/1593
f 1597/1597/1597 1595/1595/1595 1594/1594/1594
f 1595/1595/1595 1597/1597/1597 1598/1598/1598
f 1592/1592/1592 1599/1599/1599 1594/1594/1594
f 1594/1594/1594 1599/1599/1599 1597/1597/1597
f 1592/1592/1592 1596/1596/1596 1599/1599/1599
f 1600/1600/1600 1598/1598/1598 1597/1597/1597
f 1597/1597/1597 1599/1599/1599 1600/1600/1600
f 1600/1600/1600 1601/1601/1601 1598/1598/1598
f 1601/1601/1601 1600/1600/1600 1599/1599/1599
f 1596/1596/1596 1601/1601/1601 1599/1599/1599
f 1596/1596/1596 1593/1593/1593 1601/1601/1601
f 1602/1602/1602 1598/1598/1598 1601/1601/1601
f 1602/1602/1602 1601/1601/1601 1593/1593/1593
f 1604/1604/1604 1605/1605/1605 1603/1603/1603
f 1604/1604/1604 1606/1606/1606 1605/1605/1605
f 1607/1607/1607 1603/1603/1603 1605/1605/1605
f 1603/1603/1603 1607/1607/1607 1608/1608/1608
f 1609/1609/1609 1605/1605/1605 1606/1606/1606
f 1610/1610/1610 1608/1608/1608 1607/1607/1607
f 1608/1608/1608 1610/1610/1610 1611/1611/1611
f 1605/1605/1605 1612/1612/1612 1607/1607/1607
f 1610/1610/1610 1607/1607/1607 1612/1612/1612
f 1605/1605/1605 1609/1609/1609 1612/1612/1612
f 1612/1612/1612 1611/1611/1611 1610/1610/1610
f 1609/1609/1609 1606/1606/1606 1613/1613/1613
f 1613/1613/1613 1612/1612/1612 1609/1609/1609
f 1612/1612/1612 1613/1613/1613 1611/1611/1611
f 1614/1614/1614 1613/1613/1613 1606/1606/1606
f 1614/1614/1614 1611/1611/1611 1613/1613/1613
f 1616/1616/1616 1617/1617/1617 1615/1615/1615
f 1616/1616/1616 1615/1615/1615 1618/1618/1618
f 1619/1619/1619 1615/1615/1615 1617/1617/1617
f 1617/1617/1617 1620/1620/1620 1619/1619/1619
f 1621/1621/1621 1618/1618/1618 1615/1615/1615
f 1622/1622/1622 1619/1619/1619 1620/1620/1620
f 1620/1620/1620 1623/1623/1623 1622/1622/1622
f 1615/1615/1615 1619/1619/1619 1624/1624/1624
f 1622/1622/1622 1624/1624/1624 1619/1619/1619
f 1615/1615/1615 1624/1624/1624 1621/1621/1621
f 1624/1624/1624 1622/1622/1622 1623/1623/1623
f 1621/1621/1621 1625/1625/1625 1618/1618/1618
f 1625/1625/1625 1621/1621/1621 1624/1624/1624
f 1624/1624/1624 1623/1623/1623 1625/1625/1625
f 1626/1626/1626 1618/1618/1618 1625/1625/1625
f 1626/1626/1626 1625/1625/1625 1623/1623/1623
f 1628/1628/1628 1629/1629/1629 1627/1627/1627
f 1628/1628/1628 1627/1627/1627 1630/1630/1630
f 1631/1631/1631 1627/1627/1627 1629/1629/1629
f 1629/1629/1629 1632/1632/1632 1631/1631/1631
f 1633/1633/1633 1630/1630/1630 1627/1627/1627
f 1634/1634/1634 1631/1631/1631 1632/1632/1632
f 1632/1632/1632 1635/1635/1635 1634/1634/1634
f 1636/1636/1636 1627/1627/1627 1631/1631/1631
f 1636/1636/1636 1631/1631/1631 1634/1634/1634
f 1633/1633/1633 1627/1627/1627 1636/1636/1636
f 1637/1637/1637 1634/1634/1634 1635/1635/1635
f 1636/1636/1636 1634/1634/1634 1637/1637/1637
f 1635/1635/1635 1638/1638/1638 1637/1637/1637
f 1633/1633/1633 1639/1639/1639 1630/1630/1630
f 1636/1636/1636 1639/1639/1639 1633/1633/1633
f 1640/1640/1640 1630/1630/1630 1639/1639/1639
f 1640/1640/1640 1639/1639/1639 1641/1641/1641
f 1642/1642/1642 1637/1637/1637 1638/1638/1638
f 1636/1636/1636 1637/1637/1637 1642/1642/1642
f 1638/1638/1638 1643/1643/1643 1642/1642/1642
f 1644/1644/1644 1641/1641/1641 1639/1639/1639
f 1644/1644/1644 1639/1639/1639 1636/1636/1636
f 1645/1645/1645 1642/1642/1642 1643/1643/1643
f 1645/1645/1645 1636/1636/1636 1642/1642/1642
f 1643/1643/1643 1646/1646/1646 1645/1645/1645
f 1644/1644/1644 1647/1647/1647 1641/1641/1641
f 1636/1636/1636 1647/1647/1647 1644/1644/1644
f 1648/1648/1648 1641/1641/1641 1647/1647/1647
f 1648/1648/1648 1647/1647/1647 1649/1649/1649
f 1650/1650/1650 1645/1645/1645 1646/1646/1646
f 1650/1650/1650 1636/1636/1636 1645/1645/1645
f 1646/1646/1646 1651/1651/1651 1650/1650/1650
f 1652/1652/1652 1649/1649/1649 1647/1647/1647
f 1652/1652/1652 1647/1647/1647 1636/1636/1636
f 1653/1653/1653 1650/1650/1650 1651/1651/1651
f 1636/1636/1636 1650/1650/1650 1653/1653/1653
f 1651/1651/1651 1654/1654/1654 1653/1653/1653
f 1655/1655/1655 1652/1652/1652 1636/1636/1636
f 1636/1636/1636 1653/1653/1653 1655/1655/1655
f 1652/1652/1652 1655/1655/1655 1649/1649/1649
f 1655/1655/1655 1653/1653/1653 1654/1654/1654
f 1654/1654/1654 1649/1649/1649 1655/1655/1655
f 1657/1657/1657 1658/1658/1658 1656/1656/1656
f 1657/1657/1657 1659/1659/1659 1658/1658/1658
f 1660/1660/1660 1656/1656/1656 1658/1658/1658
f 1656/1656/1656 1660/1660/1660 1661/1661/1661
f 1662/1662/1662 1658/1658/1658 1659/1659/1659
f 1663/1663/1663 1661/1661/1661 1660/1660/1660
f 1661/1661/1661 1663/1663/1663 1664/1664/1664
f 1662/1662/1662 1659/1659/1659 1665/1665/1665
f 1666/1666/1666 1665/1665/1665 1659/1659/1659
f 1666/1666/1666 1667/1667/1667 1665/1665/1665
f 1668/1668/1668 1664/1664/1664 1663/1663/1663
f 1664/1664/1664 1668/1668/1668 1669/1669/1669
f 1670/1670/1670 1665/1665/1665 1667/1667/1667
f 1671/1671/1671 1669/1669/1669 1668/1668/1668
f 1669/1669/1669 1671/1671/1671 1672/1672/1672
f 1670/1670/1670 1667/1667/1667 1673/1673/1673
f 1674/1674/1674 1673/1673/1673 1667/1667/1667
f 1674/1674/1674 1675/1675/1675 1673/1673/1673
f 1676/1676/1676 1672/1672/1672 1671/1671/1671
f 1672/1672/1672 1676/1676/1676 1677/1677/1677
f 1678/1678/1678 1673/1673/1673 1675/1675/1675
f 1679/1679/1679 1677/1677/1677 1676/1676/1676
f 1677/1677/1677 1679/1679/1679 1680/1680/1680
f 1678/1678/1678 1675/1675/1675 1681/1681/1681
f 1682/1682/1682 1681/1681/1681 1675/1675/1675
f 1680/1680/1680 1683/1683/1683 1682/1682/1682
f 1681/1681/1681 1682/1682/1682 1683/1683/1683
f 1683/1683/1683 1680/1680/1680 1679/1679/1679
f 1678/1678/1678 1681/1681/1681 1684/1684/1684
f 1683/1683/1683 1684/1684/1684 1681/1681/1681
f 1679/1679/1679 1684/1684/1684 1683/1683/1683
f 1673/1673/1673 1678/1678/1678 1684/1684/1684
f 1684/1684/1684 1679/1679/1679 1676/1676/1676
f 1673/1673/1673 1684/1684/1684 1670/1670/1670
f 1684/1684/1684 1676/1676/1676 1671/1671/1671
f 1665/1665/1665 1670/1670/1670 1684/1684/1684
f 1668/1668/1668 1684/1684/1684 1671/1671/1671
f 1665/1665/1665 1684/1684/1684 1662/1662/1662
f 1663/1663/1663 1684/1684/1684 1668/1668/1668
f 1658/1658/1658 1662/1662/1662 1684/1684/1684
f 1660/1660/1660 1684/1684/1684 1663/1663/1663
f 1658/1658/1658 1684/1684/1684 1660/1660/1660
f 1686/1686/1686 1687/1687/1687 1685/1685/1685
f 1687/1687/1687 1686/1686/1686 1688/1688/1688
f 1689/1689/1689 1685/1685/1685 1687/1687/1687
f 1690/1690/1690 1688/1688/1688 1686/1686/1686
f 1691/1691/1691 1685/1685/1685 1689/1689/1689
f 1689/1689/1689 1692/1692/1692 1691/1691/1691
f 1685/1685/1685 1691/1691/1691 1693/1693/1693
f 1694/1694/1694 1688/1688/1688 1690/1690/1690
f 1688/1688/1688 1694/1694/1694 1695/1695/1695
f 1696/1696/1696 1693/1693/1693 1691/1691/1691
f 1693/1693/1693 1696/1696/1696 1697/1697/1697
f 1694/1694/1694 1690/1690/1690 1698/1698/1698
f 1699/1699/1699 1698/1698/1698 1690/1690/1690
f 1700/1700/1700 1697/1697/1697 1696/1696/1696
f 1697/1697/1697 1700/1700/1700 1701/1701/1701
f 1698/1698/1698 1699/1699/1699 1702/1702/1702
f 1703/1703/1703 1702/1702/1702 1699/1699/1699
f 1704/1704/1704 1701/1701/1701 1700/1700/1700
f 1701/1701/1701 1704/1704/1704 1705/1705/1705
f 1702/1702/1702 1703/1703/1703 1706/1706/1706
f 1707/1707/1707 1706/1706/1706 1703/1703/1703
f 1708/1708/1708 1705/1705/1705 1704/1704/1704
f 1705/1705/1705 1708/1708/1708 1709/1709/1709
f 1706/1706/1706 1707/1707/1707 1710/1710/1710
f 1711/1711/1711 1710/1710/1710 1707/1707/1707
f 1712/1712/1712 1709/1709/1709 1708/1708/1708
f 1709/1709/1709 1712/1712/1712 1713/1713/1713
f 1710/1710/1710 1711/1711/1711 1714/1714/1714
f 1715/1715/1715 1714/1714/1714 1711/1711/1711
f 1713/1713/1713 1716/1716/1716 1715/1715/1715
f 1714/1714/1714 1715/1715/1715 1716/1716/1716
f 1716/1716/1716 1713/1713/1713 1712/1712/1712
f 1714/1714/1714 1717/1717/1717 1710/1710/1710
f 1716/1716/1716 1717/1717/1717 1714/1714/1714
f 1712/1712/1712 1717/1717/1717 1716/1716/1716
f 1706/1706/1706 1710/1710/1710 1717/1717/1717
f 1708/1708/1708 1717/1717/1717 1712/1712/1712
f 1702/1702/1702 1706/1706/1706 1717/1717/1717
f 1704/1704/1704 1717/1717/1717 1708/1708/1708
f 1698/1698/1698 1702/1702/1702 1717/1717/1717
f 1700/1700/1700 1717/1717/1717 1704/1704/1704
f 1694/1694/1694 1698/1698/1698 1717/1717/1717
f 1696/1696/1696 1717/1717/1717 1700/1700/1700
f 1717/1717/1717 1695/1695/1695 1694/1694/1694
f 1696/1696/1696 1691/1691/1691 1717/1717/1717
f 1718/1718/1718 1695/1695/1695 1717/1717/1717
f 1717/1717/1717 1691/1691/1691 1692/1692/1692
f 1692/1692/1692 1718/1718/1718 1717/1717/1717
