o 037654
v -0.011801274493336678 5.478804588317871 0.9386826753616333
v -0.011801274493336678 6.72961950302124 0.9386824369430542
v -0.38393595814704895 6.729620456695557 0.8650177717208862
v -0.38393595814704895 5.478805065155029 0.8650182485580444
v -0.6994264721870422 6.729621887207031 0.6552239656448364
v -0.6994269490242004 5.478804588317871 0.6552237272262573
v -0.9102209210395813 6.729620933532715 0.34125030040740967
v -0.9102213978767395 5.478805065155029 0.34125030040740967
v -0.9842594265937805 6.729620456695557 -0.029105067253112793
v -0.9842599034309387 5.478804588317871 -0.02910482883453369
v -0.9102209210395813 6.729620456695557 -0.39946043491363525
v -0.9102209210395813 5.478804588317871 -0.39946019649505615
v -0.699425995349884 6.729621887207031 -0.7134339809417725
v -0.699425995349884 5.478805065155029 -0.7134339809417725
v -0.38393571972846985 6.729620933532715 -0.9232230186462402
v -0.38393571972846985 5.478804588317871 -0.9232277870178223
v -0.011801274493336678 6.729621887207031 -0.9968925714492798
v -0.01180175133049488 5.478805065155029 -0.9968925714492798
v -0.01180175133049488 5.478805065155029 -0.9968925714492798
v -0.011801274493336678 6.729621887207031 -0.9968925714492798
v 0.3603331744670868 6.729620933532715 -0.9232228994369507
v 0.3603331744670868 5.478804588317871 -0.9232275485992432
v 0.6758236289024353 6.729620933532715 -0.7134338617324829
v 0.6758236289024353 5.478804588317871 -0.7134338617324829
v 0.8866185545921326 6.729620933532715 -0.39946019649505615
v 0.8866183161735535 5.478804588317871 -0.39946019649505615
v 0.9606568217277527 6.729620456695557 -0.029105067253112793
v 0.9606568217277527 5.478804588317871 -0.02910482883453369
v 0.8866180777549744 6.729620456695557 0.34125053882598877
v 0.8866185545921326 5.478804588317871 0.34125053882598877
v 0.6758238673210144 6.729620933532715 0.6552244424819946
v 0.6758233904838562 5.478805065155029 0.6552239656448364
v 0.3603329360485077 6.72961950302124 0.8650182485580444
v 0.3603329360485077 5.478804588317871 0.8650182485580444
v -0.011801274493336678 6.72961950302124 0.9386824369430542
v -0.011801274493336678 5.478804588317871 0.9386826753616333
v 1.3490910530090332 7.063867568969727 -1.7159801721572876
v 1.326064109802246 7.040433406829834 -1.6030949354171753
v 1.3496100902557373 7.100558757781982 -1.6266852617263794
v 1.4475398063659668 7.159167766571045 -1.5536471605300903
v 1.3666582107543945 7.068121433258057 -1.5333210229873657
v 1.3257372379302979 6.981271743774414 -1.5685864686965942
v 1.4368531703948975 7.157409191131592 -1.5151888132095337
v 1.365755319595337 7.006556510925293 -1.5075184106826782
v 1.575512170791626 7.145399570465088 -1.4660905599594116
v 1.657315969467163 7.140251636505127 -1.5757263898849487
v 1.611743688583374 7.188689708709717 -1.6201242208480835
v 1.7510944604873657 7.063446044921875 -1.4732011556625366
v 1.6627559661865234 7.084392070770264 -1.4004932641983032
v 1.6528373956680298 7.054490566253662 -1.3366085290908813
v 1.7976088523864746 6.870787620544434 -1.293434977531433
v 1.6276006698608398 6.892660140991211 -1.2187038660049438
v 1.5631918907165527 7.015499114990234 -1.273340106010437
v 1.491267442703247 6.945638179779053 -1.2912541627883911
v 1.4535367488861084 6.913790702819824 -1.3355942964553833
v 1.5882554054260254 6.688230991363525 -1.2304153442382812
v 1.759301781654358 6.677035331726074 -1.2971407175064087
v 1.4121158123016357 6.82293176651001 -1.3872181177139282
v 1.3942022323608398 6.935068130493164 -1.4277278184890747
v 1.3696956634521484 6.984044551849365 -1.4937936067581177
v 1.3317346572875977 6.902087211608887 -1.53687584400177
v 1.3038642406463623 6.8261189460754395 -1.5620685815811157
v 1.3833999633789062 6.736013889312744 -1.4138213396072388
v 1.2742257118225098 6.767219543457031 -1.6105073690414429
v 1.2525062561035156 6.715684413909912 -1.6454936265945435
v 1.3398456573486328 6.554653167724609 -1.4818669557571411
v 1.2478547096252441 6.632150650024414 -1.6412135362625122
v 1.2252507209777832 6.570385932922363 -1.6825793981552124
v 1.2087209224700928 6.530218124389648 -1.7825461626052856
v 1.5354176759719849 6.505614757537842 -1.2996422052383423
v 1.6978719234466553 6.498327255249023 -1.3472102880477905
v 1.3694071769714355 6.394078254699707 -1.6064854860305786
v 1.2422809600830078 6.53298807144165 -1.8622888326644897
v 1.5570217370986938 6.391732215881348 -1.3796812295913696
v 1.6340972185134888 6.380533218383789 -1.4172168970108032
v 1.420323133468628 6.374178409576416 -1.6768838167190552
v 1.3012118339538574 6.561500072479248 -1.9099045991897583
v 1.5529468059539795 6.422926425933838 -1.7540730237960815
v 1.3799209594726562 6.621546745300293 -1.934848427772522
v 1.4168636798858643 6.678040027618408 -1.9346286058425903
v 1.6340972185134888 6.380533218383789 -1.4172168970108032
v 1.436295747756958 6.71490478515625 -1.9266616106033325
v 1.7070211172103882 6.384434223175049 -1.4637857675552368
v 1.6978719234466553 6.498327255249023 -1.3472102880477905
v 1.7878637313842773 6.477563381195068 -1.4559472799301147
v 1.5757617950439453 6.676085472106934 -1.8450199365615845
v 1.4549014568328857 6.752413749694824 -1.9129372835159302
v 1.4751026630401611 6.783966541290283 -1.900215983390808
v 1.4917864799499512 6.816684246063232 -1.8888250589370728
v 1.548295497894287 6.911208629608154 -1.8503907918930054
v 1.6821494102478027 6.57061243057251 -1.72231924533844
v 1.7633572816848755 6.815818786621094 -1.6515334844589233
v 1.8684183359146118 6.682896614074707 -1.400335431098938
v 1.759301781654358 6.677035331726074 -1.2971407175064087
v 1.7976088523864746 6.870787620544434 -1.293434977531433
v 1.869860053062439 6.862119197845459 -1.3608490228652954
v 1.7510944604873657 7.063446044921875 -1.4732011556625366
v 1.8019335269927979 7.001327991485596 -1.5485397577285767
v 1.711403250694275 7.0925445556640625 -1.6811014413833618
v 1.657315969467163 7.140251636505127 -1.5757263898849487
v 1.611743688583374 7.188689708709717 -1.6201242208480835
v 1.6665229797363281 7.124635696411133 -1.7283302545547485
v 1.6593725681304932 6.891744136810303 -1.772311806678772
v 1.588120937347412 6.994586944580078 -1.8191627264022827
v 1.5761659145355225 6.961147308349609 -1.8294733762741089
v 1.5458160638809204 7.053455352783203 -1.828550934791565
v 1.6665229797363281 7.124635696411133 -1.7283302545547485
v 1.588120937347412 6.994586944580078 -1.8191627264022827
v 1.4406206607818604 7.042936325073242 -1.8282443284988403
v 1.4105782508850098 7.029669761657715 -1.8478797674179077
v 1.5761659145355225 6.961147308349609 -1.8294733762741089
v 1.548295497894287 6.911208629608154 -1.8503907918930054
v 1.289506435394287 7.07487154006958 -1.7244163751602173
v 1.3490910530090332 7.063867568969727 -1.7159801721572876
v 1.3927030563354492 7.020227909088135 -1.8565694093704224
v 1.3221244812011719 6.972721576690674 -1.8716620206832886
v 1.4917864799499512 6.816684246063232 -1.8888250589370728
v 1.2240593433380127 7.068803310394287 -1.7288039922714233
v 1.2474124431610107 7.080373287200928 -1.5954052209854126
v 1.326064109802246 7.040433406829834 -1.6030949354171753
v 1.3257372379302979 6.981271743774414 -1.5685864686965942
v 1.2863924503326416 6.895898818969727 -1.8708101511001587
v 1.4751026630401611 6.783966541290283 -1.900215983390808
v 1.1547491550445557 7.00658655166626 -1.7504769563674927
v 1.293677568435669 6.8378119468688965 -1.8558279275894165
v 1.4549014568328857 6.752413749694824 -1.9129372835159302
v 1.3086888790130615 6.803083896636963 -1.8350259065628052
v 1.1535766124725342 6.8544921875 -1.733760952949524
v 1.1683285236358643 6.8336358070373535 -1.7229076623916626
v 1.1643788814544678 6.812765121459961 -1.6394609212875366
v 1.1294543743133545 6.925618648529053 -1.7481769323349
v 1.1538455486297607 6.821319103240967 -1.6182760000228882
v 1.2241554260253906 6.80327844619751 -1.6846786737442017
v 1.053339958190918 6.919363975524902 -1.6176611185073853
v 1.056300401687622 6.997731685638428 -1.5960556268692017
v 1.1438508033752441 6.826327800750732 -1.5814961194992065
v 1.160534381866455 7.082310199737549 -1.593898892402649
v 1.1188445091247559 6.862767696380615 -1.5174559354782104
v 1.119267225265503 6.940358638763428 -1.4737087488174438
v 1.2152948379516602 6.850711345672607 -1.5162888765335083
v 1.2152948379516602 6.850711345672607 -1.5162888765335083
v 1.212430715560913 6.819286346435547 -1.5882700681686401
v 1.2483928203582764 6.850213050842285 -1.5483342409133911
v 1.2152562141418457 6.811411380767822 -1.6325002908706665
v 1.2331507205963135 6.800893783569336 -1.6808723211288452
v 1.2357263565063477 6.821054458618164 -1.6028891801834106
v 1.2833170890808105 6.845758438110352 -1.5866154432296753
v 1.2618281841278076 6.821529388427734 -1.615547776222229
v 1.2341697216033936 6.811713695526123 -1.6374167203903198
v 1.2495462894439697 6.81166934967041 -1.6366561651229858
v 1.2185044288635254 6.9110798835754395 -1.4641920328140259
v 1.2521026134490967 6.911779403686523 -1.4913357496261597
v 1.2483928203582764 6.850213050842285 -1.5483342409133911
v 1.1806204319000244 7.005580425262451 -1.474138617515564
v 1.2833170890808105 6.845758438110352 -1.5866154432296753
v 1.3045947551727295 6.90185022354126 -1.5568181276321411
v 1.2343809604644775 7.011740684509277 -1.4952138662338257
v 1.2668066024780273 6.945367813110352 -1.4956828355789185
v -1.3727128505706787 7.063867568969727 -1.715980887413025
v -1.3732311725616455 7.100558757781982 -1.6266859769821167
v -1.3496854305267334 7.040434837341309 -1.6030951738357544
v -1.471161127090454 7.159168720245361 -1.5536471605300903
v -1.39028000831604 7.068122863769531 -1.5333210229873657
v -1.3493592739105225 6.981272220611572 -1.5685869455337524
v -1.4604742527008057 7.157411098480225 -1.515189290046692
v -1.3893768787384033 7.006556510925293 -1.5075186491012573
v -1.5991342067718506 7.145400047302246 -1.4660907983779907
v -1.635364294052124 7.188690662384033 -1.6201244592666626
v -1.6809375286102295 7.140251159667969 -1.575727105140686
v -1.7747161388397217 7.063446998596191 -1.473201870918274
v -1.686377763748169 7.08439302444458 -1.4004937410354614
v -1.6764590740203857 7.054489612579346 -1.3366085290908813
v -1.821230173110962 6.870789051055908 -1.293434977531433
v -1.6512219905853271 6.892660140991211 -1.2187039852142334
v -1.58681321144104 7.015500545501709 -1.2733403444290161
v -1.5148894786834717 6.945638656616211 -1.2912541627883911
v -1.477158784866333 6.913790702819824 -1.3355947732925415
v -1.6118767261505127 6.688231945037842 -1.23041570186615
v -1.7829229831695557 6.677035808563232 -1.297141194343567
v -1.4357373714447021 6.82293176651001 -1.3872185945510864
v -1.417823076248169 6.935067176818848 -1.4277278184890747
v -1.355355978012085 6.902087688446045 -1.5368763208389282
v -1.3933169841766357 6.984044075012207 -1.4937936067581177
v -1.3274853229522705 6.826119899749756 -1.5620688199996948
v -1.4070212841033936 6.736013889312744 -1.4138213396072388
v -1.2978475093841553 6.767220497131348 -1.610507607460022
v -1.276127576828003 6.7156853675842285 -1.6454938650131226
v -1.3634674549102783 6.554653644561768 -1.4818669557571411
v -1.2714760303497314 6.632150650024414 -1.6412137746810913
v -1.2488720417022705 6.5703864097595215 -1.6825796365737915
v -1.2323424816131592 6.530218601226807 -1.7825466394424438
v -1.5590393543243408 6.505616188049316 -1.2996422052383423
v -1.7214934825897217 6.498327732086182 -1.3472110033035278
v -1.393028974533081 6.394078731536865 -1.6064859628677368
v -1.265901803970337 6.532989501953125 -1.862289309501648
v -1.5806434154510498 6.391732692718506 -1.3796817064285278
v -1.6577184200286865 6.380533218383789 -1.4172168970108032
v -1.4439446926116943 6.374179363250732 -1.6768845319747925
v -1.3248331546783447 6.561500072479248 -1.9099053144454956
v -1.576568365097046 6.4229278564453125 -1.7540732622146606
v -1.4035427570343018 6.621548175811768 -1.9348489046096802
v -1.4404847621917725 6.678040981292725 -1.9346293210983276
v -1.6577184200286865 6.380533218383789 -1.4172168970108032
v -1.4599168300628662 6.714907169342041 -1.9266620874404907
v -1.730642557144165 6.384434223175049 -1.4637857675552368
v -1.7214934825897217 6.498327732086182 -1.3472110033035278
v -1.5993845462799072 6.676086902618408 -1.8450204133987427
v -1.478522539138794 6.752414703369141 -1.9129372835159302
v -1.4987242221832275 6.783967971801758 -1.9002162218093872
v -1.5154078006744385 6.816686153411865 -1.888825535774231
v -1.5719172954559326 6.911210060119629 -1.8503910303115845
v -1.8114855289459229 6.47756290435791 -1.4559475183486938
v -1.7057712078094482 6.570613861083984 -1.7223197221755981
v -1.7869789600372314 6.815818786621094 -1.6515337228775024
v -1.6829946041107178 6.8917460441589355 -1.7723122835159302
v -1.5997874736785889 6.961148262023926 -1.8294740915298462
v -1.6117432117462158 6.994588375091553 -1.81916344165802
v -1.6901443004608154 7.124635219573975 -1.7283307313919067
v -1.8920400142669678 6.682898044586182 -1.4003361463546753
v -1.7829229831695557 6.677035808563232 -1.297141194343567
v -1.821230173110962 6.870789051055908 -1.293434977531433
v -1.8934814929962158 6.862119197845459 -1.3608494997024536
v -1.7747161388397217 7.063446998596191 -1.473201870918274
v -1.8255555629730225 7.001328945159912 -1.5485399961471558
v -1.73502516746521 7.0925445556640625 -1.68110191822052
v -1.6809375286102295 7.140251159667969 -1.575727105140686
v -1.635364294052124 7.188690662384033 -1.6201244592666626
v -1.5694382190704346 7.0534563064575195 -1.8285514116287231
v -1.6117432117462158 6.994588375091553 -1.81916344165802
v -1.6901443004608154 7.124635219573975 -1.7283307313919067
v -1.4642417430877686 7.042937755584717 -1.8282448053359985
v -1.434199571609497 7.029669761657715 -1.847880244255066
v -1.5997874736785889 6.961148262023926 -1.8294740915298462
v -1.5719172954559326 6.911210060119629 -1.8503910303115845
v -1.3131277561187744 7.074872970581055 -1.7244166135787964
v -1.3727128505706787 7.063867568969727 -1.715980887413025
v -1.4163248538970947 7.020230770111084 -1.8565696477890015
v -1.345745325088501 6.972723007202148 -1.8716627359390259
v -1.5154078006744385 6.816686153411865 -1.888825535774231
v -1.2476813793182373 7.068804740905762 -1.7288044691085815
v -1.2710349559783936 7.080374717712402 -1.5954052209854126
v -1.3496854305267334 7.040434837341309 -1.6030951738357544
v -1.3493592739105225 6.981272220611572 -1.5685869455337524
v -1.310014009475708 6.895900249481201 -1.870810627937317
v -1.4987242221832275 6.783967971801758 -1.9002162218093872
v -1.178370714187622 7.006588935852051 -1.7504771947860718
v -1.3172986507415771 6.837813854217529 -1.8558284044265747
v -1.478522539138794 6.752414703369141 -1.9129372835159302
v -1.332310438156128 6.8030853271484375 -1.8350263833999634
v -1.1771986484527588 6.8544921875 -1.733761191368103
v -1.1919505596160889 6.8336358070373535 -1.7229079008102417
v -1.1880004405975342 6.812765121459961 -1.6394613981246948
v -1.153075933456421 6.925619602203369 -1.7481769323349
v -1.1774675846099854 6.821319103240967 -1.6182762384414673
v -1.247776746749878 6.803280353546143 -1.6846791505813599
v -1.0769612789154053 6.919365406036377 -1.6176611185073853
v -1.0799224376678467 6.997732639312744 -1.5960558652877808
v -1.238877534866333 6.8114118576049805 -1.6325007677078247
v -1.2567722797393799 6.8008952140808105 -1.6808727979660034
v -1.1841561794281006 7.082311630249023 -1.5938993692398071
v -1.25779128074646 6.8117146492004395 -1.637416958808899
v -1.273167371749878 6.811670303344727 -1.636656641960144
v -1.2854492664337158 6.821529865264893 -1.615548014640808
v -1.2593481540679932 6.821055889129639 -1.6028896570205688
v -1.3069393634796143 6.845760345458984 -1.5866159200668335
v -1.272014856338501 6.850213527679443 -1.5483344793319702
v -1.236053228378296 6.819286346435547 -1.5882703065872192
v -1.2389161586761475 6.850712299346924 -1.5162893533706665
v -1.1674726009368896 6.826328754425049 -1.5814963579177856
v -1.1424663066864014 6.86276912689209 -1.5174556970596313
v -1.1428892612457275 6.940359592437744 -1.4737085103988647
v -1.2389161586761475 6.850712299346924 -1.5162893533706665
v -1.2042419910430908 7.005581855773926 -1.4741390943527222
v -1.2421257495880127 6.9110798835754395 -1.4641920328140259
v -1.2757232189178467 6.91178035736084 -1.4913357496261597
v -1.272014856338501 6.850213527679443 -1.5483344793319702
v -1.3282158374786377 6.901851177215576 -1.5568181276321411
v -1.3069393634796143 6.845760345458984 -1.5866159200668335
v -1.2904284000396729 6.945369243621826 -1.4956828355789185
v -1.258002519607544 7.011740684509277 -1.4952141046524048
v -0.011801274493336678 5.353145122528076 1.1043709516525269
v -0.011801274493336678 5.613312244415283 0.9434934854507446
v -0.5862348675727844 5.613312244415283 0.7577441930770874
v -0.6812432408332825 5.353144645690918 0.8878952264785767
v -0.9412434697151184 5.613312244415283 0.2714446783065796
v -0.011800797656178474 5.076942443847656 0.9597240686416626
v -1.0949914455413818 5.35314416885376 0.3211556673049927
v -0.9412434697151184 5.613312244415283 -0.3296552896499634
v -0.595816433429718 5.076941967010498 0.7708760499954224
v -0.011801274493336678 4.80130672454834 1.1043709516525269
v -1.0949914455413818 5.35314416885376 -0.37936580181121826
v -0.5862348675727844 5.613312244415283 -0.8159542083740234
v -0.6812432408332825 4.80130672454834 0.8878957033157349
v -0.011801274493336678 4.5250935554504395 0.9526320695877075
v -0.9567645192146301 5.07694149017334 0.27645885944366455
v -0.5916364789009094 4.5250935554504395 0.7651373147964478
v -0.01180175133049488 4.249467849731445 1.1043704748153687
v -1.0949909687042236 4.801307201385498 0.3211554288864136
v -0.6812432408332825 4.249467372894287 0.887895941734314
v -0.011801274493336678 3.9732542037963867 0.9526325464248657
v -0.9499891400337219 4.525094032287598 0.2742687463760376
v -1.0949914455413818 4.801307201385498 -0.37936580181121826
v -0.5916364789009094 3.9732542037963867 0.765137791633606
v -0.011801274493336678 3.7046308517456055 1.1043704748153687
v -0.6812432408332825 3.7046308517456055 0.887895941734314
v -1.0949909687042236 4.249467372894287 0.3211556673049927
v -0.9499891400337219 3.9732542037963867 0.2742689847946167
v -1.0949909687042236 3.7046310901641846 0.3211554288864136
v -1.0949914455413818 4.249467849731445 -0.37936580181121826
v -0.9499891400337219 3.973254680633545 -0.33247649669647217
v -1.0949904918670654 3.7046308517456055 -0.37936604022979736
v -0.9499891400337219 4.525094032287598 -0.33247649669647217
v -0.591635525226593 3.9732542037963867 -0.8233451843261719
v -0.6812432408332825 3.7046308517456055 -0.9461058378219604
v -0.01180175133049488 3.973254680633545 -1.010842204093933
v -0.011800797656178474 3.7046308517456055 -1.1625806093215942
v -0.011801274493336678 4.249467372894287 -1.1625804901123047
v -0.6812432408332825 4.249467849731445 -0.9461058378219604
v -0.011801274493336678 4.525092601776123 -1.0108420848846436
v -0.5916360020637512 4.5250935554504395 -0.8233451843261719
v -0.011800797656178474 4.801307201385498 -1.1625804901123047
v -0.6812432408332825 4.80130672454834 -0.9461058378219604
v -0.011801274493336678 5.076941967010498 -1.0179340839385986
v -0.5958259701728821 5.076941967010498 -0.829086184501648
v -0.011800797656178474 5.353145122528076 -1.1625806093215942
v -0.9567640423774719 5.07694149017334 -0.33466923236846924
v -0.6812432408332825 5.35314416885376 -0.9461054801940918
v -0.011800797656178474 5.613312244415283 -1.0017033815383911
v -0.011800797656178474 5.353145122528076 -1.1625806093215942
v -0.011800797656178474 5.613312244415283 -1.0017033815383911
v 0.5626325011253357 5.613311767578125 -0.8159542083740234
v 0.6576413512229919 5.35314416885376 -0.9461053609848022
v 0.9176408648490906 5.613312244415283 -0.3296550512313843
v -0.011801274493336678 5.076941967010498 -1.0179340839385986
v 1.0713882446289062 5.35314416885376 -0.3793705701828003
v 0.9176408648490906 5.613311290740967 0.2714446783065796
v 0.5722138285636902 5.076941013336182 -0.8290860652923584
v -0.011800797656178474 4.801307201385498 -1.1625804901123047
v 1.0713882446289062 5.35314416885376 0.3211556673049927
v 0.5626325011253357 5.613312244415283 0.7577444314956665
v 0.9331614375114441 5.07694149017334 -0.33466923236846924
v 0.6576411128044128 4.80130672454834 -0.9461057186126709
v -0.011801274493336678 4.525092601776123 -1.0108420848846436
v 0.6576406359672546 5.353145122528076 0.887895941734314
v -0.011801274493336678 5.613312244415283 0.9434934854507446
v -0.011801274493336678 5.353145122528076 1.1043709516525269
v 0.5680333971977234 4.525093078613281 -0.8233470916748047
v -0.011801274493336678 4.249467372894287 -1.1625804901123047
v 0.5722138285636902 5.076941013336182 0.7708760499954224
v -0.011800797656178474 5.076942443847656 0.9597240686416626
v 0.9331616759300232 5.076941013336182 0.27645933628082275
v 0.6576406359672546 4.801307201385498 0.887895941734314
v -0.011801274493336678 4.80130672454834 1.1043709516525269
v 1.0713882446289062 4.801307201385498 0.3211559057235718
v 1.0713882446289062 4.801307201385498 -0.3793703317642212
v 0.926386296749115 4.525093078613281 -0.3324791193008423
v 0.926386296749115 4.525093078613281 0.2742689847946167
v 0.5680333971977234 4.525094032287598 0.7651373147964478
v -0.011801274493336678 4.5250935554504395 0.9526320695877075
v 0.6576411128044128 4.249467372894287 -0.9461057186126709
v -0.01180175133049488 3.973254680633545 -1.010842204093933
v 1.0713882446289062 4.249467372894287 -0.3793705701828003
v 0.5680333971977234 3.973254680633545 -0.8233473300933838
v -0.011800797656178474 3.7046308517456055 -1.1625806093215942
v 0.6576411128044128 3.7046308517456055 -0.9461058378219604
v 0.926386296749115 3.9732542037963867 -0.3324786424636841
v 1.0713880062103271 3.7046310901641846 -0.3793703317642212
v 1.0713882446289062 4.249467372894287 0.3211556673049927
v 0.9263858199119568 3.973254680633545 0.2742694616317749
v 1.0713882446289062 3.7046310901641846 0.3211559057235718
v 0.6576406359672546 4.249467849731445 0.8878957033157349
v -0.01180175133049488 4.249467849731445 1.1043704748153687
v 0.5680333971977234 3.9732542037963867 0.7651373147964478
v 0.6576406359672546 3.7046308517456055 0.8878957033157349
v -0.011801274493336678 3.9732542037963867 0.9526325464248657
v -0.011801274493336678 3.7046308517456055 1.1043704748153687
v 1.3696956634521484 6.984044551849365 -1.4937936067581177
v 1.3942022323608398 6.935068130493164 -1.4277278184890747
v 1.2950034141540527 6.981021404266357 -1.3750044107437134
v 1.2532556056976318 7.024266242980957 -1.4650384187698364
v 1.1858675479888916 7.103729724884033 -1.3200334310531616
v 1.365755319595337 7.006556510925293 -1.5075184106826782
v 1.1676077842712402 7.07852840423584 -1.4226776361465454
v 1.2530155181884766 7.050156593322754 -1.487528681755066
v 1.1720092296600342 7.121967315673828 -1.4369381666183472
v 1.199629783630371 7.170774936676025 -1.3440591096878052
v 1.2692475318908691 7.107998847961426 -1.5112639665603638
v 1.3666582107543945 7.068121433258057 -1.5333210229873657
v 1.4368531703948975 7.157409191131592 -1.5151888132095337
v 1.2050979137420654 7.158669471740723 -1.46833336353302
v 1.3714640140533447 7.198192119598389 -1.4783927202224731
v 1.2590413093566895 7.219733238220215 -1.395555853843689
v 1.4828484058380127 7.202539920806885 -1.3898364305496216
v 1.575512170791626 7.145399570465088 -1.4660905599594116
v 1.6627559661865234 7.084392070770264 -1.4004932641983032
v 1.320124864578247 7.221795082092285 -1.3296838998794556
v 1.5146880149841309 7.1768412590026855 -1.347141146659851
v 1.6528373956680298 7.054490566253662 -1.3366085290908813
v 1.3428919315338135 7.209416389465332 -1.3086639642715454
v 1.5073550939559937 7.139227390289307 -1.2947884798049927
v 1.5631918907165527 7.015499114990234 -1.273340106010437
v 1.2710542678833008 7.191620349884033 -1.2940036058425903
v 1.4731805324554443 7.089364051818848 -1.2602870464324951
v 1.491267442703247 6.945638179779053 -1.2912541627883911
v 1.3600850105285645 7.1915602684021 -1.2875529527664185
v 1.30855393409729 7.182304382324219 -1.2801977396011353
v 1.3447473049163818 7.167352676391602 -1.268524408340454
v 1.4175267219543457 7.026445388793945 -1.2606388330459595
v 1.4535367488861084 6.913790702819824 -1.3355942964553833
v 1.2890064716339111 7.149605751037598 -1.2640866041183472
v 1.3723187446594238 6.9907402992248535 -1.2898675203323364
v 1.3942022323608398 6.935068130493164 -1.4277278184890747
v 1.2950034141540527 6.981021404266357 -1.3750044107437134
v 1.249354362487793 7.130630016326904 -1.2681756019592285
v 1.1858675479888916 7.103729724884033 -1.3200334310531616
v 1.4406206607818604 7.042936325073242 -1.8282443284988403
v 1.3490910530090332 7.063867568969727 -1.7159801721572876
v 1.1957666873931885 7.339776992797852 -1.8237563371658325
v 1.3075933456420898 7.3480095863342285 -1.974244236946106
v 1.5458160638809204 7.053455352783203 -1.828550934791565
v 1.14823317527771 7.433663845062256 -1.8474878072738647
v 1.4327976703643799 7.38064432144165 -1.955053448677063
v 1.6665229797363281 7.124635696411133 -1.7283302545547485
v 1.2454907894134521 7.447229862213135 -1.9741443395614624
v 1.1659934520721436 7.5077104568481445 -1.8652297258377075
v 1.237821340560913 7.525151252746582 -1.9309803247451782
v 1.4950346946716309 7.444712162017822 -1.838464379310608
v 1.611743688583374 7.188689708709717 -1.6201242208480835
v 1.3038640022277832 7.487630844116211 -1.9623745679855347
v 1.455132007598877 7.469796180725098 -1.7533987760543823
v 1.4475398063659668 7.159167766571045 -1.5536471605300903
v 1.350398063659668 7.531357288360596 -1.9011150598526
v 1.2676713466644287 7.558907985687256 -1.8855153322219849
v 1.3577594757080078 7.448704719543457 -1.694736123085022
v 1.3496100902557373 7.100558757781982 -1.6266852617263794
v 1.335770606994629 7.5568013191223145 -1.8309465646743774
v 1.2009174823760986 7.5428972244262695 -1.8145676851272583
v 1.1659934520721436 7.5077104568481445 -1.8652297258377075
v 1.14823317527771 7.433663845062256 -1.8474878072738647
v 1.2836246490478516 7.535279273986816 -1.7531741857528687
v 1.1768724918365479 7.475255489349365 -1.7537142038345337
v 1.1957666873931885 7.339776992797852 -1.8237563371658325
v 1.3490910530090332 7.063867568969727 -1.7159801721572876
v 1.228710412979126 7.383067607879639 -1.718608021736145
v -1.31862473487854 6.981021881103516 -1.3750046491622925
v -1.417823076248169 6.935067176818848 -1.4277278184890747
v -1.3933169841766357 6.984044075012207 -1.4937936067581177
v -1.2768771648406982 7.024266719818115 -1.4650388956069946
v -1.3893768787384033 7.006556510925293 -1.5075186491012573
v -1.209489107131958 7.103730201721191 -1.3200336694717407
v -1.2766368389129639 7.0501580238342285 -1.4875291585922241
v -1.1912295818328857 7.07852840423584 -1.4226781129837036
v -1.1956312656402588 7.121967792510986 -1.4369384050369263
v -1.2232511043548584 7.170774936676025 -1.3440591096878052
v -1.2928688526153564 7.107998371124268 -1.511264443397522
v -1.39028000831604 7.068122863769531 -1.5333210229873657
v -1.4604742527008057 7.157411098480225 -1.515189290046692
v -1.2287194728851318 7.1586713790893555 -1.4683336019515991
v -1.282663106918335 7.219733238220215 -1.395556092262268
v -1.3950855731964111 7.1981940269470215 -1.4783927202224731
v -1.506469964981079 7.202542304992676 -1.3898366689682007
v -1.5991342067718506 7.145400047302246 -1.4660907983779907
v -1.686377763748169 7.08439302444458 -1.4004937410354614
v -1.3437459468841553 7.221796035766602 -1.3296841382980347
v -1.5383093357086182 7.17684268951416 -1.3471413850784302
v -1.6764590740203857 7.054489612579346 -1.3366085290908813
v -1.3665134906768799 7.209417343139648 -1.3086639642715454
v -1.5309765338897705 7.139228343963623 -1.2947884798049927
v -1.58681321144104 7.015500545501709 -1.2733403444290161
v -1.2946760654449463 7.191621780395508 -1.2940043210983276
v -1.4968016147613525 7.089365482330322 -1.2602875232696533
v -1.5148894786834717 6.945638656616211 -1.2912541627883911
v -1.38370680809021 7.191560745239258 -1.2875529527664185
v -1.3321759700775146 7.182303428649902 -1.2801984548568726
v -1.3683688640594482 7.167351245880127 -1.2685250043869019
v -1.4411489963531494 7.026445388793945 -1.260638952255249
v -1.477158784866333 6.913790702819824 -1.3355947732925415
v -1.3126285076141357 7.149606704711914 -1.2640868425369263
v -1.3959410190582275 6.990741729736328 -1.2898675203323364
v -1.417823076248169 6.935067176818848 -1.4277278184890747
v -1.31862473487854 6.981021881103516 -1.3750046491622925
v -1.272975206375122 7.130631446838379 -1.2681758403778076
v -1.209489107131958 7.103730201721191 -1.3200336694717407
v -1.2193882465362549 7.339777946472168 -1.8237565755844116
v -1.3727128505706787 7.063867568969727 -1.715980887413025
v -1.4642417430877686 7.042937755584717 -1.8282448053359985
v -1.3312156200408936 7.348011016845703 -1.9742447137832642
v -1.5694382190704346 7.0534563064575195 -1.8285514116287231
v -1.1718547344207764 7.4336652755737305 -1.847488522529602
v -1.4564182758331299 7.3806471824646 -1.9550539255142212
v -1.6901443004608154 7.124635219573975 -1.7283307313919067
v -1.2691123485565186 7.447229862213135 -1.9741445779800415
v -1.2614428997039795 7.525152206420898 -1.9309803247451782
v -1.1896145343780518 7.507711410522461 -1.8652302026748657
v -1.5186564922332764 7.444713592529297 -1.838464379310608
v -1.635364294052124 7.188690662384033 -1.6201244592666626
v -1.3274857997894287 7.4876322746276855 -1.962375283241272
v -1.4787542819976807 7.469796657562256 -1.7533990144729614
v -1.471161127090454 7.159168720245361 -1.5536471605300903
v -1.3740198612213135 7.531358242034912 -1.9011155366897583
v -1.2912933826446533 7.558907985687256 -1.8855160474777222
v -1.3813812732696533 7.448705196380615 -1.6947358846664429
v -1.3732311725616455 7.100558757781982 -1.6266859769821167
v -1.3593924045562744 7.556802749633789 -1.8309470415115356
v -1.224539041519165 7.5428972244262695 -1.8145681619644165
v -1.1896145343780518 7.507711410522461 -1.8652302026748657
v -1.1718547344207764 7.4336652755737305 -1.847488522529602
v -1.307246446609497 7.535279750823975 -1.7531741857528687
v -1.2004945278167725 7.475255966186523 -1.753714680671692
v -1.2193882465362549 7.339777946472168 -1.8237565755844116
v -1.3727128505706787 7.063867568969727 -1.715980887413025
v -1.2523329257965088 7.383067607879639 -1.7186084985733032
v -1.3549911975860596 6.5846099853515625 -1.3571242094039917
v -1.3551452159881592 6.448788166046143 -1.419765591621399
v -1.521155595779419 6.474554538726807 -1.521234154701233
v -1.5316689014434814 6.6239094734191895 -1.4600988626480103
v -1.7725636959075928 6.50346040725708 -1.568538784980774
v -1.3906457424163818 6.71787691116333 -1.2915507555007935
v -1.7944180965423584 6.646566390991211 -1.5129083395004272
v -1.5568101406097412 6.764854907989502 -1.3816567659378052
v -1.4382359981536865 6.808126926422119 -1.2444850206375122
v -1.804527997970581 6.779672145843506 -1.4393011331558228
v -1.58717942237854 6.873161792755127 -1.2957159280776978
v -1.8097741603851318 6.872942924499512 -1.3685106039047241
v -1.2615201473236084 6.458715438842773 -0.9904319047927856
v -1.3549911975860596 6.5846099853515625 -1.3571242094039917
v -1.3906457424163818 6.71787691116333 -1.2915507555007935
v -1.3187406063079834 6.638715744018555 -0.9286079406738281
v -1.4382359981536865 6.808126926422119 -1.2444850206375122
v -1.2825677394866943 6.25192928314209 -0.3469785451889038
v -1.0475728511810303 6.335838794708252 -0.11953151226043701
v -1.0115535259246826 6.229690074920654 -0.17379939556121826
v -1.328927755355835 6.395633220672607 -0.2823833227157593
v -1.0944335460662842 6.399710655212402 -0.06667888164520264
v -1.4207746982574463 6.507114887237549 -0.21803200244903564
v -1.203338861465454 6.304820537567139 0.1927255392074585
v -1.4331233501434326 6.79525899887085 -0.9107656478881836
v -1.678534746170044 6.927703857421875 -0.9711644649505615
v -1.58717942237854 6.873161792755127 -1.2957159280776978
v -1.8613064289093018 6.677655220031738 -0.4172934293746948
v -1.5598175525665283 6.357714653015137 0.13211357593536377
v -1.1584584712982178 6.21730899810791 0.18252980709075928
v -1.9147207736968994 6.398983478546143 -0.031783223152160645
v -1.6125118732452393 6.149919509887695 0.21963465213775635
v -1.1276085376739502 6.102171897888184 0.15133559703826904
v -1.9301550388336182 6.172970294952393 0.058733582496643066
v -2.140719175338745 6.399180889129639 -0.23160135746002197
v -1.6053521633148193 6.02256965637207 0.18640077114105225
v -1.119901418685913 5.990789890289307 0.09994637966156006
v -1.9274070262908936 6.044177055358887 0.018764138221740723
v -2.1979782581329346 6.285086154937744 -0.3146630525588989
v -2.192059278488159 6.671559810638428 -0.6467087268829346
v -2.2081263065338135 6.156157493591309 -0.3806382417678833
v -1.9871447086334229 6.905231952667236 -1.139042854309082
v -1.8097741603851318 6.872942924499512 -1.3685106039047241
v -2.3320624828338623 6.513205051422119 -0.8318023681640625
v -2.114117383956909 6.731980800628662 -1.2924453020095825
v -1.804527997970581 6.779672145843506 -1.4393011331558228
v -2.34615159034729 6.3452582359313965 -0.9301910400390625
v -2.120056390762329 6.558802127838135 -1.3824745416641235
v -1.7944180965423584 6.646566390991211 -1.5129083395004272
v -2.1923844814300537 6.029959201812744 -0.4456421136856079
v -2.0722925662994385 6.378743648529053 -1.4494489431381226
v -1.7725636959075928 6.50346040725708 -1.568538784980774
v -2.304941415786743 6.169670581817627 -0.9928948879241943
v -1.9032843112945557 6.168501853942871 -1.477840542793274
v -2.1392385959625244 5.970005035400391 -0.981513500213623
v -2.1253812313079834 5.912407875061035 -0.47815144062042236
v -1.8783161640167236 5.833844184875488 -0.3027461767196655
v -1.9169695377349854 5.930288314819336 -0.058673739433288574
v -1.7865760326385498 5.88109016418457 -0.7899445295333862
v -1.5837476253509521 5.910400390625 0.11822617053985596
v -1.1373918056488037 5.909547805786133 0.04643857479095459
v -1.4948513507843018 5.83085823059082 -0.09080517292022705
v -1.0321385860443115 6.02170991897583 -0.20855605602264404
v -1.347937822341919 5.963663578033447 -0.4481550455093384
v -1.0101120471954346 6.110753536224365 -0.2034679651260376
v -1.5738003253936768 6.069880485534668 -1.372761845588684
v -1.7533233165740967 6.386781215667725 -1.5963479280471802
v -1.521155595779419 6.474554538726807 -1.521234154701233
v -1.5216357707977295 6.339734077453613 -1.551247000694275
v -1.3551452159881592 6.448788166046143 -1.419765591621399
v -1.3461687564849854 6.149351119995117 -1.206657886505127
v -1.378997564315796 6.353513240814209 -1.4611364603042603
v -1.2692086696624756 6.285479545593262 -1.0878256559371948
v -1.3549911975860596 6.5846099853515625 -1.3571242094039917
v -1.2615201473236084 6.458715438842773 -0.9904319047927856
v -1.2872474193572998 6.100101947784424 -0.4053882360458374
v -1.2825677394866943 6.25192928314209 -0.3469785451889038
v -1.0115535259246826 6.229690074920654 -0.17379939556121826
v 1.4975526332855225 6.474553108215332 -1.5212334394454956
v 1.3315424919128418 6.448786735534668 -1.419765591621399
v 1.3313884735107422 6.584609031677246 -1.3571234941482544
v 1.5080664157867432 6.6239094734191895 -1.460098385810852
v 1.7489609718322754 6.503459930419922 -1.568538784980774
v 1.3670432567596436 6.717875957489014 -1.2915507555007935
v 1.7708148956298828 6.646566867828369 -1.5129081010818481
v 1.5332074165344238 6.764854431152344 -1.381656289100647
v 1.4146339893341064 6.808126926422119 -1.2444846630096436
v 1.7809250354766846 6.7796711921691895 -1.4393006563186646
v 1.5635758638381958 6.8731608390808105 -1.2957159280776978
v 1.7861723899841309 6.872941970825195 -1.368510127067566
v 1.3670432567596436 6.717875957489014 -1.2915507555007935
v 1.3313884735107422 6.584609031677246 -1.3571234941482544
v 1.237917423248291 6.458714008331299 -0.9904314279556274
v 1.295137643814087 6.638714790344238 -0.9286075830459595
v 1.2589643001556396 6.251928806304932 -0.3469780683517456
v 1.4146339893341064 6.808126926422119 -1.2444846630096436
v 0.9879505038261414 6.229690074920654 -0.17379915714263916
v 1.023970127105713 6.335837364196777 -0.11953079700469971
v 1.3053247928619385 6.395633220672607 -0.2823830842971802
v 1.0708305835723877 6.399710655212402 -0.06667840480804443
v 1.3971714973449707 6.507115364074707 -0.21803176403045654
v 1.1797358989715576 6.3048200607299805 0.1927260160446167
v 1.4095211029052734 6.79525899887085 -0.9107652902603149
v 1.6549326181411743 6.927702903747559 -0.9711642265319824
v 1.5635758638381958 6.8731608390808105 -1.2957159280776978
v 1.8377033472061157 6.67765474319458 -0.4172929525375366
v 1.5362149477005005 6.3577141761779785 0.13211429119110107
v 1.1348555088043213 6.21730899810791 0.18253052234649658
v 1.891118049621582 6.398982524871826 -0.03178274631500244
v 1.5889090299606323 6.149919033050537 0.21963512897491455
v 1.104006052017212 6.102170944213867 0.15133655071258545
v 1.9065523147583008 6.172970294952393 0.05873405933380127
v 2.1171162128448486 6.399181365966797 -0.23160088062286377
v 2.1684553623199463 6.671560764312744 -0.6467078924179077
v 2.174375295639038 6.2850871086120605 -0.3146625757217407
v 1.9038035869598389 6.044178485870361 0.01876509189605713
v 1.5817490816116333 6.02256965637207 0.18640172481536865
v 1.0962984561920166 5.990790367126465 0.09994685649871826
v 2.1845240592956543 6.156157493591309 -0.3806372880935669
v 1.5601447820663452 5.910400867462158 0.11822688579559326
v 1.1137893199920654 5.909547805786133 0.046439290046691895
v 1.8933666944503784 5.930288314819336 -0.05867302417755127
v 1.4712486267089844 5.8308587074279785 -0.09080421924591064
v 1.0085358619689941 6.02170991897583 -0.20855581760406494
v 2.1687819957733154 6.029959201812744 -0.4456413984298706
v 1.324333906173706 5.963663578033447 -0.4481543302536011
v 0.9865087866783142 6.110753536224365 -0.2034679651260376
v 1.854714035987854 5.83384370803833 -0.3027456998825073
v 1.7629729509353638 5.881089687347412 -0.7899435758590698
v 1.2636444568634033 6.100101947784424 -0.4053877592086792
v 0.9879505038261414 6.229690074920654 -0.17379915714263916
v 1.2589643001556396 6.251928806304932 -0.3469780683517456
v 1.237917423248291 6.458714008331299 -0.9904314279556274
v 1.2456059455871582 6.285479545593262 -1.0878251791000366
v 1.3313884735107422 6.584609031677246 -1.3571234941482544
v 1.3315424919128418 6.448786735534668 -1.419765591621399
v 1.322566270828247 6.149350166320801 -1.2066575288772583
v 1.3553953170776367 6.353511810302734 -1.4611364603042603
v 1.498032808303833 6.339734077453613 -1.5512462854385376
v 1.4975526332855225 6.474553108215332 -1.5212334394454956
v 1.5501986742019653 6.069880485534668 -1.3727613687515259
v 1.7297205924987793 6.386780261993408 -1.5963472127914429
v 1.7489609718322754 6.503459930419922 -1.568538784980774
v 1.8796815872192383 6.168501377105713 -1.4778400659561157
v 2.0486903190612793 6.378743648529053 -1.4494482278823853
v 1.7708148956298828 6.646566867828369 -1.5129081010818481
v 2.1156368255615234 5.970004558563232 -0.9815127849578857
v 2.09645414352417 6.558801651000977 -1.3824740648269653
v 1.7809250354766846 6.7796711921691895 -1.4393006563186646
v 2.101778268814087 5.912406921386719 -0.47815072536468506
v 2.281339168548584 6.169670104980469 -0.9928942918777466
v 2.3225488662719727 6.3452582359313965 -0.9301904439926147
v 2.0905144214630127 6.7319793701171875 -1.2924448251724243
v 1.7861723899841309 6.872941970825195 -1.368510127067566
v 2.308459758758545 6.5132060050964355 -0.8318020105361938
v 1.963542103767395 6.905231475830078 -1.1390422582626343
v 1.3317346572875977 6.902087211608887 -1.53687584400177
v 1.3696956634521484 6.984044551849365 -1.4937936067581177
v 1.3344058990478516 6.934946537017822 -1.5450822114944458
v 1.2981748580932617 6.846318244934082 -1.5746217966079712
v 1.3038642406463623 6.8261189460754395 -1.5620685815811157
v 1.3163769245147705 6.891694068908691 -1.5567268133163452
v 1.3045947551727295 6.90185022354126 -1.5568181276321411
v 1.2833170890808105 6.845758438110352 -1.5866154432296753
v -1.3933169841766357 6.984044075012207 -1.4937936067581177
v -1.355355978012085 6.902087688446045 -1.5368763208389282
v -1.358027696609497 6.934947967529297 -1.545082688331604
v -1.3274853229522705 6.826119899749756 -1.5620688199996948
v -1.3217966556549072 6.846317768096924 -1.5746222734451294
v -1.339998483657837 6.891695499420166 -1.5567275285720825
v -1.3282158374786377 6.901851177215576 -1.5568181276321411
v -1.3069393634796143 6.845760345458984 -1.5866159200668335
v 1.2478547096252441 6.632150650024414 -1.6412135362625122
v 1.2525062561035156 6.715684413909912 -1.6454936265945435
v 1.233400821685791 6.711309432983398 -1.6330982446670532
v 1.2264618873596191 6.638106822967529 -1.6393486261367798
v 1.1281378269195557 6.6589789390563965 -1.5367661714553833
v 1.1473491191864014 6.719437599182129 -1.5428324937820435
v 1.2022054195404053 6.582705020904541 -1.6690410375595093
v 1.2252507209777832 6.570385932922363 -1.6825793981552124
v 1.1025550365447998 6.61743688583374 -1.5508090257644653
v 0.9790322184562683 6.68842077255249 -1.5392671823501587
v 0.9872397780418396 6.738289833068848 -1.5454362630844116
v 0.9798011183738708 6.657240867614746 -1.5427824258804321
v 1.039520263671875 6.584200859069824 -1.6182760000228882
v 1.1603808403015137 6.548124313354492 -1.7569996118545532
v 1.2087209224700928 6.530218124389648 -1.7825461626052856
v 1.0028088092803955 6.602089881896973 -1.6815320253372192
v 1.1571705341339111 6.556616306304932 -1.8375173807144165
v 1.2422809600830078 6.53298807144165 -1.8622888326644897
v 0.9845969080924988 6.665319442749023 -1.7311044931411743
v 1.1689534187316895 6.626444339752197 -1.9070454835891724
v 1.3012118339538574 6.561500072479248 -1.9099045991897583
v 1.0156481266021729 6.750920295715332 -1.7554670572280884
v 1.0347919464111328 6.800108432769775 -1.569318413734436
v 1.2223680019378662 6.7046380043029785 -1.9301141500473022
v 1.3799209594726562 6.621546745300293 -1.934848427772522
v 1.2598485946655273 6.767096519470215 -1.9072219133377075
v 1.4168636798858643 6.678040027618408 -1.9346286058425903
v 1.0871496200561523 6.8164496421813965 -1.7485400438308716
v 1.2842786312103271 6.781935214996338 -1.8918763399124146
v 1.436295747756958 6.71490478515625 -1.9266616106033325
v 1.4549014568328857 6.752413749694824 -1.9129372835159302
v 1.3086888790130615 6.803083896636963 -1.8350259065628052
v 1.1201322078704834 6.826785564422607 -1.7405227422714233
v 1.1683285236358643 6.8336358070373535 -1.7229076623916626
v 1.0741944313049316 6.816555976867676 -1.5912493467330933
v 1.1643788814544678 6.812765121459961 -1.6394609212875366
v 0.9872397780418396 6.738289833068848 -1.5454362630844116
v 1.1473491191864014 6.719437599182129 -1.5428324937820435
v 1.1627354621887207 6.789865970611572 -1.6018491983413696
v 1.2241554260253906 6.80327844619751 -1.6846786737442017
v 1.155402421951294 6.754919528961182 -1.5624464750289917
v 1.233400821685791 6.711309432983398 -1.6330982446670532
v 1.2268080711364746 6.7792277336120605 -1.6672621965408325
v 1.2331507205963135 6.800893783569336 -1.6808723211288452
v 1.2307286262512207 6.7519145011901855 -1.646445393562317
v 1.2525062561035156 6.715684413909912 -1.6454936265945435
v 1.2407433986663818 6.776909351348877 -1.673120141029358
v 1.245182752609253 6.755363464355469 -1.659993290901184
v 1.2742257118225098 6.767219543457031 -1.6105073690414429
v 1.2628469467163086 6.7783002853393555 -1.6335335969924927
v 1.2495462894439697 6.81166934967041 -1.6366561651229858
v 1.3038642406463623 6.8261189460754395 -1.5620685815811157
v 1.2618281841278076 6.821529388427734 -1.615547776222229
v 1.2816834449768066 6.8187127113342285 -1.5987004041671753
v 1.2981748580932617 6.846318244934082 -1.5746217966079712
v 1.2833170890808105 6.845758438110352 -1.5866154432296753
v -1.2570226192474365 6.711311340332031 -1.6330982446670532
v -1.276127576828003 6.7156853675842285 -1.6454938650131226
v -1.2714760303497314 6.632150650024414 -1.6412137746810913
v -1.2500836849212646 6.638108253479004 -1.6393488645553589
v -1.2258265018463135 6.582706451416016 -1.6690412759780884
v -1.2488720417022705 6.5703864097595215 -1.6825796365737915
v -1.1517598628997803 6.658980369567871 -1.5367661714553833
v -1.170971155166626 6.719437599182129 -1.5428324937820435
v -1.1261765956878662 6.617437839508057 -1.5508092641830444
v -1.1840026378631592 6.548123359680176 -1.7570003271102905
v -1.2323424816131592 6.530218601226807 -1.7825466394424438
v -1.0631420612335205 6.584200859069824 -1.6182762384414673
v -1.0034229755401611 6.657242298126221 -1.5427824258804321
v -1.0026538372039795 6.688422203063965 -1.5392671823501587
v -1.0108611583709717 6.738289833068848 -1.5454362630844116
v -1.026430368423462 6.6020894050598145 -1.6815325021743774
v -1.00821852684021 6.665320873260498 -1.7311047315597534
v -1.1807920932769775 6.556617736816406 -1.8375178575515747
v -1.265901803970337 6.532989501953125 -1.862289309501648
v -1.1925747394561768 6.62644624710083 -1.9070459604263306
v -1.3248331546783447 6.561500072479248 -1.9099053144454956
v -1.0392696857452393 6.750921249389648 -1.7554672956466675
v -1.0584132671356201 6.80010986328125 -1.569318413734436
v -1.2459895610809326 6.704638957977295 -1.9301143884658813
v -1.4035427570343018 6.621548175811768 -1.9348489046096802
v -1.2834703922271729 6.767098903656006 -1.9072226285934448
v -1.4404847621917725 6.678040981292725 -1.9346293210983276
v -1.1107714176177979 6.816451549530029 -1.7485400438308716
v -1.3078997135162354 6.781935691833496 -1.8918765783309937
v -1.4599168300628662 6.714907169342041 -1.9266620874404907
v -1.478522539138794 6.752414703369141 -1.9129372835159302
v -1.332310438156128 6.8030853271484375 -1.8350263833999634
v -1.143754243850708 6.826786518096924 -1.7405229806900024
v -1.1919505596160889 6.8336358070373535 -1.7229079008102417
v -1.0978162288665771 6.81655740737915 -1.5912495851516724
v -1.1880004405975342 6.812765121459961 -1.6394613981246948
v -1.170971155166626 6.719437599182129 -1.5428324937820435
v -1.0108611583709717 6.738289833068848 -1.5454362630844116
v -1.186356782913208 6.7898664474487305 -1.6018496751785278
v -1.247776746749878 6.803280353546143 -1.6846791505813599
v -1.1790244579315186 6.754920959472656 -1.5624467134475708
v -1.2570226192474365 6.711311340332031 -1.6330982446670532
v -1.2504289150238037 6.779228687286377 -1.6672624349594116
v -1.2567722797393799 6.8008952140808105 -1.6808727979660034
v -1.2543504238128662 6.751917362213135 -1.646445393562317
v -1.276127576828003 6.7156853675842285 -1.6454938650131226
v -1.26436448097229 6.77691125869751 -1.6731206178665161
v -1.2688047885894775 6.755363464355469 -1.659993290901184
v -1.2978475093841553 6.767220497131348 -1.610507607460022
v -1.286468744277954 6.778301239013672 -1.6335335969924927
v -1.273167371749878 6.811670303344727 -1.636656641960144
v -1.3274853229522705 6.826119899749756 -1.5620688199996948
v -1.2854492664337158 6.821529865264893 -1.615548014640808
v -1.305304765701294 6.818714618682861 -1.5987006425857544
v -1.3217966556549072 6.846317768096924 -1.5746222734451294
v -1.3069393634796143 6.845760345458984 -1.5866159200668335
v -0.42644622921943665 9.5347900390625 -1.2855488061904907
v -0.36203697323799133 9.64775276184082 -1.1053093671798706
v -0.012839825823903084 9.682524681091309 -1.1106752157211304
v -0.7604072690010071 9.525107383728027 -1.0863910913467407
v -0.012540610507130623 9.52249813079834 -1.362604022026062
v 0.3089620769023895 9.653172492980957 -1.1061463356018066
v -0.5327947735786438 9.276192665100098 -1.5002156496047974
v 0.3751969039440155 9.543045997619629 -1.2843626737594604
v 0.7091013789176941 9.536625862121582 -1.0881677865982056
v -0.012074025347828865 9.260547637939453 -1.5982881784439087
v 0.4875042140483856 9.286698341369629 -1.4987093210220337
v -0.9663203358650208 9.331250190734863 -1.2194209098815918
v -1.0655381679534912 9.355025291442871 -1.06015145778656
v -1.188993215560913 8.893399238586426 -1.3597825765609741
v -1.437009572982788 8.958316802978516 -0.9989515542984009
v -0.6509073376655579 8.825058937072754 -1.7083145380020142
v -1.3326590061187744 8.254016876220703 -1.379214882850647
v -1.619927167892456 8.342412948608398 -0.9039344787597656
v -1.507295846939087 7.7465620040893555 -0.8120104074478149
v -0.01130727119743824 8.805641174316406 -1.8300448656082153
v -1.2758047580718994 7.633841514587402 -1.1975090503692627
v -0.9712470173835754 7.1289448738098145 -0.7145776748657227
v -0.7254741787910461 8.176899909973145 -1.7725082635879517
v -0.6919429898262024 7.559689998626709 -1.5756880044937134
v -0.555436909198761 7.067391872406006 -1.1478222608566284
v -0.3993249237537384 6.859452724456787 -0.7006393671035767
v -0.009342225268483162 7.538618087768555 -1.7077745199203491
v -0.00867966003715992 7.050372123718262 -1.2545195817947388
v -0.008395226672291756 6.83662748336792 -0.699042558670044
v -0.010264666751027107 8.154986381530762 -1.909871220588684
v 0.6821824908256531 7.57383918762207 -1.5736554861068726
v 0.5545658469200134 7.078823089599609 -1.1461795568466187
v 0.40231749415397644 6.867707252502441 -0.6994531154632568
v 0.9677042365074158 7.15148401260376 -0.7146514654159546
v 1.2632567882537842 7.6599860191345215 -1.193750023841858
v 1.486337423324585 7.776407718658447 -0.816615104675293
v 0.7035755515098572 8.191614151000977 -1.770394206047058
v 1.307878017425537 8.281204223632812 -1.3753029108047485
v 1.5866591930389404 8.374058723449707 -0.9088141918182373
v 1.392103672027588 8.985668182373047 -1.003169059753418
v 0.6154956221580505 8.838098526000977 -1.7064398527145386
v 1.1510169506072998 8.917492866516113 -1.356317400932312
v 0.9189543128013611 9.350663185119629 -1.216628074645996
v 1.012136459350586 9.375112533569336 -1.063250184059143
v -0.2480926811695099 6.436972141265869 -1.3469260931015015
v -0.12209036946296692 6.384190559387207 -0.7170157432556152
v -0.4257796108722687 6.392552375793457 -0.6345758438110352
v 0.10498425364494324 6.384189605712891 -0.7170157432556152
v -0.9518244862556458 6.504759311676025 -1.4283066987991333
v -0.6186602711677551 6.600844860076904 -0.5101579427719116
v 0.2309868037700653 6.4369730949401855 -1.3469260931015015
v 0.408673495054245 6.392552375793457 -0.6345757246017456
v -0.24813106656074524 6.658791542053223 -1.353958249092102
v -1.3191144466400146 6.673369407653809 -1.1674391031265259
v -0.7770398259162903 6.4010419845581055 -0.28392302989959717
v 0.9347185492515564 6.504758834838867 -1.4283064603805542
v 0.6015545725822449 6.600844860076904 -0.5101581811904907
v -1.6604678630828857 6.566501140594482 -0.6515028476715088
v -0.8270910382270813 6.67883825302124 -0.04021871089935303
v -0.9518054127693176 6.722789764404297 -1.4340931177139282
v -1.319124460220337 6.892707347869873 -1.1746629476547241
v -1.7692182064056396 6.762391090393066 -0.05929720401763916
v -0.7770398259162903 6.449850559234619 0.23107850551605225
v -1.660313367843628 6.786025524139404 -0.658570408821106
v -0.368102103471756 6.845563888549805 -0.5590229034423828
v -0.10639503598213196 6.839571952819824 -0.6322178840637207
v -0.534318745136261 7.027428150177002 -0.45595109462738037
v 0.08928915858268738 6.839571475982666 -0.6322178840637207
v -0.6708033680915833 6.853170394897461 -0.25773894786834717
v 0.23102518916130066 6.658792972564697 -1.353958249092102
v 0.3509957492351532 6.845564365386963 -0.5590229034423828
v 0.9346992373466492 6.722789764404297 -1.4340931177139282
v 0.5172125697135925 7.027428150177002 -0.45595109462738037
v 1.3020193576812744 6.892707347869873 -1.174662470817566
v 0.6536979079246521 6.853171348571777 -0.25773870944976807
v 1.3020095825195312 6.673369407653809 -1.1674388647079468
v 1.6432079076766968 6.786025047302246 -0.6585701704025269
v 0.6968299746513367 7.094480037689209 -0.050510287284851074
v 1.6433614492416382 6.566501140594482 -0.651502251625061
v 0.75993412733078 6.401042461395264 -0.28392302989959717
v 1.7521898746490479 6.982057094573975 -0.06656348705291748
v 0.6536979079246521 6.896108150482178 0.1841980218887329
v 1.7521129846572876 6.762391090393066 -0.05929696559906006
v 0.8099848628044128 6.67883825302124 -0.040218234062194824
v 0.7599338889122009 6.449850559234619 0.23107898235321045
v 1.64303457736969 6.614349842071533 0.5504111051559448
v 0.6015540957450867 6.698696613311768 0.4857441186904907
v 1.642899990081787 6.834078311920166 0.5431252717971802
v 0.5172125697135925 7.111250400543213 0.40322935581207275
v 1.301893711090088 6.790701866149902 1.1102358102798462
v 0.8840042948722839 6.6758270263671875 1.4563051462173462
v 0.4086732566356659 6.516638278961182 0.6506189107894897
v 1.3019804954528809 7.010339260101318 1.1030648946762085
v 0.2336578071117401 6.752893924713135 1.678712010383606
v 0.8839659094810486 6.895495891571045 1.4489928483963013
v 0.3509957492351532 6.954300880432129 0.5453161001205444
v 0.10498377680778503 6.6228485107421875 0.7528423070907593
v 0.2336578071117401 6.972500801086426 1.6714955568313599
v 0.08928868174552917 7.045827865600586 0.6334081888198853
v -0.10639503598213196 7.045827865600586 0.6334084272384644
v -0.250764399766922 6.972501277923584 1.671496033668518
v -0.368102103471756 6.954300403594971 0.5453158617019653
v -0.250764399766922 6.752893924713135 1.6787124872207642
v -0.12209036946296692 6.622847080230713 0.7528423070907593
v -0.9010723233222961 6.895495891571045 1.4489928483963013
v -0.534318745136261 7.111250400543213 0.40322935581207275
v -0.9011109471321106 6.6758270263671875 1.456304669380188
v -0.4257798492908478 6.516637802124023 0.6506186723709106
v -1.3190867900848389 7.010339260101318 1.1030644178390503
v -1.319000005722046 6.790701866149902 1.1102358102798462
v -0.6186602711677551 6.698696613311768 0.4857441186904907
v -1.6600062847137451 6.834079265594482 0.5431250333786011
v -0.6708043217658997 6.896108150482178 0.1841980218887329
v -1.6601407527923584 6.61435079574585 0.5504108667373657
v -1.7692959308624268 6.982057094573975 -0.06656372547149658
v -0.7139356732368469 7.094480037689209 -0.050510287284851074
v -0.1876523792743683 6.30822229385376 -1.4073606729507446
v -0.008552821353077888 6.292128562927246 -1.3948842287063599
v -0.008552821353077888 6.533787250518799 -1.3948842287063599
v 0.1705469787120819 6.308221817016602 -1.4073606729507446
v -0.1876523792743683 6.517693996429443 -1.4073606729507446
v -0.43783119320869446 6.248328685760498 -1.3432174921035767
v 0.1705469787120819 6.517693519592285 -1.4073606729507446
v 0.4207253158092499 6.248327255249023 -1.3432172536849976
v -0.43783119320869446 6.57758903503418 -1.3432174921035767
v 0.4207253158092499 6.577588081359863 -1.3432172536849976
v -0.7194159626960754 6.596761226654053 -1.4225965738296509
v 0.702309787273407 6.596762180328369 -1.4225965738296509
v -0.7194164395332336 6.229154586791992 -1.4225965738296509
v 0.7023100256919861 6.229154586791992 -1.4225965738296509
v 0.38747307658195496 6.757204055786133 -1.4308122396469116
v 0.1654340922832489 6.623173236846924 -1.454163670539856
v -0.008552821353077888 6.649798393249512 -1.4517632722854614
v -0.18253996968269348 6.623174667358398 -1.454163670539856
v -0.008552821353077888 6.666409492492676 -1.5442696809768677
v 0.16456934809684753 6.638378143310547 -1.5444084405899048
v -0.1816745102405548 6.638378143310547 -1.5444084405899048
v -0.40457895398139954 6.757202625274658 -1.430812954902649
v -0.008552821353077888 6.651301383972168 -1.6495014429092407
v -0.654680073261261 6.782671928405762 -1.4602514505386353
v -0.685991108417511 6.799975872039795 -1.5443891286849976
v -0.40006211400032043 6.783155918121338 -1.5443893671035767
v -0.18265512585639954 6.623311996459961 -1.6389228105545044
v -0.654680073261261 6.782671928405762 -1.628804087638855
v -0.40457895398139954 6.757203102111816 -1.6582385301589966
v -0.7750409245491028 6.597959518432617 -1.5443891286849976
v -0.7194154858589172 6.596762180328369 -1.6664541959762573
v -0.424606591463089 6.574357509613037 -1.7329119443893433
v -0.18694141507148743 6.523608207702637 -1.6863716840744019
v -0.424606591463089 6.248152732849121 -1.7329119443893433
v -0.7194159626960754 6.229153633117676 -1.6664541959762573
v -0.7750409245491028 6.227957248687744 -1.5443891286849976
v -0.6546795964241028 6.043245315551758 -1.628804087638855
v -0.685991108417511 6.025941371917725 -1.5443891286849976
v -0.40457895398139954 6.068713188171387 -1.6582385301589966
v -0.40006163716316223 6.042759418487549 -1.5443893671035767
v -0.654680073261261 6.043245792388916 -1.4602514505386353
v -0.18265512585639954 6.202604293823242 -1.6389228105545044
v -0.40457895398139954 6.068713188171387 -1.430812954902649
v -0.43783119320869446 6.248328685760498 -1.3432174921035767
v -0.1876523792743683 6.30822229385376 -1.4073606729507446
v -0.1816745102405548 6.187538146972656 -1.5444084405899048
v -0.18253996968269348 6.202742099761963 -1.454163670539856
v -0.008552821353077888 6.292128562927246 -1.3948842287063599
v -0.008552821353077888 6.174614906311035 -1.6495014429092407
v -0.008552821353077888 6.176117897033691 -1.4517632722854614
v -0.008552821353077888 6.159507751464844 -1.5442694425582886
v 0.1654338538646698 6.202740669250488 -1.454163670539856
v 0.1705469787120819 6.308221817016602 -1.4073606729507446
v 0.16456910967826843 6.187539100646973 -1.5444084405899048
v 0.38747307658195496 6.068713188171387 -1.4308124780654907
v 0.4207253158092499 6.248327255249023 -1.3432172536849976
v 0.6375743746757507 6.043246746063232 -1.4602514505386353
v 0.6688851714134216 6.025941371917725 -1.5443888902664185
v 0.7579349875450134 6.227957248687744 -1.5443888902664185
v 0.38295623660087585 6.042759418487549 -1.5443888902664185
v 0.6375741362571716 6.043245792388916 -1.6288038492202759
v 0.16554948687553406 6.202604293823242 -1.6389228105545044
v 0.38747283816337585 6.068713665008545 -1.6582378149032593
v 0.7023100256919861 6.229153633117676 -1.6664539575576782
v 0.4075011909008026 6.248152256011963 -1.7329117059707642
v 0.16983553767204285 6.284605503082275 -1.6863716840744019
v 0.4075011909008026 6.574357032775879 -1.7329117059707642
v 0.7579349875450134 6.597959518432617 -1.5443888902664185
v 0.702309787273407 6.596761226654053 -1.6664539575576782
v 0.38747307658195496 6.757204055786133 -1.6582378149032593
v 0.6375743746757507 6.782671928405762 -1.6288038492202759
v 0.6688849329948425 6.799975395202637 -1.5443888902664185
v 0.6375743746757507 6.782671928405762 -1.4602514505386353
v 0.38295623660087585 6.783156871795654 -1.5443888902664185
v 0.16554948687553406 6.623311996459961 -1.6389228105545044
v 0.16983553767204285 6.5236077308654785 -1.6863716840744019
v -0.008552821353077888 6.543297290802002 -1.7274318933486938
v -0.008552821353077888 6.277528762817383 -1.7274318933486938
v -0.18694141507148743 6.284605503082275 -1.6863716840744019
v -0.011801274493336678 11.269803047180176 2.2836084365844727
v 0.1361987292766571 11.315592765808105 2.3686447143554688
v -0.011801274493336678 11.315592765808105 2.453686237335205
v -0.01180175133049488 11.440692901611328 2.5781898498535156
v -0.15980222821235657 11.315592765808105 2.3686447143554688
v 0.136198490858078 11.315592765808105 2.1985721588134766
v -0.15980222821235657 11.315592765808105 2.1985721588134766
v 0.24454660713672638 11.440692901611328 2.430899143218994
v -0.01180175133049488 11.315592765808105 2.113530158996582
v 0.24454660713672638 11.440692901611328 2.1363167762756348
v -0.26814964413642883 11.440692901611328 2.430899143218994
v -0.26814964413642883 11.440692901611328 2.136317729949951
v -0.011801274493336678 11.440692901611328 1.9890259504318237
v -0.01180175133049488 11.61158275604248 2.6237635612487793
v -0.3078024685382843 11.61158275604248 2.453685760498047
v -0.3078024685382843 11.61158275604248 2.113530158996582
v -0.011801274493336678 11.61158275604248 1.94345223903656
v 0.28419920802116394 11.61158275604248 2.113529682159424
v -0.011801274493336678 11.782471656799316 1.9890259504318237
v -0.26814964413642883 11.782471656799316 2.1363167762756348
v 0.28419896960258484 11.61158275604248 2.453685760498047
v 0.24454660713672638 11.782471656799316 2.1363167762756348
v -0.01180175133049488 11.907571792602539 2.113530158996582
v 0.24454660713672638 11.782471656799316 2.430899143218994
v 0.1361987292766571 11.907572746276855 2.19857120513916
v -0.15980222821235657 11.907572746276855 2.19857120513916
v 0.1361987292766571 11.907571792602539 2.3686442375183105
v -0.011801274493336678 11.953360557556152 2.2836079597473145
v -0.01180175133049488 11.782470703125 2.5781898498535156
v -0.01180175133049488 11.907571792602539 2.453685760498047
v -0.15980222821235657 11.907571792602539 2.3686437606811523
v -0.26814964413642883 11.782471656799316 2.430899143218994
v 2.0043671131134033 11.316439628601074 -1.090063214302063
v 1.8563668727874756 11.36223030090332 -1.1750996112823486
v 2.0043671131134033 11.362229347229004 -1.260141134262085
v 2.004366874694824 11.487330436706543 -1.3846453428268433
v 2.152367115020752 11.36223030090332 -1.1750997304916382
v 1.856366515159607 11.36223030090332 -1.0050263404846191
v 2.152367353439331 11.36223030090332 -1.0050264596939087
v 1.7480193376541138 11.487330436706543 -1.2373541593551636
v 2.0043673515319824 11.36223030090332 -0.9199850559234619
v 1.7480190992355347 11.487329483032227 -0.9427720308303833
v 2.2607154846191406 11.487329483032227 -1.2373539209365845
v 2.2607154846191406 11.487330436706543 -0.9427721500396729
v 2.0043673515319824 11.48733139038086 -0.7954812049865723
v 2.0043671131134033 11.658219337463379 -1.430219292640686
v 2.300367832183838 11.658218383789062 -1.2601410150527954
v 2.300367832183838 11.658218383789062 -0.9199850559234619
v 2.0043671131134033 11.658218383789062 -0.7499070167541504
v 1.7083663940429688 11.658218383789062 -0.9199849367141724
v 2.0043673515319824 11.829110145568848 -0.7954810857772827
v 2.2607154846191406 11.829109191894531 -0.9427721500396729
v 1.7083661556243896 11.658219337463379 -1.260141134262085
v 1.7480190992355347 11.829108238220215 -0.9427721500396729
v 2.0043673515319824 11.95421028137207 -0.9199850559234619
v 1.7480193376541138 11.829109191894531 -1.2373541593551636
v 1.8563666343688965 11.954209327697754 -1.0050263404846191
v 2.152367353439331 11.954209327697754 -1.0050264596939087
v 1.8563668727874756 11.954209327697754 -1.1750996112823486
v 2.0043671131134033 11.999998092651367 -1.090063214302063
v 2.0043671131134033 11.829110145568848 -1.3846453428268433
v 2.0043671131134033 11.954208374023438 -1.2601412534713745
v 2.152367115020752 11.954209327697754 -1.1750997304916382
v 2.2607154846191406 11.829108238220215 -1.2373539209365845
v -1.9902002811431885 11.316438674926758 -1.0900638103485107
v -1.9902007579803467 11.362229347229004 -1.2601416110992432
v -1.8422000408172607 11.362229347229004 -1.1751002073287964
v -1.9902002811431885 11.487329483032227 -1.3846455812454224
v -2.1382014751434326 11.36223030090332 -1.175100326538086
v -1.8422000408172607 11.362229347229004 -1.0050268173217773
v -1.7338531017303467 11.487329483032227 -1.2373545169830322
v -2.138200521469116 11.36223030090332 -1.0050270557403564
v -1.9902007579803467 11.362229347229004 -0.9199855327606201
v -2.2465484142303467 11.487329483032227 -1.2373547554016113
v -1.7338526248931885 11.487329483032227 -0.9427728652954102
v -2.246548891067505 11.487329483032227 -0.9427727460861206
v -1.9902007579803467 11.487329483032227 -0.7954820394515991
v -1.694199800491333 11.658218383789062 -1.2601416110992432
v -1.9902007579803467 11.658218383789062 -1.4302197694778442
v -2.2862017154693604 11.658218383789062 -1.2601416110992432
v -2.286201238632202 11.658218383789062 -0.9199856519699097
v -2.2465484142303467 11.829108238220215 -1.2373547554016113
v -1.9902007579803467 11.658218383789062 -0.7499076128005981
v -2.246548891067505 11.829109191894531 -0.9427727460861206
v -1.9902002811431885 11.829108238220215 -0.7954820394515991
v -1.6941993236541748 11.658218383789062 -0.9199855327606201
v -1.7338526248931885 11.829108238220215 -0.9427728652954102
v -1.9902007579803467 11.954207420349121 -0.9199855327606201
v -2.1382009983062744 11.954209327697754 -1.0050270557403564
v -1.8422000408172607 11.954209327697754 -1.0050268173217773
v -1.7338531017303467 11.829109191894531 -1.2373545169830322
v -1.9902002811431885 11.999998092651367 -1.0900638103485107
v -1.8422000408172607 11.954208374023438 -1.1751002073287964
v -1.9901998043060303 11.829109191894531 -1.3846455812454224
v -1.9902002811431885 11.954207420349121 -1.2601418495178223
v -2.1382014751434326 11.954208374023438 -1.175100326538086
v -3.203997850418091 8.536218643188477 -0.7620539665222168
v -3.2039973735809326 8.58200740814209 -0.9321320056915283
v -3.0559966564178467 8.58200740814209 -0.8470903635025024
v -3.2039973735809326 8.707108497619629 -1.0566356182098389
v -3.3519976139068604 8.58200740814209 -0.847090482711792
v -3.0559957027435303 8.582008361816406 -0.677017331123352
v -2.9476492404937744 8.707107543945312 -0.9093449115753174
v -3.351997137069702 8.582008361816406 -0.677017331123352
v -3.2039973735809326 8.582006454467773 -0.5919759273529053
v -3.4603450298309326 8.707107543945312 -0.9093447923660278
v -2.9476492404937744 8.707108497619629 -0.6147627830505371
v -3.4603450298309326 8.707108497619629 -0.6147627830505371
v -3.2039973735809326 8.707106590270996 -0.4674719572067261
v -2.9079973697662354 8.877997398376465 -0.9321318864822388
v -3.2039968967437744 8.877995491027832 -1.1022096872329712
v -3.49999737739563 8.877995491027832 -0.9321317672729492
v -3.4999983310699463 8.877996444702148 -0.5919759273529053
v -3.4603450298309326 9.0488862991333 -0.9093447923660278
v -3.2039973735809326 8.877997398376465 -0.4218977689743042
v -3.4603450298309326 9.048887252807617 -0.6147627830505371
v -3.2039973735809326 9.0488862991333 -0.4674719572067261
v -2.907996416091919 8.877995491027832 -0.5919756889343262
v -2.9476497173309326 9.048887252807617 -0.6147627830505371
v -3.2039973735809326 9.17398738861084 -0.5919756889343262
v -3.351997137069702 9.17398738861084 -0.677017331123352
v -3.0559966564178467 9.173986434936523 -0.677017331123352
v -2.9476497173309326 9.048887252807617 -0.9093449115753174
v -3.2039973735809326 9.219776153564453 -0.7620536088943481
v -3.0559966564178467 9.173986434936523 -0.8470903635025024
v -3.2039973735809326 9.0488862991333 -1.0566357374191284
v -3.2039973735809326 9.17398738861084 -0.9321320056915283
v -3.3519976139068604 9.17398738861084 -0.8470903635025024
v 3.2039976119995117 8.536218643188477 -0.7620539665222168
v 3.055997133255005 8.582006454467773 -0.8470903635025024
v 3.2039976119995117 8.58200740814209 -0.9321318864822388
v 3.203997850418091 8.707107543945312 -1.0566357374191284
v 3.3519980907440186 8.58200740814209 -0.847090482711792
v 3.055997133255005 8.582008361816406 -0.677017092704773
v 3.3519980907440186 8.582006454467773 -0.6770174503326416
v 2.9476497173309326 8.707106590270996 -0.9093449115753174
v 3.2039976119995117 8.58200740814209 -0.5919756889343262
v 2.9476497173309326 8.707107543945312 -0.6147627830505371
v 3.46034574508667 8.707106590270996 -0.9093447923660278
v 3.46034574508667 8.707107543945312 -0.6147630214691162
v 3.2039976119995117 8.707107543945312 -0.4674721956253052
v 3.203997850418091 8.877995491027832 -1.1022096872329712
v 3.4999983310699463 8.877995491027832 -0.9321317672729492
v 3.4999983310699463 8.877996444702148 -0.5919759273529053
v 3.2039976119995117 8.877997398376465 -0.4218977689743042
v 2.9079971313476562 8.877997398376465 -0.5919759273529053
v 3.2039976119995117 9.048887252807617 -0.4674719572067261
v 3.46034574508667 9.0488862991333 -0.6147627830505371
v 2.9079971313476562 8.877996444702148 -0.9321320056915283
v 2.9476497173309326 9.0488862991333 -0.6147627830505371
v 3.2039976119995117 9.173988342285156 -0.5919759273529053
v 2.9476497173309326 9.0488862991333 -0.9093449115753174
v 3.055997133255005 9.17398738861084 -0.677017331123352
v 3.3519980907440186 9.173986434936523 -0.677017331123352
v 3.055997133255005 9.173986434936523 -0.8470903635025024
v 3.2039976119995117 9.219776153564453 -0.7620538473129272
v 3.203997850418091 9.0488862991333 -1.0566357374191284
v 3.2039976119995117 9.173988342285156 -0.9321318864822388
v 3.3519980907440186 9.173986434936523 -0.847090482711792
v 3.46034574508667 9.0488862991333 -0.9093447923660278
v -0.3216455280780792 8.016345977783203 -2.075355052947998
v -0.46555235981941223 8.326410293579102 -2.075355052947998
v -0.3216457664966583 8.326409339904785 -2.3839449882507324
v -0.32164624333381653 8.326409339904785 -1.7667661905288696
v -0.3216457664966583 8.636473655700684 -2.0753555297851562
v -0.22335579991340637 8.016345024108887 -2.286125659942627
v -0.22335579991340637 8.636472702026367 -2.286126136779785
v -0.011569293215870857 8.326410293579102 -2.527162551879883
v -0.011569293215870857 7.872445106506348 -2.075355052947998
v -0.011569293215870857 8.016345977783203 -2.3839449882507324
v -0.011569293215870857 8.636473655700684 -2.3839454650878906
v 0.2985069453716278 8.326410293579102 -2.3839449882507324
v 0.20021650195121765 8.016345977783203 -2.286126136779785
v 0.20021626353263855 8.636474609375 -2.2861266136169434
v -0.01156977005302906 8.780374526977539 -2.0753560066223145
v 0.4424135386943817 8.326410293579102 -2.075355052947998
v 0.2985064685344696 8.636474609375 -2.0753555297851562
v -0.22335603833198547 8.636474609375 -1.864585041999817
v 0.20021674036979675 8.636473655700684 -1.8645845651626587
v -0.01156977005302906 8.636474609375 -1.7667657136917114
v -0.01156977005302906 8.326410293579102 -1.6235486268997192
v 0.2985062301158905 8.326411247253418 -1.7667657136917114
v -0.22335603833198547 8.016345977783203 -1.8645845651626587
v -0.011569293215870857 8.01634693145752 -1.7667652368545532
v 0.20021626353263855 8.016347885131836 -1.8645840883255005
v 0.2985067069530487 8.01634693145752 -2.075355052947998
v -1.645632028579712 3.705528497695923 1.8598920106887817
v 1.6103401184082031 3.7055280208587646 1.859845757484436
v 1.8106069564819336 3.7055299282073975 1.7961875200271606
v -1.84853196144104 3.7055277824401855 1.7886019945144653
v 1.8835692405700684 3.7055299282073975 1.5901581048965454
v -1.9131362438201904 3.705528497695923 1.5892940759658813
v -1.9132072925567627 3.70552921295166 -1.6539217233657837
v 1.8834941387176514 3.7055277824401855 -1.6502052545547485
v -1.8402469158172607 3.7055280208587646 -1.8570996522903442
v 1.8195295333862305 3.7055280208587646 -1.8495112657546997
v 1.615990400314331 3.705528497695923 -1.920803189277649
v -1.6399800777435303 3.705528497695923 -1.9207559823989868
v 1.0284385681152344 3.8889105319976807 1.7757998704910278
v -1.0573999881744385 3.8889269828796387 1.7758013010025024
v -1.057363748550415 3.8354177474975586 1.905664086341858
v 1.0284745693206787 3.8354005813598633 1.9056645631790161
v -1.0572755336761475 3.706233263015747 1.9595004320144653
v 1.0285627841949463 3.7062180042266846 1.959499478340149
v -1.0571858882904053 3.5770487785339355 1.905769944190979
v 1.028651475906372 3.5770323276519775 1.905769944190979
v -1.0571510791778564 3.5235390663146973 1.77595055103302
v 1.0286884307861328 3.5235226154327393 1.77595055103302
v -1.0573999881744385 3.8889269828796387 1.7758013010025024
v 1.0284385681152344 3.8889105319976807 1.7757998704910278
v 1.0284745693206787 3.835399866104126 1.6459819078445435
v -1.0573642253875732 3.8354177474975586 1.6459823846817017
v 1.0285632610321045 3.7062172889709473 1.5922518968582153
v -1.0572750568389893 3.706233024597168 1.5922523736953735
v 1.028651475906372 3.577033042907715 1.6460877656936646
v -1.0571863651275635 3.5770487785339355 1.6460877656936646
v 1.0286884307861328 3.5235226154327393 1.77595055103302
v -1.0571510791778564 3.5235390663146973 1.77595055103302
v -1.9155123233795166 6.640340805053711 3.5821056365966797
v -1.9155147075653076 6.4853291511535645 3.830164909362793
v -1.841468095779419 6.660065174102783 3.9388246536254883
v -1.8414685726165771 6.815074920654297 3.690767765045166
v -1.641266107559204 6.714199542999268 3.972489356994629
v -1.641197919845581 6.869364261627197 3.724527359008789
v -0.01538756676018238 6.869363784790039 3.724526882171631
v 1.6104176044464111 6.7147674560546875 3.972842216491699
v 1.6104176044464111 6.869479656219482 3.7245993614196777
v 1.884695291519165 3.87565016746521 1.8628565073013306
v 1.8846933841705322 3.7206263542175293 2.1109352111816406
v 1.810714602470398 3.5460448265075684 2.002371311187744
v 1.8107167482376099 3.701070547103882 1.7542921304702759
v 1.6103812456130981 3.4916017055511475 1.9685150384902954
v 1.6104477643966675 3.6467807292938232 1.72053062915802
v -0.015355857089161873 3.6467807292938232 1.72053062915802
v -1.6412327289581299 3.491600751876831 1.9685155153274536
v -1.6411645412445068 3.6467792987823486 1.7205296754837036
v -1.9154160022735596 3.8756492137908936 1.8628555536270142
v -1.9155123233795166 6.640340805053711 3.5821056365966797
v -1.8414685726165771 6.815074920654297 3.690767765045166
v -1.8415071964263916 3.7009153366088867 1.7541953325271606
v -1.641197919845581 6.869364261627197 3.724527359008789
v -1.6411645412445068 3.6467792987823486 1.7205296754837036
v -0.01538756676018238 6.869363784790039 3.724526882171631
v -0.015355857089161873 3.6467807292938232 1.72053062915802
v 1.6104176044464111 6.869479656219482 3.7245993614196777
v 1.6104477643966675 3.6467807292938232 1.72053062915802
v 1.810687780380249 6.8150763511657715 3.6907668113708496
v 1.8107167482376099 3.701070547103882 1.7542921304702759
v 1.884695291519165 3.87565016746521 1.8628565073013306
v 1.8846691846847534 6.640496730804443 3.5822019577026367
v 1.8834941387176514 9.430835916646174e-07 -1.6502052545547485
v 1.81952965259552 9.718391993374098e-07 -1.8495103120803833
v 1.8195295333862305 3.7055280208587646 -1.8495112657546997
v 1.8834941387176514 3.7055277824401855 -1.6502052545547485
v 1.8835692405700684 3.3359626172568824e-07 1.5901576280593872
v 1.8835692405700684 3.7055299282073975 1.5901581048965454
v 1.8106069564819336 3.7055299282073975 1.7961875200271606
v 1.8106069564819336 2.978887607696379e-07 1.7961875200271606
v -1.6399781703948975 7.685798664169852e-07 -1.9207550287246704
v -1.8402440547943115 7.483279205189319e-07 -1.8570996522903442
v -1.8402469158172607 3.7055280208587646 -1.8570996522903442
v -1.6399800777435303 3.705528497695923 -1.9207559823989868
v 1.615990400314331 9.717518878460396e-07 -1.9208022356033325
v 1.615990400314331 3.705528497695923 -1.920803189277649
v 1.8195295333862305 3.7055280208587646 -1.8495112657546997
v 1.81952965259552 9.718391993374098e-07 -1.8495103120803833
v -1.9131338596343994 1.0313281251228545e-07 1.5892950296401978
v -1.84853196144104 7.437680693556104e-08 1.7886005640029907
v -1.84853196144104 3.7055277824401855 1.7886019945144653
v -1.9131362438201904 3.705528497695923 1.5892940759658813
v -1.9132087230682373 7.126203627194627e-07 -1.6539219617843628
v -1.9132072925567627 3.70552921295166 -1.6539217233657837
v -1.8402469158172607 3.7055280208587646 -1.8570996522903442
v -1.8402440547943115 7.483279205189319e-07 -1.8570996522903442
v 1.6103401184082031 2.776367011847469e-07 1.8598452806472778
v 1.8106069564819336 2.978887607696379e-07 1.7961875200271606
v 1.8106069564819336 3.7055299282073975 1.7961875200271606
v 1.6103401184082031 3.7055280208587646 1.859845757484436
v -1.645629644393921 7.446411842693124e-08 1.8598934412002563
v -1.645632028579712 3.705528497695923 1.8598920106887817
v -1.84853196144104 3.7055277824401855 1.7886019945144653
v -1.84853196144104 7.437680693556104e-08 1.7886005640029907
v -1.915482759475708 3.7204720973968506 2.110839366912842
v -1.9155147075653076 6.4853291511535645 3.830164909362793
v -1.9155123233795166 6.640340805053711 3.5821056365966797
v -1.9154160022735596 3.8756492137908936 1.8628555536270142
v -1.841505765914917 3.5458903312683105 2.002274513244629
v -1.8415071964263916 3.7009153366088867 1.7541953325271606
v -1.6412327289581299 3.491600751876831 1.9685155153274536
v -1.6411645412445068 3.6467792987823486 1.7205296754837036
v 1.810687780380249 6.8150763511657715 3.6907668113708496
v 1.6104176044464111 6.869479656219482 3.7245993614196777
v 1.6104176044464111 6.7147674560546875 3.972842216491699
v 1.8106876611709595 6.660065174102783 3.93882417678833
v 1.8846691846847534 6.640496730804443 3.5822019577026367
v 1.884669303894043 6.4854841232299805 3.830260753631592
v 1.8846933841705322 3.7206263542175293 2.1109352111816406
v 1.884695291519165 3.87565016746521 1.8628565073013306
v -1.6399781703948975 7.685798664169852e-07 -1.9207550287246704
v 1.615990400314331 9.717518878460396e-07 -1.9208022356033325
v 1.81952965259552 9.718391993374098e-07 -1.8495103120803833
v -1.8402440547943115 7.483279205189319e-07 -1.8570996522903442
v -1.9132087230682373 7.126203627194627e-07 -1.6539219617843628
v 1.8834941387176514 9.430835916646174e-07 -1.6502052545547485
v -1.9131338596343994 1.0313281251228545e-07 1.5892950296401978
v 1.8835692405700684 3.3359626172568824e-07 1.5901576280593872
v -1.84853196144104 7.437680693556104e-08 1.7886005640029907
v 1.8106069564819336 2.978887607696379e-07 1.7961875200271606
v 1.6103401184082031 2.776367011847469e-07 1.8598452806472778
v -1.645629644393921 7.446411842693124e-08 1.8598934412002563
v 1.8106876611709595 6.660065174102783 3.93882417678833
v 1.6104176044464111 6.7147674560546875 3.972842216491699
v -1.641266107559204 6.714199542999268 3.972489356994629
v -1.841468095779419 6.660065174102783 3.9388246536254883
v -1.9155147075653076 6.4853291511535645 3.830164909362793
v 1.884669303894043 6.4854841232299805 3.830260753631592
v -1.915482759475708 3.7204720973968506 2.110839366912842
v 1.8846933841705322 3.7206263542175293 2.1109352111816406
v -1.841505765914917 3.5458903312683105 2.002274513244629
v 1.810714602470398 3.5460448265075684 2.002371311187744
v 1.6103812456130981 3.4916017055511475 1.9685150384902954
v -1.6412327289581299 3.491600751876831 1.9685155153274536
v -1.0572755336761475 3.706233263015747 1.9595004320144653
v -1.057363748550415 3.8354177474975586 1.905664086341858
v -1.0572741031646729 3.7062230110168457 1.7758756875991821
v -1.0571858882904053 3.5770487785339355 1.905769944190979
v -1.0573999881744385 3.8889269828796387 1.7758013010025024
v -1.0571510791778564 3.5235390663146973 1.77595055103302
v -1.0573642253875732 3.8354177474975586 1.6459823846817017
v -1.0571863651275635 3.5770487785339355 1.6460877656936646
v -1.0572750568389893 3.706233024597168 1.5922523736953735
v 1.0285627841949463 3.7062180042266846 1.959499478340149
v 1.0285632610321045 3.706225872039795 1.775875210762024
v 1.0284745693206787 3.8354005813598633 1.9056645631790161
v 1.028651475906372 3.5770323276519775 1.905769944190979
v 1.0284385681152344 3.8889105319976807 1.7757998704910278
v 1.0286884307861328 3.5235226154327393 1.77595055103302
v 1.0284745693206787 3.835399866104126 1.6459819078445435
v 1.028651475906372 3.577033042907715 1.6460877656936646
v 1.0285632610321045 3.7062172889709473 1.5922518968582153
v -0.011799605563282967 5.359582901000977 1.2916120290756226
v -0.011799605563282967 6.702335834503174 1.1401985883712769
v -0.23975875973701477 6.7023186683654785 1.1178511381149292
v -0.27097371220588684 5.35053014755249 1.266203761100769
v -0.458952933549881 6.7022247314453125 1.0516806840896606
v -0.5201910138130188 5.29243803024292 1.190966248512268
v -0.6609638333320618 6.701910972595215 0.9442201852798462
v -0.7498791813850403 5.213264465332031 1.0687910318374634
v -0.8380258679389954 6.701201915740967 0.7996073961257935
v -0.9511988759040833 5.158865451812744 0.9043656587600708
v -0.9833353161811829 6.700088977813721 0.6233891248703003
v -1.1164205074310303 5.132819652557373 0.7040117979049683
v -1.0912988185882568 6.6986985206604 0.42235124111175537
v -1.2391841411590576 5.112712860107422 0.4754287004470825
v -1.1578032970428467 6.69748067855835 0.20420777797698975
v -1.3147799968719482 5.093903541564941 0.22740566730499268
v -1.1802527904510498 6.697022914886475 -0.022654175758361816
v -1.3403050899505615 5.087038993835449 -0.030530095100402832
v -1.1578032970428467 6.697536945343018 -0.24951541423797607
v -1.3147804737091064 5.096323013305664 -0.28846585750579834
v -1.0912988185882568 6.698770999908447 -0.4676588773727417
v -1.2391841411590576 5.115634918212891 -0.5364935398101807
v -0.9833353161811829 6.700135707855225 -0.6686969995498657
v -1.1164205074310303 5.133415699005127 -0.7650718688964844
v -0.838024914264679 6.70121431350708 -0.8449101448059082
v -0.951198399066925 5.1576738357543945 -0.9654260873794556
v -0.5798037648200989 6.075906276702881 -1.0826939344406128
v -0.5679638981819153 6.425876140594482 -1.0591682195663452
v -0.559958279132843 6.702064514160156 -1.0432581901550293
v -0.13091114163398743 6.687874794006348 -1.1631590127944946
v -0.14038684964179993 6.428384304046631 -1.1808242797851562
v -0.1684882938861847 6.093656539916992 -1.206939935684204
v -0.21959617733955383 5.82260799407959 -1.2417157888412476
v -0.6035898327827454 5.767820358276367 -1.1144572496414185
v -0.33124998211860657 5.516690254211426 -1.2710973024368286
v -0.6539676785469055 5.454011917114258 -1.1472749710083008
v -0.6921113133430481 5.234097957611084 -1.1721235513687134
v -0.4941459000110626 5.333420753479004 -1.2516770362854004
v 0.21615883708000183 6.702319145202637 1.1178516149520874
v -0.011799605563282967 6.702335834503174 1.1401985883712769
v -0.011799605563282967 5.359582901000977 1.2916120290756226
v 0.2473737895488739 5.350530624389648 1.2662042379379272
v 0.43535372614860535 6.7022247314453125 1.0516806840896606
v 0.49659106135368347 5.29243803024292 1.190966248512268
v 0.6373643279075623 6.701910972595215 0.9442206621170044
v 0.7262796759605408 5.213264465332031 1.0687910318374634
v 0.8144263625144958 6.701201915740967 0.7996073961257935
v 0.9275986552238464 5.158865451812744 0.9043656587600708
v 0.9597358107566833 6.700088977813721 0.6233893632888794
v 1.0928208827972412 5.132819652557373 0.7040122747421265
v 1.0676994323730469 6.698697090148926 0.4223514795303345
v 1.2155842781066895 5.112712383270264 0.4754291772842407
v 1.1342034339904785 6.697479724884033 0.20420825481414795
v 1.29118013381958 5.093903541564941 0.22740566730499268
v 1.1566534042358398 6.697022914886475 -0.02265346050262451
v 1.3167052268981934 5.087039470672607 -0.03052985668182373
v 1.1342034339904785 6.697536945343018 -0.24951469898223877
v 1.2911796569824219 5.096323013305664 -0.28846585750579834
v 1.0676994323730469 6.698770999908447 -0.4676586389541626
v 1.2155845165252686 5.115635395050049 -0.5364933013916016
v 0.9597362875938416 6.700135707855225 -0.6686966419219971
v 1.0928213596343994 5.133415222167969 -0.7650716304779053
v 0.8144263625144958 6.701213359832764 -0.8449100255966187
v 0.9275993704795837 5.157672882080078 -0.9654258489608765
v 0.5562047362327576 6.075907230377197 -1.0826940536499023
v 0.5443646311759949 6.425876140594482 -1.0591682195663452
v 0.5363590121269226 6.702065467834473 -1.0432578325271606
v 0.10731169581413269 6.687874794006348 -1.1631591320037842
v 0.11678716540336609 6.428384304046631 -1.1808242797851562
v 0.14488884806632996 6.093657493591309 -1.2069398164749146
v 0.1959967315196991 5.822608470916748 -1.2417157888412476
v 0.5799903273582458 5.767820358276367 -1.114457368850708
v 0.30765053629875183 5.516690254211426 -1.2710973024368286
v 0.6303684115409851 5.454011917114258 -1.1472750902175903
v 0.6685118079185486 5.234097957611084 -1.1721234321594238
v 0.470546692609787 5.333420753479004 -1.2516767978668213
v -0.011570485308766365 9.790764808654785 -1.112386703491211
v -0.011570246890187263 9.596607208251953 -1.1744383573532104
v -0.5427363514900208 9.514925003051758 -1.1600967645645142
v -0.6112025380134583 9.698461532592773 -1.0961894989013672
v -1.0100014209747314 9.279669761657715 -1.1187916994094849
v -0.011570485308766365 10.103343963623047 -0.5541398525238037
v -1.1385257244110107 9.432682037353516 -1.0495444536209106
v -1.3571078777313232 8.919083595275879 -1.055482029914856
v -0.6894310116767883 9.998998641967773 -0.535824179649353
v -0.011570485308766365 10.17627239227295 0.2023378610610962
v -1.5299007892608643 9.025487899780273 -0.9780892133712769
v -1.5566036701202393 8.358698844909668 -0.9570909738540649
v -1.2855455875396729 9.698546409606934 -0.4831007719039917
v -0.673209011554718 10.074424743652344 0.2202085256576538
v -0.011570485308766365 9.995200157165527 0.9106014966964722
v -1.754352331161499 8.393098831176758 -0.8671116828918457
v -1.477879285812378 7.772242069244385 -0.8541238307952881
v -0.5562508702278137 9.911354064941406 0.9253157377243042
v -0.011570485308766365 9.57292366027832 1.486810326576233
v -1.255042314529419 9.781166076660156 0.2716745138168335
v -1.727989912033081 9.238226890563965 -0.4023202657699585
v -0.3505111038684845 9.520750045776367 1.4959684610366821
v -0.011570962145924568 8.752199172973633 1.8892017602920532
v -1.0352528095245361 9.669930458068848 0.9676815271377563
v -1.6868960857391357 9.331867218017578 0.35052311420440674
v -0.648548424243927 9.370523452758789 1.5223323106765747
v -1.390761137008667 9.300047874450684 1.0325897932052612
v -0.8697808384895325 9.140364646911621 1.5627228021621704
v -1.9836852550506592 8.523336410522461 -0.2768608331680298
v -1.9364745616912842 8.6340913772583 0.47297394275665283
v -1.5962278842926025 8.72560977935791 1.1334010362625122
v -1.8805811405181885 7.7757568359375 -0.1456700563430786
v -0.9976280331611633 8.782918930053711 1.6254483461380005
v -1.8358361721038818 7.904408931732178 0.60102379322052
v -1.5133755207061768 8.124907493591309 1.2388166189193726
v -1.664886236190796 7.731795310974121 -0.751061201095581
v -1.6458094120025635 7.367939472198486 -0.07410323619842529
v -1.4033830165863037 7.371018409729004 -0.6877477169036865
v -1.2461965084075928 7.452089309692383 -0.7979134321212769
v -1.6066834926605225 7.506356716156006 0.6708787679672241
v -1.285546064376831 7.047672748565674 -0.01790034770965576
v -1.1385257244110107 7.0877366065979 -0.6380335092544556
v -1.0114405155181885 7.2006402015686035 -0.7537660598754883
v -0.5436699986457825 6.964632034301758 -0.7123308181762695
v -0.6112025380134583 6.821957588195801 -0.591392993927002
v -0.011570485308766365 6.882650852203369 -0.6979382038116455
v -0.011570485308766365 6.729653835296631 -0.5751954317092896
v -0.6894314885139465 6.747220516204834 0.034823060035705566
v -0.011570485308766365 6.642874717712402 0.0531390905380249
v -1.2550427913665771 7.193756580352783 0.7257369756698608
v -0.673209011554718 6.900496959686279 0.7771979570388794
v -0.011570485308766365 6.798649311065674 0.7950738668441772
v -1.3247325420379639 7.797213077545166 1.2963236570358276
v -1.0352528095245361 7.539866924285889 1.3414846658706665
v -0.5562508702278137 7.2984442710876465 1.3838499784469604
v -0.011570485308766365 7.214599132537842 1.3985646963119507
v -0.6485493779182434 8.045086860656738 1.7549325227737427
v -0.3505111038684845 7.89486026763916 1.7812920808792114
v -0.011570962145924568 7.842688083648682 1.7904492616653442
v -0.8286860585212708 8.205221176147461 1.7268315553665161
v -0.9460766911506653 8.40912914276123 1.6910473108291626
v -0.011570485308766365 6.729653835296631 -0.5751954317092896
v -0.011570485308766365 6.882650852203369 -0.6979382038116455
v 0.5205289721488953 6.964632034301758 -0.7123308181762695
v 0.588061511516571 6.821958541870117 -0.5913927555084229
v -0.011570485308766365 6.642874717712402 0.0531390905380249
v 0.9882990717887878 7.200638771057129 -0.7537659406661987
v 0.666289746761322 6.747220516204834 0.03482329845428467
v -0.011570485308766365 6.798649311065674 0.7950738668441772
v 1.1153655052185059 7.087735176086426 -0.6380332708358765
v 0.6500672698020935 6.900496482849121 0.7771981954574585
v -0.011570485308766365 7.214599132537842 1.3985646963119507
v 1.2624046802520752 7.047671318054199 -0.01790010929107666
v 1.375004529953003 7.412099838256836 -0.6949565410614014
v 1.2183504104614258 7.488493919372559 -0.8043051958084106
v 1.4484026432037354 7.776350021362305 -0.8548449277877808
v 0.5331088900566101 7.298444747924805 1.3838504552841187
v -0.011570962145924568 7.842688083648682 1.7904492616653442
v 1.6346434354782104 7.736464500427246 -0.7518796920776367
v 1.5334630012512207 8.358696937561035 -0.9570906162261963
v 0.32736918330192566 7.894859790802002 1.7812916040420532
v -0.011570962145924568 8.752199172973633 1.8892017602920532
v 1.2319014072418213 7.19375467300415 0.7257372140884399
v 1.0121111869812012 7.539865970611572 1.3414846658706665
v 0.6254069209098816 8.045086860656738 1.7549329996109009
v 1.3109145164489746 7.798144817352295 1.2961586713790894
v 1.594866156578064 7.5074896812438965 0.6706801652908325
v 1.634270429611206 7.369101047515869 -0.07430684566497803
v 0.8046512007713318 8.205964088439941 1.73218834400177
v 0.9215771555900574 8.410110473632812 1.6999012231826782
v 1.5043718814849854 8.128202438354492 1.2382360696792603
v 0.9744865298271179 8.782917022705078 1.6254483461380005
v 1.8298659324645996 7.908414363861084 0.6003221273422241
v 1.8750319480895996 7.7798590660095215 -0.14638936519622803
v 1.5730856657028198 8.72560977935791 1.1334010362625122
v 1.9133328199386597 8.634090423583984 0.47297441959381104
v 1.7312110662460327 8.393098831176758 -0.8671112060546875
v 1.3339664936065674 8.919082641601562 -1.0554816722869873
v 1.9605437517166138 8.523336410522461 -0.2768605947494507
v 1.5067591667175293 9.02548599243164 -0.9780886173248291
v 0.9868606925010681 9.279667854309082 -1.1187916994094849
v 1.7048488855361938 9.238225936889648 -0.4023195505142212
v 1.1153850555419922 9.432682037353516 -1.0495439767837524
v 0.5195948481559753 9.514923095703125 -1.1600970029830933
v 1.6637545824050903 9.331866264343262 0.35052335262298584
v 1.2624049186706543 9.698545455932617 -0.4831005334854126
v 0.588061511516571 9.698460578918457 -1.096189260482788
v -0.011570246890187263 9.596607208251953 -1.1744383573532104
v -0.011570485308766365 9.790764808654785 -1.112386703491211
v 0.6662902235984802 9.998997688293457 -0.535824179649353
v -0.011570485308766365 10.103343963623047 -0.5541398525238037
v 1.2319014072418213 9.781164169311523 0.2716745138168335
v 0.6500675082206726 10.074423789978027 0.2202087640762329
v -0.011570485308766365 10.17627239227295 0.2023378610610962
v 1.367619276046753 9.300047874450684 1.0325905084609985
v 1.0121111869812012 9.669930458068848 0.9676815271377563
v 0.8466388583183289 9.140362739562988 1.5627228021621704
v 0.5331088900566101 9.911354064941406 0.9253157377243042
v -0.011570485308766365 9.995200157165527 0.9106014966964722
v 0.6254069209098816 9.370523452758789 1.522332787513733
v 0.32736918330192566 9.520750045776367 1.4959684610366821
v -0.011570485308766365 9.57292366027832 1.486810326576233
v -1.7390625476837158 8.370421409606934 1.0193215608596802
v -1.2830979824066162 8.280841827392578 1.0770725011825562
v -1.2816050052642822 9.097464561462402 0.9388524293899536
v -1.6940991878509521 9.069941520690918 0.9158862829208374
v -1.372286081314087 9.462773323059082 0.3967200517654419
v -2.267112970352173 8.482646942138672 0.8208662271499634
v -1.6787559986114502 9.391831398010254 0.4192317724227905
v -1.4934885501861572 9.24427604675293 -0.19889461994171143
v -2.187180280685425 8.986581802368164 0.7179256677627563
v -2.6380703449249268 8.570026397705078 0.5245651006698608
v -1.699094533920288 9.203798294067383 -0.14969933032989502
v -1.573401689529419 8.504051208496094 -0.479728102684021
v -2.0822412967681885 9.207395553588867 0.2965904474258423
v -2.565887212753296 8.925003051757812 0.43895232677459717
v -2.913892984390259 8.66688346862793 0.201257586479187
v -1.749265432357788 8.543560981750488 -0.4458702802658081
v -1.5741398334503174 7.702954292297363 -0.33598005771636963
v -2.8659889698028564 8.899041175842285 0.1425999402999878
v -3.1289827823638916 8.766733169555664 -0.21933209896087646
v -2.451782464981079 9.070208549499512 0.13735973834991455
v -2.0194995403289795 9.050904273986816 -0.17272770404815674
v -2.7877652645111084 8.99655532836914 -0.06062448024749756
v -2.366589307785034 8.94738483428955 -0.1916102170944214
v -2.0521080493927 8.548670768737793 -0.4036182165145874
v -1.7966606616973877 7.836090564727783 -0.342443585395813
v -1.4842140674591064 7.322118282318115 0.20062482357025146
v -2.3714921474456787 8.587638854980469 -0.3502241373062134
v -1.8095757961273193 7.5221428871154785 0.15422165393829346
v -1.3637611865997314 7.525103569030762 0.7907077074050903
v -2.1433565616607666 8.028424263000488 -0.3005603551864624
v -1.7868106365203857 7.718116283416748 0.723159670829773
v -1.2830979824066162 8.280841827392578 1.0770725011825562
v -1.7390625476837158 8.370421409606934 1.0193215608596802
v -2.236985921859741 7.823909759521484 0.12065517902374268
v -2.28840708732605 7.99671745300293 0.5898534059524536
v -2.267112970352173 8.482646942138672 0.8208662271499634
v -2.4490935802459717 8.22309398651123 -0.27026069164276123
v -2.5577752590179443 8.087462425231934 0.03698146343231201
v -2.6375510692596436 8.219853401184082 0.3716007471084595
v -2.6380703449249268 8.570026397705078 0.5245651006698608
v -2.769599676132202 8.446831703186035 -0.33300626277923584
v -2.9093196392059326 8.439857482910156 0.09931576251983643
v -2.913892984390259 8.66688346862793 0.201257586479187
v -2.8476221561431885 8.355992317199707 -0.12572205066680908
v -3.124408006668091 8.624890327453613 -0.28033411502838135
v -3.1289827823638916 8.766733169555664 -0.21933209896087646
v -3.0884244441986084 8.57508659362793 -0.4313143491744995
v -3.2140958309173584 8.718986511230469 -0.508426308631897
v -3.231909990310669 8.82135009765625 -0.5233761072158813
v -3.241525411605835 8.84310531616211 -0.7119848728179932
v -3.038071393966675 8.630420684814453 -0.5653573274612427
v -3.207235097885132 8.714211463928223 -0.6416769027709961
v -3.1547138690948486 8.722856521606445 -0.6961183547973633
v -3.010096311569214 8.780813217163086 -0.60822594165802
v -3.1614553928375244 8.828557968139648 -0.7407821416854858
v -2.7214972972869873 8.685659408569336 -0.38760387897491455
v -2.725863218307495 8.9193754196167 -0.28160250186920166
v -3.0100395679473877 8.925753593444824 -0.5390750169754028
v -3.050654172897339 8.972458839416504 -0.3962479829788208
v -3.13628888130188 8.916158676147461 -0.6793608665466309
v -3.1861231327056885 8.935708999633789 -0.6224812269210815
v -3.0972135066986084 8.910614967346191 -0.25534093379974365
v -3.196148157119751 8.907244682312012 -0.49211013317108154
v -3.231909990310669 8.82135009765625 -0.5233761072158813
v 1.2816057205200195 9.097465515136719 0.9388524293899536
v 1.2830986976623535 8.280841827392578 1.0770725011825562
v 1.739062786102295 8.37042236328125 1.0193215608596802
v 1.6940994262695312 9.069942474365234 0.9158862829208374
v 2.267113208770752 8.482645988464355 0.8208662271499634
v 1.372286081314087 9.462773323059082 0.3967200517654419
v 2.187180995941162 8.98658275604248 0.7179261445999146
v 2.638070583343506 8.570026397705078 0.5245651006698608
v 1.6787564754486084 9.391831398010254 0.4192317724227905
v 1.4934885501861572 9.24427604675293 -0.19889461994171143
v 2.5658881664276123 8.925003051757812 0.43895184993743896
v 2.913893699645996 8.66688346862793 0.201257586479187
v 2.082242488861084 9.207395553588867 0.2965904474258423
v 1.6990951299667358 9.203797340393066 -0.14969933032989502
v 1.5734020471572876 8.504051208496094 -0.479728102684021
v 2.8659896850585938 8.899042129516602 0.1425997018814087
v 3.128983736038208 8.766733169555664 -0.21933209896087646
v 1.7492663860321045 8.543560981750488 -0.445870041847229
v 1.5741400718688965 7.702954292297363 -0.33598029613494873
v 2.019500255584717 9.050905227661133 -0.17272770404815674
v 2.451782703399658 9.070208549499512 0.13735973834991455
v 1.7966610193252563 7.836090564727783 -0.342443585395813
v 1.4842143058776855 7.322118282318115 0.20062506198883057
v 2.0521085262298584 8.54867172241211 -0.4036182165145874
v 2.3665897846221924 8.947385787963867 -0.1916102170944214
v 1.809576392173767 7.5221428871154785 0.15422189235687256
v 1.3637614250183105 7.525103569030762 0.7907074689865112
v 2.143357753753662 8.028424263000488 -0.3005603551864624
v 1.786810278892517 7.71811580657959 0.7231594324111938
v 1.2830986976623535 8.280841827392578 1.0770725011825562
v 1.739062786102295 8.37042236328125 1.0193215608596802
v 2.2369868755340576 7.823910236358643 0.12065517902374268
v 2.288407802581787 7.996718406677246 0.5898531675338745
v 2.267113208770752 8.482645988464355 0.8208662271499634
v 2.449094772338867 8.22309398651123 -0.27026093006134033
v 2.6375513076782227 8.219854354858398 0.37160050868988037
v 2.638070583343506 8.570026397705078 0.5245651006698608
v 2.5577759742736816 8.087462425231934 0.03698122501373291
v 2.9093198776245117 8.439857482910156 0.09931576251983643
v 2.913893699645996 8.66688346862793 0.201257586479187
v 2.8476226329803467 8.355992317199707 -0.12572228908538818
v 3.1244089603424072 8.624890327453613 -0.28033387660980225
v 3.128983736038208 8.766733169555664 -0.21933209896087646
v 3.0884249210357666 8.575087547302246 -0.4313143491744995
v 3.2140958309173584 8.718986511230469 -0.508426308631897
v 3.2319109439849854 8.821349143981934 -0.5233761072158813
v 3.241525888442993 8.843106269836426 -0.7119847536087036
v 3.207235813140869 8.714212417602539 -0.6416769027709961
v 3.038071632385254 8.630420684814453 -0.5653573274612427
v 3.154714345932007 8.722857475280762 -0.6961183547973633
v 3.1614558696746826 8.828557968139648 -0.7407821416854858
v 3.010097026824951 8.780813217163086 -0.60822594165802
v 2.7695999145507812 8.446829795837402 -0.33300626277923584
v 2.7214982509613037 8.685659408569336 -0.38760411739349365
v 3.010040283203125 8.925753593444824 -0.5390752553939819
v 2.371492862701416 8.587638854980469 -0.3502241373062134
v 2.7258639335632324 8.919376373291016 -0.28160226345062256
v 2.7877650260925293 8.99655532836914 -0.060624003410339355
v 3.050654888153076 8.972458839416504 -0.3962479829788208
v 3.0972139835357666 8.910614967346191 -0.25534093379974365
v 3.136289119720459 8.916157722473145 -0.67936110496521
v 3.19614839553833 8.907242774963379 -0.49210989475250244
v 3.2319109439849854 8.821349143981934 -0.5233761072158813
v 3.1861233711242676 8.935708999633789 -0.6224809885025024
v -1.05381178855896 9.484874725341797 1.1155136823654175
v -0.8561442494392395 9.082341194152832 1.148037075996399
v -0.10824277997016907 9.603307723999023 0.9937692880630493
v -0.34600403904914856 9.929564476013184 0.990397572517395
v 0.1487400233745575 9.947152137756348 0.3886953592300415
v -0.7460663914680481 10.377893447875977 0.8864599466323853
v -1.3545401096343994 10.078777313232422 0.994864821434021
v -0.05104139447212219 10.173748970031738 0.41709697246551514
v -0.15396884083747864 9.954280853271484 -0.2760699987411499
v -1.1813604831695557 10.85292911529541 0.5881601572036743
v -1.6344335079193115 10.678499221801758 0.7005959749221802
v -0.43267062306404114 10.464505195617676 0.3707624673843384
v -0.27805855870246887 10.109786987304688 -0.23427808284759521
v -0.8986218571662903 9.577338218688965 -0.5895078182220459
v -0.5604313015937805 10.317285537719727 -0.21917378902435303
v -0.9621852040290833 9.732754707336426 -0.5675961971282959
v -1.6316850185394287 9.065396308898926 -0.429071307182312
v -0.9840009808540344 10.637176513671875 -0.26571619510650635
v -1.6713173389434814 9.28812026977539 -0.44188249111175537
v -1.903505563735962 8.712528228759766 0.16983377933502197
v -1.1283776760101318 9.992852210998535 -0.5255390405654907
v -1.7580139636993408 9.691852569580078 -0.41724932193756104
v -1.9649736881256104 9.043879508972168 0.13082563877105713
v -1.6156165599822998 8.69637680053711 0.8284252882003784
v -1.8649585247039795 10.218448638916016 -0.3665412664413452
v -1.7366306781768799 9.1077880859375 0.7816029787063599
v -0.8561442494392395 9.082341194152832 1.148037075996399
v -1.05381178855896 9.484874725341797 1.1155136823654175
v -2.050257444381714 9.607121467590332 0.09856283664703369
v -1.9013340473175049 9.756223678588867 0.6886113882064819
v -1.3545401096343994 10.078777313232422 0.994864821434021
v -2.021204710006714 10.424906730651855 0.49195921421051025
v -1.6344335079193115 10.678499221801758 0.7005959749221802
v -2.1044113636016846 10.242293357849121 0.044237732887268066
v -2.084345579147339 10.921792030334473 0.22651517391204834
v -1.8250854015350342 11.112582206726074 0.3672260046005249
v -1.9306843280792236 10.712565422058105 -0.36381804943084717
v -2.099855661392212 11.406617164611816 -0.20666110515594482
v -1.9484736919403076 11.519918441772461 -0.12229382991790771
v -2.1176350116729736 10.759469985961914 -0.08178436756134033
v -2.0955607891082764 11.704909324645996 -0.6215384006500244
v -2.0171005725860596 11.792046546936035 -0.6382236480712891
v -2.118154287338257 11.31397819519043 -0.40275418758392334
v -2.005376100540161 11.817635536193848 -0.848730206489563
v -2.006808042526245 11.28625774383545 -0.5812869071960449
v -2.094099283218384 11.693532943725586 -0.7702591419219971
v -2.0415875911712646 11.635363578796387 -0.8310215473175049
v -1.602632761001587 10.829560279846191 -0.43449079990386963
v -1.9506733417510986 11.71120834350586 -0.8808708190917969
v -1.8133985996246338 11.358915328979492 -0.633910059928894
v -1.655644178390503 11.472236633300781 -0.5436774492263794
v -1.8492066860198975 11.736762046813965 -0.8123180866241455
v -1.8736560344696045 11.809720993041992 -0.7488348484039307
v -1.3913285732269287 10.38823127746582 -0.4766629934310913
v -1.3352420330047607 11.02374267578125 -0.28651392459869385
v -0.9213507771492004 10.824438095092773 0.1796931028366089
v -1.310072660446167 11.182672500610352 0.014521241188049316
v -1.5051448345184326 11.226183891296387 0.28928840160369873
v -1.8250854015350342 11.112582206726074 0.3672260046005249
v -1.7594072818756104 11.586356163024902 -0.17240869998931885
v -1.9484736919403076 11.519918441772461 -0.12229382991790771
v -1.6437170505523682 11.564854621887207 -0.35345447063446045
v -1.9081957340240479 11.803659439086914 -0.603327751159668
v -2.0171005725860596 11.792046546936035 -0.6382236480712891
v 0.10726091265678406 9.603306770324707 0.993768572807312
v 0.8551627993583679 9.082342147827148 1.148037075996399
v 1.0528295040130615 9.484874725341797 1.1155129671096802
v 0.34502264857292175 9.9295654296875 0.9903970956802368
v -0.1497211754322052 9.947152137756348 0.3886939287185669
v 0.7450849413871765 10.377893447875977 0.8864587545394897
v 1.3535587787628174 10.078777313232422 0.9948636293411255
v 0.050060003995895386 10.173748970031738 0.4170955419540405
v 0.15298792719841003 9.9542818069458 -0.2760709524154663
v 1.1803791522979736 10.85292911529541 0.5881589651107788
v 1.633452296257019 10.678499221801758 0.7005947828292847
v 0.27707740664482117 10.109786033630371 -0.23427951335906982
v 0.8976408839225769 9.577338218688965 -0.5895088911056519
v 0.43168970942497253 10.464505195617676 0.37076127529144287
v 0.5594503283500671 10.317285537719727 -0.21917474269866943
v 0.9612042307853699 9.73275375366211 -0.5675965547561646
v 1.6307038068771362 9.065397262573242 -0.4290710687637329
v 0.9830197691917419 10.637177467346191 -0.26571714878082275
v 1.6703370809555054 9.288119316101074 -0.4418829679489136
v 1.9025248289108276 8.712528228759766 0.16983354091644287
v 1.127396821975708 9.992851257324219 -0.5255399942398071
v 1.7570327520370483 9.691850662231445 -0.41725003719329834
v 1.9639930725097656 9.043879508972168 0.13082516193389893
v 1.6146351099014282 8.696375846862793 0.8284248113632202
v 1.863977313041687 10.2184476852417 -0.3665424585342407
v 1.735649585723877 9.107787132263184 0.7816025018692017
v 0.8551627993583679 9.082342147827148 1.148037075996399
v 1.0528295040130615 9.484874725341797 1.1155129671096802
v 2.0492758750915527 9.607122421264648 0.09856259822845459
v 1.9003528356552124 9.756224632263184 0.6886106729507446
v 1.3535587787628174 10.078777313232422 0.9948636293411255
v 2.020223379135132 10.424906730651855 0.49195826053619385
v 1.633452296257019 10.678499221801758 0.7005947828292847
v 2.1034302711486816 10.242293357849121 0.04423701763153076
v 2.0833635330200195 10.921792030334473 0.22651422023773193
v 1.8241037130355835 11.112582206726074 0.3672250509262085
v 1.9297029972076416 10.712564468383789 -0.3638187646865845
v 2.098875045776367 11.406617164611816 -0.20666182041168213
v 1.9474918842315674 11.519918441772461 -0.12229502201080322
v 2.116654396057129 10.759469032287598 -0.08178555965423584
v 2.0945792198181152 11.70490837097168 -0.6215397119522095
v 2.016119956970215 11.792047500610352 -0.6382246017456055
v 2.117173194885254 11.31397819519043 -0.40275537967681885
v 2.0043954849243164 11.817634582519531 -0.8487306833267212
v 2.005826950073242 11.28625774383545 -0.5812878608703613
v 2.093118667602539 11.693532943725586 -0.770260214805603
v 2.040607213973999 11.63536548614502 -0.8310225009918213
v 1.9496928453445435 11.711206436157227 -0.8808720111846924
v 1.8124176263809204 11.358916282653809 -0.6339112520217896
v 1.6016515493392944 10.829560279846191 -0.43449199199676514
v 1.6546627283096313 11.472235679626465 -0.5436789989471436
v 1.8482260704040527 11.736762046813965 -0.8123198747634888
v 1.3903477191925049 10.388230323791504 -0.4766637086868286
v 1.3342609405517578 11.023741722106934 -0.28651511669158936
v 0.9203693270683289 10.824438095092773 0.17969191074371338
v 1.309091329574585 11.182671546936035 0.014520525932312012
v 1.5041635036468506 11.226183891296387 0.2892872095108032
v 1.8241037130355835 11.112582206726074 0.3672250509262085
v 1.7584261894226074 11.586355209350586 -0.17240965366363525
v 1.9474918842315674 11.519918441772461 -0.12229502201080322
v 1.6427360773086548 11.564852714538574 -0.35345566272735596
v 1.9072145223617554 11.803659439086914 -0.6033294200897217
v 2.016119956970215 11.792047500610352 -0.6382246017456055
v 1.8726747035980225 11.809720993041992 -0.7488360404968262
v -0.38045695424079895 9.424261093139648 1.8436299562454224
v -0.39281609654426575 8.931373596191406 1.6971832513809204
v -0.011570962145924568 8.91007137298584 1.7479459047317505
v -0.011570962145924568 9.412527084350586 1.889456868171692
v -0.775964081287384 9.08568286895752 1.4554492235183716
v -0.28919675946235657 10.017778396606445 1.954605221748352
v -0.011570962145924568 10.013937950134277 1.9875684976577759
v -0.7235201001167297 9.538036346435547 1.6135212182998657
v -0.18202117085456848 10.546573638916016 1.9684520959854126
v -0.011570962145924568 10.539880752563477 1.9910045862197876
v -0.5377314686775208 10.09565544128418 1.7709242105484009
v -0.8555091023445129 9.804978370666504 1.108934760093689
v -0.9057615399360657 9.439027786254883 0.929878830909729
v -0.7683332562446594 9.790809631347656 0.41409242153167725
v -0.627223789691925 10.284004211425781 1.3602501153945923
v -0.746690571308136 10.074649810791016 0.6125384569168091
v -0.407490998506546 10.196236610412598 0.40544140338897705
v -0.3943534195423126 9.940730094909668 0.1998225450515747
v -0.011570485308766365 9.956384658813477 0.18487846851348877
v -0.5367410778999329 10.476875305175781 0.9535714387893677
v -0.2753959000110626 10.56810474395752 0.7812389135360718
v -0.011570485308766365 10.219008445739746 0.3896075487136841
v 0.3843493163585663 10.196236610412598 0.40544164180755615
v 0.3712117373943329 9.940731048583984 0.1998225450515747
v 0.7451915144920349 9.790810585021973 0.41409265995025635
v -0.011570485308766365 10.593107223510742 0.7637172937393188
v 0.2522542178630829 10.56810474395752 0.7812389135360718
v 0.7235488295555115 10.0746488571167 0.61253821849823
v 0.8323675990104675 9.804977416992188 1.108934760093689
v 0.8826202750205994 9.439027786254883 0.929878830909729
v 0.7528221011161804 9.08568286895752 1.4554492235183716
v 0.5135995745658875 10.476875305175781 0.9535719156265259
v 0.6040815711021423 10.284003257751465 1.3602501153945923
v 0.7003781199455261 9.538036346435547 1.6135212182998657
v 0.3573152720928192 9.424260139465332 1.8436299562454224
v 0.369674414396286 8.931371688842773 1.6971832513809204
v -0.011570962145924568 8.91007137298584 1.7479459047317505
v -0.011570962145924568 9.412527084350586 1.889456868171692
v 0.26605483889579773 10.017777442932129 1.9546047449111938
v -0.011570962145924568 10.013937950134277 1.9875684976577759
v 0.5145897269248962 10.095656394958496 1.7709242105484009
v 0.15887925028800964 10.5465726852417 1.9684520959854126
v -0.011570962145924568 10.539880752563477 1.9910045862197876
v 0.38536807894706726 10.768998146057129 1.539969563484192
v 0.3302426040172577 10.61396598815918 1.836753010749817
v 0.09825703501701355 10.99301528930664 1.9885326623916626
v -0.011570962145924568 10.98776626586914 2.0040407180786133
v 0.2505435645580292 11.168217658996582 1.7085720300674438
v 0.07738277316093445 11.403144836425781 2.052990436553955
v -0.011570962145924568 11.404369354248047 2.063540458679199
v 0.21114060282707214 11.046056747436523 1.9018265008926392
v -0.011570962145924568 11.65390396118164 2.0799479484558105
v 0.31618234515190125 10.918299674987793 1.244808316230774
v 0.07009837031364441 11.642862319946289 2.0704455375671387
v 0.13519927859306335 10.971490859985352 1.1178637742996216
v 0.14817330241203308 11.4220609664917 1.9972501993179321
v 0.17294904589653015 11.486106872558594 1.877973198890686
v 0.1188039481639862 11.602570533752441 2.0334224700927734
v 0.12447401881217957 11.657797813415527 1.9692121744155884
v 0.06777283549308777 11.730216026306152 2.0089993476867676
v -0.011570962145924568 11.74242115020752 2.0174551010131836
v 0.14801976084709167 11.544794082641602 1.758341908454895
v 0.11811181902885437 11.6552095413208 1.8756343126296997
v 0.2090265452861786 11.286335945129395 1.5180360078811646
v 0.07369253039360046 11.573744773864746 1.7144376039505005
v 0.06736919283866882 11.690192222595215 1.881689190864563
v 0.09253880381584167 11.329291343688965 1.4388693571090698
v -0.011570962145924568 11.698447227478027 1.8869348764419556
v -0.011570962145924568 11.579472541809082 1.7141166925430298
v -0.011570485308766365 10.970476150512695 1.10261070728302
v -0.011570485308766365 11.328605651855469 1.4326475858688354
v -0.1583411991596222 10.971489906311035 1.1178632974624634
v -0.11568048596382141 11.329290390014648 1.4388693571090698
v -0.0968344509601593 11.573744773864746 1.7144376039505005
v -0.3393245041370392 10.918301582336426 1.244808316230774
v -0.23216846585273743 11.286335945129395 1.5180360078811646
v -0.4085102379322052 10.768999099731445 1.539969563484192
v -0.2736852467060089 11.168217658996582 1.7085720300674438
v -0.35338452458381653 10.61396598815918 1.836753010749817
v -0.196090966463089 11.486106872558594 1.877973198890686
v -0.12139871716499329 10.99301528930664 1.9885321855545044
v -0.011570962145924568 10.98776626586914 2.0040407180786133
v -0.23428252339363098 11.046056747436523 1.9018265008926392
v -0.10052517056465149 11.403144836425781 2.052990436553955
v -0.011570962145924568 11.404369354248047 2.063540458679199
v -0.011570962145924568 11.65390396118164 2.0799479484558105
v -0.17131522297859192 11.4220609664917 1.9972501993179321
v -0.09324029088020325 11.642862319946289 2.0704455375671387
v -0.14194586873054504 11.602570533752441 2.0334224700927734
v -0.1476159393787384 11.657796859741211 1.9692121744155884
v -0.0909147560596466 11.730216026306152 2.008999824523926
v -0.1711612045764923 11.544793128967285 1.758341908454895
v -0.1412537395954132 11.655208587646484 1.8756343126296997
v -0.09051159024238586 11.690191268920898 1.881689190864563
vt 0.883185863494873 0.5279081463813782
vt 0.9302160739898682 0.5279081463813782
vt 0.9302160739898682 0.549389123916626
vt 0.883185863494873 0.549389123916626
vt 0.9302160739898682 0.5708744525909424
vt 0.883185863494873 0.5708744525909424
vt 0.9302160739898682 0.5923599600791931
vt 0.883185863494873 0.5923576951026917
vt 0.9302160739898682 0.6138431429862976
vt 0.883185863494873 0.6138431429862976
vt 0.9302160739898682 0.6353263854980469
vt 0.883185863494873 0.6353263854980469
vt 0.9302160739898682 0.6568117141723633
vt 0.883185863494873 0.6568117141723633
vt 0.9302160739898682 0.6782949566841125
vt 0.883185863494873 0.6782949566841125
vt 0.9302160739898682 0.699778139591217
vt 0.883185863494873 0.699778139591217
vt 0.9820799827575684 0.6991135478019714
vt 0.9350636005401611 0.6991135478019714
vt 0.9350636005401611 0.6776325702667236
vt 0.9820799827575684 0.6776325702667236
vt 0.9350636005401611 0.6561471223831177
vt 0.9820799827575684 0.6561471223831177
vt 0.9350636005401611 0.634663999080658
vt 0.9820799827575684 0.634663999080658
vt 0.9350636005401611 0.6131808161735535
vt 0.9820799827575684 0.6131784319877625
vt 0.9350636005401611 0.591695249080658
vt 0.9820799827575684 0.591695249080658
vt 0.9350636005401611 0.5702121257781982
vt 0.9820799827575684 0.5702121257781982
vt 0.9350636005401611 0.548728883266449
vt 0.9820799827575684 0.548728883266449
vt 0.9350636005401611 0.5272433161735535
vt 0.9820799827575684 0.5272433161735535
vt 0.9611399173736572 0.7254279851913452
vt 0.9629800319671631 0.7327650189399719
vt 0.9566400051116943 0.7291679978370667
vt 0.9441051483154297 0.7375320196151733
vt 0.9578225612640381 0.740772008895874
vt 0.968174934387207 0.7381094694137573
vt 0.9456300735473633 0.7417799830436707
vt 0.9635000228881836 0.7453200221061707
vt 0.9315199851989746 0.7492309808731079
vt 0.921259880065918 0.7385500073432922
vt 0.9262399673461914 0.731453001499176
vt 0.9117798805236816 0.7536309957504272
vt 0.9227199554443359 0.7593600153923035
vt 0.9243199825286865 0.7669609785079956
vt 0.9037599563598633 0.783676028251648
vt 0.9223499298095703 0.7891079783439636
vt 0.9328200817108154 0.7770980000495911
vt 0.9390900135040283 0.7873659729957581
vt 0.9439899921417236 0.7940070033073425
vt 0.9188499450683594 0.8107370138168335
vt 0.9001898765563965 0.8077419996261597
vt 0.953434944152832 0.806846022605896
vt 0.9558649063110352 0.7978860139846802
vt 0.9648299217224121 0.7965700030326843
vt 0.9662299156188965 0.8079109787940979
vt 0.9661400318145752 0.8177109956741333
vt 0.9534049034118652 0.8204119801521301
vt 0.9686899185180664 0.8268150091171265
vt 0.969980001449585 0.8344709873199463
vt 0.9522249698638916 0.843055009841919
vt 0.965709924697876 0.8433380126953125
vt 0.9663300514221191 0.8527969717979431
vt 0.9708900451660156 0.8654090166091919
vt 0.9190800189971924 0.8318759799003601
vt 0.9018599987030029 0.8323609828948975
vt 0.9512500762939453 0.8639529943466187
vt 0.9730899333953857 0.8760539889335632
vt 0.916874885559082 0.845579981803894
vt 0.9093499183654785 0.8503170013427734
vt 0.9499800205230713 0.8735790252685547
vt 0.9732298851013184 0.8860049843788147
vt 0.9502549171447754 0.8895220160484314
vt 0.9716300964355469 0.8985139727592468
vt 0.9709799289703369 0.9075340032577515
vt 0.9026498794555664 0.882187008857727
vt 0.970099925994873 0.913670003414154
vt 0.9065699577331543 0.8902959823608398
vt 0.8902599811553955 0.8978809714317322
vt 0.9041099548339844 0.9021639823913574
vt 0.9539599418640137 0.9194160103797913
vt 0.9688899517059326 0.9194620251655579
vt 0.9671599864959717 0.9243680238723755
vt 0.9655399322509766 0.9292100071907043
vt 0.9599800109863281 0.9418960213661194
vt 0.9472000598907471 0.9068300127983093
vt 0.9284300804138184 0.9366269707679749
vt 0.8991899490356445 0.9255819916725159
vt 0.8843798637390137 0.9230189919471741
vt 0.8889999389648438 0.9487280249595642
vt 0.8976800441741943 0.9447180032730103
vt 0.9132299423217773 0.9685410261154175
vt 0.9190499782562256 0.9581969976425171
vt 0.936460018157959 0.9663969874382019
vt 0.9284999370574951 0.9780970215797424
vt 0.9355299472808838 0.9833089709281921
vt 0.9432599544525146 0.9696919918060303
vt 0.9456899166107178 0.9423499703407288
vt 0.95524001121521 0.9533560276031494
vt 0.9568901062011719 0.948773980140686
vt 0.8719401359558105 0.8853909969329834
vt 0.8680000305175781 0.9113050103187561
vt 0.8662099838256836 0.8939909934997559
vt 0.8663201332092285 0.8712180256843567
vt 0.8621299266815186 0.8681989908218384
vt 0.8612399101257324 0.8943250179290771
vt 0.8529000282287598 0.8934810161590576
vt 0.8680500984191895 0.8410530090332031
vt 0.87534499168396 0.8449679613113403
vt 0.859489917755127 0.8668980002403259
vt 0.8497800827026367 0.8602510094642639
vt 0.8372499942779541 0.890047013759613
vt 0.8605799674987793 0.8363029956817627
vt 0.8730001449584961 0.8201760053634644
vt 0.8843898773193359 0.8216239809989929
vt 0.886542558670044 0.8011735081672668
vt 0.838629961013794 0.8584480285644531
vt 0.8322501182556152 0.888804018497467
vt 0.8484799861907959 0.8324500322341919
vt 0.8310098648071289 0.8606079816818237
vt 0.8278398513793945 0.8879969716072083
vt 0.8260898590087891 0.8626319766044617
vt 0.8276975154876709 0.831678032875061
vt 0.8240623474121094 0.8322744965553284
vt 0.8153984546661377 0.8109394907951355
vt 0.8375773429870605 0.8302549719810486
vt 0.8174934387207031 0.8079285025596619
vt 0.8064699172973633 0.8158169984817505
vt 0.8366999626159668 0.8088520169258118
vt 0.8465800285339355 0.8093140125274658
vt 0.819580078125 0.8026515245437622
vt 0.8619399070739746 0.817671000957489
vt 0.8361773490905762 0.7862070798873901
vt 0.8538351058959961 0.7929074764251709
vt 0.8114199638366699 0.7907729744911194
vt 0.8654098510742188 0.7743309736251831
vt 0.8102500438690186 0.8021199703216553
vt 0.8062300682067871 0.794314980506897
vt 0.8088200092315674 0.8084729909896851
vt 0.805340051651001 0.8151059746742249
vt 0.8068299293518066 0.8034800291061401
vt 0.8007299900054932 0.7988489866256714
vt 0.8031299114227295 0.8045709729194641
vt 0.8062400817871094 0.8086649775505066
vt 0.8042500019073486 0.8081790208816528
vt 0.8657698631286621 0.7857419848442078
vt 0.8715999126434326 0.7848830223083496
vt 0.8730099201202393 0.7728080153465271
vt 0.8636026382446289 0.7993960380554199
vt 0.8803000450134277 0.7708290219306946
vt 0.8821399211883545 0.7812780141830444
vt 0.8708748817443848 0.800773024559021
vt 0.874539852142334 0.7899439930915833
vt 0.9611399173736572 0.7254279851913452
vt 0.9566400051116943 0.7291679978370667
vt 0.9629800319671631 0.7327650189399719
vt 0.9441051483154297 0.7375320196151733
vt 0.9578225612640381 0.740772008895874
vt 0.968174934387207 0.7381094694137573
vt 0.9456300735473633 0.7417799830436707
vt 0.9635000228881836 0.7453200221061707
vt 0.9315199851989746 0.7492309808731079
vt 0.9262399673461914 0.731453001499176
vt 0.921259880065918 0.7385500073432922
vt 0.9117798805236816 0.7536309957504272
vt 0.9227199554443359 0.7593600153923035
vt 0.9243199825286865 0.7669609785079956
vt 0.9037599563598633 0.783676028251648
vt 0.9223499298095703 0.7891079783439636
vt 0.9328200817108154 0.7770980000495911
vt 0.9390900135040283 0.7873659729957581
vt 0.9439899921417236 0.7940070033073425
vt 0.9188499450683594 0.8107370138168335
vt 0.9001898765563965 0.8077419996261597
vt 0.953434944152832 0.806846022605896
vt 0.9558649063110352 0.7978860139846802
vt 0.9662299156188965 0.8079109787940979
vt 0.9648299217224121 0.7965700030326843
vt 0.9661400318145752 0.8177109956741333
vt 0.9534049034118652 0.8204119801521301
vt 0.9686899185180664 0.8268150091171265
vt 0.969980001449585 0.8344709873199463
vt 0.9522249698638916 0.843055009841919
vt 0.965709924697876 0.8433380126953125
vt 0.9663300514221191 0.8527969717979431
vt 0.9708900451660156 0.8654090166091919
vt 0.9190800189971924 0.8318759799003601
vt 0.9018599987030029 0.8323609828948975
vt 0.9512500762939453 0.8639529943466187
vt 0.9730899333953857 0.8760539889335632
vt 0.916874885559082 0.845579981803894
vt 0.9093499183654785 0.8503170013427734
vt 0.9499800205230713 0.8735790252685547
vt 0.9732298851013184 0.8860049843788147
vt 0.9502549171447754 0.8895220160484314
vt 0.9716300964355469 0.8985139727592468
vt 0.9709799289703369 0.9075340032577515
vt 0.9026498794555664 0.882187008857727
vt 0.970099925994873 0.913670003414154
vt 0.9065699577331543 0.8902959823608398
vt 0.8902599811553955 0.8978809714317322
vt 0.9539599418640137 0.9194160103797913
vt 0.9688899517059326 0.9194620251655579
vt 0.9671599864959717 0.9243680238723755
vt 0.9655399322509766 0.9292100071907043
vt 0.9599800109863281 0.9418960213661194
vt 0.9041099548339844 0.9021639823913574
vt 0.9472000598907471 0.9068300127983093
vt 0.9284300804138184 0.9366269707679749
vt 0.9456899166107178 0.9423499703407288
vt 0.9568901062011719 0.948773980140686
vt 0.95524001121521 0.9533560276031494
vt 0.9432599544525146 0.9696919918060303
vt 0.8991899490356445 0.9255819916725159
vt 0.8843798637390137 0.9230189919471741
vt 0.8889999389648438 0.9487280249595642
vt 0.8976800441741943 0.9447180032730103
vt 0.9132299423217773 0.9685410261154175
vt 0.9190499782562256 0.9581969976425171
vt 0.936460018157959 0.9663969874382019
vt 0.9284999370574951 0.9780970215797424
vt 0.9355299472808838 0.9833089709281921
vt 0.8719401359558105 0.8853909969329834
vt 0.8662099838256836 0.8939909934997559
vt 0.8680000305175781 0.9113050103187561
vt 0.8663201332092285 0.8712180256843567
vt 0.8621299266815186 0.8681989908218384
vt 0.8612399101257324 0.8943250179290771
vt 0.8529000282287598 0.8934810161590576
vt 0.8680500984191895 0.8410530090332031
vt 0.87534499168396 0.8449679613113403
vt 0.859489917755127 0.8668980002403259
vt 0.8497800827026367 0.8602510094642639
vt 0.8372499942779541 0.890047013759613
vt 0.8605799674987793 0.8363029956817627
vt 0.8730001449584961 0.8201760053634644
vt 0.8843898773193359 0.8216239809989929
vt 0.886542558670044 0.8011735081672668
vt 0.838629961013794 0.8584480285644531
vt 0.8322501182556152 0.888804018497467
vt 0.8484799861907959 0.8324500322341919
vt 0.8310098648071289 0.8606079816818237
vt 0.8278398513793945 0.8879969716072083
vt 0.8260898590087891 0.8626319766044617
vt 0.8276975154876709 0.831678032875061
vt 0.8240623474121094 0.8322744965553284
vt 0.8153984546661377 0.8109394907951355
vt 0.8375773429870605 0.8302549719810486
vt 0.8174934387207031 0.8079285025596619
vt 0.8064699172973633 0.8158169984817505
vt 0.8366999626159668 0.8088520169258118
vt 0.8465800285339355 0.8093140125274658
vt 0.8088200092315674 0.8084729909896851
vt 0.805340051651001 0.8151059746742249
vt 0.8619399070739746 0.817671000957489
vt 0.8062400817871094 0.8086649775505066
vt 0.8042500019073486 0.8081790208816528
vt 0.8031299114227295 0.8045709729194641
vt 0.8068299293518066 0.8034800291061401
vt 0.8007299900054932 0.7988489866256714
vt 0.8062300682067871 0.794314980506897
vt 0.8102500438690186 0.8021199703216553
vt 0.8114199638366699 0.7907729744911194
vt 0.819580078125 0.8026515245437622
vt 0.8361773490905762 0.7862070798873901
vt 0.8538351058959961 0.7929074764251709
vt 0.8654098510742188 0.7743309736251831
vt 0.8636026382446289 0.7993960380554199
vt 0.8657698631286621 0.7857419848442078
vt 0.8715999126434326 0.7848830223083496
vt 0.8730099201202393 0.7728080153465271
vt 0.8821399211883545 0.7812780141830444
vt 0.8803000450134277 0.7708290219306946
vt 0.874539852142334 0.7899439930915833
vt 0.8708748817443848 0.800773024559021
vt 0.4096050262451172 0.42084801197052
vt 0.364307165145874 0.42084801197052
vt 0.364307165145874 0.3387939929962158
vt 0.4096050262451172 0.3387939929962158
vt 0.364307165145874 0.2584500312805176
vt 0.45636820793151855 0.42084801197052
vt 0.4096050262451172 0.2584500312805176
vt 0.364307165145874 0.1781269907951355
vt 0.45636820793151855 0.3387939929962158
vt 0.5031194686889648 0.42084801197052
vt 0.4096050262451172 0.1781269907951355
vt 0.364307165145874 0.0977829098701477
vt 0.5031194686889648 0.3387939929962158
vt 0.550363302230835 0.42084801197052
vt 0.45636820793151855 0.2584500312805176
vt 0.550363302230835 0.3387939929962158
vt 0.5975828170776367 0.42084801197052
vt 0.5031194686889648 0.2584500312805176
vt 0.5975828170776367 0.3387939929962158
vt 0.6447546482086182 0.42084801197052
vt 0.550363302230835 0.2584500312805176
vt 0.5031194686889648 0.1781269907951355
vt 0.6447546482086182 0.3387939929962158
vt 0.6917459964752197 0.42084801197052
vt 0.6917459964752197 0.3387939929962158
vt 0.5975828170776367 0.2584500312805176
vt 0.6447546482086182 0.2584500312805176
vt 0.6917459964752197 0.2584500312805176
vt 0.5975828170776367 0.1781269907951355
vt 0.6447546482086182 0.1781269907951355
vt 0.6917459964752197 0.1781269907951355
vt 0.550363302230835 0.1781269907951355
vt 0.6447546482086182 0.0977829098701477
vt 0.6917459964752197 0.0977829098701477
vt 0.6447546482086182 0.017644882202148438
vt 0.6917459964752197 0.017644882202148438
vt 0.5975828170776367 0.017644882202148438
vt 0.5975828170776367 0.0977829098701477
vt 0.550363302230835 0.017644882202148438
vt 0.550363302230835 0.0977829098701477
vt 0.5031194686889648 0.017644882202148438
vt 0.5031194686889648 0.0977829098701477
vt 0.45636820793151855 0.017644882202148438
vt 0.45636820793151855 0.0977829098701477
vt 0.4096050262451172 0.017644882202148438
vt 0.45636820793151855 0.1781269907951355
vt 0.4096050262451172 0.0977829098701477
vt 0.364307165145874 0.017644882202148438
vt 0.2970273494720459 0.017644882202148438
vt 0.34244513511657715 0.017644882202148438
vt 0.34244513511657715 0.09845292568206787
vt 0.2970273494720459 0.09845292568206787
vt 0.34244513511657715 0.1789969801902771
vt 0.25014400482177734 0.017644882202148438
vt 0.2970273494720459 0.1789969801902771
vt 0.34244513511657715 0.259518027305603
vt 0.25014400482177734 0.09845292568206787
vt 0.20327258110046387 0.017644882202148438
vt 0.2970273494720459 0.259518027305603
vt 0.34244513511657715 0.3400620222091675
vt 0.25014400482177734 0.1789969801902771
vt 0.20327258110046387 0.09845292568206787
vt 0.15590882301330566 0.017644882202148438
vt 0.2970273494720459 0.3400620222091675
vt 0.34244513511657715 0.42084801197052
vt 0.2970273494720459 0.42084801197052
vt 0.15590882301330566 0.09845292568206787
vt 0.10584211349487305 0.017644882202148438
vt 0.25014400482177734 0.3400620222091675
vt 0.25014400482177734 0.42084801197052
vt 0.25014400482177734 0.259518027305603
vt 0.20327258110046387 0.3400620222091675
vt 0.20327258110046387 0.42084801197052
vt 0.20327258110046387 0.259518027305603
vt 0.20327258110046387 0.1789969801902771
vt 0.15590882301330566 0.1789969801902771
vt 0.15590882301330566 0.259518027305603
vt 0.15590882301330566 0.3400620222091675
vt 0.15590882301330566 0.42084801197052
vt 0.10584211349487305 0.09845292568206787
vt 0.061289310455322266 0.017644882202148438
vt 0.10584211349487305 0.1789969801902771
vt 0.061289310455322266 0.09845292568206787
vt 0.014177560806274414 0.017644882202148438
vt 0.014177560806274414 0.09845292568206787
vt 0.061289310455322266 0.1789969801902771
vt 0.014177560806274414 0.1789969801902771
vt 0.10584211349487305 0.259518027305603
vt 0.061289310455322266 0.259518027305603
vt 0.014177560806274414 0.259518027305603
vt 0.10584211349487305 0.3400620222091675
vt 0.10584211349487305 0.42084801197052
vt 0.061289310455322266 0.3400620222091675
vt 0.014177560806274414 0.3400620222091675
vt 0.061289310455322266 0.42084801197052
vt 0.014177560806274414 0.42084801197052
vt 0.7717499732971191 0.863349974155426
vt 0.7795400619506836 0.8468019962310791
vt 0.795295000076294 0.858227014541626
vt 0.7864699363708496 0.8746030330657959
vt 0.812730073928833 0.8850240111351013
vt 0.7688000202178955 0.8710029721260071
vt 0.7984800338745117 0.8847690224647522
vt 0.7839598655700684 0.8794324994087219
vt 0.7976100444793701 0.8901969790458679
vt 0.8098850250244141 0.9019619822502136
vt 0.7810225486755371 0.8904445171356201
vt 0.7666900157928467 0.8875730037689209
vt 0.7646300792694092 0.9191449880599976
vt 0.7929348945617676 0.8942605257034302
vt 0.7769200801849365 0.9164695143699646
vt 0.7973723411560059 0.9105299711227417
vt 0.7774548530578613 0.9422800540924072
vt 0.7593700885772705 0.9518830180168152
vt 0.7611899375915527 0.9771550297737122
vt 0.7995100021362305 0.9235484600067139
vt 0.7795200347900391 0.9517959952354431
vt 0.771630048751831 0.9844470024108887
vt 0.799530029296875 0.928555965423584
vt 0.7866001129150391 0.9578409790992737
vt 0.7900800704956055 0.9817190170288086
vt 0.8090400695800781 0.9199820160865784
vt 0.7957401275634766 0.9610375165939331
vt 0.8058099746704102 0.9831749796867371
vt 0.8002901077270508 0.9336699843406677
vt 0.8065800666809082 0.9276739954948425
vt 0.8044300079345703 0.9348520040512085
vt 0.8074350357055664 0.962448000907898
vt 0.8158299922943115 0.9842720031738281
vt 0.8118000030517578 0.9294160008430481
vt 0.8166699409484863 0.9616659879684448
vt 0.8282198905944824 0.9809179902076721
vt 0.828700065612793 0.9582594633102417
vt 0.8172399997711182 0.9258120059967041
vt 0.8248200416564941 0.9199720025062561
vt 0.3568401336669922 0.9091079831123352
vt 0.37275004386901855 0.9091079831123352
vt 0.3650975227355957 0.9566614627838135
vt 0.34411001205444336 0.9508079886436462
vt 0.3441901206970215 0.9091079831123352
vt 0.35825252532958984 0.9700469970703125
vt 0.33302998542785645 0.9440019726753235
vt 0.32188987731933594 0.9091079831123352
vt 0.3393900394439697 0.9646000266075134
vt 0.34949493408203125 0.9782940149307251
vt 0.32965993881225586 0.9738479852676392
vt 0.3178699016571045 0.9412189722061157
vt 0.30395007133483887 0.9091079831123352
vt 0.33219003677368164 0.963388979434967
vt 0.30841994285583496 0.9433050155639648
vt 0.2805349826812744 0.9091079831123352
vt 0.32313990592956543 0.9606519937515259
vt 0.320389986038208 0.9699190258979797
vt 0.2974848747253418 0.946823000907898
vt 0.26623010635375977 0.9091079831123352
vt 0.31523990631103516 0.9609950184822083
vt 0.3068549633026123 0.9718149900436401
vt 0.30759501457214355 0.979420006275177
vt 0.2892899513244629 0.9731829762458801
vt 0.3047749996185303 0.9603310227394104
vt 0.2934699058532715 0.9673810005187988
vt 0.2771000862121582 0.9596949815750122
vt 0.25926995277404785 0.9091079831123352
vt 0.28381991386413574 0.9550179839134216
vt 0.795295000076294 0.858227014541626
vt 0.7795400619506836 0.8468019962310791
vt 0.7717499732971191 0.863349974155426
vt 0.7864699363708496 0.8746030330657959
vt 0.7688000202178955 0.8710029721260071
vt 0.812730073928833 0.8850240111351013
vt 0.7839598655700684 0.8794324994087219
vt 0.7984800338745117 0.8847690224647522
vt 0.7976100444793701 0.8901969790458679
vt 0.8098850250244141 0.9019619822502136
vt 0.7810225486755371 0.8904445171356201
vt 0.7666900157928467 0.8875730037689209
vt 0.7646300792694092 0.9191449880599976
vt 0.7929348945617676 0.8942605257034302
vt 0.7973723411560059 0.9105299711227417
vt 0.7769200801849365 0.9164695143699646
vt 0.7774548530578613 0.9422800540924072
vt 0.7593700885772705 0.9518830180168152
vt 0.7611899375915527 0.9771550297737122
vt 0.7995100021362305 0.9235484600067139
vt 0.7795200347900391 0.9517959952354431
vt 0.771630048751831 0.9844470024108887
vt 0.799530029296875 0.928555965423584
vt 0.7866001129150391 0.9578409790992737
vt 0.7900800704956055 0.9817190170288086
vt 0.8090400695800781 0.9199820160865784
vt 0.7957401275634766 0.9610375165939331
vt 0.8058099746704102 0.9831749796867371
vt 0.8002901077270508 0.9336699843406677
vt 0.8065800666809082 0.9276739954948425
vt 0.8044300079345703 0.9348520040512085
vt 0.8074350357055664 0.962448000907898
vt 0.8158299922943115 0.9842720031738281
vt 0.8118000030517578 0.9294160008430481
vt 0.8166699409484863 0.9616659879684448
vt 0.8282198905944824 0.9809179902076721
vt 0.828700065612793 0.9582594633102417
vt 0.8172399997711182 0.9258120059967041
vt 0.8248200416564941 0.9199720025062561
vt 0.3650975227355957 0.9566614627838135
vt 0.37275004386901855 0.9091079831123352
vt 0.3568401336669922 0.9091079831123352
vt 0.34411001205444336 0.9508079886436462
vt 0.3441901206970215 0.9091079831123352
vt 0.35825252532958984 0.9700469970703125
vt 0.33302998542785645 0.9440019726753235
vt 0.32188987731933594 0.9091079831123352
vt 0.3393900394439697 0.9646000266075134
vt 0.32965993881225586 0.9738479852676392
vt 0.34949493408203125 0.9782940149307251
vt 0.3178699016571045 0.9412189722061157
vt 0.30395007133483887 0.9091079831123352
vt 0.33219003677368164 0.963388979434967
vt 0.30841994285583496 0.9433050155639648
vt 0.2805349826812744 0.9091079831123352
vt 0.32313990592956543 0.9606519937515259
vt 0.320389986038208 0.9699190258979797
vt 0.2974848747253418 0.946823000907898
vt 0.26623010635375977 0.9091079831123352
vt 0.31523990631103516 0.9609950184822083
vt 0.3068549633026123 0.9718149900436401
vt 0.30759501457214355 0.979420006275177
vt 0.2892899513244629 0.9731829762458801
vt 0.3047749996185303 0.9603310227394104
vt 0.2934699058532715 0.9673810005187988
vt 0.2771000862121582 0.9596949815750122
vt 0.25926995277404785 0.9091079831123352
vt 0.28381991386413574 0.9550179839134216
vt 0.9627914428710938 0.27847445011138916
vt 0.9627914428710938 0.2684512138366699
vt 0.9508926868438721 0.2684512138366699
vt 0.9508926868438721 0.27847445011138916
vt 0.9354207515716553 0.2684512138366699
vt 0.9627914428710938 0.28883039951324463
vt 0.9354207515716553 0.27847445011138916
vt 0.9508926868438721 0.28883039951324463
vt 0.9627914428710938 0.2973960041999817
vt 0.9354207515716553 0.28883039951324463
vt 0.9508926868438721 0.2973960041999817
vt 0.9354207515716553 0.2973960041999817
vt 0.7070021629333496 0.4270511865615845
vt 0.7046082019805908 0.47131872177124023
vt 0.7225260734558105 0.47173845767974854
vt 0.7281370162963867 0.43127739429473877
vt 0.7379369735717773 0.47394561767578125
vt 0.7308082580566406 0.3474694490432739
vt 0.7456991672515869 0.3133866786956787
vt 0.7316060066223145 0.314136803150177
vt 0.749354362487793 0.3488561511039734
vt 0.7575545310974121 0.3113095164299011
vt 0.7671809196472168 0.35046064853668213
vt 0.7925829887390137 0.2919011116027832
vt 0.7461845874786377 0.43900632858276367
vt 0.7699127197265625 0.4544261693954468
vt 0.7589678764343262 0.48787200450897217
vt 0.7913689613342285 0.39723753929138184
vt 0.8034887313842773 0.32412976026535034
vt 0.8140127658843994 0.27650290727615356
vt 0.8133020401000977 0.35635316371917725
vt 0.8290987014770508 0.3159875273704529
vt 0.8453729152679443 0.2693176865577698
vt 0.83335280418396 0.3437241315841675
vt 0.8252439498901367 0.37952983379364014
vt 0.8454031944274902 0.3145101070404053
vt 0.8766376972198486 0.2762410044670105
vt 0.8448004722595215 0.3434934616088867
vt 0.8352694511413574 0.3853144645690918
vt 0.8163113594055176 0.42589426040649414
vt 0.844419002532959 0.3888155221939087
vt 0.7989747524261475 0.47593772411346436
vt 0.7926349639892578 0.5023353099822998
vt 0.8357725143432617 0.4397313594818115
vt 0.8256080150604248 0.4878009557723999
vt 0.8166580200195312 0.5167438983917236
vt 0.847567081451416 0.44429492950439453
vt 0.8473243713378906 0.49131762981414795
vt 0.8504290580749512 0.5226178169250488
vt 0.8534646034240723 0.3902161121368408
vt 0.8683466911315918 0.48850083351135254
vt 0.8883194923400879 0.5140224695205688
vt 0.8585727214813232 0.44317352771759033
vt 0.8932020664215088 0.4772723913192749
vt 0.8753888607025146 0.4330335855484009
vt 0.862891674041748 0.38763439655303955
vt 0.875432014465332 0.36298251152038574
vt 0.8561270236968994 0.34662604331970215
vt 0.900148868560791 0.4034435749053955
vt 0.8616471290588379 0.31710588932037354
vt 0.8981108665466309 0.2911110520362854
vt 0.8874521255493164 0.3268864154815674
vt 0.9338767528533936 0.30963224172592163
vt 0.9255423545837402 0.3519279956817627
vt 0.9459488391876221 0.3109990358352661
vt 0.9213101863861084 0.45726215839385986
vt 0.8990561962127686 0.4999198913574219
vt 0.9296703338623047 0.5007377862930298
vt 0.9247531890869141 0.4879509210586548
vt 0.9546561241149902 0.48178040981292725
vt 0.9450383186340332 0.44285523891448975
vt 0.943026065826416 0.4784735441207886
vt 0.962470293045044 0.4359623193740845
vt 0.9741954803466797 0.4810675382614136
vt 0.9830849170684814 0.4317586421966553
vt 0.9435811042785645 0.3483284115791321
vt 0.9619235992431641 0.3446968197822571
vt 0.9601025581359863 0.31077706813812256
vt 0.6458761692047119 0.4782469868659973
vt 0.6577749252319336 0.4782469868659973
vt 0.6577749252319336 0.4886401891708374
vt 0.6458761692047119 0.4886401891708374
vt 0.6301264762878418 0.4782469868659973
vt 0.6577749252319336 0.49899613857269287
vt 0.6301264762878418 0.4886401891708374
vt 0.6458761692047119 0.49899613857269287
vt 0.6577749252319336 0.5071917176246643
vt 0.6301264762878418 0.49899613857269287
vt 0.6458761692047119 0.5071917176246643
vt 0.6301264762878418 0.5071917176246643
vt 0.6079020500183105 0.7199756503105164
vt 0.5899841785430908 0.7195559144020081
vt 0.5923781394958496 0.6752883791923523
vt 0.6135129928588867 0.6795145869255066
vt 0.6161842346191406 0.5957066416740417
vt 0.6233129501342773 0.7221828103065491
vt 0.6169819831848145 0.5623739957809448
vt 0.6310751438140869 0.5616238713264465
vt 0.634730339050293 0.5970933437347412
vt 0.6429305076599121 0.559546709060669
vt 0.6525568962097168 0.5986977815628052
vt 0.6779589653015137 0.5401383638381958
vt 0.6315605640411377 0.6872435212135315
vt 0.6552886962890625 0.7026633620262146
vt 0.6443438529968262 0.73610919713974
vt 0.6767449378967285 0.6454747319221497
vt 0.6888647079467773 0.5723669528961182
vt 0.6993887424468994 0.5247401595115662
vt 0.6986780166625977 0.6045903563499451
vt 0.7144746780395508 0.5642247200012207
vt 0.7307488918304443 0.5175549387931824
vt 0.71872878074646 0.5919613242149353
vt 0.7106199264526367 0.627767026424408
vt 0.7016873359680176 0.674131453037262
vt 0.7206454277038574 0.6335516571998596
vt 0.7301764488220215 0.5917306542396545
vt 0.7307791709899902 0.5627472996711731
vt 0.7620136737823486 0.5244782567024231
vt 0.729794979095459 0.6370527148246765
vt 0.7470231056213379 0.5653430819511414
vt 0.7834868431091309 0.539348304271698
vt 0.7415030002593994 0.59486323595047
vt 0.7728281021118164 0.5751235485076904
vt 0.8192527294158936 0.5578694343566895
vt 0.7388405799865723 0.6384533047676086
vt 0.8109183311462402 0.6001651883125305
vt 0.8313248157501221 0.5592362284660339
vt 0.760807991027832 0.6112197041511536
vt 0.785524845123291 0.6516807675361633
vt 0.8289570808410645 0.5965656042098999
vt 0.8454785346984863 0.5590142607688904
vt 0.8472995758056641 0.5929340124130249
vt 0.8684608936309814 0.6799958348274231
vt 0.847846269607544 0.6841995120048523
vt 0.8595714569091797 0.7293047308921814
vt 0.8400321006774902 0.7300176024436951
vt 0.8304142951965332 0.6910924315452576
vt 0.828402042388916 0.7267107367515564
vt 0.8101291656494141 0.7361881136894226
vt 0.8150463104248047 0.7489749789237976
vt 0.8066861629486084 0.7054993510246277
vt 0.7844321727752686 0.7481570839881897
vt 0.7736954689025879 0.7622596621513367
vt 0.7785780429840088 0.7255095839500427
vt 0.7537226676940918 0.7367380261421204
vt 0.7358050346374512 0.7708550095558167
vt 0.7607648372650146 0.6812707781791687
vt 0.7327003479003906 0.7395548224449158
vt 0.7020339965820312 0.7649810910224915
vt 0.748267650604248 0.6358715891838074
vt 0.7439486980438232 0.6914107203483582
vt 0.732943058013916 0.6925321221351624
vt 0.7109839916229248 0.7360381484031677
vt 0.6780109405517578 0.7505725026130676
vt 0.7211484909057617 0.6879685521125793
vt 0.6843507289886475 0.7241749167442322
vt 0.9751899242401123 0.7440760135650635
vt 0.9653499126434326 0.747560977935791
vt 0.972100019454956 0.7422990202903748
vt 0.9825401306152344 0.7413439750671387
vt 0.9839301109313965 0.7436749935150146
vt 0.9771199226379395 0.7418649792671204
vt 0.9765300750732422 0.7403010129928589
vt 0.9834198951721191 0.7394400238990784
vt 0.9653499126434326 0.747560977935791
vt 0.9751899242401123 0.7440760135650635
vt 0.972100019454956 0.7422990202903748
vt 0.9839301109313965 0.7436749935150146
vt 0.9825401306152344 0.7413439750671387
vt 0.9771199226379395 0.7418649792671204
vt 0.9765300750732422 0.7403010129928589
vt 0.9834198951721191 0.7394400238990784
vt 0.516200065612793 0.5203099846839905
vt 0.5077409744262695 0.5151669979095459
vt 0.5094940662384033 0.5129789710044861
vt 0.5172610282897949 0.5176690220832825
vt 0.524137020111084 0.4992939829826355
vt 0.5181479454040527 0.49553102254867554
vt 0.5246920585632324 0.5225160121917725
vt 0.5238659381866455 0.5262560248374939
vt 0.5285735130310059 0.5022150278091431
vt 0.5425701141357422 0.48971301317214966
vt 0.5458989143371582 0.48471903800964355
vt 0.5411040782928467 0.49281203746795654
vt 0.5380434989929199 0.5073040127754211
vt 0.5370509624481201 0.5301399827003479
vt 0.5352630615234375 0.5372070074081421
vt 0.5450296401977539 0.509771466255188
vt 0.5464229583740234 0.5368199944496155
vt 0.5443949699401855 0.5481709837913513
vt 0.5535941123962402 0.5095750093460083
vt 0.5583930015563965 0.538972020149231
vt 0.5539698600769043 0.5566660165786743
vt 0.5635244846343994 0.5091689825057983
vt 0.5641050338745117 0.48615097999572754
vt 0.5693659782409668 0.5411040186882019
vt 0.5679678916931152 0.5631179809570312
vt 0.5778670310974121 0.5391910076141357
vt 0.579056978225708 0.5615670084953308
vt 0.5745759010314941 0.5087795257568359
vt 0.5815770626068115 0.5397650003433228
vt 0.585097074508667 0.5549420118331909
vt 0.5878019332885742 0.5607179999351501
vt 0.5890989303588867 0.5445320010185242
vt 0.5786130428314209 0.5089144706726074
vt 0.584460973739624 0.5091714859008789
vt 0.5704209804534912 0.48689401149749756
vt 0.5745401382446289 0.4718359708786011
vt 0.5552840232849121 0.4804059863090515
vt 0.557513952255249 0.47235649824142456
vt 0.5692355632781982 0.471124529838562
vt 0.5740499496459961 0.4581500291824341
vt 0.562706470489502 0.47224748134613037
vt 0.5603160858154297 0.45844101905822754
vt 0.5702948570251465 0.45864999294281006
vt 0.573188066482544 0.45692896842956543
vt 0.5658259391784668 0.4588479995727539
vt 0.5610120296478271 0.455996036529541
vt 0.5698750019073486 0.4567500352859497
vt 0.5665669441223145 0.4563319683074951
vt 0.5644631385803223 0.4487600326538086
vt 0.5672690868377686 0.45127296447753906
vt 0.5717580318450928 0.4505859613418579
vt 0.5672259330749512 0.43884700536727905
vt 0.5713138580322266 0.4471360445022583
vt 0.569188117980957 0.4443190097808838
vt 0.5703201293945312 0.4393119812011719
vt 0.571599006652832 0.44152599573135376
vt 0.5094940662384033 0.5129789710044861
vt 0.5077409744262695 0.5151669979095459
vt 0.516200065612793 0.5203099846839905
vt 0.5172610282897949 0.5176690220832825
vt 0.5246920585632324 0.5225160121917725
vt 0.5238659381866455 0.5262560248374939
vt 0.524137020111084 0.4992939829826355
vt 0.5181479454040527 0.49553102254867554
vt 0.5285735130310059 0.5022150278091431
vt 0.5370509624481201 0.5301399827003479
vt 0.5352630615234375 0.5372070074081421
vt 0.5380434989929199 0.5073040127754211
vt 0.5411040782928467 0.49281203746795654
vt 0.5425701141357422 0.48971301317214966
vt 0.5458989143371582 0.48471903800964355
vt 0.5450296401977539 0.509771466255188
vt 0.5535941123962402 0.5095750093460083
vt 0.5464229583740234 0.5368199944496155
vt 0.5443949699401855 0.5481709837913513
vt 0.5583930015563965 0.538972020149231
vt 0.5539698600769043 0.5566660165786743
vt 0.5635244846343994 0.5091689825057983
vt 0.5641050338745117 0.48615097999572754
vt 0.5693659782409668 0.5411040186882019
vt 0.5679678916931152 0.5631179809570312
vt 0.5778670310974121 0.5391910076141357
vt 0.579056978225708 0.5615670084953308
vt 0.5745759010314941 0.5087795257568359
vt 0.5815770626068115 0.5397650003433228
vt 0.585097074508667 0.5549420118331909
vt 0.5878019332885742 0.5607179999351501
vt 0.5890989303588867 0.5445320010185242
vt 0.5786130428314209 0.5089144706726074
vt 0.584460973739624 0.5091714859008789
vt 0.5704209804534912 0.48689401149749756
vt 0.5745401382446289 0.4718359708786011
vt 0.557513952255249 0.47235649824142456
vt 0.5552840232849121 0.4804059863090515
vt 0.5692355632781982 0.471124529838562
vt 0.5740499496459961 0.4581500291824341
vt 0.562706470489502 0.47224748134613037
vt 0.5603160858154297 0.45844101905822754
vt 0.5702948570251465 0.45864999294281006
vt 0.573188066482544 0.45692896842956543
vt 0.5658259391784668 0.4588479995727539
vt 0.5610120296478271 0.455996036529541
vt 0.5698750019073486 0.4567500352859497
vt 0.5665669441223145 0.4563319683074951
vt 0.5644631385803223 0.4487600326538086
vt 0.5672690868377686 0.45127296447753906
vt 0.5717580318450928 0.4505859613418579
vt 0.5672259330749512 0.43884700536727905
vt 0.5713138580322266 0.4471360445022583
vt 0.569188117980957 0.4443190097808838
vt 0.5703201293945312 0.4393119812011719
vt 0.571599006652832 0.44152599573135376
vt 0.3400599956512451 0.8688979744911194
vt 0.3321099281311035 0.8937990069389343
vt 0.2815399169921875 0.8985069990158081
vt 0.39367496967315674 0.8765649795532227
vt 0.28149986267089844 0.8629270195960999
vt 0.23089003562927246 0.8935660123825073
vt 0.35406994819641113 0.822808027267456
vt 0.2229599952697754 0.8690040111541748
vt 0.16945505142211914 0.8761054873466492
vt 0.2814199924468994 0.816785991191864
vt 0.2087700366973877 0.8229489922523499
vt 0.42445993423461914 0.8412190079689026
vt 0.44366002082824707 0.8505650162696838
vt 0.4535350799560547 0.7730804681777954
vt 0.5056600570678711 0.7915350198745728
vt 0.36794495582580566 0.7578250169754028
vt 0.4737100601196289 0.6805030107498169
vt 0.5467500686645508 0.6864415407180786
vt 0.527452826499939 0.5821226239204407
vt 0.2813451290130615 0.7532559633255005
vt 0.4670848846435547 0.5870565176010132
vt 0.43463993072509766 0.4944570064544678
vt 0.37716007232666016 0.6765940189361572
vt 0.37415504455566406 0.5969719886779785
vt 0.35913991928100586 0.512754499912262
vt 0.34045982360839844 0.44503599405288696
vt 0.28127503395080566 0.5998334884643555
vt 0.2813100814819336 0.5181149840354919
vt 0.2813601493835449 0.44380348920822144
vt 0.2812800407409668 0.6754939556121826
vt 0.18839001655578613 0.5969854593276978
vt 0.20347976684570312 0.5127235054969788
vt 0.22227001190185547 0.4450100064277649
vt 0.12812495231628418 0.49479949474334717
vt 0.09545516967773438 0.5870504975318909
vt 0.036477264016866684 0.5824508666992188
vt 0.18540501594543457 0.6766765117645264
vt 0.08884501457214355 0.6806795001029968
vt 0.01732492446899414 0.6865500211715698
vt 0.058300018310546875 0.7914185523986816
vt 0.19474506378173828 0.7579599618911743
vt 0.10918998718261719 0.7733944654464722
vt 0.13845014572143555 0.8415589928627014
vt 0.12026000022888184 0.8504350185394287
vt 0.8643651008605957 0.24739766120910645
vt 0.9823198318481445 0.24739766120910645
vt 0.9823198318481445 0.21794074773788452
vt 0.9823198318481445 0.24739766120910645
vt 0.8643651008605957 0.21794074773788452
vt 0.9823198318481445 0.195065438747406
vt 0.8643651008605957 0.24739766120910645
vt 0.9823198318481445 0.21794074773788452
vt 0.8326349258422852 0.24739766120910645
vt 0.8643651008605957 0.195065438747406
vt 0.9823198318481445 0.1668766736984253
vt 0.8643651008605957 0.21794074773788452
vt 0.9823198318481445 0.195065438747406
vt 0.8643651008605957 0.1668766736984253
vt 0.9823198318481445 0.1386515498161316
vt 0.8326349258422852 0.21794074773788452
vt 0.8326349258422852 0.195065438747406
vt 0.8643651008605957 0.1386515498161316
vt 0.9823198318481445 0.11062109470367432
vt 0.8326349258422852 0.1668766736984253
vt 0.7143399715423584 0.21794074773788452
vt 0.7143399715423584 0.24739766120910645
vt 0.7143399715423584 0.195065438747406
vt 0.7143399715423584 0.24739766120910645
vt 0.7143399715423584 0.1668766736984253
vt 0.8326349258422852 0.24739766120910645
vt 0.7143399715423584 0.21794074773788452
vt 0.8326349258422852 0.21794074773788452
vt 0.7143399715423584 0.195065438747406
vt 0.8326349258422852 0.195065438747406
vt 0.7143399715423584 0.1668766736984253
vt 0.8643651008605957 0.195065438747406
vt 0.8326349258422852 0.1668766736984253
vt 0.7143399715423584 0.1386515498161316
vt 0.8643651008605957 0.1668766736984253
vt 0.9823198318481445 0.1668766736984253
vt 0.8326349258422852 0.1386515498161316
vt 0.7143399715423584 0.11062109470367432
vt 0.8643651008605957 0.1386515498161316
vt 0.9823198318481445 0.1386515498161316
vt 0.9823198318481445 0.11062109470367432
vt 0.8643651008605957 0.11062109470367432
vt 0.9823198318481445 0.08034265041351318
vt 0.8326349258422852 0.11062109470367432
vt 0.7143399715423584 0.08034265041351318
vt 0.8643651008605957 0.08034265041351318
vt 0.8643651008605957 0.05559992790222168
vt 0.9823198318481445 0.05559992790222168
vt 0.8326349258422852 0.08034265041351318
vt 0.8643651008605957 0.026081979274749756
vt 0.8326349258422852 0.05559992790222168
vt 0.7143399715423584 0.05559992790222168
vt 0.9823198318481445 0.026081979274749756
vt 0.8326349258422852 0.026081979274749756
vt 0.7143399715423584 0.026081979274749756
vt 0.7143399715423584 0.026081979274749756
vt 0.8326349258422852 0.026081979274749756
vt 0.7143399715423584 0.05559992790222168
vt 0.8643651008605957 0.026081979274749756
vt 0.9823198318481445 0.026081979274749756
vt 0.8326349258422852 0.05559992790222168
vt 0.7143399715423584 0.08034265041351318
vt 0.8643651008605957 0.05559992790222168
vt 0.9823198318481445 0.05559992790222168
vt 0.8326349258422852 0.08034265041351318
vt 0.8643651008605957 0.08034265041351318
vt 0.9823198318481445 0.08034265041351318
vt 0.8326349258422852 0.11062109470367432
vt 0.7143399715423584 0.11062109470367432
vt 0.8643651008605957 0.11062109470367432
vt 0.8326349258422852 0.1386515498161316
vt 0.7143399715423584 0.1386515498161316
vt 0.6504099369049072 0.7685760259628296
vt 0.5930500030517578 0.7609390020370483
vt 0.5930500030517578 0.7781100273132324
vt 0.6504099369049072 0.7685750126838684
vt 0.6409480571746826 0.7851389646530151
vt 0.7239699363708496 0.7996619939804077
vt 0.6409480571746826 0.7851390242576599
vt 0.7239699363708496 0.7996619939804077
vt 0.69427490234375 0.8099440336227417
vt 0.69427490234375 0.8099439740180969
vt 0.7108800411224365 0.8492950201034546
vt 0.7108800411224365 0.8492950201034546
vt 0.7324728965759277 0.887194037437439
vt 0.7324728965759277 0.8871939778327942
vt 0.6666750907897949 0.8152260184288025
vt 0.6290531158447266 0.8005470037460327
vt 0.5930500030517578 0.7923200130462646
vt 0.6290531158447266 0.8005470037460327
vt 0.5930500030517578 0.806136965751648
vt 0.6181550025939941 0.8186990022659302
vt 0.6181550025939941 0.8186990022659302
vt 0.6666750907897949 0.8152259588241577
vt 0.5930500030517578 0.8292770385742188
vt 0.688194990158081 0.8362809419631958
vt 0.6779699325561523 0.8415050506591797
vt 0.6474499702453613 0.8250000476837158
vt 0.6109180450439453 0.8392410278320312
vt 0.6654548645019531 0.8443620204925537
vt 0.6376099586486816 0.8409169912338257
vt 0.6933450698852539 0.8580050468444824
vt 0.6686201095581055 0.8610609769821167
vt 0.6372859477996826 0.8627829551696777
vt 0.6078629493713379 0.8614239692687988
vt 0.6418719291687012 0.8926149606704712
vt 0.676422119140625 0.891226053237915
vt 0.704625129699707 0.8895809650421143
vt 0.6793498992919922 0.907088041305542
vt 0.6965599060058594 0.9078329801559448
vt 0.6496748924255371 0.9135260581970215
vt 0.6633999347686768 0.9279830455780029
vt 0.7129650115966797 0.9089599847793579
vt 0.6162328720092773 0.9182330369949341
vt 0.6825151443481445 0.9367979764938354
vt 0.7116451263427734 0.9429219961166382
vt 0.6466031074523926 0.9712250232696533
vt 0.6249499320983887 0.9378659725189209
vt 0.6361000537872314 0.9555079936981201
vt 0.5930500030517578 0.97986900806427
vt 0.5930500030517578 0.92842698097229
vt 0.5930500030517578 0.9641280174255371
vt 0.5930500030517578 0.9503439664840698
vt 0.6361000537872314 0.9555079936981201
vt 0.6466031074523926 0.9712250232696533
vt 0.6249499320983887 0.9378659725189209
vt 0.6825151443481445 0.9367979764938354
vt 0.7116451263427734 0.9429219961166382
vt 0.7129650115966797 0.9089599847793579
vt 0.6965599060058594 0.9078329801559448
vt 0.704625129699707 0.8895819783210754
vt 0.6633999347686768 0.9279829859733582
vt 0.6793498992919922 0.9070879817008972
vt 0.6162328720092773 0.9182329773902893
vt 0.6496748924255371 0.9135259985923767
vt 0.676422119140625 0.8912259936332703
vt 0.6418719291687012 0.892615020275116
vt 0.6105399131774902 0.8998379707336426
vt 0.6372859477996826 0.8627830147743225
vt 0.6933450698852539 0.8580049872398376
vt 0.6686201095581055 0.8610619902610779
vt 0.6376099586486816 0.8409169912338257
vt 0.6654548645019531 0.8443620204925537
vt 0.6779699325561523 0.8415049910545349
vt 0.688194990158081 0.8362799882888794
vt 0.6474499702453613 0.824999988079071
vt 0.6109180450439453 0.8392410278320312
vt 0.6078629493713379 0.8614240288734436
vt 0.5930500030517578 0.8568340539932251
vt 0.5930500030517578 0.9031219482421875
vt 0.6105399131774902 0.8998379707336426
vt 0.14947295188903809 0.9182389974594116
vt 0.12721490859985352 0.9059900045394897
vt 0.1400899887084961 0.886568009853363
vt 0.11673998832702637 0.8617870211601257
vt 0.12721490859985352 0.9059900045394897
vt 0.1272139549255371 0.9304860234260559
vt 0.1272139549255371 0.9304859638214111
vt 0.1044769287109375 0.8991180062294006
vt 0.14008808135986328 0.9499080181121826
vt 0.1044759750366211 0.9373549818992615
vt 0.1044769287109375 0.8991179466247559
vt 0.1044759750366211 0.9373550415039062
vt 0.11673808097839355 0.9746879935264587
vt 0.08204793930053711 0.8523629903793335
vt 0.08204793930053711 0.896994948387146
vt 0.08204793930053711 0.9394760131835938
vt 0.08204793930053711 0.9841079711914062
vt 0.08204793930053711 0.9394760131835938
vt 0.04733610153198242 0.9746620059013367
vt 0.059593915939331055 0.9373680353164673
vt 0.08204793930053711 0.8969950079917908
vt 0.059593915939331055 0.9373679757118225
vt 0.023999929428100586 0.9498509764671326
vt 0.05963397026062012 0.8991090059280396
vt 0.036878108978271484 0.930404007434845
vt 0.036878108978271484 0.9304039478302002
vt 0.036891937255859375 0.9059339761734009
vt 0.014626026153564453 0.9181770086288452
vt 0.04737496376037598 0.8617609739303589
vt 0.024018049240112305 0.8865180015563965
vt 0.036891937255859375 0.9059339761734009
vt 0.05963397026062012 0.8991090059280396
vt 0.14947295188903809 0.9182389974594116
vt 0.12721490859985352 0.9059900045394897
vt 0.1400899887084961 0.886568009853363
vt 0.11673998832702637 0.8617870211601257
vt 0.12721490859985352 0.9059900045394897
vt 0.1272139549255371 0.9304860234260559
vt 0.1272139549255371 0.9304859638214111
vt 0.1044769287109375 0.8991180062294006
vt 0.14008808135986328 0.9499080181121826
vt 0.1044759750366211 0.9373549818992615
vt 0.1044769287109375 0.8991179466247559
vt 0.1044759750366211 0.9373550415039062
vt 0.11673808097839355 0.9746879935264587
vt 0.08204793930053711 0.8523629903793335
vt 0.08204793930053711 0.896994948387146
vt 0.08204793930053711 0.9394760131835938
vt 0.08204793930053711 0.9841079711914062
vt 0.08204793930053711 0.9394760131835938
vt 0.04733610153198242 0.9746620059013367
vt 0.059593915939331055 0.9373680353164673
vt 0.08204793930053711 0.8969950079917908
vt 0.059593915939331055 0.9373679757118225
vt 0.023999929428100586 0.9498509764671326
vt 0.05963397026062012 0.8991090059280396
vt 0.036878108978271484 0.930404007434845
vt 0.036878108978271484 0.9304039478302002
vt 0.036891937255859375 0.9059339761734009
vt 0.014626026153564453 0.9181770086288452
vt 0.04737496376037598 0.8617609739303589
vt 0.024018049240112305 0.8865180015563965
vt 0.036891937255859375 0.9059339761734009
vt 0.05963397026062012 0.8991090059280396
vt 0.14947295188903809 0.9182389974594116
vt 0.1400899887084961 0.886568009853363
vt 0.12721490859985352 0.9059900045394897
vt 0.11673998832702637 0.8617870211601257
vt 0.12721490859985352 0.9059900045394897
vt 0.1272139549255371 0.9304860234260559
vt 0.1044769287109375 0.8991180062294006
vt 0.1272139549255371 0.9304859638214111
vt 0.14008808135986328 0.9499080181121826
vt 0.1044769287109375 0.8991179466247559
vt 0.1044759750366211 0.9373549818992615
vt 0.1044759750366211 0.9373550415039062
vt 0.11673808097839355 0.9746879935264587
vt 0.08204793930053711 0.8969950079917908
vt 0.08204793930053711 0.8523629903793335
vt 0.08204793930053711 0.896994948387146
vt 0.08204793930053711 0.9394760131835938
vt 0.05963397026062012 0.8991090059280396
vt 0.08204793930053711 0.9841079711914062
vt 0.059593915939331055 0.9373680353164673
vt 0.04733610153198242 0.9746620059013367
vt 0.08204793930053711 0.9394760131835938
vt 0.059593915939331055 0.9373679757118225
vt 0.023999929428100586 0.9498509764671326
vt 0.036878108978271484 0.9304039478302002
vt 0.036878108978271484 0.930404007434845
vt 0.05963397026062012 0.8991090059280396
vt 0.014626026153564453 0.9181770086288452
vt 0.036891937255859375 0.9059339761734009
vt 0.04737496376037598 0.8617609739303589
vt 0.024018049240112305 0.8865180015563965
vt 0.036891937255859375 0.9059339761734009
vt 0.14947295188903809 0.9182389974594116
vt 0.1400899887084961 0.886568009853363
vt 0.12721490859985352 0.9059900045394897
vt 0.11673998832702637 0.8617870211601257
vt 0.12721490859985352 0.9059900045394897
vt 0.1272139549255371 0.9304860234260559
vt 0.1044769287109375 0.8991180062294006
vt 0.1272139549255371 0.9304859638214111
vt 0.14008808135986328 0.9499080181121826
vt 0.1044769287109375 0.8991179466247559
vt 0.1044759750366211 0.9373549818992615
vt 0.1044759750366211 0.9373550415039062
vt 0.11673808097839355 0.9746879935264587
vt 0.08204793930053711 0.8969950079917908
vt 0.08204793930053711 0.8523629903793335
vt 0.08204793930053711 0.896994948387146
vt 0.08204793930053711 0.9394760131835938
vt 0.05963397026062012 0.8991090059280396
vt 0.08204793930053711 0.9841079711914062
vt 0.059593915939331055 0.9373680353164673
vt 0.04733610153198242 0.9746620059013367
vt 0.08204793930053711 0.9394760131835938
vt 0.059593915939331055 0.9373679757118225
vt 0.023999929428100586 0.9498509764671326
vt 0.036878108978271484 0.9304039478302002
vt 0.036878108978271484 0.930404007434845
vt 0.05963397026062012 0.8991090059280396
vt 0.014626026153564453 0.9181770086288452
vt 0.036891937255859375 0.9059339761734009
vt 0.04737496376037598 0.8617609739303589
vt 0.024018049240112305 0.8865180015563965
vt 0.036891937255859375 0.9059339761734009
vt 0.14947295188903809 0.9182389974594116
vt 0.12721490859985352 0.9059900045394897
vt 0.1400899887084961 0.886568009853363
vt 0.11673998832702637 0.8617870211601257
vt 0.12721490859985352 0.9059900045394897
vt 0.1272139549255371 0.9304860234260559
vt 0.1272139549255371 0.9304859638214111
vt 0.1044769287109375 0.8991180062294006
vt 0.14008808135986328 0.9499080181121826
vt 0.1044759750366211 0.9373549818992615
vt 0.1044769287109375 0.8991179466247559
vt 0.1044759750366211 0.9373550415039062
vt 0.11673808097839355 0.9746879935264587
vt 0.08204793930053711 0.8523629903793335
vt 0.08204793930053711 0.896994948387146
vt 0.08204793930053711 0.9394760131835938
vt 0.08204793930053711 0.9841079711914062
vt 0.08204793930053711 0.9394760131835938
vt 0.04733610153198242 0.9746620059013367
vt 0.059593915939331055 0.9373680353164673
vt 0.08204793930053711 0.8969950079917908
vt 0.059593915939331055 0.9373679757118225
vt 0.023999929428100586 0.9498509764671326
vt 0.05963397026062012 0.8991090059280396
vt 0.036878108978271484 0.930404007434845
vt 0.036878108978271484 0.9304039478302002
vt 0.036891937255859375 0.9059339761734009
vt 0.014626026153564453 0.9181770086288452
vt 0.04737496376037598 0.8617609739303589
vt 0.024018049240112305 0.8865180015563965
vt 0.036891937255859375 0.9059339761734009
vt 0.05963397026062012 0.8991090059280396
vt 0.5595841407775879 0.9622355699539185
vt 0.5132193565368652 0.9840453863143921
vt 0.5132193565368652 0.9501535892486572
vt 0.5132193565368652 0.9501535892486572
vt 0.4668393135070801 0.9621940851211548
vt 0.5491032600402832 0.9413041472434998
vt 0.4773221015930176 0.9412685632705688
vt 0.5132193565368652 0.9181730151176453
vt 0.5806443691253662 0.9181762337684631
vt 0.5456790924072266 0.9181747436523438
vt 0.480776309967041 0.9181438684463501
vt 0.5132193565368652 0.8861924409866333
vt 0.5491042137145996 0.8950457572937012
vt 0.47734618186950684 0.8950126767158508
vt 0.4457974433898926 0.9181146025657654
vt 0.5132193565368652 0.8523008227348328
vt 0.46686768531799316 0.8740770220756531
vt 0.4773221015930176 0.9412685632705688
vt 0.47734618186950684 0.8950126767158508
vt 0.480776309967041 0.9181438684463501
vt 0.5132193565368652 0.91817307472229
vt 0.5132193565368652 0.8861924409866333
vt 0.5491032600402832 0.9413041472434998
vt 0.5456790924072266 0.9181747436523438
vt 0.5491042137145996 0.8950457572937012
vt 0.5595860481262207 0.8741151690483093
vt 0.9614560604095459 0.9923532009124756
vt 0.5642077922821045 0.9923532009124756
vt 0.5433788299560547 0.986113965511322
vt 0.9824180603027344 0.9854046106338501
vt 0.5364320278167725 0.9648643732070923
vt 0.9886584281921387 0.9648643732070923
vt 0.9886584281921387 0.5676159262657166
vt 0.5364320278167725 0.5676159262657166
vt 0.9817116260528564 0.5463657975196838
vt 0.5426719188690186 0.5470754504203796
vt 0.5636334419250488 0.5401266813278198
vt 0.9608824253082275 0.5401266813278198
vt 0.9890627861022949 0.360534131526947
vt 0.9890627861022949 0.5239363312721252
vt 0.9575433731079102 0.5239363312721252
vt 0.9575433731079102 0.360534131526947
vt 0.9260613918304443 0.5239363312721252
vt 0.9260613918304443 0.360534131526947
vt 0.894580602645874 0.5239363312721252
vt 0.894580602645874 0.360534131526947
vt 0.8630619049072266 0.5239363312721252
vt 0.8630616664886475 0.360534131526947
vt 0.8630619049072266 0.5239363312721252
vt 0.8630619049072266 0.36053401231765747
vt 0.894580602645874 0.36053401231765747
vt 0.894580602645874 0.5239362716674805
vt 0.9260613918304443 0.36053401231765747
vt 0.9260613918304443 0.5239363312721252
vt 0.9575433731079102 0.36053401231765747
vt 0.9575433731079102 0.5239363312721252
vt 0.989063024520874 0.36053401231765747
vt 0.989063024520874 0.5239363312721252
vt 0.7985444068908691 0.01051795482635498
vt 0.8444299697875977 0.01051795482635498
vt 0.8444299697875977 0.03961789608001709
vt 0.7985444068908691 0.03961789608001709
vt 0.8444299697875977 0.06934136152267456
vt 0.7985444068908691 0.06934136152267456
vt 0.7985444068908691 0.2967190742492676
vt 0.8444299697875977 0.5242501497268677
vt 0.7985444068908691 0.5242501497268677
vt 0.7985444068908691 0.01051795482635498
vt 0.8444299697875977 0.01051795482635498
vt 0.8444299697875977 0.03961789608001709
vt 0.7985444068908691 0.03961789608001709
vt 0.8444299697875977 0.06934136152267456
vt 0.7985444068908691 0.06934136152267456
vt 0.7985444068908691 0.2967190742492676
vt 0.8444299697875977 0.5242501497268677
vt 0.7985444068908691 0.5242501497268677
vt 0.5344910621643066 0.04126858711242676
vt 0.5344910621643066 0.49338650703430176
vt 0.5422708988189697 0.517276406288147
vt 0.5422708988189697 0.017377853393554688
vt 0.5648269653320312 0.5242993831634521
vt 0.5648269653320312 0.01036369800567627
vt 0.7818729877471924 0.5242993831634521
vt 0.7818729877471924 0.01036369800567627
vt 0.5648269653320312 0.5242993831634521
vt 0.5648269653320312 0.01036369800567627
vt 0.5422708988189697 0.517276406288147
vt 0.5422708988189697 0.017377853393554688
vt 0.5344910621643066 0.04126858711242676
vt 0.5344910621643066 0.49338650703430176
vt 0.48231664299964905 0.5165170431137085
vt 0.5100747346878052 0.5165170431137085
vt 0.5100747346878052 0.9921324849128723
vt 0.48231664299964905 0.9921324849128723
vt 0.045459870249032974 0.5165170431137085
vt 0.045459870249032974 0.9921324849128723
vt 0.01770198717713356 0.9921324849128723
vt 0.01770198717713356 0.5165170431137085
vt 0.48231664299964905 0.516516923904419
vt 0.5100747346878052 0.516516923904419
vt 0.5100747346878052 0.9921324253082275
vt 0.48231664299964905 0.9921324253082275
vt 0.045459870249032974 0.5165170431137085
vt 0.045459870249032974 0.9921324253082275
vt 0.01770174875855446 0.9921324253082275
vt 0.01770174875855446 0.5165170431137085
vt 0.48231661319732666 0.5165170431137085
vt 0.5100747346878052 0.5165170431137085
vt 0.5100747346878052 0.9921325445175171
vt 0.48231661319732666 0.9921325445175171
vt 0.045459866523742676 0.5165170431137085
vt 0.045459866523742676 0.9921324849128723
vt 0.01770174503326416 0.9921324849128723
vt 0.01770174503326416 0.5165170431137085
vt 0.48231661319732666 0.5165170431137085
vt 0.5100749731063843 0.5165170431137085
vt 0.5100749731063843 0.9921324253082275
vt 0.48231661319732666 0.9921324253082275
vt 0.045459866523742676 0.516516923904419
vt 0.045459866523742676 0.9921324253082275
vt 0.01770174503326416 0.9921324253082275
vt 0.01770174503326416 0.516516923904419
vt 0.8444299697875977 0.06934136152267456
vt 0.8444299697875977 0.5242501497268677
vt 0.7985444068908691 0.5242501497268677
vt 0.7985444068908691 0.06934136152267456
vt 0.8444299697875977 0.03961789608001709
vt 0.7985444068908691 0.03961789608001709
vt 0.8444299697875977 0.01051795482635498
vt 0.7985444068908691 0.01051795482635498
vt 0.7985444068908691 0.03961789608001709
vt 0.7985444068908691 0.01051795482635498
vt 0.8444299697875977 0.01051795482635498
vt 0.8444299697875977 0.03961789608001709
vt 0.7985444068908691 0.06934136152267456
vt 0.8444299697875977 0.06934136152267456
vt 0.8444299697875977 0.5242501497268677
vt 0.7985444068908691 0.5242501497268677
vt 0.9405913352966309 0.2688695192337036
vt 0.9405913352966309 0.33860963582992554
vt 0.9393749237060547 0.34228968620300293
vt 0.9394924640655518 0.2652130722999573
vt 0.935765266418457 0.26399677991867065
vt 0.935765266418457 0.34338855743408203
vt 0.8660252094268799 0.26399677991867065
vt 0.8660252094268799 0.34338855743408203
vt 0.8624155521392822 0.265095591545105
vt 0.8622980117797852 0.3421722650527954
vt 0.8611993789672852 0.3385157585144043
vt 0.8611993789672852 0.2687756419181824
vt 0.5112729072570801 0.4949038028717041
vt 0.4862184524536133 0.5019088983535767
vt 0.042751312255859375 0.5018962621688843
vt 0.017698049545288086 0.49488937854766846
vt 0.009226560592651367 0.4701032042503357
vt 0.5197453498840332 0.4701167345046997
vt 0.009239435195922852 0.040261685848236084
vt 0.5197582244873047 0.040276169776916504
vt 0.017711877822875977 0.015472590923309326
vt 0.5112869739532471 0.01548612117767334
vt 0.4862334728240967 0.008481085300445557
vt 0.04276633262634277 0.00846850872039795
vt 0.9720473289489746 0.31207358837127686
vt 0.984339714050293 0.3178255558013916
vt 0.9712116718292236 0.3298748731613159
vt 0.9592270851135254 0.3168196678161621
vt 0.989105224609375 0.3304903507232666
vt 0.953587532043457 0.32935333251953125
vt 0.983548641204834 0.34282630681991577
vt 0.9584498405456543 0.3422119617462158
vt 0.9709386825561523 0.3477628231048584
vt 0.9748075008392334 0.262861967086792
vt 0.972430944442749 0.2807304263114929
vt 0.9615936279296875 0.26658427715301514
vt 0.9864983558654785 0.2697237730026245
vt 0.9549572467803955 0.2787666916847229
vt 0.9900288581848145 0.2827116847038269
vt 0.9587242603302002 0.29211747646331787
vt 0.9837002754211426 0.29458922147750854
vt 0.9707789421081543 0.2986813187599182
vt 0.007554395589977503 0.7869136333465576
vt 0.007554395589977503 0.5872195959091187
vt 0.038280561566352844 0.5872195959091187
vt 0.038280561566352844 0.7869136333465576
vt 0.06545049697160721 0.5872195959091187
vt 0.06545049697160721 0.7869136333465576
vt 0.09297975897789001 0.5872195959091187
vt 0.09297975897789001 0.7869136333465576
vt 0.12076074630022049 0.5872195959091187
vt 0.12076074630022049 0.7869136333465576
vt 0.14858470857143402 0.5872195959091187
vt 0.14858470857143402 0.7869136333465576
vt 0.17640185356140137 0.5872195959091187
vt 0.17640185356140137 0.7869136333465576
vt 0.20366238057613373 0.5872195959091187
vt 0.20366238057613373 0.7869136333465576
vt 0.23190365731716156 0.5872195959091187
vt 0.23190365731716156 0.7869136333465576
vt 0.2595278322696686 0.5872195959091187
vt 0.2595278322696686 0.7869136333465576
vt 0.2870640754699707 0.5872195959091187
vt 0.28706493973731995 0.7869136333465576
vt 0.3145643174648285 0.5872195959091187
vt 0.3145643174648285 0.7869136333465576
vt 0.34197667241096497 0.5872195959091187
vt 0.34197667241096497 0.7869136333465576
vt 0.38077783584594727 0.6723632216453552
vt 0.38077783584594727 0.6243367195129395
vt 0.38077783584594727 0.5872195959091187
vt 0.42343366146087646 0.5872195959091187
vt 0.42343366146087646 0.6243367195129395
vt 0.42343366146087646 0.6723632216453552
vt 0.42343366146087646 0.7154837250709534
vt 0.38077783584594727 0.7154837250709534
vt 0.42343366146087646 0.7582607269287109
vt 0.38077783584594727 0.7582607269287109
vt 0.38077783584594727 0.7869136333465576
vt 0.42343366146087646 0.7869136333465576
vt 0.0384240597486496 0.9926344156265259
vt 0.007515758275985718 0.9926344156265259
vt 0.007515758275985718 0.7953408360481262
vt 0.0384240597486496 0.7953408360481262
vt 0.06575479358434677 0.9926344156265259
vt 0.06575479358434677 0.7953408360481262
vt 0.09344958513975143 0.9926344156265259
vt 0.09344958513975143 0.7953408360481262
vt 0.12139621376991272 0.9926344156265259
vt 0.12139621376991272 0.7953408360481262
vt 0.1493866741657257 0.9926344156265259
vt 0.1493866741657257 0.7953408360481262
vt 0.17737047374248505 0.9926344156265259
vt 0.17737047374248505 0.7953408360481262
vt 0.20479357242584229 0.9926344156265259
vt 0.2047930359840393 0.7953408360481262
vt 0.233204185962677 0.9926344156265259
vt 0.2332034707069397 0.7953408360481262
vt 0.26099351048469543 0.9926344156265259
vt 0.26099279522895813 0.7953408360481262
vt 0.2886944115161896 0.9926344156265259
vt 0.2886944115161896 0.7953408360481262
vt 0.31635960936546326 0.9926344156265259
vt 0.31635960936546326 0.7953408360481262
vt 0.3439369797706604 0.9926344156265259
vt 0.3439369797706604 0.7953408360481262
vt 0.38296738266944885 0.9123867750167847
vt 0.38296738266944885 0.9607471227645874
vt 0.38296738266944885 0.9926344156265259
vt 0.42587828636169434 0.9926344156265259
vt 0.42587828636169434 0.9607471227645874
vt 0.42587828636169434 0.9123867750167847
vt 0.42587828636169434 0.8688202500343323
vt 0.38296738266944885 0.8688202500343323
vt 0.42587828636169434 0.8257075548171997
vt 0.38296738266944885 0.8257075548171997
vt 0.38296738266944885 0.7953408360481262
vt 0.42587828636169434 0.7953408360481262
vt 0.5953648686408997 0.01856386661529541
vt 0.613071620464325 0.022140562534332275
vt 0.6199724078178406 0.07233095169067383
vt 0.6037870645523071 0.07206439971923828
vt 0.6329547166824341 0.12323600053787231
vt 0.5361008644104004 0.02145618200302124
vt 0.6177260875701904 0.12438595294952393
vt 0.6434792280197144 0.17562854290008545
vt 0.5499141812324524 0.07887685298919678
vt 0.46408337354660034 0.0447613000869751
vt 0.6289579272270203 0.1768343448638916
vt 0.6486010551452637 0.24444550275802612
vt 0.5659528374671936 0.13191646337509155
vt 0.48668789863586426 0.0964810848236084
vt 0.4013996720314026 0.08960813283920288
vt 0.6343644261360168 0.24454188346862793
vt 0.6438289880752563 0.31402063369750977
vt 0.4284629821777344 0.126173734664917
vt 0.35615476965904236 0.1510186791419983
vt 0.5058237314224243 0.14477312564849854
vt 0.5781111121177673 0.18200910091400146
vt 0.37747642397880554 0.16864615678787231
vt 0.32973378896713257 0.2490459680557251
vt 0.44857534766197205 0.16323047876358032
vt 0.5191600918769836 0.19021940231323242
vt 0.39293450117111206 0.19005292654037476
vt 0.4619743824005127 0.19984960556030273
vt 0.4033501446247101 0.21344876289367676
vt 0.5839682817459106 0.24401938915252686
vt 0.5254147052764893 0.2457728385925293
vt 0.4682720899581909 0.2460561990737915
vt 0.5791464447975159 0.3064563274383545
vt 0.4083751440048218 0.2452867031097412
vt 0.520282506942749 0.30124545097351074
vt 0.463340163230896 0.29233241081237793
vt 0.6294220685958862 0.3128436803817749
vt 0.5719702839851379 0.33651721477508545
vt 0.6225879192352295 0.3444979190826416
vt 0.6373608112335205 0.3458261489868164
vt 0.5125612020492554 0.328033983707428
vt 0.5625962615013123 0.37578487396240234
vt 0.6136607527732849 0.3858468532562256
vt 0.628911554813385 0.38737279176712036
vt 0.6145287752151489 0.43796586990356445
vt 0.5981899499893188 0.4376469850540161
vt 0.6053082942962646 0.48787105083465576
vt 0.5878832936286926 0.4907529354095459
vt 0.5449197292327881 0.4285823106765747
vt 0.5294232964515686 0.48568296432495117
vt 0.5024751424789429 0.36302709579467773
vt 0.4819437861442566 0.41024255752563477
vt 0.457950621843338 0.46101605892181396
vt 0.45573753118515015 0.31403273344039917
vt 0.44580647349357605 0.34237921237945557
vt 0.42461270093917847 0.37838733196258545
vt 0.3963702321052551 0.4137076139450073
vt 0.39077532291412354 0.3105461597442627
vt 0.374510794878006 0.33144664764404297
vt 0.3525081276893616 0.34818029403686523
vt 0.3985297679901123 0.2918795347213745
vt 0.40446609258651733 0.2775895595550537
vt 0.712615966796875 0.4893934726715088
vt 0.6952850818634033 0.48589831590652466
vt 0.6875767111778259 0.4356950521469116
vt 0.703920304775238 0.4359557628631592
vt 0.7712063789367676 0.48637425899505615
vt 0.6747223734855652 0.38462013006210327
vt 0.7574477195739746 0.42876970767974854
vt 0.8433864116668701 0.4642086625099182
vt 0.6900137066841125 0.38364124298095703
vt 0.8209439516067505 0.41261690855026245
vt 0.9063648581504822 0.4190835952758789
vt 0.7413868308067322 0.3754146695137024
vt 0.6842015981674194 0.3471676707267761
vt 0.669286847114563 0.3479137420654297
vt 0.663851261138916 0.31120729446411133
vt 0.8792070746421814 0.38279277086257935
vt 0.9521904587745667 0.3551334738731384
vt 0.6783894300460815 0.3106940984725952
vt 0.6593606472015381 0.24321365356445312
vt 0.9307071566581726 0.33763861656188965
vt 0.9779585003852844 0.25686055421829224
vt 0.8018534183502197 0.3646821975708008
vt 0.8591086268424988 0.3460630178451538
vt 0.9150814414024353 0.31618183851242065
vt 0.852216899394989 0.3210256099700928
vt 0.7949885725975037 0.33399325609207153
vt 0.7351760268211365 0.34096622467041016
vt 0.909611701965332 0.2995036840438843
vt 0.904141902923584 0.2828255891799927
vt 0.8453251123428345 0.29598820209503174
vt 0.8994550704956055 0.2513698935508728
vt 0.7881236672401428 0.3033043146133423
vt 0.7289652824401855 0.30651772022247314
vt 0.8395560383796692 0.2504756450653076
vt 0.7824571132659912 0.24848270416259766
vt 0.6735981106758118 0.2437608242034912
vt 0.666575014591217 0.17243468761444092
vt 0.7239891290664673 0.2448350191116333
vt 0.6810610294342041 0.17416083812713623
vt 0.678632915019989 0.12040185928344727
vt 0.7317309975624084 0.18114197254180908
vt 0.6938396096229553 0.1221163272857666
vt 0.6931472420692444 0.06991350650787354
vt 0.7904062271118164 0.19144845008850098
vt 0.7453975677490234 0.13151490688323975
vt 0.7094525694847107 0.07033020257949829
vt 0.7023524045944214 0.02010023593902588
vt 0.7197832465171814 0.01720792055130005
vt 0.763092577457428 0.07910728454589844
vt 0.7787438035011292 0.022235989570617676
vt 0.8051170706748962 0.14650267362594604
vt 0.8257346749305725 0.09892761707305908
vt 0.8499253988265991 0.04804354906082153
vt 0.8472705483436584 0.2030806541442871
vt 0.8617762923240662 0.1669585108757019
vt 0.9054535627365112 0.2187201976776123
vt 0.8830111622810364 0.13063502311706543
vt 0.9111778140068054 0.09504014253616333
vt 0.9165734648704529 0.19570493698120117
vt 0.9326750636100769 0.17485451698303223
vt 0.9545220732688904 0.15798354148864746
vt 0.4756242632865906 0.8965179920196533
vt 0.4346581697463989 0.9399765729904175
vt 0.507638692855835 0.9799898862838745
vt 0.5323486924171448 0.9354981780052185
vt 0.5749380588531494 0.9937591552734375
vt 0.5310469269752502 0.8499199151992798
vt 0.5853312015533447 0.9570865631103516
vt 0.6408010125160217 0.9893023371696472
vt 0.5685634016990662 0.8839664459228516
vt 0.5767752528190613 0.8190560340881348
vt 0.6438297629356384 0.9633153080940247
vt 0.7172873020172119 0.9831203818321228
vt 0.6110787987709045 0.9090282917022705
vt 0.6035995483398438 0.8446655869483948
vt 0.6157050728797913 0.7953769564628601
vt 0.7145194411277771 0.9608743786811829
vt 0.7970935106277466 0.9897921085357666
vt 0.6336134076118469 0.8120607137680054
vt 0.6560094356536865 0.7712466716766357
vt 0.6358692049980164 0.8647932410240173
vt 0.6602035760879517 0.9228021502494812
vt 0.656551718711853 0.8235304951667786
vt 0.6729792356491089 0.8781100511550903
vt 0.7161576151847839 0.9223171472549438
vt 0.7851879596710205 0.9614537954330444
vt 0.8660070300102234 0.9940680861473083
vt 0.7154209613800049 0.8803285956382751
vt 0.8435782790184021 0.9546268582344055
vt 0.9298763275146484 0.976697564125061
vt 0.7704442739486694 0.9164620041847229
vt 0.8977048993110657 0.9301534295082092
vt 0.993096649646759 0.9280070662498474
vt 0.9510452151298523 0.8857150673866272
vt 0.8160989880561829 0.9010044932365417
vt 0.8575717210769653 0.8748883008956909
vt 0.8948091864585876 0.8391913771629333
vt 0.7565268278121948 0.8752712607383728
vt 0.7911878824234009 0.8603379726409912
vt 0.8211150765419006 0.8382729291915894
vt 0.8447424173355103 0.8102957606315613
vt 0.7399352192878723 0.8301874399185181
vt 0.7873000502586365 0.8077713251113892
vt 0.802091121673584 0.7888357043266296
vt 0.7654092907905579 0.8218701481819153
vt 0.7515426278114319 0.7805169224739075
vt 0.7596619725227356 0.7684198617935181
vt 0.7376767992973328 0.7873094081878662
vt 0.7311910390853882 0.7664383053779602
vt 0.7295686602592468 0.7560752034187317
vt 0.7075973749160767 0.7590800523757935
vt 0.7235358357429504 0.7902260422706604
vt 0.72064608335495 0.7675774097442627
vt 0.715905487537384 0.7722206711769104
vt 0.7091896533966064 0.7899903655052185
vt 0.7079662680625916 0.7693688273429871
vt 0.7114776968955994 0.8324694633483887
vt 0.682544469833374 0.8301929235458374
vt 0.6946095824241638 0.7902980446815491
vt 0.6802892088890076 0.7874805927276611
vt 0.7008187770843506 0.7731289267539978
vt 0.6957085132598877 0.7679365873336792
vt 0.6657805442810059 0.7818902730941772
vt 0.6849769353866577 0.7673227190971375
vt 0.6855028867721558 0.7572401165962219
vt 0.9105139970779419 0.5292761325836182
vt 0.9825783967971802 0.570439338684082
vt 0.9409794211387634 0.6130544543266296
vt 0.8851037621498108 0.5732039213180542
vt 0.8849121332168579 0.6585477590560913
vt 0.8436559438705444 0.5143771767616272
vt 0.8481011390686035 0.623950719833374
vt 0.8387841582298279 0.6885235905647278
vt 0.8326560258865356 0.5507586002349854
vt 0.7779132723808289 0.5176745057106018
vt 0.8124861717224121 0.6625239849090576
vt 0.7995591163635254 0.7114536762237549
vt 0.8061492443084717 0.5982245206832886
vt 0.7744415402412415 0.543530285358429
vt 0.7015492916107178 0.5225064754486084
vt 0.7819950580596924 0.6945084929466248
vt 0.7589561343193054 0.7348102927207947
vt 0.7039216756820679 0.5447340607643127
vt 0.6220991611480713 0.5144663453102112
vt 0.7574121952056885 0.5836372375488281
vt 0.7806637287139893 0.641895055770874
vt 0.6334756016731262 0.5429264903068542
vt 0.5534668564796448 0.509003758430481
vt 0.701617419719696 0.583146870136261
vt 0.743897020816803 0.6279728412628174
vt 0.575141966342926 0.5487171411514282
vt 0.4894869923591614 0.5252106189727783
vt 0.6473917365074158 0.5880399346351624
vt 0.5207520127296448 0.5721750855445862
vt 0.4256089925765991 0.5726547241210938
vt 0.4667982757091522 0.6155514121055603
vt 0.6016055941581726 0.6026564240455627
vt 0.5598028898239136 0.627972424030304
vt 0.5220562219619751 0.6629137992858887
vt 0.6605507731437683 0.6293489933013916
vt 0.5955128073692322 0.6651118397712708
vt 0.5714693665504456 0.6925938725471497
vt 0.6257337331771851 0.6436341404914856
vt 0.6286954283714294 0.696110725402832
vt 0.6136191487312317 0.7147319912910461
vt 0.6507657766342163 0.6824355721473694
vt 0.6638711094856262 0.7239055633544922
vt 0.6555656790733337 0.7358249425888062
vt 0.6778135895729065 0.7173747420310974
vt 0.6839167475700378 0.7382961511611938
vt 0.6853539347648621 0.7486560940742493
vt 0.7073111534118652 0.7460428476333618
vt 0.6944495439529419 0.7373438477516174
vt 0.6919627785682678 0.7147130966186523
vt 0.6992568373680115 0.7327967286109924
vt 0.7071225643157959 0.7357781529426575
vt 0.7062618732452393 0.7151973843574524
vt 0.6763079166412354 0.6745865345001221
vt 0.7047199010848999 0.6728060841560364
vt 0.7208035588264465 0.7151444554328918
vt 0.7016212344169617 0.625022292137146
vt 0.7335266470909119 0.6755794882774353
vt 0.7593251466751099 0.68267422914505
vt 0.7350318431854248 0.7182027101516724
vt 0.7493995428085327 0.7240285873413086
vt 0.7143139839172363 0.732154130935669
vt 0.7300074100494385 0.7382182478904724
vt 0.729307234287262 0.7482614517211914
vt 0.7193184494972229 0.7374197244644165
vt 0.4613024592399597 0.9113200902938843
vt 0.4346581697463989 0.9399765729904175
vt 0.507638692855835 0.9799898862838745
vt 0.5239225029945374 0.9504482746124268
vt 0.5749380588531494 0.9937591552734375
vt 0.5498689413070679 0.9077313542366028
vt 0.5040323734283447 0.8702707886695862
vt 0.5810055136680603 0.9696183204650879
vt 0.6408010125160217 0.9893023371696472
vt 0.5870946645736694 0.8632038235664368
vt 0.5553811192512512 0.8332980871200562
vt 0.5965148210525513 0.9325743317604065
vt 0.6415956020355225 0.9724416136741638
vt 0.7172873020172119 0.9831203818321228
vt 0.6507391333580017 0.9439528584480286
vt 0.7147728800773621 0.969207763671875
vt 0.7970935106277466 0.9897921085357666
vt 0.6680969595909119 0.9006806015968323
vt 0.789175808429718 0.9721804857254028
vt 0.8660070300102234 0.9940680861473083
vt 0.7149301171302795 0.9426970481872559
vt 0.7775247097015381 0.9391561150550842
vt 0.8512787222862244 0.9690604209899902
vt 0.9298763275146484 0.976697564125061
vt 0.7636135220527649 0.8952460885047913
vt 0.9089551568031311 0.9465006589889526
vt 0.993096649646759 0.9280070662498474
vt 0.9660395979881287 0.8999122977256775
vt 0.8291276693344116 0.9265274405479431
vt 0.8765703439712524 0.8999255299568176
vt 0.9220134019851685 0.8599005341529846
vt 0.839080810546875 0.8548325896263123
vt 0.8688600063323975 0.8230429291725159
vt 0.8036136031150818 0.8792513012886047
vt 0.8047962784767151 0.8232434391975403
vt 0.8235757946968079 0.799546480178833
vt 0.7489018440246582 0.8541984558105469
vt 0.7645378112792969 0.7900927662849426
vt 0.7750499248504639 0.7758018970489502
vt 0.7791319489479065 0.8417971134185791
vt 0.7311910390853882 0.7664383053779602
vt 0.7295686602592468 0.7560752034187317
vt 0.7476001381874084 0.7993874549865723
vt 0.7075973749160767 0.7590800523757935
vt 0.7292343974113464 0.8037962317466736
vt 0.72064608335495 0.7675774097442627
vt 0.715905487537384 0.7722206711769104
vt 0.713442862033844 0.8576584458351135
vt 0.7079662680625916 0.7693688273429871
vt 0.7098298668861389 0.8045821785926819
vt 0.6902334690093994 0.8036810755729675
vt 0.7008187770843506 0.7731289267539978
vt 0.6957085132598877 0.7679365873336792
vt 0.7165814638137817 0.9014430642127991
vt 0.6769940257072449 0.855033814907074
vt 0.6248635649681091 0.8864087462425232
vt 0.645327627658844 0.8442214727401733
vt 0.6179709434509277 0.8282308578491211
vt 0.595700204372406 0.8070169687271118
vt 0.6541194319725037 0.7927453517913818
vt 0.6413912773132324 0.7802484631538391
vt 0.6717667579650879 0.8001652359962463
vt 0.6849769353866577 0.7673227190971375
vt 0.6855028867721558 0.7572401165962219
vt 0.9105139970779419 0.5292761325836182
vt 0.9825783967971802 0.570439338684082
vt 0.9555159211158752 0.5985457897186279
vt 0.8937649726867676 0.5584453344345093
vt 0.8436559438705444 0.5143771767616272
vt 0.8671528100967407 0.600582480430603
vt 0.9121996760368347 0.6387286186218262
vt 0.8371869325637817 0.5383395552635193
vt 0.7779132723808289 0.5176745057106018
vt 0.8292641639709473 0.6443284153938293
vt 0.8603619933128357 0.6746963858604431
vt 0.7768276333808899 0.5344706177711487
vt 0.7015492916107178 0.5225064754486084
vt 0.8210795521736145 0.5750025510787964
vt 0.7672160863876343 0.5627147555351257
vt 0.703813910484314 0.5364212393760681
vt 0.6220991611480713 0.5144663453102112
vt 0.7491572499275208 0.6055545806884766
vt 0.629686176776886 0.5321626663208008
vt 0.5534668564796448 0.509003758430481
vt 0.7031960487365723 0.5628496408462524
vt 0.6407277584075928 0.5652905702590942
vt 0.5677158832550049 0.534192681312561
vt 0.4894869923591614 0.5252106189727783
vt 0.6538327932357788 0.6093109846115112
vt 0.5098200440406799 0.5556806325912476
vt 0.4256089925765991 0.5726547241210938
vt 0.4520960748195648 0.6011359095573425
vt 0.5890601873397827 0.5769830346107483
vt 0.5412970185279846 0.6026796698570251
vt 0.4952935576438904 0.6417935490608215
vt 0.5778889656066895 0.648289680480957
vt 0.5476461052894592 0.679465651512146
vt 0.6136747002601624 0.6245611906051636
vt 0.6115207672119141 0.6803805232048035
vt 0.592385470867157 0.7036795020103455
vt 0.667786180973053 0.6504915356636047
vt 0.6510816216468811 0.71413254737854
vt 0.6403524279594421 0.7281973361968994
vt 0.6374310851097107 0.6623293161392212
vt 0.6839167475700378 0.7382961511611938
vt 0.6853539347648621 0.7486560940742493
vt 0.6681300401687622 0.7051600217819214
vt 0.7073111534118652 0.7460428476333618
vt 0.6865174770355225 0.7010844945907593
vt 0.6944495439529419 0.7373438477516174
vt 0.6992568373680115 0.7327967286109924
vt 0.7071225643157959 0.7357781529426575
vt 0.7058773040771484 0.7006383538246155
vt 0.7031986713409424 0.6476584076881409
vt 0.725399374961853 0.7018778920173645
vt 0.7143139839172363 0.732154130935669
vt 0.7008316516876221 0.6039509773254395
vt 0.7394925355911255 0.6509097218513489
vt 0.7920123934745789 0.6205362677574158
vt 0.7708756923675537 0.6622408032417297
vt 0.797872006893158 0.678659200668335
vt 0.8197065591812134 0.7001970410346985
vt 0.7612146139144897 0.7134090065956116
vt 0.7736868858337402 0.7260900139808655
vt 0.7437494397163391 0.7057045698165894
vt 0.7300074100494385 0.7382182478904724
vt 0.729307234287262 0.7482614517211914
vt 0.7193184494972229 0.7374197244644165
vt 0.26339730620384216 0.5118221044540405
vt 0.3170289695262909 0.5391454696655273
vt 0.29511573910713196 0.5792654752731323
vt 0.24060572683811188 0.5486268997192383
vt 0.3356902301311493 0.4840902090072632
vt 0.19940082728862762 0.47993266582489014
vt 0.1790684461593628 0.5053907036781311
vt 0.2829173505306244 0.46634984016418457
vt 0.1453494429588318 0.44709205627441406
vt 0.13244597613811493 0.4626857042312622
vt 0.21584449708461761 0.44661545753479004
vt 0.29432031512260437 0.3996495008468628
vt 0.3418406546115875 0.4052964448928833
vt 0.3344186246395111 0.3268885612487793
vt 0.22615788877010345 0.3935713768005371
vt 0.2948745787143707 0.3335304260253906
vt 0.28239741921424866 0.2878168821334839
vt 0.317944198846817 0.27263492345809937
vt 0.2987231910228729 0.22991281747817993
vt 0.22885578870773315 0.339385449886322
vt 0.21934738755226135 0.30178141593933105
vt 0.26269230246543884 0.24671173095703125
vt 0.24387499690055847 0.20519286394119263
vt 0.2783564031124115 0.1877254843711853
vt 0.24739240109920502 0.140228271484375
vt 0.2053501158952713 0.2734459638595581
vt 0.19264449179172516 0.24450820684432983
vt 0.2168819010257721 0.16624677181243896
vt 0.16588175296783447 0.12416309118270874
vt 0.19210804998874664 0.08413481712341309
vt 0.12780363857746124 0.03818714618682861
vt 0.16995365917682648 0.21304941177368164
vt 0.1267150193452835 0.18027842044830322
vt 0.10746216028928757 0.09001308679580688
vt 0.0600835382938385 0.07572817802429199
vt 0.07363719493150711 0.017083346843719482
vt 0.028819480910897255 0.008072614669799805
vt 0.01724030077457428 0.06952208280563354
vt 0.0433640293776989 0.14524877071380615
vt 0.010792583227157593 0.1444544792175293
vt 0.07945533841848373 0.15407443046569824
vt 0.033768124878406525 0.20776492357254028
vt 0.013528577983379364 0.20762276649475098
vt 0.09377454221248627 0.2370876669883728
vt 0.059579409658908844 0.21547943353652954
vt 0.02602662704885006 0.2608289122581482
vt 0.013007136061787605 0.25975358486175537
vt 0.0652199238538742 0.2820481061935425
vt 0.017623592168092728 0.30977773666381836
vt 0.007334213703870773 0.31036555767059326
vt 0.04283452779054642 0.266801118850708
vt 0.01019609346985817 0.3434016704559326
vt 0.1252381056547165 0.262332558631897
vt 0.01752069778740406 0.3384970426559448
vt 0.14273057878017426 0.28314244747161865
vt 0.027668384835124016 0.31084418296813965
vt 0.04101657122373581 0.3176143169403076
vt 0.022764569148421288 0.33212631940841675
vt 0.029232652857899666 0.33764636516571045
vt 0.024518491700291634 0.3481847047805786
vt 0.02330123260617256 0.3583228588104248
vt 0.05332209914922714 0.325276255607605
vt 0.038962721824645996 0.33727532625198364
vt 0.08519846946001053 0.299227774143219
vt 0.05879487842321396 0.33251088857650757
vt 0.038187019526958466 0.34352344274520874
vt 0.09563585370779037 0.3120769262313843
vt 0.0396367646753788 0.3507072925567627
vt 0.06190924346446991 0.34032344818115234
vt 0.15170514583587646 0.298456072807312
vt 0.1010863184928894 0.3220561742782593
vt 0.1576656997203827 0.31517481803894043
vt 0.10522671788930893 0.33264636993408203
vt 0.06589117646217346 0.3477311134338379
vt 0.16235941648483276 0.3419511318206787
vt 0.1083587035536766 0.3489009141921997
vt 0.16478244960308075 0.38087260723114014
vt 0.10867352783679962 0.37524735927581787
vt 0.15934883058071136 0.4209558963775635
vt 0.06587144732475281 0.37092316150665283
vt 0.09972964227199554 0.4189085364341736
vt 0.09218306094408035 0.42957204580307007
vt 0.1059606596827507 0.4021952152252197
vt 0.05683489888906479 0.3938784599304199
vt 0.049769625067710876 0.4013819694519043
vt 0.02630537934601307 0.3779529333114624
vt 0.062475405633449554 0.3854992389678955
vt 0.034770816564559937 0.3754954934120178
vt 0.04302220419049263 0.37557435035705566
vt 0.04295196756720543 0.36707186698913574
vt 0.03184954449534416 0.36390793323516846
vt 0.06791398674249649 0.35657286643981934
vt 0.049491725862026215 0.35985803604125977
vt 0.04420735687017441 0.3564358949661255
vn -1.0637497638299465e-07 1.9107783089111763e-07 1.0
vn -3.3846538372017676e-07 1.9107791615624592e-07 1.0
vn -0.381232351064682 2.3722815001292474e-07 0.9244792461395264
vn -0.3812319338321686 2.3722824948890775e-07 0.9244794845581055
vn -0.7055409550666809 2.266657901373037e-07 0.708669126033783
vn -0.7055409550666809 2.266657901373037e-07 0.7086691856384277
vn -0.923271894454956 3.3303427926512086e-07 0.38414710760116577
vn -0.9232720732688904 3.330343929519586e-07 0.38414686918258667
vn -1.0 2.769363049992535e-07 -2.3217778277739853e-07
vn -1.0 2.769362197341252e-07 -3.38592911930391e-07
vn -0.923271656036377 5.029088256947034e-08 -0.3841478228569031
vn -0.9232717752456665 5.029106375786796e-08 -0.38414743542671204
vn -0.7055386900901794 7.814022069396742e-07 -0.7086713910102844
vn -0.7055387496948242 7.814019227225799e-07 -0.7086713910102844
vn -0.3812328577041626 1.7793396409615525e-06 -0.924479067325592
vn -0.38123252987861633 1.7793399820220657e-06 -0.9244791865348816
vn 1.7406860308710748e-07 1.8822653373717912e-06 -1.0
vn 7.736363727417483e-08 1.8822653373717912e-06 -1.0
vn 7.736363727417483e-08 1.882265451058629e-06 -1.0
vn 1.7406860308710748e-07 1.882265451058629e-06 -1.0
vn 0.38123267889022827 1.6997790908135357e-06 -0.9244791865348816
vn 0.38123250007629395 1.6997792045003735e-06 -0.9244791865348816
vn 0.7055386304855347 7.473088317055954e-07 -0.7086714506149292
vn 0.7055386304855347 7.473088317055954e-07 -0.7086714506149292
vn 0.9232719540596008 -9.92035609215236e-08 -0.3841470777988434
vn 0.9232719540596008 -9.920355381609625e-08 -0.3841470181941986
vn 1.0 4.7998796048887016e-08 -9.674073098153713e-09
vn 1.0 4.799890618301106e-08 1.160889198104087e-07
vn 0.9232719540596008 5.082979726012127e-08 0.384147047996521
vn 0.9232720732688904 5.0829953579523135e-08 0.3841468393802643
vn 0.7055408358573914 -1.884496185766693e-07 0.7086693644523621
vn 0.7055407166481018 -1.8844964699837874e-07 0.7086693644523621
vn 0.3812318742275238 -8.620917668622496e-08 0.9244794845581055
vn 0.3812315762042999 -8.620889246913066e-08 0.924479603767395
vn -3.3846538372017676e-07 1.9107791615624592e-07 1.0
vn -1.0637496927756729e-07 1.910778166802629e-07 1.0
vn -0.7319607734680176 0.6483819484710693 -0.20936621725559235
vn -0.30672144889831543 0.8246999382972717 0.4751758575439453
vn -0.8590605854988098 0.20513461530208588 0.46897193789482117
vn -0.2781170904636383 0.8008946776390076 0.5303006172180176
vn -0.7859617471694946 0.40307557582855225 -0.4688221514225006
vn -0.20541581511497498 0.39038893580436707 0.8974412679672241
vn -0.13082928955554962 0.8936971426010132 -0.4291725754737854
vn -0.943763792514801 -0.23629429936408997 -0.23124675452709198
vn 0.3585856556892395 0.9284542202949524 0.09689747542142868
vn 0.5023149251937866 0.8555655479431152 0.12524941563606262
vn 0.5445274114608765 0.7696419954299927 0.33337825536727905
vn 0.6343376040458679 0.7300394773483276 0.2542796730995178
vn 0.5121995210647583 0.7863324880599976 0.3454459607601166
vn 0.513694703578949 0.5882147550582886 0.6245968341827393
vn 0.6256954073905945 0.23206079006195068 0.7447503805160522
vn 0.00186267273966223 0.165131613612175 0.9862697720527649
vn 0.16106560826301575 0.25535255670547485 0.9533377885818481
vn -0.3158223032951355 -0.32258501648902893 0.8922977447509766
vn -0.5904353260993958 -0.3734111487865448 0.7155069708824158
vn -0.17059555649757385 -0.17611898481845856 0.9694737195968628
vn 0.509968638420105 -0.2726665139198303 0.8158339858055115
vn -0.7625054121017456 0.0516756996512413 0.6449148654937744
vn -0.829338550567627 -0.44760972261428833 0.33442965149879456
vn -0.9223873019218445 -0.385119765996933 0.02974116988480091
vn -0.8472844958305359 0.1403142809867859 0.512270450592041
vn -0.8540924787521362 0.07597039639949799 0.5145429968833923
vn -0.7770282626152039 0.01169202383607626 0.6293571591377258
vn -0.870357871055603 0.03136402741074562 0.49141985177993774
vn -0.35396063327789307 0.146825909614563 0.9236633777618408
vn -0.7844642996788025 -0.2608586251735687 0.5626443028450012
vn -0.5161937475204468 -0.15654194355010986 0.8420442938804626
vn -0.5298935174942017 -0.6337752342224121 0.5635086297988892
vn -0.46430379152297974 -0.8851553201675415 0.03036728873848915
vn -0.29257380962371826 -0.42509153485298157 0.8565616011619568
vn 0.43889880180358887 -0.4865039885044098 0.7554348111152649
vn -0.5493536591529846 -0.8085559606552124 0.21082662045955658
vn -0.31720125675201416 -0.7907477021217346 -0.5235469341278076
vn -0.19890865683555603 -0.7885541319847107 0.5819087624549866
vn 0.230249285697937 -0.8907825946807861 0.3917802572250366
vn -0.16409355401992798 -0.9559204578399658 -0.24349431693553925
vn -0.08630380034446716 -0.5494102835655212 -0.8310836553573608
vn 0.35393738746643066 -0.7297331690788269 -0.5849939584732056
vn 0.17686332762241364 -0.23728296160697937 -0.9552047848701477
vn 0.2661338746547699 -0.012517910450696945 -0.9638548493385315
vn 0.230249285697937 -0.8907825946807861 0.3917802572250366
vn 0.2957306504249573 0.2366245537996292 -0.9255010485649109
vn 0.5693988800048828 -0.8207880258560181 0.04573932662606239
vn 0.4388987720012665 -0.4865039885044098 0.7554348111152649
vn 0.8529755473136902 -0.5173445343971252 0.06919080764055252
vn 0.5838374495506287 -0.14093172550201416 -0.7995449304580688
vn 0.18996919691562653 0.2223527878522873 -0.9562797546386719
vn 0.1467105895280838 -0.00792679376900196 -0.9891477227210999
vn 0.25579312443733215 0.06833904981613159 -0.9643130302429199
vn 0.369974285364151 0.13428211212158203 -0.91928631067276
vn 0.7431120872497559 -0.2996954321861267 -0.598303496837616
vn 0.853309690952301 -0.02758595161139965 -0.5206741690635681
vn 0.9592397809028625 -0.2287956178188324 0.1658661961555481
vn 0.509968638420105 -0.2726665139198303 0.8158339262008667
vn 0.6256954073905945 0.23206080496311188 0.7447503209114075
vn 0.9458648562431335 0.19526860117912292 0.2592485845088959
vn 0.6343376040458679 0.7300395369529724 0.25427964329719543
vn 0.8942670822143555 0.4097501337528229 -0.17997562885284424
vn 0.806195080280304 0.4576680064201355 -0.3749527633190155
vn 0.5023148655891418 0.8555655479431152 0.12524940073490143
vn 0.544527530670166 0.7696419954299927 0.33337831497192383
vn 0.816263735294342 0.3817135989665985 -0.43359920382499695
vn 0.7039738297462463 0.0425485335290432 -0.7089502811431885
vn 0.4809560179710388 0.17326711118221283 -0.8594532012939453
vn 0.425941526889801 0.17950880527496338 -0.8867640495300293
vn 0.3613433241844177 -0.049589987844228745 -0.9311132431030273
vn 0.816263735294342 0.3817135989665985 -0.43359917402267456
vn 0.4809560477733612 0.17326711118221283 -0.8594532012939453
vn -0.03462224826216698 0.15053077042102814 -0.987998902797699
vn 0.11868251115083694 0.6985306739807129 -0.7056695222854614
vn 0.425941526889801 0.17950880527496338 -0.8867640495300293
vn 0.3699743151664734 0.13428211212158203 -0.91928631067276
vn 0.06629931181669235 0.9826905131340027 -0.17298485338687897
vn -0.7319607734680176 0.6483819484710693 -0.20936623215675354
vn -0.012119734659790993 0.5486108064651489 -0.8359900712966919
vn -0.22333984076976776 0.3669312298297882 -0.9030397534370422
vn 0.25579312443733215 0.06833904981613159 -0.9643130302429199
vn -0.287258118391037 0.8712491989135742 -0.39800456166267395
vn 0.22462108731269836 0.9219207167625427 0.3156066834926605
vn -0.30672141909599304 0.8246999382972717 0.4751758575439453
vn -0.20541581511497498 0.39038893580436707 0.8974412679672241
vn -0.38115668296813965 0.014719979837536812 -0.9243932962417603
vn 0.146710604429245 -0.00792679376900196 -0.9891477227210999
vn -0.6242474317550659 0.4882158041000366 -0.6098856329917908
vn -0.4530426561832428 -0.2780022919178009 -0.8470342755317688
vn 0.18996919691562653 0.2223527878522873 -0.9562797546386719
vn -0.32668301463127136 0.3778381049633026 -0.8663236498832703
vn -0.69986492395401 -0.5307164192199707 -0.47804734110832214
vn -0.7756850123405457 0.3729255497455597 -0.5091554522514343
vn -0.2253023236989975 0.11185089498758316 0.9678472876548767
vn -0.7711542248725891 -0.11211999505758286 -0.6266979575157166
vn -0.4820082187652588 -0.8752557635307312 -0.03994402289390564
vn 0.3653346002101898 -0.2997055947780609 0.8813099265098572
vn -0.9609870910644531 -0.2573852241039276 -0.10127560794353485
vn -0.9062275290489197 0.4162644147872925 0.07399696856737137
vn -0.4156915247440338 -0.8907608985900879 0.18369993567466736
vn -0.3609735369682312 0.9179031848907471 0.16477832198143005
vn -0.5517735481262207 -0.6345522403717041 0.5411927103996277
vn -0.563690185546875 0.011595909483730793 0.8259049654006958
vn 0.1810389757156372 -0.757468044757843 0.6272695064544678
vn 0.1810389757156372 -0.7574681043624878 0.627269446849823
vn 0.0810307115316391 -0.9487069249153137 0.3055965304374695
vn 0.46466031670570374 -0.7264086604118347 0.506380558013916
vn -0.006710462737828493 -0.9810895919799805 0.19343781471252441
vn -0.28409090638160706 -0.4116981029510498 0.8659082055091858
vn 0.21963417530059814 -0.9195638298988342 0.3258269131183624
vn -0.12680509686470032 -0.6010480523109436 0.7890892028808594
vn -0.296455055475235 -0.7172916531562805 0.6305609345436096
vn 0.032335761934518814 -0.9712024331092834 0.23605142533779144
vn -0.4349770247936249 -0.7576574683189392 0.4865698218345642
vn 0.29473164677619934 -0.21635012328624725 0.9307662844657898
vn 0.6188578605651855 -0.2515179216861725 0.7441463470458984
vn 0.4646603465080261 -0.7264086604118347 0.506380558013916
vn -0.11104848235845566 0.5269952416419983 0.8425819277763367
vn -0.12680509686470032 -0.6010480523109436 0.7890892028808594
vn 0.1591230034828186 -0.2426692396402359 0.9569699764251709
vn 0.3529321849346161 0.5182380676269531 0.7790175080299377
vn 0.6032399535179138 0.05443207919597626 0.795700192451477
vn 0.731955349445343 0.6483859419822693 -0.20937325060367584
vn 0.8590648770332336 0.2051374763250351 0.4689629375934601
vn 0.3067159950733185 0.8246992230415344 0.4751805365085602
vn 0.27811598777770996 0.8009002804756165 0.5302926898002625
vn 0.7859610915184021 0.40307483077049255 -0.46882393956184387
vn 0.2054189145565033 0.3903813660144806 0.8974438905715942
vn 0.13082334399223328 0.8936911821365356 -0.42918679118156433
vn 0.9437641501426697 -0.2362876683473587 -0.2312517762184143
vn -0.3585907816886902 0.9284524917602539 0.09689516574144363
vn -0.5445289015769958 0.7696399092674255 0.33338069915771484
vn -0.5023159980773926 0.8555652499198914 0.12524676322937012
vn -0.6343364715576172 0.7300409078598022 0.2542784810066223
vn -0.5122050046920776 0.7863267660140991 0.3454509675502777
vn -0.5136948227882385 0.5882113575935364 0.6245999336242676
vn -0.6256950497627258 0.2320627123117447 0.7447500824928284
vn -0.0018615006702020764 0.16513024270534515 0.986270010471344
vn -0.1610708385705948 0.2553517520427704 0.9533371329307556
vn 0.315824955701828 -0.3225839138031006 0.8922971487045288
vn 0.5904348492622375 -0.3734089136123657 0.7155085802078247
vn 0.17059579491615295 -0.17611895501613617 0.969473659992218
vn -0.5099683403968811 -0.2726667523384094 0.8158339858055115
vn 0.7625041007995605 0.051677100360393524 0.6449162364006042
vn 0.8293377161026001 -0.4476068913936615 0.3344354033470154
vn 0.847287118434906 0.14031745493412018 0.5122652053833008
vn 0.9223896861076355 -0.3851144313812256 0.029734909534454346
vn 0.8540951013565063 0.07597699761390686 0.5145378112792969
vn 0.7770274877548218 0.011693056672811508 0.6293579936027527
vn 0.8703588843345642 0.03136463835835457 0.49141809344291687
vn 0.35394713282585144 0.1468241810798645 0.9236688613891602
vn 0.7844637632369995 -0.2608600854873657 0.5626444220542908
vn 0.5162004828453064 -0.1565467268228531 0.8420392870903015
vn 0.5298945903778076 -0.6337738037109375 0.5635092258453369
vn 0.4643014669418335 -0.8851567506790161 0.03036094456911087
vn 0.2925732135772705 -0.42509081959724426 0.8565621972084045
vn -0.4388982653617859 -0.4865022897720337 0.7554362416267395
vn 0.5493528246879578 -0.8085566759109497 0.21082578599452972
vn 0.317203164100647 -0.7907463312149048 -0.5235480070114136
vn 0.19890932738780975 -0.7885533571243286 0.5819095969200134
vn -0.23024789988994598 -0.8907825946807861 0.3917810320854187
vn 0.1640935093164444 -0.9559200406074524 -0.2434958517551422
vn 0.08630301803350449 -0.5494102835655212 -0.8310837149620056
vn -0.35393694043159485 -0.7297329902648926 -0.584994375705719
vn -0.17686471343040466 -0.23728227615356445 -0.9552046656608582
vn -0.2661345303058624 -0.012518339790403843 -0.9638546109199524
vn -0.2302478849887848 -0.8907825946807861 0.3917810022830963
vn -0.29572853446006775 0.23663589358329773 -0.9254988431930542
vn -0.569397509098053 -0.8207888603210449 0.045740142464637756
vn -0.4388982951641083 -0.4865022301673889 0.7554362416267395
vn -0.5838367938995361 -0.14093150198459625 -0.7995455265045166
vn -0.18996690213680267 0.22235478460788727 -0.9562797546386719
vn -0.14670807123184204 -0.007928847335278988 -0.9891480803489685
vn -0.2557896077632904 0.06833963841199875 -0.9643139839172363
vn -0.3699740469455719 0.13428345322608948 -0.9192862510681152
vn -0.852975070476532 -0.517345130443573 0.06919211894273758
vn -0.7431120276451111 -0.299696147441864 -0.5983033180236816
vn -0.8533103466033936 -0.02758653461933136 -0.5206731557846069
vn -0.7039741277694702 0.04254912957549095 -0.7089500427246094
vn -0.42593732476234436 0.17950505018234253 -0.886766791343689
vn -0.48095443844795227 0.1732652634382248 -0.8594545125961304
vn -0.8162631392478943 0.3817146122455597 -0.4335995018482208
vn -0.9592401385307312 -0.22879457473754883 0.1658659130334854
vn -0.5099683403968811 -0.2726667523384094 0.8158339858055115
vn -0.6256950497627258 0.23206272721290588 0.7447500824928284
vn -0.9458652138710022 0.19526518881320953 0.2592499554157257
vn -0.6343364715576172 0.730040967464447 0.2542784512042999
vn -0.8942667841911316 0.4097512662410736 -0.1799747496843338
vn -0.806194007396698 0.4576699435710907 -0.37495267391204834
vn -0.5023159980773926 0.8555652499198914 0.12524676322937012
vn -0.5445289015769958 0.7696399092674255 0.33338069915771484
vn -0.36134353280067444 -0.049586933106184006 -0.9311133623123169
vn -0.4809544086456299 0.1732652485370636 -0.8594545125961304
vn -0.8162630796432495 0.3817146420478821 -0.4335995018482208
vn 0.034627046436071396 0.15052688121795654 -0.9879993200302124
vn -0.11869242042303085 0.6985244154930115 -0.7056739926338196
vn -0.42593732476234436 0.17950505018234253 -0.886766791343689
vn -0.3699740767478943 0.13428343832492828 -0.9192861914634705
vn -0.06631101667881012 0.9826911687850952 -0.17297665774822235
vn 0.731955349445343 0.6483858823776245 -0.20937326550483704
vn 0.012116125784814358 0.5486279129981995 -0.8359788656234741
vn 0.22334074974060059 0.36693036556243896 -0.9030398726463318
vn -0.255789577960968 0.06833963096141815 -0.9643139243125916
vn 0.28725484013557434 0.8712521195411682 -0.3980005979537964
vn -0.2246270328760147 0.9219181537628174 0.31560999155044556
vn 0.3067159950733185 0.8246992230415344 0.4751805365085602
vn 0.2054188996553421 0.390381395816803 0.8974438905715942
vn 0.38115647435188293 0.01471912395209074 -0.924393355846405
vn -0.14670805633068085 -0.007928846403956413 -0.9891480803489685
vn 0.6242489218711853 0.4882168769836426 -0.609883189201355
vn 0.4530428946018219 -0.27800318598747253 -0.8470338582992554
vn -0.18996690213680267 0.22235478460788727 -0.9562797546386719
vn 0.3266831934452057 0.377837210893631 -0.8663239479064941
vn 0.6998664140701294 -0.5307138562202454 -0.4780479371547699
vn 0.7756808400154114 0.37293440103530884 -0.5091553926467896
vn 0.2252776324748993 0.11187233030796051 0.9678505063056946
vn 0.7711553573608398 -0.11212072521448135 -0.6266963481903076
vn 0.4820065200328827 -0.8752568364143372 -0.03993971273303032
vn -0.3653295934200287 -0.2997313141822815 0.8813032507896423
vn 0.9609879851341248 -0.2573828399181366 -0.10127311199903488
vn 0.9062274098396301 0.4162645637989044 0.07399803400039673
vn 0.006696256343275309 -0.9810913801193237 0.19342954456806183
vn 0.2840936481952667 -0.4116925597190857 0.8659099340438843
vn 0.3609722852706909 0.9179034233093262 0.16477981209754944
vn -0.032342713326215744 -0.9712041020393372 0.23604357242584229
vn 0.43497708439826965 -0.7576626539230347 0.48656165599823
vn 0.2964554727077484 -0.717292308807373 0.6305599808692932
vn -0.21965011954307556 -0.919560432434082 0.3258258104324341
vn 0.1268063485622406 -0.6010344624519348 0.7890993356704712
vn -0.4646676480770111 -0.7264052033424377 0.5063787698745728
vn -0.08104215562343597 -0.9487050771713257 0.30559927225112915
vn -0.18103940784931183 -0.7574685215950012 0.6272687911987305
vn 0.4156959652900696 -0.8907574415206909 0.183706596493721
vn 0.5517750382423401 -0.6345499753952026 0.5411937236785889
vn 0.5636885762214661 0.011596575379371643 0.8259060382843018
vn -0.18103942275047302 -0.757468581199646 0.6272687315940857
vn 0.11104977875947952 0.5269985198974609 0.84257972240448
vn -0.29473111033439636 -0.21635626256465912 0.9307650327682495
vn -0.6188572645187378 -0.25151559710502625 0.7441475987434387
vn -0.4646676480770111 -0.7264052033424377 0.506378710269928
vn -0.15914161503314972 -0.24267609417438507 0.9569651484489441
vn 0.1268063485622406 -0.6010344624519348 0.7890993356704712
vn -0.6032395958900452 0.0544305257499218 0.7957005500793457
vn -0.35293200612068176 0.5182328224182129 0.7790210247039795
vn -4.837436335947132e-07 0.03265449404716492 0.9994667172431946
vn -5.171318662178237e-07 0.5259281396865845 0.8505290150642395
vn -0.4980848431587219 0.5265573263168335 0.6889477372169495
vn -0.5862595438957214 0.032672420144081116 0.8094642162322998
vn -0.8075363039970398 0.5275920629501343 0.263688862323761
vn 2.3482461131152377e-07 0.000467341800685972 0.9999998807907104
vn -0.9502619504928589 0.03270411863923073 0.3097299635410309
vn -0.807536244392395 0.5275918841362 -0.2636893689632416
vn -0.585935652256012 0.0004681279824580997 0.8103575110435486
vn -7.40637133844757e-08 -0.00875812117010355 0.9999616742134094
vn -0.9502622485160828 0.03270692750811577 -0.30972886085510254
vn -0.49808469414711 0.5265569090843201 -0.6889481544494629
vn -0.5865381956100464 -0.008761093020439148 0.8098741769790649
vn 1.541798013704465e-07 0.0004983399994671345 0.9999998807907104
vn -0.9506173133850098 0.0004693479568231851 0.3103651702404022
vn -0.5859255790710449 0.0004992755129933357 0.8103647232055664
vn -2.17524458889784e-07 0.0004128366126678884 0.9999999403953552
vn -0.9507309794425964 -0.0087673868983984 0.30989301204681396
vn -0.5865634083747864 0.0004125460109207779 0.8099032044410706
vn 4.634367769540404e-07 0.006579762324690819 0.9999783635139465
vn -0.9506138563156128 0.0004999457742087543 0.3103756904602051
vn -0.9507311582565308 -0.00877132173627615 -0.3098925054073334
vn -0.5859084725379944 0.006588396150618792 0.8103505373001099
vn 2.1820638096414768e-07 0.49182459712028503 0.8706943392753601
vn -0.5105193257331848 0.4924353063106537 0.7048953771591187
vn -0.9507687091827393 0.00041234673699364066 0.3099011778831482
vn -0.9505923390388489 0.006602725479751825 0.31037190556526184
vn -0.8269636034965515 0.4934346675872803 0.26954296231269836
vn -0.9507683515548706 0.0004125472332816571 -0.3099023103713989
vn -0.9505928158760071 0.006602011155337095 -0.3103705048561096
vn -0.8269618153572083 0.4934368133544922 -0.2695446014404297
vn -0.9506144523620605 0.0005000389646738768 -0.3103739321231842
vn -0.585909366607666 0.006588313262909651 -0.8103498816490173
vn -0.5105182528495789 0.4924389123916626 -0.7048936486244202
vn -1.3748640412813984e-06 0.00657896650955081 -0.9999783635139465
vn -9.819289914503315e-08 0.4918266832828522 -0.8706931471824646
vn -3.6046986906512757e-07 0.000412166235037148 -0.9999999403953552
vn -0.586563229560852 0.00041255983524024487 -0.8099033832550049
vn -6.578341071872273e-07 0.0005000567762181163 -0.9999998807907104
vn -0.5859261155128479 0.0004996874486096203 -0.8103643655776978
vn 5.801649649583851e-07 -0.008759146556258202 -0.9999616742134094
vn -0.5865365266799927 -0.008765664882957935 -0.8098754286766052
vn 7.810463671376056e-07 0.0004677906399592757 -0.9999998807907104
vn -0.5859413146972656 0.000468167825601995 -0.8103533983230591
vn 6.219552801667305e-07 0.032655805349349976 -0.9994666576385498
vn -0.9506180286407471 0.0004695104726124555 -0.3103629946708679
vn -0.5862579941749573 0.03267520293593407 -0.809465229511261
vn 1.5157321797687473e-07 0.5259276032447815 -0.8505293130874634
vn 6.219552233233117e-07 0.03265580162405968 -0.9994666576385498
vn 1.5157321797687473e-07 0.5259276032447815 -0.8505293726921082
vn 0.49808332324028015 0.5265588164329529 -0.6889476180076599
vn 0.5862590074539185 0.03267218545079231 -0.8094645738601685
vn 0.807536244392395 0.527593195438385 -0.2636866867542267
vn 7.810463671376056e-07 0.0004677906690631062 -0.9999998807907104
vn 0.9502609968185425 0.032704368233680725 -0.3097330629825592
vn 0.8075368404388428 0.5275915861129761 0.26368826627731323
vn 0.5859345197677612 0.000469261925900355 -0.8103582859039307
vn 5.801649649583851e-07 -0.008759145624935627 -0.9999616742134094
vn 0.9502620697021484 0.0327046662569046 0.3097294569015503
vn 0.4980849325656891 0.5265580415725708 0.6889470219612122
vn 0.9506180286407471 0.00046978751197457314 -0.3103630840778351
vn 0.5865374207496643 -0.008760371245443821 -0.8098747730255127
vn -6.578341071872273e-07 0.0005000567180104554 -0.9999998807907104
vn 0.5862595438957214 0.032673463225364685 0.8094642162322998
vn -5.171318662178237e-07 0.5259281396865845 0.8505290150642395
vn -4.837436335947132e-07 0.03265449404716492 0.9994667172431946
vn 0.5859240889549255 0.0005001086392439902 -0.8103658556938171
vn -3.6046986906512757e-07 0.0004121661768294871 -0.9999999403953552
vn 0.5859358906745911 0.0004698334087152034 0.8103572726249695
vn 2.3482465394408791e-07 0.0004673418588936329 0.9999999403953552
vn 0.9506173729896545 0.00047072695451788604 0.3103649318218231
vn 0.5865380764007568 -0.00876044575124979 0.8098743557929993
vn -7.406372048990306e-08 -0.008758122101426125 0.9999616742134094
vn 0.9507310390472412 -0.008766818791627884 0.3098931312561035
vn 0.95073002576828 -0.008766778744757175 -0.30989623069763184
vn 0.9506145119667053 0.0005013244226574898 -0.31037378311157227
vn 0.9506139159202576 0.0005012005567550659 0.31037548184394836
vn 0.5859253406524658 0.0004986587446182966 0.8103649616241455
vn 1.541798013704465e-07 0.0004983399412594736 0.9999998807907104
vn 0.5865628123283386 0.000412260415032506 -0.809903621673584
vn -1.3748640412813984e-06 0.00657896650955081 -0.9999783635139465
vn 0.9507676362991333 0.0004124230472370982 -0.30990439653396606
vn 0.5859071016311646 0.006587735377252102 -0.8103514909744263
vn -9.81928920396058e-08 0.4918266832828522 -0.8706931471824646
vn 0.5105180740356445 0.49243810772895813 -0.7048943638801575
vn 0.9505930542945862 0.006602805107831955 -0.3103695213794708
vn 0.8269608616828918 0.49343767762184143 -0.2695458233356476
vn 0.9507688283920288 0.00041234699892811477 0.30990079045295715
vn 0.9505921006202698 0.006602542009204626 0.31037259101867676
vn 0.8269630074501038 0.49343568086624146 0.2695431411266327
vn 0.5865636467933655 0.00041265806066803634 0.809903085231781
vn -2.17524458889784e-07 0.00041283658356405795 0.9999999403953552
vn 0.5859082937240601 0.006588735617697239 0.8103505373001099
vn 0.5105192065238953 0.49243590235710144 0.7048950791358948
vn 4.6343680537574983e-07 0.006579762324690819 0.9999783635139465
vn 2.182063951750024e-07 0.49182459712028503 0.8706943392753601
vn -0.9223872423171997 -0.3851197361946106 0.02974116802215576
vn -0.829338550567627 -0.4476097524166107 0.33442968130111694
vn -0.5309875011444092 -0.823028028011322 0.2016858458518982
vn -0.5784823894500732 -0.692782461643219 -0.4305934011936188
vn -0.8435141444206238 -0.21131767332553864 0.4937901794910431
vn -0.943763792514801 -0.23629428446292877 -0.2312467396259308
vn -0.9003654718399048 -0.39529165625572205 -0.1818971037864685
vn -0.4967232942581177 -0.35125917196273804 -0.7936517000198364
vn -0.9131264686584473 0.18440240621566772 -0.36358746886253357
vn -0.7556658983230591 0.5879977345466614 0.28849223256111145
vn -0.3766063451766968 0.15851619839668274 -0.912710428237915
vn -0.7859618067741394 0.40307557582855225 -0.468822181224823
vn -0.13082928955554962 0.893697202205658 -0.429172545671463
vn -0.6113035082817078 0.49016547203063965 -0.6213259100914001
vn -0.005049432627856731 0.8139104843139648 -0.5809682607650757
vn -0.346445769071579 0.9225849509239197 -0.16974224150180817
vn 0.3067443370819092 0.9515365362167358 -0.022050725296139717
vn 0.3585856258869171 0.9284542798995972 0.09689748287200928
vn 0.5121995806694031 0.7863324880599976 0.34544599056243896
vn -0.04911535605788231 0.9629954695701599 0.2650046646595001
vn 0.4533248841762543 0.8227471113204956 0.3429049253463745
vn 0.5136946439743042 0.5882146954536438 0.624596893787384
vn 0.11535448580980301 0.8323293328285217 0.5421450138092041
vn 0.3966815769672394 0.5845512747764587 0.7077736854553223
vn 0.16106560826301575 0.25535255670547485 0.9533377885818481
vn -0.3742077052593231 0.7009225487709045 0.6071872115135193
vn 0.19278576970100403 0.17677190899848938 0.9651867151260376
vn -0.3158223032951355 -0.32258501648902893 0.8922977447509766
vn 0.1667938232421875 0.6777547597885132 0.7161204218864441
vn -0.10780861228704453 0.6304327845573425 0.7687209844589233
vn 0.04134056344628334 0.39159196615219116 0.9192098379135132
vn -0.08479958027601242 -0.25594422221183777 0.9629650115966797
vn -0.5904353260993958 -0.3734111785888672 0.7155070304870605
vn -0.18505527079105377 0.18843704462051392 0.964492678642273
vn -0.3469439744949341 -0.6222838759422302 0.7017069458961487
vn -0.8293384909629822 -0.44760969281196594 0.33442968130111694
vn -0.5309875011444092 -0.823028028011322 0.2016858607530594
vn -0.5013142228126526 -0.03395446762442589 0.86459881067276
vn -0.8435141444206238 -0.21131767332553864 0.4937901794910431
vn -0.03462224826216698 0.15053077042102814 -0.987998902797699
vn -0.7319607734680176 0.6483819484710693 -0.20936623215675354
vn -0.8734279274940491 -0.4734976589679718 -0.11368221044540405
vn -0.27997156977653503 -0.33390042185783386 -0.9000702500343323
vn 0.36134329438209534 -0.049589987844228745 -0.9311132431030273
vn -0.9812939167022705 -0.11984885483980179 -0.15066030621528625
vn 0.4589677155017853 0.09472295641899109 -0.8833890557289124
vn 0.816263735294342 0.3817135989665985 -0.4335991442203522
vn -0.44106563925743103 -0.004041329026222229 -0.8974658250808716
vn -0.8303645849227905 0.48463010787963867 -0.27500611543655396
vn -0.3892905116081238 0.6350110769271851 -0.6672434210777283
vn 0.7817373275756836 0.5376332402229309 -0.3159705400466919
vn 0.5445274114608765 0.7696420550346375 0.33337822556495667
vn 0.18626846373081207 0.4734862148761749 -0.8608803153038025
vn 0.5585435032844543 0.7246988415718079 0.40353548526763916
vn -0.2781170904636383 0.8008946180343628 0.5303005576133728
vn 0.4315987527370453 0.7767567038536072 -0.45866280794143677
vn -0.08925303816795349 0.9552561640739441 -0.2819922864437103
vn -0.005021646153181791 0.5089528560638428 0.8607797622680664
vn -0.8590605854988098 0.20513461530208588 0.46897193789482117
vn 0.28525078296661377 0.949805736541748 0.12845639884471893
vn -0.5386397242546082 0.8199591636657715 0.19373749196529388
vn -0.8303645849227905 0.4846300780773163 -0.27500608563423157
vn -0.9812939167022705 -0.1198488250374794 -0.15066027641296387
vn -0.07057247310876846 0.7561846971511841 0.6505415439605713
vn -0.7328593730926514 0.2369445562362671 0.6377886533737183
vn -0.8734279274940491 -0.4734976887702942 -0.11368221044540405
vn -0.7319607734680176 0.6483819484710693 -0.20936623215675354
vn -0.6970325708389282 -0.042321328073740005 0.7157894968986511
vn 0.5309892892837524 -0.823025643825531 0.20169110596179962
vn 0.8293377161026001 -0.4476069211959839 0.33443543314933777
vn 0.9223896861076355 -0.3851144313812256 0.029734909534454346
vn 0.578484058380127 -0.692778468132019 -0.43059754371643066
vn 0.9437642097473145 -0.2362876981496811 -0.2312517613172531
vn 0.8435145020484924 -0.21131828427314758 0.4937892556190491
vn 0.4967241585254669 -0.35125330090522766 -0.7936537265777588
vn 0.9003648161888123 -0.39529159665107727 -0.18190070986747742
vn 0.9131267666816711 0.18440158665180206 -0.3635871708393097
vn 0.7556683421134949 0.5879954695701599 0.28849053382873535
vn 0.37660863995552063 0.1585099697113037 -0.9127105474472046
vn 0.7859610319137573 0.40307486057281494 -0.46882396936416626
vn 0.13082335889339447 0.8936912417411804 -0.4291868209838867
vn 0.6113052368164062 0.49017149209976196 -0.6213194727897644
vn 0.3464500308036804 0.9225832223892212 -0.16974297165870667
vn 0.005052496213465929 0.8139113783836365 -0.5809671878814697
vn -0.30674466490745544 0.9515364766120911 -0.02204848639667034
vn -0.3585908114910126 0.9284524917602539 0.09689516574144363
vn -0.5122050046920776 0.7863267660140991 0.3454509973526001
vn 0.04911911487579346 0.962992787361145 0.26501357555389404
vn -0.4533265233039856 0.8227440118789673 0.34291017055511475
vn -0.5136948227882385 0.5882113575935364 0.6245998740196228
vn -0.11535167694091797 0.8323184251785278 0.5421624183654785
vn -0.39668047428131104 0.5845465660095215 0.7077781558036804
vn -0.16107085347175598 0.2553517818450928 0.9533371329307556
vn 0.37420129776000977 0.7009273171424866 0.6071856021881104
vn -0.192784383893013 0.1767733097076416 0.9651867747306824
vn 0.315824955701828 -0.3225839138031006 0.8922972083091736
vn -0.16678304970264435 0.6777430176734924 0.7161338925361633
vn 0.10780130326747894 0.6304253935813904 0.7687280178070068
vn -0.041335877031087875 0.3915818929672241 0.9192143678665161
vn 0.08479964733123779 -0.25594428181648254 0.9629650115966797
vn 0.5904348492622375 -0.3734089434146881 0.7155085206031799
vn 0.1850452870130539 0.18844591081142426 0.9644928574562073
vn 0.34694406390190125 -0.6222791075706482 0.7017111778259277
vn 0.8293376564979553 -0.4476069509983063 0.33443543314933777
vn 0.5309892296791077 -0.823025643825531 0.20169110596179962
vn 0.5013134479522705 -0.03394639492034912 0.8645996451377869
vn 0.8435145020484924 -0.2113182693719864 0.4937892258167267
vn 0.8734279274940491 -0.4734978973865509 -0.11368153989315033
vn 0.731955349445343 0.6483858823776245 -0.20937325060367584
vn 0.03462705388665199 0.15052691102027893 -0.9879993796348572
vn 0.2799689769744873 -0.33390069007873535 -0.9000709652900696
vn -0.36134350299835205 -0.04958692938089371 -0.9311133027076721
vn 0.9812941551208496 -0.11984754353761673 -0.15065979957580566
vn -0.4589678943157196 0.09472651034593582 -0.8833885788917542
vn -0.8162630200386047 0.38171467185020447 -0.4335995018482208
vn 0.44106823205947876 -0.004047186579555273 -0.8974644541740417
vn 0.38929176330566406 0.6350146532058716 -0.6672394275665283
vn 0.8303630352020264 0.4846344292163849 -0.27500325441360474
vn -0.7817382216453552 0.5376328825950623 -0.31596875190734863
vn -0.5445289015769958 0.7696399092674255 0.33338069915771484
vn -0.18626324832439423 0.47348880767822266 -0.8608799576759338
vn -0.5585451126098633 0.7246971726417542 0.4035361111164093
vn 0.27811604738235474 0.8009002208709717 0.5302927494049072
vn -0.43159645795822144 0.77675861120224 -0.4586617350578308
vn 0.08925441652536392 0.9552563428878784 -0.28199103474617004
vn 0.005023473408073187 0.5089519023895264 0.8607802987098694
vn 0.8590648770332336 0.2051374763250351 0.4689629375934601
vn -0.285245418548584 0.9498075842857361 0.1284548044204712
vn 0.5386400818824768 0.819958508014679 0.19373957812786102
vn 0.8303630352020264 0.4846344292163849 -0.27500325441360474
vn 0.9812941551208496 -0.11984754353761673 -0.15065981447696686
vn 0.07057701051235199 0.7561840415000916 0.6505417823791504
vn 0.7328585386276245 0.236942857503891 0.637790322303772
vn 0.8734279274940491 -0.4734978973865509 -0.11368153244256973
vn 0.731955349445343 0.6483858823776245 -0.20937325060367584
vn 0.6970341801643372 -0.04232180863618851 0.7157878279685974
vn 0.8112579584121704 0.3307432234287262 -0.4821508526802063
vn 0.8142668604850769 0.12230848520994186 -0.5674594044685364
vn 0.37691059708595276 0.2962608337402344 -0.877592146396637
vn 0.3775178790092468 0.43547242879867554 -0.817217230796814
vn -0.11115843802690506 0.2180817425251007 -0.9695793986320496
vn 0.7609408497810364 0.516994059085846 -0.3920283615589142
vn -0.12144754081964493 0.40793702006340027 -0.9048965573310852
vn 0.3697222173213959 0.5615218877792358 -0.7402693033218384
vn 0.634994626045227 0.7327502369880676 -0.24466106295585632
vn -0.12084103375673294 0.5884659886360168 -0.7994405627250671
vn 0.3130680024623871 0.8621639609336853 -0.39832374453544617
vn -0.10861199349164963 0.8417866826057434 -0.5287708044052124
vn 0.9871156811714172 0.1535843461751938 -0.04488423466682434
vn 0.8112579584121704 0.3307432234287262 -0.4821508526802063
vn 0.7609408497810364 0.5169941186904907 -0.3920283615589142
vn 0.8994488716125488 0.4331872761249542 0.05779782310128212
vn 0.634994626045227 0.7327501773834229 -0.24466104805469513
vn 0.8655596375465393 0.28862035274505615 -0.40927359461784363
vn 0.4920724332332611 0.5983995199203491 -0.6322838068008423
vn 0.531440019607544 0.3794924318790436 -0.7573355436325073
vn 0.7637165188789368 0.5948674082756042 -0.25073859095573425
vn 0.33849501609802246 0.9345672130584717 -0.1095682680606842
vn 0.34511297941207886 0.8939905762672424 0.2857934236526489
vn 0.024213680997490883 0.6078990697860718 0.7936450839042664
vn 0.5915969610214233 0.784104585647583 0.1875983327627182
vn 0.10814464837312698 0.9788079857826233 0.17389561235904694
vn 0.3130680024623871 0.8621639609336853 -0.39832374453544617
vn -0.11630475521087646 0.8788491487503052 0.46270668506622314
vn -0.09222681075334549 0.6502401232719421 0.7541100978851318
vn 0.05304454267024994 -0.03221621736884117 0.9980723857879639
vn -0.4052479863166809 0.5963178277015686 0.6929495334625244
vn -0.2075762152671814 0.02179882675409317 0.9779759645462036
vn 0.12073800712823868 -0.351087361574173 0.9285256862640381
vn -0.6190611720085144 0.027532465755939484 0.7848600149154663
vn -0.6916792988777161 0.45102810859680176 0.5640509128570557
vn -0.17319360375404358 -0.3917355537414551 0.9036300182342529
vn 0.11248685419559479 -0.643966555595398 0.7567389607429504
vn -0.6419681310653687 -0.3563697338104248 0.6788796186447144
vn -0.8960444331169128 0.057147204875946045 0.44027113914489746
vn -0.6488863229751587 0.6966007947921753 0.306094765663147
vn -0.9120902419090271 -0.21612076461315155 0.3484009802341461
vn -0.41756540536880493 0.9033704996109009 -0.09778019785881042
vn -0.10861199349164963 0.8417866826057434 -0.5287708044052124
vn -0.9510517716407776 0.30699482560157776 0.03542304039001465
vn -0.7112002372741699 0.5301012396812439 -0.4617216885089874
vn -0.12084104865789413 0.5884659886360168 -0.7994406223297119
vn -0.991360604763031 -0.02293962426483631 -0.1291433572769165
vn -0.7221474051475525 0.2221117466688156 -0.6551103591918945
vn -0.12144754081964493 0.40793704986572266 -0.90489661693573
vn -0.842576265335083 -0.4877643585205078 0.22836631536483765
vn -0.6558627486228943 -0.11727267503738403 -0.7457152009010315
vn -0.11115843802690506 0.21808172762393951 -0.9695793986320496
vn -0.894088625907898 -0.36509940028190613 -0.25943779945373535
vn -0.3041855990886688 -0.6042612195014954 -0.7364370226860046
vn -0.5093511939048767 -0.8077598214149475 -0.2967918813228607
vn -0.5466094017028809 -0.8344441652297974 0.07015092670917511
vn -0.21990707516670227 -0.9699320197105408 0.1042730063199997
vn -0.5334361791610718 -0.685550332069397 0.4954458773136139
vn 0.06455874443054199 -0.9756778478622437 -0.20948733389377594
vn -0.12107989937067032 -0.7283512353897095 0.6744213104248047
vn 0.20532739162445068 -0.9549821019172668 0.2141258716583252
vn 0.0986507311463356 -0.9860210418701172 0.13427801430225372
vn 0.5523568391799927 -0.5467548370361328 -0.6292545199394226
vn 0.5467525124549866 -0.7864700555801392 -0.28727439045906067
vn 0.5784173607826233 0.12328079342842102 -0.8063716292381287
vn 0.2467813938856125 -0.8065710663795471 -0.537161111831665
vn -0.06214137002825737 -0.1395939141511917 -0.9882570505142212
vn 0.37691059708595276 0.2962608337402344 -0.877592146396637
vn 0.37597572803497314 -0.2165667712688446 -0.9009668231010437
vn 0.8142669200897217 0.12230848520994186 -0.5674593448638916
vn 0.7276482582092285 -0.6085100769996643 -0.31661257147789
vn 0.7294617891311646 -0.20478354394435883 -0.652647852897644
vn 0.975947916507721 -0.15934260189533234 -0.14878018200397491
vn 0.8112579584121704 0.3307432234287262 -0.4821508526802063
vn 0.9871156811714172 0.1535843312740326 -0.04488423094153404
vn 0.8695603013038635 -0.08253530412912369 -0.48688068985939026
vn 0.8655596375465393 0.28862035274505615 -0.40927359461784363
vn 0.531440019607544 0.3794924318790436 -0.7573354840278625
vn -0.3769114017486572 0.29625970125198364 -0.877592146396637
vn -0.8142666816711426 0.12230806797742844 -0.567459762096405
vn -0.8112586140632629 0.3307426869869232 -0.48215022683143616
vn -0.37751874327659607 0.4354722499847412 -0.8172169327735901
vn 0.11115780472755432 0.2180802971124649 -0.969579815864563
vn -0.7609410881996155 0.5169931650161743 -0.3920290768146515
vn 0.12144631892442703 0.4079386293888092 -0.904896080493927
vn -0.369722455739975 0.5615221858024597 -0.7402689456939697
vn -0.6349944472312927 0.732750415802002 -0.24466100335121155
vn 0.12084110081195831 0.5884668231010437 -0.7994399666786194
vn -0.3130680024623871 0.8621634244918823 -0.3983248174190521
vn 0.10861460119485855 0.8417860865592957 -0.5287713408470154
vn -0.7609410881996155 0.5169931650161743 -0.3920290768146515
vn -0.8112586140632629 0.3307426869869232 -0.48215022683143616
vn -0.9871156811714172 0.15358391404151917 -0.04488470032811165
vn -0.8994490504264832 0.43318700790405273 0.057796865701675415
vn -0.8655590415000916 0.28862133622169495 -0.4092741310596466
vn -0.634994387626648 0.732750415802002 -0.24466101825237274
vn -0.5314399600028992 0.37949445843696594 -0.7573344707489014
vn -0.4920739531517029 0.5983986854553223 -0.6322833895683289
vn -0.7637176513671875 0.5948657989501953 -0.2507389187812805
vn -0.33849793672561646 0.9345660209655762 -0.10956951975822449
vn -0.34511351585388184 0.8939904570579529 0.2857930362224579
vn -0.024213524535298347 0.6078985333442688 0.7936455011367798
vn -0.5915961265563965 0.7841053605079651 0.18759769201278687
vn -0.10814416408538818 0.9788081645965576 0.17389518022537231
vn -0.31306806206703186 0.8621634244918823 -0.3983248770236969
vn 0.11630409210920334 0.87884920835495 0.46270665526390076
vn 0.09222742170095444 0.6502397060394287 0.7541103363037109
vn -0.05304392799735069 -0.032213903963565826 0.9980724453926086
vn 0.4052483141422272 0.5963173508644104 0.6929498314857483
vn 0.20757684111595154 0.021799404174089432 0.9779757857322693
vn -0.12073802202939987 -0.35108882188796997 0.9285251498222351
vn 0.6190615296363831 0.027532992884516716 0.7848597168922424
vn 0.6916778087615967 0.45102962851524353 0.5640515685081482
vn 0.6488842964172363 0.696602463722229 0.30609509348869324
vn 0.8960440158843994 0.05714927613735199 0.4402715861797333
vn 0.6419678330421448 -0.3563685417175293 0.678880512714386
vn 0.17319375276565552 -0.3917360305786133 0.9036297798156738
vn -0.11248678714036942 -0.643968403339386 0.7567373514175415
vn 0.9120900630950928 -0.21611939370632172 0.3484022617340088
vn 0.12108013778924942 -0.728351354598999 0.6744211316108704
vn -0.2053266167640686 -0.9549818634986877 0.21412764489650726
vn 0.5334359407424927 -0.6855494379997253 0.49544739723205566
vn -0.0986507385969162 -0.9860208034515381 0.1342795342206955
vn -0.5523565411567688 -0.5467552542686462 -0.6292542815208435
vn 0.842576801776886 -0.4877629578113556 0.22836759686470032
vn -0.5467534065246582 -0.7864694595336914 -0.287274569272995
vn -0.5784168243408203 0.12328120321035385 -0.8063719272613525
vn 0.21990729868412018 -0.9699317812919617 0.10427439212799072
vn -0.06455931067466736 -0.9756777882575989 -0.20948733389377594
vn -0.8695605993270874 -0.08253499120473862 -0.48688021302223206
vn -0.5314399600028992 0.37949445843696594 -0.7573344707489014
vn -0.8655590415000916 0.28862133622169495 -0.4092741310596466
vn -0.9871156811714172 0.15358388423919678 -0.04488470032811165
vn -0.9759480953216553 -0.15934161841869354 -0.14878050982952118
vn -0.8112586140632629 0.3307426869869232 -0.48215022683143616
vn -0.8142666220664978 0.12230805307626724 -0.567459762096405
vn -0.7276473641395569 -0.6085110306739807 -0.3166128993034363
vn -0.7294602394104004 -0.20478586852550507 -0.6526488661766052
vn -0.3759754002094269 -0.21656633913516998 -0.9009670615196228
vn -0.3769114315509796 0.29625970125198364 -0.8775922060012817
vn -0.2467799335718155 -0.8065714240074158 -0.5371612310409546
vn 0.06214071810245514 -0.13959567248821259 -0.9882568717002869
vn 0.11115778982639313 0.2180802971124649 -0.9695797562599182
vn 0.3041849136352539 -0.6042613983154297 -0.7364371418952942
vn 0.6558628678321838 -0.11727242171764374 -0.7457152009010315
vn 0.12144631892442703 0.4079386293888092 -0.904896080493927
vn 0.5093516707420349 -0.8077596426010132 -0.2967916429042816
vn 0.7221477627754211 0.22211308777332306 -0.6551094651222229
vn 0.12084108591079712 0.5884668231010437 -0.7994399070739746
vn 0.5466095805168152 -0.834443986415863 0.0701519176363945
vn 0.8940889835357666 -0.365098774433136 -0.25943756103515625
vn 0.9913607239723206 -0.022938258945941925 -0.1291426569223404
vn 0.7111999988555908 0.5301015377044678 -0.4617216885089874
vn 0.10861460119485855 0.8417860865592957 -0.5287713408470154
vn 0.9510510563850403 0.30699706077575684 0.035422950983047485
vn 0.41756486892700195 0.9033706188201904 -0.09778088331222534
vn -0.8472844362258911 0.1403142809867859 0.512270450592041
vn -0.9223873019218445 -0.385119765996933 0.02974116988480091
vn -0.7623452544212341 0.17087773978710175 0.6242039799690247
vn -0.7154161930084229 -0.05909799784421921 0.6961947083473206
vn -0.8540924787521362 0.07597040385007858 0.5145430564880371
vn -0.6818459033966064 0.035551995038986206 0.730631411075592
vn 0.1591230034828186 -0.2426692396402359 0.9569699764251709
vn -0.12680509686470032 -0.6010480523109436 0.7890892028808594
vn 0.9223896861076355 -0.3851144313812256 0.029734909534454346
vn 0.847287118434906 0.14031745493412018 0.5122652053833008
vn 0.7623444199562073 0.17088140547275543 0.6242039203643799
vn 0.8540951013565063 0.07597699016332626 0.5145377516746521
vn 0.715429961681366 -0.05908198282122612 0.6961819529533386
vn 0.6818485260009766 0.03555700555443764 0.7306287288665771
vn -0.15914161503314972 -0.24267610907554626 0.9569651484489441
vn 0.1268063634634018 -0.6010344624519348 0.7890993356704712
vn -0.5161937475204468 -0.15654197335243225 0.8420443534851074
vn -0.35396063327789307 0.146825909614563 0.9236633777618408
vn 0.5914636254310608 0.08607062697410583 0.8017248511314392
vn 0.4303850531578064 -0.3468881845474243 0.8333290815353394
vn 0.34396684169769287 -0.22210434079170227 0.9123357534408569
vn 0.40182119607925415 0.14755484461784363 0.903751790523529
vn 0.13318724930286407 -0.7951058745384216 0.5916653275489807
vn -0.5298935174942017 -0.6337752342224121 0.5635086297988892
vn 0.13783973455429077 -0.6600537300109863 0.7384641766548157
vn -0.7230713963508606 -0.0013271071948111057 0.6907720565795898
vn -0.6456007957458496 0.47076454758644104 0.6013156175613403
vn -0.6534715294837952 -0.4700435996055603 0.5933245420455933
vn -0.305606484413147 -0.9111189842224121 0.2765262722969055
vn -0.22840726375579834 -0.9655597805976868 0.12459714710712433
vn -0.46430379152297974 -0.8851553201675415 0.03036728873848915
vn -0.7447993159294128 -0.6493186354637146 -0.15381616353988647
vn -0.4781619608402252 -0.7689007520675659 -0.42444419860839844
vn -0.3172012269496918 -0.7907477617263794 -0.5235468745231628
vn -0.9079394340515137 -0.09936606138944626 -0.40715160965919495
vn -0.49534937739372253 -0.27100980281829834 -0.8253379464149475
vn -0.08630380034446716 -0.5494102239608765 -0.8310836553573608
vn -0.7742466330528259 0.4303533434867859 -0.4640454351902008
vn -0.35039982199668884 0.7990511059761047 0.48860758543014526
vn -0.3117513358592987 0.1764889508485794 -0.9336288571357727
vn 0.17686332762241364 -0.23728294670581818 -0.9552047848701477
vn -0.1846766173839569 0.5596797466278076 -0.8078694939613342
vn 0.2661338448524475 -0.012517910450696945 -0.9638547897338867
vn -0.47987955808639526 0.7992798686027527 -0.361755907535553
vn -0.035818617790937424 0.7437224984169006 -0.6675281524658203
vn 0.2957306504249573 0.2366245537996292 -0.9255011081695557
vn 0.18996919691562653 0.2223527878522873 -0.9562797546386719
vn -0.326682984828949 0.37783804535865784 -0.8663236498832703
vn -0.15892942249774933 0.967898964881897 -0.1947127729654312
vn -0.7756850123405457 0.3729255497455597 -0.5091554522514343
vn -0.022450732067227364 0.9256817102432251 0.3776366710662842
vn -0.2253022938966751 0.11185087263584137 0.9678472280502319
vn -0.6456007957458496 0.47076454758644104 0.6013156175613403
vn 0.40182119607925415 0.14755482971668243 0.903751790523529
vn 0.4616768956184387 0.6545870304107666 0.5986404418945312
vn 0.36533457040786743 -0.2997056245803833 0.881309986114502
vn 0.43815621733665466 0.4410278797149658 0.783271074295044
vn 0.5914636254310608 0.08607061952352524 0.8017247915267944
vn 0.47331055998802185 0.5657816529273987 0.675180196762085
vn -0.28409090638160706 -0.4116981029510498 0.8659082055091858
vn 0.6048312187194824 0.4108087122440338 0.6822136044502258
vn -0.3539606034755707 0.1468258947134018 0.9236633777618408
vn -0.3769063353538513 0.3366185426712036 0.8629192113876343
vn -0.2867503762245178 0.3912578821182251 0.8744664192199707
vn -0.870357871055603 0.03136402741074562 0.49141982197761536
vn -0.854978084564209 -0.07326441258192062 0.51346355676651
vn -0.4349770247936249 -0.7576574683189392 0.4865698218345642
vn -0.8540924191474915 0.07597040385007858 0.5145430564880371
vn -0.296455055475235 -0.7172916531562805 0.6305609345436096
vn -0.7757636904716492 -0.1371782124042511 0.6159325242042542
vn -0.7154161930084229 -0.059098001569509506 0.6961947083473206
vn -0.12680509686470032 -0.6010480523109436 0.7890892028808594
vn -0.5914740562438965 0.08606910705566406 0.801717221736908
vn 0.35394713282585144 0.1468241959810257 0.9236688613891602
vn 0.5162004828453064 -0.15654675662517548 0.8420393466949463
vn -0.4303838312625885 -0.3468847870826721 0.8333311080932617
vn -0.13318660855293274 -0.7951019406318665 0.5916708111763
vn 0.5298945903778076 -0.6337738037109375 0.5635092258453369
vn -0.3439669907093048 -0.2221055030822754 0.9123353958129883
vn -0.4018231928348541 0.14755034446716309 0.9037516713142395
vn -0.13784159719944 -0.6600517630577087 0.7384656071662903
vn 0.22840586304664612 -0.9655605554580688 0.12459410727024078
vn 0.4643014073371887 -0.8851567506790161 0.03036094456911087
vn 0.305605411529541 -0.911117672920227 0.27653205394744873
vn 0.6534714698791504 -0.4700399339199066 0.5933274626731873
vn 0.7230716943740845 -0.0013248106697574258 0.6907718181610107
vn 0.6456018090248108 0.4707626402378082 0.601315975189209
vn 0.7448002696037292 -0.6493167877197266 -0.15381890535354614
vn 0.9079400897026062 -0.09936238080263138 -0.4071510136127472
vn 0.47816306352615356 -0.7688961625099182 -0.42445114254951477
vn 0.3172031044960022 -0.7907463312149048 -0.5235479474067688
vn 0.4953513443470001 -0.27100512385368347 -0.8253383040428162
vn 0.08630302548408508 -0.5494102835655212 -0.8310837745666504
vn 0.7742475867271423 0.4303514361381531 -0.4640456736087799
vn 0.35040098428726196 0.799049973487854 0.48860859870910645
vn 0.3117523789405823 0.17648719251155853 -0.9336288571357727
vn -0.17686472833156586 -0.23728229105472565 -0.9552047252655029
vn 0.18467147648334503 0.5596876740455627 -0.8078652024269104
vn -0.2661345303058624 -0.012518340721726418 -0.9638546109199524
vn 0.47987550497055054 0.7992846369743347 -0.36175066232681274
vn 0.03581129014492035 0.7437306046485901 -0.6675196290016174
vn -0.29572853446006775 0.23663589358329773 -0.9254988431930542
vn -0.18996690213680267 0.22235478460788727 -0.9562797546386719
vn 0.3266831934452057 0.377837210893631 -0.8663239479064941
vn 0.1589122712612152 0.9679037928581238 -0.1947031170129776
vn 0.7756808400154114 0.3729344308376312 -0.5091553926467896
vn 0.0224382895976305 0.9256834387779236 0.37763312458992004
vn 0.2252776324748993 0.11187233030796051 0.9678505063056946
vn -0.4018231928348541 0.1475503295660019 0.9037516713142395
vn 0.6456018090248108 0.47076261043548584 0.601315975189209
vn -0.46167290210723877 0.6545978784561157 0.5986316800117493
vn -0.3653295934200287 -0.2997313439846039 0.8813032507896423
vn -0.4381541907787323 0.4410310685634613 0.7832704186439514
vn -0.5914740562438965 0.08606910705566406 0.801717221736908
vn -0.47331228852272034 0.5657908320426941 0.6751712560653687
vn 0.28409361839294434 -0.4116925895214081 0.865909993648529
vn -0.6048388481140137 0.4108232855796814 0.6821981072425842
vn 0.35394707322120667 0.1468241810798645 0.9236688613891602
vn 0.376897931098938 0.3366246521472931 0.8629205822944641
vn 0.28673991560935974 0.3912528157234192 0.8744721412658691
vn 0.8703588843345642 0.03136463463306427 0.49141809344291687
vn 0.8549776673316956 -0.07326806336641312 0.5134637951850891
vn 0.43497708439826965 -0.7576626539230347 0.48656165599823
vn 0.8540951013565063 0.07597698271274567 0.5145376920700073
vn 0.2964554727077484 -0.717292308807373 0.6305599808692932
vn 0.7757633924484253 -0.13717277348041534 0.6159341335296631
vn 0.715429961681366 -0.05908198282122612 0.6961819529533386
vn 0.1268063485622406 -0.6010344624519348 0.7890993356704712
vn -0.22228357195854187 0.768275797367096 -0.6002852320671082
vn -0.15950404107570648 0.8555976748466492 -0.4924542009830475
vn -0.004999298136681318 0.8513296842575073 -0.524607241153717
vn -0.3530515730381012 0.7584184408187866 -0.5478649735450745
vn -0.0037119474727660418 0.7578969597816467 -0.6523637175559998
vn 0.14755098521709442 0.8586715459823608 -0.4908277690410614
vn -0.27384960651397705 0.5719282627105713 -0.7732428312301636
vn 0.21132592856884003 0.7731615900993347 -0.5979653000831604
vn 0.33869895339012146 0.7655820846557617 -0.5469617247581482
vn -0.001841172925196588 0.5566602349281311 -0.8307382464408875
vn 0.26669934391975403 0.5771254897117615 -0.7718793749809265
vn -0.49101442098617554 0.6320527195930481 -0.5995116829872131
vn -0.6029846668243408 0.625267744064331 -0.4954289495944977
vn -0.6349276900291443 0.33057668805122375 -0.6982735991477966
vn -0.7654525637626648 0.3262040913105011 -0.5546831488609314
vn -0.3365672826766968 0.29334691166877747 -0.894801676273346
vn -0.7185105681419373 -0.05047503486275673 -0.6936821341514587
vn -0.8537626266479492 -0.023189498111605644 -0.5201458930969238
vn -0.8272284269332886 -0.4072713851928711 -0.38707008957862854
vn 0.00010806196223711595 0.2825913727283478 -0.9592403769493103
vn -0.6915686130523682 -0.48271802067756653 -0.5373232364654541
vn -0.529748797416687 -0.7531593441963196 -0.3900221288204193
vn -0.376851350069046 -0.08810051530599594 -0.9220744967460632
vn -0.36965084075927734 -0.5042270421981812 -0.7804571390151978
vn -0.3048313558101654 -0.8056044578552246 -0.5080150365829468
vn -0.202131450176239 -0.9183904528617859 -0.3401498794555664
vn 0.005013901274651289 -0.5006661415100098 -0.8656259179115295
vn 0.007132090162485838 -0.8123753666877747 -0.5830912590026855
vn 0.008286301977932453 -0.926090657711029 -0.3772100806236267
vn 0.0025656241923570633 -0.10006856918334961 -0.9949772357940674
vn 0.3811577558517456 -0.4972001016139984 -0.7794298529624939
vn 0.32160189747810364 -0.7995538711547852 -0.5072336196899414
vn 0.22070536017417908 -0.914222776889801 -0.3398323059082031
vn 0.5464314222335815 -0.7419430613517761 -0.3885014057159424
vn 0.7030930519104004 -0.4688049554824829 -0.5346794724464417
vn 0.8366214632987976 -0.3907445967197418 -0.3839053213596344
vn 0.38141313195228577 -0.08108576387166977 -0.9208415746688843
vn 0.7211342453956604 -0.03577737882733345 -0.691870927810669
vn 0.8550740480422974 -0.00558101013302803 -0.5184758305549622
vn 0.7595294117927551 0.3424900472164154 -0.5530060529708862
vn 0.33450669050216675 0.2996245324611664 -0.8934934139251709
vn 0.6296733021736145 0.3439309298992157 -0.6965795159339905
vn 0.48004624247550964 0.6431995034217834 -0.5965316295623779
vn 0.5907880663871765 0.6400330662727356 -0.4912506937980652
vn 0.004623356740921736 -0.71132493019104 -0.7028481364250183
vn -0.036177944391965866 -0.995956540107727 -0.08223041892051697
vn -0.23381048440933228 -0.9701837301254272 0.06384548544883728
vn 0.036177732050418854 -0.9959564805030823 -0.08223097771406174
vn -0.35798773169517517 -0.6578267216682434 -0.6626529097557068
vn -0.19148774445056915 -0.9805247783660889 -0.04363132640719414
vn -0.004623487126082182 -0.711324155330658 -0.7028489112854004
vn 0.23380997776985168 -0.9701838493347168 0.06384487450122833
vn 0.06363371759653091 0.607487678527832 -0.7917761206626892
vn -0.6363116502761841 -0.5355159640312195 -0.5552748441696167
vn -0.07191327959299088 -0.9959967136383057 0.05309446156024933
vn 0.3579876124858856 -0.6578270792961121 -0.6626525521278381
vn 0.1914878785610199 -0.9805247783660889 -0.04363065958023071
vn -0.6912717223167419 -0.6886524558067322 -0.2188636213541031
vn -0.21707424521446228 -0.9750127196311951 0.047213226556777954
vn -0.10073915123939514 0.4767998456954956 -0.8732202053070068
vn -0.48182979226112366 0.6858959794044495 -0.5453317761421204
vn -0.8624425530433655 -0.5053973197937012 0.027684960514307022
vn -0.0446804016828537 -0.9984299540519714 0.03378382325172424
vn -0.7721131443977356 0.5245043635368347 -0.35879865288734436
vn 0.18028384447097778 0.9350924491882324 -0.3051227927207947
vn 0.03496525436639786 0.9723379611968994 -0.23094673454761505
vn 0.03940512239933014 0.9931498169898987 -0.11000333726406097
vn -0.03496646136045456 0.9723380208015442 -0.23094622790813446
vn -0.1208411380648613 0.9830421805381775 -0.1379331648349762
vn -0.06363427639007568 0.6074888706207275 -0.7917751669883728
vn -0.18028303980827332 0.9350928068161011 -0.3051220774650574
vn 0.10073888301849365 0.4768000543117523 -0.8732201457023621
vn -0.03940461575984955 0.9931498169898987 -0.11000381410121918
vn 0.481830358505249 0.6858957409858704 -0.5453316569328308
vn 0.12084157019853592 0.9830420613288879 -0.1379333883523941
vn 0.6363117694854736 -0.5355159640312195 -0.5552747249603271
vn 0.7721136808395386 0.5245036482810974 -0.3587985634803772
vn -0.0026828639674931765 0.9988791346549988 -0.047257911413908005
vn 0.6912710666656494 -0.6886532306671143 -0.21886320412158966
vn 0.07191328704357147 -0.9959967136383057 0.05309462919831276
vn 0.7021122574806213 0.710848331451416 -0.041630808264017105
vn 0.15032634139060974 0.9878000020980835 0.04065961390733719
vn 0.8624430298805237 -0.5053966045379639 0.027685033157467842
vn 0.21707376837730408 -0.9750128388404846 0.04721233621239662
vn 0.04467959702014923 -0.9984300136566162 0.03378382697701454
vn 0.6775719523429871 -0.6869092583656311 0.2627776265144348
vn 0.13128787279129028 -0.978934109210968 0.15637026727199554
vn 0.7872371077537537 0.5435718894004822 0.2911827564239502
vn 0.02826707251369953 0.9994343519210815 -0.01822260208427906
vn 0.6377629637718201 -0.5180670022964478 0.5699692964553833
vn 0.41729435324668884 -0.6540026068687439 0.6309881806373596
vn 0.11318817734718323 -0.9924666881561279 0.046886879950761795
vn 0.5414838790893555 0.714020311832428 0.4438132643699646
vn 0.0856199711561203 -0.5870736241340637 0.8049930930137634
vn 0.3527998626232147 0.59432452917099 0.7227106690406799
vn -0.0131228594109416 0.9903056025505066 0.13828465342521667
vn -0.060294490307569504 -0.9831830859184265 0.17238222062587738
vn 0.17166878283023834 0.6762967705726624 0.7163466811180115
vn 0.0922529548406601 0.9950545430183411 0.036822039633989334
vn -0.09225258231163025 0.9950546026229858 0.03682166337966919
vn -0.17166827619075775 0.6762968897819519 0.7163467407226562
vn 0.013122773729264736 0.9903056621551514 0.13828440010547638
vn -0.08561879396438599 -0.5870733857154846 0.8049933314323425
vn 0.06029583513736725 -0.983182966709137 0.17238248884677887
vn -0.3528002202510834 0.5943243503570557 0.7227105498313904
vn -0.028266269713640213 0.9994343519210815 -0.018222182989120483
vn -0.4172952473163605 -0.6540024876594543 0.6309876441955566
vn -0.11318931728601456 -0.9924665093421936 0.04688696190714836
vn -0.5414837002754211 0.7140204310417175 0.44381338357925415
vn -0.6377633810043335 -0.5180668830871582 0.5699689984321594
vn -0.13128870725631714 -0.9789340496063232 0.15636977553367615
vn -0.787237286567688 0.543571949005127 0.29118210077285767
vn -0.1503257304430008 0.9878000617027283 0.040659453719854355
vn -0.6775723099708557 -0.6869089007377625 0.26277732849121094
vn -0.7021127343177795 0.7108478546142578 -0.04163149744272232
vn 0.0026833543088287115 0.998879075050354 -0.0472588837146759
vn 0.10853086411952972 -0.19072648882865906 0.975625216960907
vn -6.518299073832168e-07 -0.22767317295074463 0.9737376570701599
vn 6.407190653590078e-07 0.22767308354377747 0.9737376570701599
vn -0.10853231698274612 -0.19072581827640533 0.975625216960907
vn 0.10853128135204315 0.19072629511356354 0.975625216960907
vn 0.02059894986450672 -0.19433075189590454 0.980719804763794
vn -0.10853207111358643 0.19072569906711578 0.975625216960907
vn -0.02059846930205822 -0.19433151185512543 0.9807196259498596
vn 0.02059914357960224 0.1943318396806717 0.9807195663452148
vn -0.020599398761987686 0.19432982802391052 0.9807199835777283
vn -0.6325888633728027 0.19985662400722504 0.7482571601867676
vn 0.632588803768158 0.19985702633857727 0.7482571005821228
vn -0.6325893998146057 -0.1998579055070877 0.748256266117096
vn 0.6325886845588684 -0.19985775649547577 0.7482569813728333
vn -0.2172863632440567 0.7497676610946655 0.6250081658363342
vn -0.18219956755638123 0.7314761877059937 0.6570737361907959
vn 1.673730366746895e-06 0.8087367415428162 0.5881708264350891
vn 0.1822003722190857 0.7314793467521667 0.6570701003074646
vn 8.878815265234152e-07 0.9999380111694336 0.011138244532048702
vn -0.20857121050357819 0.9779810905456543 0.00714351749047637
vn 0.2085675448179245 0.9779819250106812 0.007140663452446461
vn 0.2172856628894806 0.7497680187225342 0.6250079274177551
vn 1.4987124075105385e-07 0.8383268713951111 -0.5451679825782776
vn -0.36147505044937134 0.7165220975875854 0.5966002345085144
vn -0.569518506526947 0.8219784498214722 0.0004112806636840105
vn 0.3094642162322998 0.9509103894233704 0.0011552441865205765
vn 0.13439327478408813 0.7601129412651062 -0.635741114616394
vn -0.35716959834098816 0.7080943584442139 -0.6091242432594299
vn 0.21018674969673157 0.7427201271057129 -0.635758101940155
vn -0.9803882241249084 0.1970754712820053 0.000432457571150735
vn -0.6189302206039429 0.19112208485603333 -0.7618383765220642
vn 0.02155320905148983 0.17976631224155426 -0.9834732413291931
vn 0.013306545093655586 0.21556341648101807 -0.9763991832733154
vn 0.019714942201972008 -0.18438659608364105 -0.9826560616493225
vn -0.6193569302558899 -0.1911783069372177 -0.7614774107933044
vn -0.9803882241249084 -0.19707560539245605 0.00043221114901825786
vn -0.35750165581703186 -0.7087157964706421 -0.6082059144973755
vn -0.5695199370384216 -0.8219774961471558 0.00041067879647016525
vn 0.20833846926689148 -0.7471781373023987 -0.6311259269714355
vn 0.30946290493011475 -0.9509108662605286 0.0011554150842130184
vn -0.3614773452281952 -0.7165202498435974 0.596601128578186
vn 0.13633622229099274 -0.775481104850769 -0.6164750456809998
vn 0.2172841727733612 -0.7497670650482178 0.6250095963478088
vn 0.020598948001861572 -0.19433073699474335 0.9807197451591492
vn 0.10853084921836853 -0.19072647392749786 0.9756251573562622
vn 0.20857001841068268 -0.9779813885688782 0.007141339126974344
vn 0.18220053613185883 -0.731478214263916 0.6570711731910706
vn -6.518299073832168e-07 -0.22767317295074463 0.9737376570701599
vn 7.275552889041137e-07 -0.8514079451560974 -0.5245041251182556
vn -8.508612836521934e-07 -0.808739960193634 0.588166356086731
vn 3.4872118703788146e-07 -0.9999380111694336 0.011135854758322239
vn -0.18220211565494537 -0.7314830422401428 0.6570654511451721
vn -0.10853230953216553 -0.19072580337524414 0.9756251573562622
vn -0.20856988430023193 -0.977981448173523 0.007136679254472256
vn -0.21728374063968658 -0.7497683167457581 0.6250081658363342
vn -0.02059846743941307 -0.19433151185512543 0.9807196259498596
vn 0.3614795506000519 -0.7165179252624512 0.5966026186943054
vn 0.5695183277130127 -0.8219785094261169 0.00041164387948811054
vn 0.9803882241249084 -0.1970754712820053 0.00043420380097813904
vn -0.30946147441864014 -0.950911283493042 0.0011536163510754704
vn 0.35750269889831543 -0.7087143659591675 -0.6082069873809814
vn -0.13633562624454498 -0.7754828929901123 -0.6164729595184326
vn -0.20833981037139893 -0.7471787929534912 -0.6311246752738953
vn 0.6193569898605347 -0.19117878377437592 -0.7614772915840149
vn -0.019714299589395523 -0.18438787758350372 -0.9826558232307434
vn -0.018890446051955223 -0.2446649819612503 -0.9694237112998962
vn -0.021552350372076035 0.17976593971252441 -0.9834733009338379
vn 0.9803882241249084 0.1970754712820053 0.0004333755059633404
vn 0.6189308166503906 0.1911213994026184 -0.7618380784988403
vn -0.21018686890602112 0.7427210807800293 -0.6357570290565491
vn 0.35717183351516724 0.7080936431884766 -0.6091237664222717
vn 0.569519579410553 0.8219776749610901 0.0004102725361008197
vn 0.36147820949554443 0.7165219783782959 0.5965985655784607
vn -0.3094644844532013 0.9509103298187256 0.0011554739903658628
vn -0.13439308106899261 0.7601121664047241 -0.6357420682907104
vn -0.013305307365953922 0.21556274592876434 -0.9763993620872498
vn 2.592395276224124e-07 0.2765454351902008 -0.9610008597373962
vn 1.0090052171563002e-07 -0.2901756167411804 -0.9569734334945679
vn 0.01889141835272312 -0.24466447532176971 -0.969423770904541
vn 8.771508532845473e-07 -1.0 1.9090930436505005e-07
vn 0.48361721634864807 -0.8291598558425903 0.2803719639778137
vn 7.467607474609395e-07 -0.8285849094390869 0.5598633885383606
vn -2.9549693181252223e-07 -0.46581557393074036 0.884881854057312
vn -0.4836174547672272 -0.829159677028656 0.28037214279174805
vn 0.48361676931381226 -0.8291605114936829 -0.28037068247795105
vn -0.4836178719997406 -0.8291596174240112 -0.2803713083267212
vn 0.7654633522033691 -0.4667093753814697 0.4429991543292999
vn -1.0389715043856995e-06 -0.8285857439041138 -0.5598622560501099
vn 0.7654629349708557 -0.46671047806739807 -0.44299864768981934
vn -0.76546311378479 -0.46670976281166077 0.4429991841316223
vn -0.7654635906219482 -0.46671023964881897 -0.44299787282943726
vn -2.836771955117001e-07 -0.4658174216747284 -0.8848808407783508
vn -1.1008722822225536e-07 9.479732625550241e-07 1.0
vn -0.8656179904937744 8.33994477034139e-07 0.5007050633430481
vn -0.8656176328659058 1.1038167002652699e-07 -0.5007055997848511
vn -1.590148741570374e-07 -1.8347869001900108e-08 -1.0
vn 0.865617573261261 6.500252425212238e-07 -0.5007057785987854
vn 3.5459595437714597e-07 0.4658159613609314 -0.8848815560340881
vn -0.7654628753662109 0.4667099416255951 -0.4429994821548462
vn 0.8656176328659058 8.155965360856499e-07 0.5007055997848511
vn 0.7654631733894348 0.46671032905578613 -0.4429984390735626
vn -4.6537215325770376e-07 0.8285853266716003 -0.5598629117012024
vn 0.7654626965522766 0.46671009063720703 0.44299963116645813
vn 0.4836142957210541 0.8291618824005127 -0.2803708612918854
vn -0.48361480236053467 0.8291615843772888 -0.2803709805011749
vn 0.4836156964302063 0.8291603922843933 0.2803729176521301
vn 7.584740160382353e-07 1.0 2.0019585917907534e-06
vn -2.127574276755695e-07 0.4658162295818329 0.8848814964294434
vn -5.303087391439476e-07 0.8285858631134033 0.559861958026886
vn -0.483616441488266 0.8291603326797485 0.2803717851638794
vn -0.7654623985290527 0.4667104184627533 0.44299980998039246
vn 2.0380912246764638e-07 -1.0 1.3724867358178017e-06
vn -0.4836193919181824 -0.8291584253311157 -0.28037241101264954
vn -5.519545425158867e-07 -0.8285855650901794 -0.5598624348640442
vn -1.0165090316149872e-06 -0.4658173620700836 -0.8848809003829956
vn 0.48361778259277344 -0.8291595578193665 -0.280371755361557
vn -0.48361772298812866 -0.829159140586853 0.2803729176521301
vn 0.48361721634864807 -0.8291592597961426 0.28037363290786743
vn -0.7654628157615662 -0.46671074628829956 -0.4429987072944641
vn 1.1471969401100068e-06 -0.8285835981369019 0.559865415096283
vn -0.7654618620872498 -0.4667128622531891 0.4429980218410492
vn 0.7654629349708557 -0.46671178936958313 -0.44299739599227905
vn 0.7654625177383423 -0.46671149134635925 0.44299840927124023
vn 9.45587146361504e-07 -0.4658171236515045 0.8848810195922852
vn 2.568705497196788e-07 -6.788722544115444e-07 -1.0
vn 0.8656178116798401 -1.5146796386034111e-06 -0.5007053017616272
vn 0.8656176328659058 -2.017529141085106e-06 0.5007056593894958
vn -2.4463861336698756e-07 -2.2139795419207076e-06 1.0
vn -0.8656176328659058 -1.6311955732817296e-06 0.5007056593894958
vn 5.909949507554302e-08 0.4658168852329254 0.8848811388015747
vn 0.7654645442962646 0.4667089879512787 0.44299745559692383
vn -0.8656182289123535 -4.783206009051355e-07 -0.5007045865058899
vn -0.7654642462730408 0.46670863032341003 0.4429982900619507
vn -2.1645313097451435e-07 0.8285877704620361 0.5598592758178711
vn -0.7654632925987244 0.46671080589294434 -0.44299784302711487
vn -0.4836184084415436 0.8291595578193665 0.28037071228027344
vn 0.48361706733703613 0.8291608095169067 0.28036925196647644
vn -0.48361557722091675 0.8291612863540649 -0.2803705334663391
vn 1.5995048840977688e-07 1.0 -3.730458047357388e-06
vn 5.791757757833693e-07 0.46581852436065674 -0.8848803043365479
vn 5.735973331866262e-07 0.8285862803459167 -0.5598614811897278
vn 0.48361486196517944 0.8291612863540649 -0.2803717255592346
vn 0.7654644846916199 0.4667089283466339 -0.4429977238178253
vn -2.5205297333741328e-06 -1.0 -2.4250743990705814e-07
vn -1.168842345578014e-06 -0.8285844922065735 -0.5598641037940979
vn 0.4836195111274719 -0.8291581273078918 -0.2803730368614197
vn 1.170167138297984e-06 -0.4658181667327881 -0.8848804831504822
vn -0.4836200177669525 -0.8291583061218262 -0.2803717255592346
vn 0.48361924290657043 -0.8291580677032471 0.28037360310554504
vn 0.7654623985290527 -0.4667113721370697 -0.4429987370967865
vn -0.483618825674057 -0.8291586637496948 0.28037258982658386
vn -1.6125704860314727e-06 -0.8285843133926392 0.559864342212677
vn -0.7654619812965393 -0.46671226620674133 -0.442998468875885
vn 0.7654626965522766 -0.46671172976493835 0.4429977238178253
vn -0.7654627561569214 -0.4667118787765503 0.4429974853992462
vn -5.08253947373305e-07 -0.4658183157444 0.8848804235458374
vn 0.8656178712844849 -1.3061828667559894e-06 -0.5007051825523376
vn -6.482924845840898e-07 -1.1192220199518488e-06 -1.0
vn -0.8656181693077087 -7.910692261248187e-07 -0.5007047653198242
vn -0.8656175136566162 -7.297447837117943e-07 0.5007057785987854
vn -0.7654625773429871 0.4667103588581085 -0.44299954175949097
vn -5.871330586160184e-07 -8.256558317043527e-07 1.0
vn -0.7654628753662109 0.4667111039161682 0.4429982006549835
vn 1.193805815091764e-06 0.46581655740737915 0.884881317615509
vn 0.8656179904937744 -1.017966610561416e-06 0.5007050633430481
vn 0.7654629349708557 0.4667108356952667 0.44299831986427307
vn 8.658059869048884e-08 0.8285831212997437 0.5598660707473755
vn -0.4836136996746063 0.8291618824005127 0.28037187457084656
vn 0.4836149215698242 0.8291608095169067 0.28037288784980774
vn 0.7654626369476318 0.46671125292778015 -0.44299840927124023
vn 5.804672582598869e-07 1.0 -1.914251924972632e-06
vn 0.48361635208129883 0.829160213470459 -0.2803724408149719
vn 1.9148230876453454e-06 0.4658183157444 -0.8848804235458374
vn 6.49354703341487e-08 0.8285850882530212 -0.5598632097244263
vn -0.48361602425575256 0.8291598558425903 -0.2803739011287689
vn -1.7362373228024808e-06 -1.0 -1.65110236594046e-07
vn -3.1385644660986145e-07 -0.828585147857666 -0.5598630905151367
vn 0.48361653089523315 -0.8291605710983276 -0.2803708612918854
vn -4.2551454271233524e-07 -0.4658161997795105 -0.8848815560340881
vn -0.4836171567440033 -0.8291605114936829 -0.2803700566291809
vn 0.48362040519714355 -0.8291584253311157 0.2803705334663391
vn 0.7654633522033691 -0.4667099118232727 -0.44299864768981934
vn -0.48361936211586 -0.8291587829589844 0.28037139773368835
vn -8.117000334095792e-07 -0.828588604927063 0.559857964515686
vn -0.7654626369476318 -0.4667116105556488 -0.4429980218410492
vn 0.7654640674591064 -0.46670904755592346 0.4429982602596283
vn -0.7654634118080139 -0.46671026945114136 0.44299817085266113
vn -5.673548457707511e-07 -0.46581918001174927 0.884880006313324
vn 0.8656173348426819 1.8396896450667555e-07 -0.500706136226654
vn 8.684673389325326e-07 -2.146704218830564e-06 -1.0
vn -0.8656173348426819 -2.4529215352231404e-06 -0.500706136226654
vn -0.8656186461448669 -1.0486268138265586e-06 0.5007038712501526
vn -0.7654640674591064 0.46670782566070557 -0.44299960136413574
vn -2.2017478329416917e-07 1.2843530328154884e-07 1.0
vn -0.7654634714126587 0.4667101204395294 0.4429982006549835
vn 8.273901386246507e-08 0.4658164083957672 0.8848813772201538
vn 0.8656181693077087 -1.263257672690088e-06 0.5007046461105347
vn 0.7654629945755005 0.46671032905578613 0.44299864768981934
vn 7.792303335918405e-07 0.8285858035087585 0.5598621368408203
vn -0.48361659049987793 0.8291603326797485 0.2803715169429779
vn 0.4836180806159973 0.8291596174240112 0.2803710699081421
vn 0.76546311378479 0.4667098820209503 -0.4429989755153656
vn 2.3889404019428184e-06 1.0 4.850116397392412e-07
vn 0.4836178719997406 0.8291597366333008 -0.2803710401058197
vn -9.81049765869102e-07 0.4658147692680359 -0.8848822712898254
vn 2.380982238037177e-07 0.8285856246948242 -0.5598623752593994
vn -0.4836176037788391 0.8291596174240112 -0.28037193417549133
vn -1.4395535572475637e-06 -1.0 5.882046139049635e-07
vn -0.483614057302475 -0.8291627764701843 -0.2803685665130615
vn 9.09099469481589e-07 -0.8285861015319824 -0.5598617196083069
vn 4.3733484744734596e-07 -0.46581703424453735 -0.8848810791969299
vn 0.483614981174469 -0.8291610479354858 -0.2803720533847809
vn -0.48361682891845703 -0.8291593790054321 0.28037402033805847
vn 0.48361438512802124 -0.8291618227958679 0.28037095069885254
vn -0.7654628753662109 -0.46671125292778015 -0.4429979622364044
vn -1.915605707836221e-06 -0.8285859823226929 0.5598618388175964
vn -0.7654630541801453 -0.46670976281166077 0.4429992735385895
vn 0.7654626965522766 -0.46671152114868164 -0.4429979622364044
vn 0.7654629945755005 -0.4667101800441742 0.44299888610839844
vn -2.9549664759542793e-07 -0.46581703424453735 0.8848810791969299
vn 3.791896006077877e-07 -1.4800626786382054e-06 -1.0
vn 0.8656178116798401 -1.5392093928312534e-06 -0.5007053017616272
vn 0.8656178116798401 -9.505078537586087e-07 0.5007053017616272
vn -1.1008742717422138e-07 -2.0182694981940585e-07 1.0
vn -0.8656179308891296 3.6793846902583027e-07 0.5007051825523376
vn 8.273915597101222e-08 0.4658168852329254 0.8848811388015747
vn 0.765464186668396 0.46670907735824585 0.44299814105033875
vn -0.865617573261261 -3.4954175021084666e-07 -0.5007057785987854
vn -0.7654642462730408 0.46670886874198914 0.4429982006549835
vn 1.0173308737648767e-06 0.8285872936248779 0.5598599314689636
vn -0.7654639482498169 0.4667084217071533 -0.4429992437362671
vn -0.48361897468566895 0.8291596174240112 0.2803694009780884
vn 0.48361966013908386 0.8291590213775635 0.2803701162338257
vn -0.48362022638320923 0.8291579484939575 -0.2803722023963928
vn 1.4679334299216862e-06 1.0 -7.791140319568512e-07
vn 5.791737862637092e-07 0.46581512689590454 -0.8848820924758911
vn -1.7316294531610765e-07 0.8285868763923645 -0.5598604679107666
vn 0.48361968994140625 0.8291586637496948 -0.2803709805011749
vn 0.765464186668396 0.4667084813117981 -0.4429986774921417
vn -0.7484051585197449 -0.6632418036460876 5.495843993230665e-07
vn -1.0 8.329597562806157e-07 -3.203691392172914e-07
vn -0.7060458064079285 -6.860142889308918e-07 -0.7081661820411682
vn -0.7060461044311523 -1.0350390766689088e-06 0.7081658840179443
vn -0.7484049797058105 0.6632421016693115 -1.9006475895366748e-06
vn -0.5294463634490967 -0.6611683964729309 -0.5315477848052979
vn -0.5294480323791504 0.6611655354499817 -0.5315495729446411
vn -3.0641936632491706e-07 2.425819900508941e-07 -1.0
vn 2.272632400490693e-06 -1.0 1.9200335827918025e-06
vn 1.0404680779174669e-06 -0.6622905731201172 -0.749247133731842
vn -2.115238885380677e-06 0.6622905731201172 -0.749247133731842
vn 0.7060459852218628 -2.888482413254678e-07 -0.7081660032272339
vn 0.5294472575187683 -0.6611674427986145 -0.5315480828285217
vn 0.529445469379425 0.6611679792404175 -0.5315490365028381
vn -1.3748360743193189e-06 1.0 -1.5170606957326527e-06
vn 1.0 -4.6133212094900955e-07 1.1917746860490297e-06
vn 0.7484038472175598 0.6632433533668518 8.129282491609047e-07
vn -0.5294472575187683 0.6611678004264832 0.5315476059913635
vn 0.5294466614723206 0.661166787147522 0.531549334526062
vn -2.4010836341403774e-07 0.6622917652130127 0.7492460608482361
vn -8.937227136129877e-08 1.2767465307206294e-07 1.0
vn 0.7060450315475464 1.1192859119546483e-06 0.7081669569015503
vn -0.5294463038444519 -0.661167323589325 0.5315491557121277
vn 2.2753094981453614e-06 -0.6622897982597351 0.7492478489875793
vn 0.5294477343559265 -0.6611646413803101 0.5315510034561157
vn 0.7484054565429688 -0.663241446018219 2.4845803636708297e-06
vn -2.5098179889937455e-07 1.0 8.838601388561074e-06
vn -2.509817704776651e-07 1.0 8.838601388561074e-06
vn -4.4944022192794364e-07 1.0 2.743833874774282e-06
vn -4.4679117650048283e-07 1.0 2.825187948474195e-06
vn -2.1153057616629667e-07 1.0 6.471801725638215e-07
vn -2.140186836641078e-07 1.0 6.57381349356001e-07
vn 8.581554311604123e-08 1.0 -1.1614577033469686e-06
vn 8.700343556711232e-08 1.0 -1.1745013352992828e-06
vn 1.6712507999727677e-07 1.0 -1.0506615808481001e-06
vn 1.6477093822686584e-07 1.0 -9.413533916813321e-07
vn -7.706275617636038e-09 1.0 7.0671499088348355e-06
vn -7.706274729457618e-09 1.0 7.0671499088348355e-06
vn 8.096868441498373e-06 1.0 -6.280370143940672e-05
vn 8.096869350993074e-06 1.0 -6.29065471002832e-05
vn 5.755008714913856e-06 0.7086052298545837 0.705605149269104
vn 5.7536335589247756e-06 0.7084380388259888 0.7057729959487915
vn 2.1135443262210174e-07 0.0005207519279792905 0.9999998807907104
vn 2.0879095075088117e-07 0.0001812213595258072 1.0
vn -5.411112852016231e-06 -0.7081477046012878 0.7060644030570984
vn -5.41253848496126e-06 -0.7083159685134888 0.7058955430984497
vn -7.801151696185116e-06 -1.0 5.722323840018362e-05
vn -7.801151696185116e-06 -1.0 5.7652625400805846e-05
vn 8.096869350993074e-06 1.0 -6.29065471002832e-05
vn 8.096868441498373e-06 1.0 -6.280370143940672e-05
vn 5.5838004300312605e-06 0.7081473469734192 -0.706064760684967
vn 5.585215603787219e-06 0.7083154320716858 -0.7058960795402527
vn -6.844344113687839e-08 -0.0005169900832697749 -0.9999998807907104
vn -6.58400267639081e-08 -0.00017731671687215567 -1.0
vn -5.4889023886062205e-06 -0.7086028456687927 -0.705607533454895
vn -5.487625458044931e-06 -0.7084357142448425 -0.7057754397392273
vn -7.801151696185116e-06 -1.0 5.7652625400805846e-05
vn -7.801151696185116e-06 -1.0 5.722323840018362e-05
vn -0.9850834608078003 0.1459607034921646 0.09113789349794388
vn -0.9851645827293396 0.14556628465652466 0.09089124202728271
vn -0.694286584854126 0.6102556586265564 0.381515771150589
vn -0.6936716437339783 0.6107581257820129 0.38182997703552246
vn -0.1537785828113556 0.8377491235733032 0.5239547491073608
vn -0.1536390334367752 0.8377326130867004 0.524022102355957
vn -0.00018705699767451733 0.8483014106750488 0.5295137166976929
vn 0.15454576909542084 0.8383029103279114 0.5228421092033386
vn 0.1545233279466629 0.8383264541625977 0.5228110551834106
vn 0.9851637482643127 -0.14554011821746826 -0.0909423828125
vn 0.9850825667381287 -0.1459348052740097 -0.09118901193141937
vn 0.6939340829849243 -0.6105437874794006 -0.381695955991745
vn 0.6945527195930481 -0.6100378036499023 -0.38137951493263245
vn 0.15400181710720062 -0.8376837968826294 -0.5239936113357544
vn 0.15412896871566772 -0.8376671075820923 -0.5239829421043396
vn 2.1139294403837994e-07 -0.8477079272270203 -0.5304633378982544
vn -0.15363426506519318 -0.837715208530426 -0.524051308631897
vn -0.15367314219474792 -0.8377102017402649 -0.5240479707717896
vn 1.0242006283078808e-05 0.5280801653862 -0.8491945266723633
vn 1.0242005373584107e-05 0.5280801653862 -0.8491945266723633
vn -9.030466117110336e-07 0.528080403804779 -0.8491944074630737
vn -9.049775826497353e-07 0.5280804634094238 -0.8491944074630737
vn -1.3359482409214252e-06 0.5280803442001343 -0.8491944670677185
vn -1.336453919975611e-06 0.5280803442001343 -0.8491944670677185
vn 3.864402486897234e-08 0.5280803442001343 -0.8491944670677185
vn 3.86427743137574e-08 0.5280803442001343 -0.8491944670677185
vn -3.620043855789845e-07 0.5280802845954895 -0.8491944670677185
vn -3.621232735895319e-07 0.5280802249908447 -0.8491944670677185
vn -1.314393102802569e-06 0.5280801653862 -0.8491945862770081
vn -1.3144959893907071e-06 0.5280801653862 -0.8491945266723633
vn -3.258657443439006e-06 0.5280798673629761 -0.8491947650909424
vn -3.258656988691655e-06 0.5280798673629761 -0.8491947650909424
vn 0.9879670739173889 -1.215266198784093e-08 -0.15466460585594177
vn 0.7163631319999695 -1.4618119337228563e-07 -0.6977277398109436
vn 0.7163625955581665 -1.461813496916875e-07 -0.6977282166481018
vn 0.9879670739173889 -1.2152665540554608e-08 -0.15466466546058655
vn 0.9855567812919617 -1.0937680983147402e-08 0.16934522986412048
vn 0.9855567812919617 -1.0937683647682661e-08 0.16934527456760406
vn 0.6954929828643799 -4.626512861705123e-08 0.718532919883728
vn 0.6954919099807739 -4.626519256589745e-08 0.7185339331626892
vn -0.15327899158000946 -2.9089446229590976e-07 -0.9881830215454102
vn -0.6939021944999695 -2.7240969302511076e-07 -0.7200692892074585
vn -0.6939027905464172 -2.724095509165636e-07 -0.7200686931610107
vn -0.15327899158000946 -2.908945191393286e-07 -0.9881830215454102
vn 0.16765113174915314 -2.5110978185693966e-07 -0.9858464002609253
vn 0.1676509976387024 -2.5110975343523023e-07 -0.9858464002609253
vn 0.7163625955581665 -1.461813496916875e-07 -0.6977282166481018
vn 0.7163631319999695 -1.4618119337228563e-07 -0.6977277398109436
vn -0.9877417683601379 -2.3015542183202342e-07 0.15609684586524963
vn -0.7156923413276672 -2.4137614218489034e-07 0.6984156966209412
vn -0.7156922817230225 -2.4137614218489034e-07 0.6984158158302307
vn -0.9877418279647827 -2.3015527972347627e-07 0.15609657764434814
vn -0.9851809144020081 -1.5201820247057185e-07 -0.1715187281370163
vn -0.9851809740066528 -1.520181598380077e-07 -0.1715184599161148
vn -0.6939027905464172 -2.724095509165636e-07 -0.7200686931610107
vn -0.6939021944999695 -2.7240969302511076e-07 -0.7200692892074585
vn 0.15328349173069 3.409838100765228e-08 0.9881823062896729
vn 0.6954919099807739 -4.626519256589745e-08 0.7185339331626892
vn 0.6954929828643799 -4.626512861705123e-08 0.718532919883728
vn 0.15328392386436462 3.409810389598533e-08 0.9881821870803833
vn -0.1681334227323532 1.1182780923491009e-08 0.9857642650604248
vn -0.16813340783119202 1.1182796910702564e-08 0.9857642650604248
vn -0.7156922817230225 -2.4137614218489034e-07 0.6984158158302307
vn -0.7156923413276672 -2.4137614218489034e-07 0.6984156966209412
vn -0.9850949645042419 -0.14578406512737274 -0.09129644930362701
vn -0.9851645827293396 0.14556628465652466 0.09089124202728271
vn -0.9850834608078003 0.1459607034921646 0.09113789349794388
vn -0.9851972460746765 -0.1452864408493042 -0.09098529070615768
vn -0.6937404870986938 -0.6106182932853699 -0.3819286525249481
vn -0.6943591237068176 -0.6101126074790955 -0.3816124498844147
vn -0.15363426506519318 -0.837715208530426 -0.524051308631897
vn -0.15367314219474792 -0.8377102017402649 -0.5240479707717896
vn 0.6943071484565735 0.6104828119277954 0.38111457228660583
vn 0.1545233279466629 0.8383264541625977 0.5228110551834106
vn 0.15454576909542084 0.8383029103279114 0.5228421092033386
vn 0.6949216723442078 0.6099793314933777 0.38080060482025146
vn 0.9850802421569824 0.1459425985813141 0.09120159596204758
vn 0.985161542892456 0.14554747939109802 0.09095469117164612
vn 0.9850825667381287 -0.1459348052740097 -0.09118900448083878
vn 0.9851637482643127 -0.14554011821746826 -0.0909423828125
vn 6.186198930890896e-08 -1.0 -1.509265956656236e-07
vn 6.186199641433632e-08 -1.0 -1.5092660987647832e-07
vn 6.123541851366099e-08 -1.0 -1.5760896587835305e-07
vn 6.122686357912244e-08 -1.0 -1.577001711439152e-07
vn 6.095018534324481e-08 -1.0 -1.7519427331080806e-07
vn 6.095206828149458e-08 -1.0 -1.7501649551832088e-07
vn 6.092678006552887e-08 -1.0 -1.7457234946505196e-07
vn 6.092547266689508e-08 -1.0 -1.7472852675837203e-07
vn 6.118826689771595e-08 -1.0 -1.5669785113914259e-07
vn 6.117906536928785e-08 -1.0 -1.567799330359776e-07
vn 6.186745338254696e-08 -1.0 -1.506313651589153e-07
vn 6.186745338254696e-08 -1.0 -1.5063135094806057e-07
vn 1.1207104222421549e-07 -0.5280766487121582 0.8491967916488647
vn 9.689946978141961e-08 -0.5280891060829163 0.849189043045044
vn 9.689946267599225e-08 -0.5280891060829163 0.849189043045044
vn 1.1209102268594506e-07 -0.5280765891075134 0.84919673204422
vn 8.807973728153229e-08 -0.5280741453170776 0.8491982817649841
vn 8.808120099956795e-08 -0.5280742049217224 0.8491982817649841
vn 5.78499026460122e-09 -0.528075098991394 0.8491976857185364
vn 5.789666079891731e-09 -0.528075098991394 0.8491976857185364
vn -5.7195702396484194e-08 -0.5280764698982239 0.8491968512535095
vn -5.716801254607162e-08 -0.5280764102935791 0.8491968512535095
vn 4.233987738189171e-08 -0.5280744433403015 0.849198043346405
vn 4.233988093460539e-08 -0.5280745029449463 0.849198043346405
vn -0.9999997615814209 -0.0006884000031277537 -7.75196804170264e-06
vn -0.9999998211860657 -0.0006875460967421532 -6.302841939032078e-06
vn -0.9999997615814209 -0.0006847945624031126 2.7327820362188504e-07
vn -0.9999997615814209 -0.0006820971611887217 8.120856591631309e-07
vn -0.9999997615814209 -0.000689009902998805 1.8382120288151782e-06
vn -0.9999998211860657 -0.0006734243943355978 1.8384815803074162e-06
vn -0.9999997615814209 -0.0006907021161168814 6.829553967691027e-06
vn -0.9999997615814209 -0.0006789356702938676 -2.8528282314255193e-07
vn -0.9999997615814209 -0.0006883952883072197 5.156098723091418e-06
vn 0.9999998211860657 0.0006847082986496389 2.626151399454102e-06
vn 0.9999997615814209 0.0006842672592028975 6.465501201091683e-07
vn 0.9999997615814209 0.0006832644576206803 3.3223234368051635e-06
vn 0.9999998211860657 0.0006852764636278152 2.4514615688531194e-06
vn 0.9999998211860657 0.0006825580494478345 -3.101641166125546e-09
vn 0.9999998211860657 0.0006850985810160637 2.567451806712029e-09
vn 0.9999997615814209 0.0006845727330073714 -2.022421085712267e-06
vn 0.9999997615814209 0.0006839684210717678 -1.147723651229171e-06
vn 0.9999997615814209 0.0006847112672403455 -3.2005328165496394e-08
vn -9.767803703653044e-07 0.11170578002929688 0.9937413334846497
vn -8.663004109621397e-07 0.11170578002929688 0.9937413930892944
vn -0.2002836912870407 0.11053832620382309 0.9734823107719421
vn -0.20817245543003082 0.11044032871723175 0.971837043762207
vn -0.3925412893295288 0.10699250549077988 0.9134899973869324
vn -0.4074988067150116 0.10660078376531601 0.906962513923645
vn -0.5622691512107849 0.10270193219184875 0.8205521106719971
vn -0.5755525827407837 0.10235881060361862 0.8113334774971008
vn -0.7075046896934509 0.09988826513290405 0.6996138095855713
vn -0.7147452235221863 0.09978848695755005 0.6922294497489929
vn -0.8285852670669556 0.09880536794662476 0.551075279712677
vn -0.8321489691734314 0.09878838062286377 0.5456820726394653
vn -0.9200985431671143 0.09849824756383896 0.37909993529319763
vn -0.9222393035888672 0.09849240630865097 0.37386345863342285
vn -0.976269543170929 0.09852173924446106 0.192850261926651
vn -0.9770269989967346 0.09852584451436996 0.18897347152233124
vn -0.995073676109314 0.09913662821054459 0.0005534769734367728
vn -0.995073676109314 0.09913823008537292 0.00025190794258378446
vn -0.9762597680091858 0.10051733255386353 -0.1918674111366272
vn -0.9768595099449158 0.10048899799585342 -0.1888054609298706
vn -0.9199453592300415 0.10236556082963943 -0.37844666838645935
vn -0.9215746521949768 0.10232242196798325 -0.3744734823703766
vn -0.8283136487007141 0.104335717856884 -0.5504640340805054
vn -0.8310339450836182 0.10428338497877121 -0.5463585257530212
vn -0.6733692288398743 0.09384997934103012 -0.7333253622055054
vn -0.6998953819274902 0.1296408772468567 -0.7023814916610718
vn -0.42111918330192566 0.1117369681596756 -0.9000964164733887
vn -0.4311519265174866 0.07540417462587357 -0.8991230726242065
vn -0.4325207471847534 0.06727772206068039 -0.8991104364395142
vn -0.2698841392993927 0.06900443136692047 -0.9604170918464661
vn -0.27586671710014343 0.07714074105024338 -0.9580954909324646
vn -0.29519250988960266 0.11410889029502869 -0.9485993385314941
vn -0.3280848562717438 0.1622651368379593 -0.9306075572967529
vn -0.4440828263759613 0.14603808522224426 -0.8840041756629944
vn -0.3708292543888092 0.19349510967731476 -0.9083200693130493
vn -0.5205997228622437 0.19669604301452637 -0.8308348655700684
vn -0.568280816078186 0.20523864030838013 -0.796827495098114
vn -0.4131647050380707 0.21792101860046387 -0.8841975927352905
vn 0.20028358697891235 0.1105383113026619 0.9734823107719421
vn -8.663004109621397e-07 0.11170578002929688 0.9937413930892944
vn -9.767803703653044e-07 0.11170578002929688 0.9937413334846497
vn 0.20817245543003082 0.11044029891490936 0.971837043762207
vn 0.3925415277481079 0.10699232667684555 0.9134899377822876
vn 0.40749892592430115 0.10660058259963989 0.906962513923645
vn 0.5622694492340088 0.10270168632268906 0.8205519318580627
vn 0.5755530595779419 0.10235855728387833 0.811333179473877
vn 0.7075047492980957 0.09988801926374435 0.6996137499809265
vn 0.7147452235221863 0.09978825598955154 0.6922295093536377
vn 0.8285849094390869 0.09880524128675461 0.55107581615448
vn 0.8321488499641418 0.09878826141357422 0.5456823706626892
vn 0.9200988411903381 0.0984981432557106 0.3790992796421051
vn 0.9222396612167358 0.09849231690168381 0.37386271357536316
vn 0.976269543170929 0.0985216274857521 0.19285033643245697
vn 0.9770269393920898 0.09852572530508041 0.18897385895252228
vn 0.9950737357139587 0.09913639724254608 0.0005525696906261146
vn 0.995073676109314 0.09913799166679382 0.00025108587578870356
vn 0.9762598872184753 0.10051695257425308 -0.1918671578168869
vn 0.9768595695495605 0.10048862546682358 -0.18880535662174225
vn 0.9199462532997131 0.10236535221338272 -0.3784444034099579
vn 0.9215754866600037 0.10232221335172653 -0.3744713068008423
vn 0.828314483165741 0.10433557629585266 -0.5504628419876099
vn 0.8310344815254211 0.10428323596715927 -0.5463576316833496
vn 0.6733692288398743 0.09385012090206146 -0.7333253622055054
vn 0.6998959183692932 0.12964047491550446 -0.7023810148239136
vn 0.42111900448799133 0.11173683404922485 -0.9000964760780334
vn 0.43115121126174927 0.07540477812290192 -0.8991233706474304
vn 0.4325200319290161 0.06727826595306396 -0.899110734462738
vn 0.2698843479156494 0.06900463253259659 -0.9604170322418213
vn 0.2758665680885315 0.07714106142520905 -0.9580954909324646
vn 0.2951919436454773 0.11410887539386749 -0.9485994577407837
vn 0.32808440923690796 0.16226479411125183 -0.9306077361106873
vn 0.4440828561782837 0.14603786170482635 -0.8840041756629944
vn 0.37082889676094055 0.19349470734596252 -0.9083203673362732
vn 0.5205998420715332 0.19669567048549652 -0.8308348655700684
vn 0.5682805776596069 0.2052372395992279 -0.796828031539917
vn 0.4131641089916229 0.2179197072982788 -0.8841982483863831
vn 5.633444288832834e-07 0.6499876379966736 -0.7599448561668396
vn 5.620678962259262e-07 0.30450162291526794 -0.9525118470191956
vn -0.1390797346830368 0.2790399491786957 -0.9501545429229736
vn -0.23777148127555847 0.6103702783584595 -0.7555878162384033
vn -0.26549389958381653 0.2035471796989441 -0.9423808455467224
vn 6.878636327201093e-07 0.9551193118095398 -0.296221524477005
vn -0.45812955498695374 0.49072399735450745 -0.7411527037620544
vn -0.37076535820961 0.07153449207544327 -0.9259675145149231
vn -0.30706295371055603 0.906611979007721 -0.2894253432750702
vn 5.791452508674411e-07 0.9973376393318176 0.07292243838310242
vn -0.6488694548606873 0.2771854102611542 -0.7086160778999329
vn -0.42766639590263367 -0.11218973249197006 -0.8969475626945496
vn -0.5950547456741333 0.7576972246170044 -0.26796436309814453
vn -0.3008187711238861 0.9500316977500916 0.08335348963737488
vn 2.942620085377712e-07 0.9086252450942993 0.4176124930381775
vn -0.7546488642692566 -0.03720845654606819 -0.6550729870796204
vn -0.40360841155052185 -0.3186586797237396 -0.8576461672782898
vn -0.2532963156700134 0.8666252493858337 0.4298856258392334
vn 9.919850896267235e-08 0.6572432518005371 0.7536785006523132
vn -0.5823667645454407 0.8048549890518188 0.11426880955696106
vn -0.8451297879219055 0.48429006338119507 -0.22631582617759705
vn -0.15655188262462616 0.6294131278991699 0.7611377239227295
vn -0.001153310644440353 0.17388644814491272 0.9847650527954102
vn -0.4860125184059143 0.7399668097496033 0.4650171101093292
vn -0.82625812292099 0.538128137588501 0.16648054122924805
vn -0.2979702353477478 0.5469267964363098 0.7823585271835327
vn -0.68221116065979 0.5141356587409973 0.519858181476593
vn -0.415484756231308 0.404863178730011 0.814529538154602
vn -0.9841853380203247 0.07594921439886093 -0.16003437340259552
vn -0.9613620638847351 0.1389145851135254 0.23766742646694183
vn -0.7870080471038818 0.18455851078033447 0.5886905789375305
vn -0.9333929419517517 -0.34580472111701965 -0.09589985758066177
vn -0.4766307771205902 0.20208068192005157 0.8555620908737183
vn -0.9160104393959045 -0.26182568073272705 0.303928017616272
vn -0.747032642364502 -0.14255155622959137 0.6493238210678101
vn -0.710332453250885 -0.37397101521492004 -0.5962998867034912
vn -0.7716218829154968 -0.6341246962547302 -0.04985668882727623
vn -0.5794503092765808 -0.5811474323272705 -0.5714061260223389
vn -0.35299721360206604 -0.43861088156700134 -0.8264462947845459
vn -0.7564119100570679 -0.5541502833366394 0.3475031852722168
vn -0.5718716979026794 -0.8203139901161194 -0.006912576965987682
vn -0.45518559217453003 -0.7232147455215454 -0.5193905830383301
vn -0.27481523156166077 -0.5198114514350891 -0.8088712692260742
vn -0.1433984339237213 -0.5994893312454224 -0.7874321937561035
vn -0.24163363873958588 -0.8406915068626404 -0.4846142828464508
vn 4.684370367158408e-07 -0.6257035732269287 -0.7800609469413757
vn 4.535490347734594e-07 -0.8805561661720276 -0.4739418625831604
vn -0.30773770809173584 -0.9510778188705444 0.027359526604413986
vn 1.4114947077814577e-07 -0.9993107914924622 0.0371207632124424
vn -0.552676260471344 -0.7463534474372864 0.3708173334598541
vn -0.30141520500183105 -0.8723934888839722 0.3848097026348114
vn -1.0220628610113636e-07 -0.9207155704498291 0.39023447036743164
vn -0.6178655028343201 -0.3837427496910095 0.6862825751304626
vn -0.454784095287323 -0.5469011068344116 0.7029015421867371
vn -0.24978797137737274 -0.6568524241447449 0.711442768573761
vn -0.0 -0.6991217136383057 0.7150026559829712
vn -0.27487117052078247 -0.24504609405994415 0.929730236530304
vn -0.15281760692596436 -0.31735169887542725 0.9359138607978821
vn 2.6891120796790347e-07 -0.34469157457351685 0.9387160539627075
vn -0.37106335163116455 -0.1435072273015976 0.9174517393112183
vn -0.4490119516849518 0.003802262246608734 0.8935176730155945
vn 4.535490347734594e-07 -0.8805561661720276 -0.4739418625831604
vn 4.684370367158408e-07 -0.6257035732269287 -0.780060887336731
vn 0.14340201020240784 -0.5994937419891357 -0.7874282002449036
vn 0.24163629114627838 -0.8406918048858643 -0.484612375497818
vn 1.4114947077814577e-07 -0.9993107914924622 0.0371207669377327
vn 0.2885464131832123 -0.5074766278266907 -0.8119165897369385
vn 0.3077380657196045 -0.9510777592658997 0.027357349172234535
vn -1.0220626478485428e-07 -0.9207155704498291 0.39023444056510925
vn 0.4664531946182251 -0.7126729488372803 -0.5239454507827759
vn 0.30141422152519226 -0.8723937273025513 0.3848099708557129
vn -0.0 -0.6991217136383057 0.7150026559829712
vn 0.5735306143760681 -0.819038987159729 -0.015419745817780495
vn 0.5711814761161804 -0.5701992511749268 -0.5904445052146912
vn 0.36304840445518494 -0.43502169847488403 -0.8239854574203491
vn 0.4001287519931793 -0.3341263234615326 -0.8533795475959778
vn 0.24978721141815186 -0.6568521857261658 0.7114433646202087
vn 2.6891120796790347e-07 -0.34469160437583923 0.9387159943580627
vn 0.6987184286117554 -0.38323211669921875 -0.6040908694267273
vn 0.4279221296310425 -0.1149882972240448 -0.8964710831642151
vn 0.15281718969345093 -0.31735220551490784 0.9359137415885925
vn -0.001153310644440353 0.17388643324375153 0.9847650527954102
vn 0.5471224188804626 -0.7501389384269714 0.37141451239585876
vn 0.4498000741004944 -0.5505061149597168 0.7032943964004517
vn 0.2692093551158905 -0.2514162063598633 0.9296861290931702
vn 0.6116545796394348 -0.3908561170101166 0.6878300309181213
vn 0.7498602867126465 -0.5618429780006409 0.34934523701667786
vn 0.7656380534172058 -0.6399580836296082 -0.06520811468362808
vn 0.3614283800125122 -0.1527407169342041 0.9198042750358582
vn 0.44449514150619507 0.0093371057882905 0.8957326412200928
vn 0.7477496862411499 -0.1367788165807724 0.6497399210929871
vn 0.47689181566238403 0.21074211597442627 0.8533241152763367
vn 0.9178544282913208 -0.25511521100997925 0.30407166481018066
vn 0.9317150712013245 -0.3463548719882965 -0.10929477214813232
vn 0.7857460975646973 0.1933777779340744 0.5875441431999207
vn 0.9601528644561768 0.1493605226278305 0.2362157702445984
vn 0.7521176934242249 -0.036981191486120224 -0.6579903960227966
vn 0.37076663970947266 0.07153522223234177 -0.9259669780731201
vn 0.9827848076820374 0.08225998282432556 -0.16543099284172058
vn 0.6488698720932007 0.2771848142147064 -0.7086158990859985
vn 0.2654948830604553 0.2035471647977829 -0.9423805475234985
vn 0.8451299667358398 0.48428985476493835 -0.22631554305553436
vn 0.45813021063804626 0.4907240867614746 -0.7411522269248962
vn 0.1390802413225174 0.27904012799263 -0.9501543641090393
vn 0.8262580633163452 0.5381279587745667 0.16648070514202118
vn 0.5950551629066467 0.7576970458030701 -0.2679639458656311
vn 0.2377718687057495 0.6103701591491699 -0.7555878162384033
vn 5.620678962259262e-07 0.30450162291526794 -0.9525118470191956
vn 5.633444288832834e-07 0.6499875783920288 -0.7599448561668396
vn 0.30706366896629333 0.9066118597984314 -0.2894251048564911
vn 6.878636327201093e-07 0.9551193118095398 -0.296221524477005
vn 0.5823670625686646 0.8048548698425293 0.11426865309476852
vn 0.30081966519355774 0.9500315189361572 0.08335337787866592
vn 5.791451940240222e-07 0.9973376393318176 0.07292243093252182
vn 0.68221116065979 0.5141353607177734 0.5198584198951721
vn 0.48601284623146057 0.739966869354248 0.4650166928768158
vn 0.41548508405685425 0.40486177802085876 0.8145300149917603
vn 0.2532966434955597 0.8666254281997681 0.4298851490020752
vn 2.9426198011606175e-07 0.9086253046989441 0.4176124334335327
vn 0.297970712184906 0.5469261407852173 0.7823587656021118
vn 0.1565515697002411 0.6294133067131042 0.7611376643180847
vn 9.919850896267235e-08 0.6572432518005371 0.7536785006523132
vn -0.2755473554134369 -0.09398926794528961 0.9566816091537476
vn -0.17426797747612 -0.12213265895843506 0.9770948886871338
vn -0.10477856546640396 0.5251046419143677 0.8445629477500916
vn -0.24670042097568512 0.5374904274940491 0.8063764572143555
vn -0.193481907248497 0.966666042804718 0.16769473254680634
vn -0.5121336579322815 -0.054281607270240784 0.8571888208389282
vn -0.2905604839324951 0.9451603293418884 0.14915300905704498
vn -0.24194495379924774 0.7401213645935059 -0.6274416446685791
vn -0.46768617630004883 0.5616140365600586 0.6825388669967651
vn -0.6964208483695984 -0.004494087770581245 0.7176195979118347
vn -0.2627689242362976 0.7415367960929871 -0.6173132658004761
vn -0.1690019816160202 0.08975505083799362 -0.9815204739570618
vn -0.37683072686195374 0.9255691766738892 0.03633688762784004
vn -0.5562195777893066 0.6118009686470032 0.5624228715896606
vn -0.8195112347602844 0.03572139889001846 0.5719487071037292
vn -0.16540785133838654 0.14929087460041046 -0.9748602509498596
vn -0.3518013060092926 -0.6094957590103149 -0.7104580998420715
vn -0.6268016695976257 0.6186726093292236 0.47367075085639954
vn -0.9095409512519836 0.05916804075241089 0.4113810658454895
vn -0.2801663875579834 0.9598436951637268 -0.01438231486827135
vn -0.20984941720962524 0.7026160955429077 -0.6799219846725464
vn -0.19247178733348846 0.9812107682228088 0.01341944094747305
vn -0.03961862623691559 0.7272633910179138 -0.685214102268219
vn -0.15130950510501862 0.12718676030635834 -0.9802698493003845
vn -0.3257293701171875 -0.48792871832847595 -0.8098308444023132
vn -0.4972178637981415 -0.8672280311584473 0.026268500834703445
vn -0.02233550138771534 0.10148680210113525 -0.994586169719696
vn -0.5178542733192444 -0.8493354320526123 -0.1022559329867363
vn -0.39268580079078674 -0.635892391204834 0.6644085645675659
vn -0.3668214976787567 -0.4922354221343994 -0.7893961668014526
vn -0.44345566630363464 -0.6267535090446472 0.6407238841056824
vn -0.1742679476737976 -0.12213265150785446 0.977094829082489
vn -0.2755472958087921 -0.09398926049470901 0.9566816687583923
vn -0.5738759636878967 -0.8108109831809998 -0.11511687189340591
vn -0.5843070149421692 -0.5877411961555481 0.5595942139625549
vn -0.5121337175369263 -0.05428161472082138 0.8571888208389282
vn -0.3215770721435547 -0.5273489356040955 -0.7864421606063843
vn -0.6037037372589111 -0.7811769843101501 -0.15907377004623413
vn -0.7234316468238831 -0.5376840233802795 0.433061808347702
vn -0.6964209079742432 -0.004494088236242533 0.7176195383071899
vn -0.07319370657205582 -0.6319094300270081 -0.7715783715248108
vn -0.8153620362281799 -0.47978249192237854 0.32402709126472473
vn -0.8195112943649292 0.035721395164728165 0.5719487071037292
vn -0.5844800472259521 -0.7910073399543762 -0.18080507218837738
vn -0.8690052032470703 -0.44472435116767883 0.21691083908081055
vn -0.9095410108566284 0.05916804075241089 0.4113810360431671
vn -0.5255091786384583 -0.8236794471740723 -0.21305476129055023
vn -0.9132429957389832 -0.3913916349411011 0.11313676089048386
vn -0.9826579093933105 0.09067092835903168 0.1617473065853119
vn -0.8090284466743469 0.17352065443992615 -0.5615724325180054
vn 0.1636735200881958 -0.6894787549972534 -0.7055706977844238
vn -0.7067530155181885 -0.618281364440918 -0.34384340047836304
vn 0.01957252062857151 -0.596724271774292 -0.8022075891494751
vn 0.6416373252868652 0.006485686171799898 -0.766980767250061
vn 0.06575918197631836 0.07850322872400284 -0.9947426915168762
vn 0.3838457465171814 0.059032998979091644 -0.9215083122253418
vn 0.28313374519348145 0.755683422088623 -0.5905742645263672
vn 0.46880286931991577 0.7208738327026367 -0.5104556083679199
vn -0.14796589314937592 0.9888721704483032 -0.015424726530909538
vn 0.2532716393470764 0.7082494497299194 -0.658966064453125
vn -0.46233007311820984 0.8612205386161804 -0.2110690325498581
vn -0.7012560367584229 0.6176209449768066 0.35606783628463745
vn -0.7754889130592346 0.5898758172988892 0.22508564591407776
vn -0.9826579093933105 0.09067092835903168 0.1617473065853119
vn 0.10477861762046814 0.5251052975654602 0.8445625305175781
vn 0.17426835000514984 -0.12213315814733505 0.9770947098731995
vn 0.2755472660064697 -0.09398916363716125 0.9566816687583923
vn 0.2467002421617508 0.5374908447265625 0.8063762187957764
vn 0.5121338367462158 -0.05428292229771614 0.8571886420249939
vn 0.19348256289958954 0.966666042804718 0.16769380867481232
vn 0.46768656373023987 0.5616140961647034 0.6825385689735413
vn 0.6964208483695984 -0.004494903143495321 0.7176195383071899
vn 0.2905600368976593 0.9451606273651123 0.14915210008621216
vn 0.2419460415840149 0.740121603012085 -0.6274409294128418
vn 0.5562200546264648 0.6118007898330688 0.5624226331710815
vn 0.8195109963417053 0.035720787942409515 0.5719491243362427
vn 0.3768300712108612 0.925569474697113 0.036336544901132584
vn 0.2627682685852051 0.7415364980697632 -0.6173139810562134
vn 0.16900283098220825 0.08975542336702347 -0.9815202951431274
vn 0.6268007755279541 0.6186737418174744 0.47367027401924133
vn 0.9095412492752075 0.059168361127376556 0.41138046979904175
vn 0.1654076874256134 0.1492907553911209 -0.9748603105545044
vn 0.3518015146255493 -0.6094956994056702 -0.7104580998420715
vn 0.20984862744808197 0.7026167511940002 -0.679921567440033
vn 0.2801666259765625 0.9598436951637268 -0.01438199169933796
vn 0.3257295489311218 -0.4879288077354431 -0.8098307251930237
vn 0.4972175657749176 -0.8672281503677368 0.02626870945096016
vn 0.15130871534347534 0.12718747556209564 -0.9802699089050293
vn 0.039619576185941696 0.7272639870643616 -0.6852133870124817
vn 0.5178543925285339 -0.8493354320526123 -0.10225555300712585
vn 0.3926858603954315 -0.6358922719955444 0.6644086241722107
vn 0.3668213188648224 -0.49223580956459045 -0.7893960475921631
vn 0.44345569610595703 -0.6267535090446472 0.6407238841056824
vn 0.17426835000514984 -0.12213315069675446 0.9770947098731995
vn 0.2755472660064697 -0.09398916363716125 0.9566816687583923
vn 0.5738762617111206 -0.810810923576355 -0.11511608958244324
vn 0.5843071341514587 -0.5877408981323242 0.559594452381134
vn 0.5121338367462158 -0.05428292974829674 0.8571886420249939
vn 0.32157668471336365 -0.5273492932319641 -0.7864421010017395
vn 0.7234315276145935 -0.53768390417099 0.43306222558021545
vn 0.6964209079742432 -0.004494903609156609 0.7176194787025452
vn 0.6037039160728455 -0.7811771035194397 -0.15907223522663116
vn 0.815361499786377 -0.479783296585083 0.324027419090271
vn 0.8195110559463501 0.035720787942409515 0.5719491243362427
vn 0.5844805240631104 -0.7910073399543762 -0.18080367147922516
vn 0.8690045475959778 -0.44472622871398926 0.21690943837165833
vn 0.9095411896705627 0.059168364852666855 0.41138049960136414
vn 0.5255112051963806 -0.8236783146858215 -0.2130541354417801
vn 0.9132416844367981 -0.39139536023139954 0.11313421279191971
vn 0.9826580286026001 0.09067045152187347 0.16174693405628204
vn 0.8090270757675171 0.17352606356143951 -0.5615727305412292
vn 0.7067536115646362 -0.6182810664176941 -0.3438428044319153
vn -0.16367043554782867 -0.6894789338111877 -0.7055712342262268
vn -0.019570453092455864 -0.596724808216095 -0.8022072911262512
vn -0.06575951725244522 0.07850182801485062 -0.9947428107261658
vn -0.6416372656822205 0.006485703866928816 -0.7669808864593506
vn 0.07319753617048264 -0.6319101452827454 -0.7715774178504944
vn -0.38384631276130676 0.05903337895870209 -0.9215080738067627
vn -0.4688025414943695 0.7208734750747681 -0.5104562640190125
vn 0.022335268557071686 0.10148655623197556 -0.994586169719696
vn -0.2831324636936188 0.7556844353675842 -0.5905734896659851
vn 0.19247174263000488 0.9812107682228088 0.013419576920568943
vn 0.147971048951149 0.9888714551925659 -0.015424180775880814
vn 0.7012558579444885 0.6176219582557678 0.3560665547847748
vn -0.25327539443969727 0.7082478404045105 -0.6589663624763489
vn 0.7754912972450256 0.5898723602294922 0.22508658468723297
vn 0.9826580286026001 0.09067045152187347 0.16174693405628204
vn 0.46232670545578003 0.8612228631973267 -0.21106696128845215
vn -0.17531217634677887 0.06973470747470856 0.9820401072502136
vn -0.1542724072933197 0.02385774254798889 0.9877402782440186
vn 0.40592241287231445 0.3235836625099182 0.8547050356864929
vn 0.3738696873188019 0.4127834737300873 0.8305608630180359
vn 0.7548620700836182 0.6312837600708008 0.1779443472623825
vn 0.2826869785785675 0.5758480429649353 0.7671291828155518
vn -0.2578810155391693 0.21662680804729462 0.9415785670280457
vn 0.6923047304153442 0.7058095932006836 0.1501571089029312
vn 0.5281199812889099 0.5469353795051575 -0.6495775580406189
vn 0.27341872453689575 0.7056143879890442 0.6537206172943115
vn -0.3187534213066101 0.40075963735580444 0.8589458465576172
vn 0.6064403653144836 0.7895724177360535 0.09383800625801086
vn 0.5026054978370667 0.5896612405776978 -0.6322082877159119
vn 0.010095153003931046 0.1411028355360031 -0.9899435043334961
vn 0.4802909791469574 0.5846782326698303 -0.6538134813308716
vn 0.04603305459022522 0.18969756364822388 -0.9807628393173218
vn -0.6567835807800293 -0.1500891000032425 -0.7389915585517883
vn 0.5169160962104797 0.497061550617218 -0.6969416737556458
vn -0.5550314784049988 -0.09565030783414841 -0.8263117671012878
vn -0.9770590662956238 -0.20848174393177032 0.04348510876297951
vn 0.04733484983444214 0.18513868749141693 -0.9815717339515686
vn -0.5748834013938904 -0.06138547882437706 -0.8159294724464417
vn -0.975594162940979 -0.19558124244213104 -0.09982020407915115
vn -0.6930410861968994 -0.12925060093402863 0.7092167735099792
vn -0.5924820899963379 -0.0669272243976593 -0.8027987480163574
vn -0.7267829775810242 -0.11584393680095673 0.6770278811454773
vn -0.1542724072933197 0.02385774254798889 0.9877402782440186
vn -0.17531219124794006 0.06973470747470856 0.9820401072502136
vn -0.9827382564544678 -0.14399515092372894 -0.11615066975355148
vn -0.779719352722168 -0.03417973220348358 0.6251955628395081
vn -0.2578810155391693 0.2166268229484558 0.9415785670280457
vn -0.8309166431427002 0.09746130555868149 0.54779452085495
vn -0.3187534511089325 0.40075960755348206 0.858945906162262
vn -0.985469400882721 -0.09295302629470825 -0.14216108620166779
vn -0.8702296018600464 0.22562813758850098 0.4379411041736603
vn -0.37658384442329407 0.5628314018249512 0.7358025908470154
vn -0.5741115808486938 -0.20791542530059814 -0.7919389009475708
vn -0.8867890238761902 0.3388420343399048 0.3143109977245331
vn -0.42359820008277893 0.7046234011650085 0.5692719221115112
vn -0.9807575941085815 -0.08936841040849686 -0.17357389628887177
vn -0.8873949646949768 0.4278694689273834 0.17163319885730743
vn -0.46727484464645386 0.8552683591842651 0.22398735582828522
vn -0.9720062613487244 -0.12275821715593338 -0.20033544301986694
vn -0.3155008554458618 0.7479062080383301 -0.5840339064598083
vn -0.5089852809906006 -0.44074299931526184 -0.7393778562545776
vn -0.9210776090621948 0.1512063443660736 -0.35882124304771423
vn -0.49435093998908997 -0.36567223072052 -0.7886070013046265
vn 0.14577072858810425 -0.055256545543670654 -0.9877740740776062
vn 0.10252359509468079 0.003640806535258889 -0.9947239756584167
vn 0.29052767157554626 -0.35978853702545166 -0.8866487145423889
vn 0.8053832054138184 0.1592751145362854 -0.5709547400474548
vn 0.7258285284042358 0.2263966053724289 -0.6495518684387207
vn 0.4870578944683075 0.8487213253974915 -0.20602619647979736
vn 0.04438769817352295 0.13955724239349365 -0.9892187118530273
vn 0.6704784631729126 0.3572629988193512 -0.6502475738525391
vn 0.6416163444519043 0.7669813632965088 -0.008255906403064728
vn 0.7087299227714539 0.705392599105835 0.01110419537872076
vn 0.25392207503318787 0.7789556384086609 0.5733687281608582
vn -0.37658384442329407 0.5628314018249512 0.7358025908470154
vn 0.2056257724761963 0.8661854267120361 0.45545685291290283
vn -0.4235982596874237 0.704623281955719 0.569271981716156
vn 0.7406486868858337 0.6718864440917969 0.0028564268723130226
vn 0.14723235368728638 0.9440279006958008 0.2951847314834595
vn -0.46727484464645386 0.8552683591842651 0.22398735582828522
vn -0.4059230089187622 0.32358354330062866 0.8547047972679138
vn 0.15427255630493164 0.0238584503531456 0.9877402186393738
vn 0.17531201243400574 0.06973544508218765 0.9820400476455688
vn -0.37387001514434814 0.4127841591835022 0.8305603265762329
vn -0.7548620700836182 0.631283700466156 0.17794418334960938
vn -0.2826867401599884 0.5758485198020935 0.7671288847923279
vn 0.2578811049461365 0.21662718057632446 0.9415785074234009
vn -0.6923046708106995 0.7058097720146179 0.15015634894371033
vn -0.5281188488006592 0.5469375848770142 -0.6495766639709473
vn -0.2734188735485077 0.7056145071983337 0.6537203192710876
vn 0.3187533915042877 0.4007597267627716 0.8589458465576172
vn -0.502604067325592 0.5896615386009216 -0.6322091221809387
vn -0.010094164870679379 0.14110367000102997 -0.9899434447288513
vn -0.6064403653144836 0.7895724177360535 0.09383761137723923
vn -0.48029112815856934 0.5846776366233826 -0.6538137793540955
vn -0.046032313257455826 0.1896975040435791 -0.9807628989219666
vn 0.656781792640686 -0.1500912457704544 -0.7389927506446838
vn -0.5169161558151245 0.4970616102218628 -0.6969414949417114
vn 0.5550320148468018 -0.0956510454416275 -0.8263112902641296
vn 0.9770587086677551 -0.20848329365253448 0.04348566755652428
vn -0.0473347082734108 0.18513792753219604 -0.9815719127655029
vn 0.5748836398124695 -0.061385586857795715 -0.8159292936325073
vn 0.9755940437316895 -0.19558177888393402 -0.0998203307390213
vn 0.6930408477783203 -0.12925021350383759 0.7092170715332031
vn 0.5924820899963379 -0.06692760437726974 -0.8027986884117126
vn 0.7267829775810242 -0.11584339290857315 0.6770280003547668
vn 0.15427257120609283 0.02385845221579075 0.9877402782440186
vn 0.17531204223632812 0.06973544508218765 0.9820400476455688
vn 0.9827384352684021 -0.1439945548772812 -0.1161498948931694
vn 0.7797191143035889 -0.03417915105819702 0.6251959204673767
vn 0.2578811049461365 0.21662718057632446 0.9415785074234009
vn 0.8309164643287659 0.09746163338422775 0.547794759273529
vn 0.3187533915042877 0.4007597267627716 0.8589458465576172
vn 0.9854695200920105 -0.09295317530632019 -0.14216049015522003
vn 0.8702288866043091 0.22562870383262634 0.4379422664642334
vn 0.3765832185745239 0.5628317594528198 0.7358026504516602
vn 0.5741110444068909 -0.20791520178318024 -0.7919392585754395
vn 0.8867888450622559 0.33884182572364807 0.31431159377098083
vn 0.4235970079898834 0.7046238780021667 0.5692721605300903
vn 0.9807575941085815 -0.08936835080385208 -0.17357367277145386
vn 0.8873957395553589 0.42786791920661926 0.17163299024105072
vn 0.4672742784023285 0.8552688956260681 0.2239866703748703
vn 0.9720063209533691 -0.1227579191327095 -0.2003355771303177
vn 0.31550273299217224 0.7479050159454346 -0.5840343236923218
vn 0.5089851021766663 -0.44074317812919617 -0.7393779158592224
vn 0.9210782647132874 0.15120480954647064 -0.35882022976875305
vn 0.4943546950817108 -0.36566799879074097 -0.7886066436767578
vn -0.10252115875482559 0.0036350626032799482 -0.9947242140769958
vn -0.2905256748199463 -0.35979002714157104 -0.8866487741470337
vn -0.1457706093788147 -0.055257122963666916 -0.9877740740776062
vn -0.8053830862045288 0.15927493572235107 -0.5709549784660339
vn -0.7258248925209045 0.2263984978199005 -0.6495552659034729
vn -0.044387370347976685 0.13955675065517426 -0.9892187118530273
vn -0.6704779267311096 0.35726335644721985 -0.6502478122711182
vn -0.6416161060333252 0.7669814825057983 -0.008256075903773308
vn -0.7087293863296509 0.7053931355476379 0.011103582568466663
vn -0.2539226710796356 0.7789562344551086 0.573367714881897
vn 0.3765832185745239 0.5628318190574646 0.7358026504516602
vn -0.20562848448753357 0.866185188293457 0.4554559290409088
vn 0.4235970973968506 0.704623818397522 0.5692721605300903
vn -0.7406497597694397 0.6718853116035461 0.0028561388608068228
vn -0.14723703265190125 0.9440276622772217 0.2951832115650177
vn 0.4672742784023285 0.8552688956260681 0.2239866703748703
vn -0.4870586395263672 0.8487202525138855 -0.20602859556674957
vn -0.37519755959510803 -0.18223227560520172 0.9088554382324219
vn -0.36083707213401794 -0.25176697969436646 0.898003339767456
vn -3.582149474823382e-07 -0.2763506770133972 0.9610569477081299
vn -2.3584912867136154e-07 -0.22022883594036102 0.9754483103752136
vn -0.8076700568199158 -0.1154135912656784 0.5782290697097778
vn -0.3631390631198883 -0.03585634008049965 0.9310448169708252
vn 3.086814501784829e-07 -0.08392929285764694 0.9964717030525208
vn -0.8179681897163391 -0.007441026624292135 0.5752153396606445
vn -0.36497530341148376 0.02992621436715126 0.930536150932312
vn -1.7205110225404496e-07 -0.015473348088562489 0.999880313873291
vn -0.7797175645828247 0.14078982174396515 0.6100974082946777
vn -0.9683002829551697 0.2182997614145279 0.1214078813791275
vn -0.9921364784240723 0.09332438558340073 0.0834013968706131
vn -0.8361233472824097 0.3613566756248474 -0.412697434425354
vn -0.9223594665527344 0.3427121341228485 0.17832960188388824
vn -0.8172795176506042 0.4718375504016876 -0.3307923972606659
vn -0.34844931960105896 0.6495234966278076 -0.6757975220680237
vn -0.321122944355011 0.5816283822059631 -0.7473877668380737
vn -2.340056681759961e-07 0.6198931336402893 -0.784686267375946
vn -0.7803691029548645 0.569629430770874 -0.257966011762619
vn -0.33701449632644653 0.6943707466125488 -0.6358226537704468
vn 1.0753998580526059e-08 0.6701337099075317 -0.7422404289245605
vn 0.34844958782196045 0.6495240330696106 -0.6757969260215759
vn 0.32112258672714233 0.581629753112793 -0.7473869323730469
vn 0.8361231088638306 0.3613579571247101 -0.41269680857658386
vn 4.0441594961748706e-08 0.6897531151771545 -0.7240447402000427
vn 0.33701545000076294 0.6943708658218384 -0.6358221769332886
vn 0.8172796368598938 0.4718377888202667 -0.3307916820049286
vn 0.9683001637458801 0.21829985082149506 0.12140824645757675
vn 0.9921364188194275 0.09332479536533356 0.08340194076299667
vn 0.8076698184013367 -0.11541347950696945 0.5782293677330017
vn 0.7803696990013123 0.5696292519569397 -0.25796473026275635
vn 0.9223593473434448 0.3427124321460724 0.17832957208156586
vn 0.8179680705070496 -0.0074406699277460575 0.5752155184745789
vn 0.37519752979278564 -0.182232066988945 0.9088554978370667
vn 0.360836923122406 -0.25176671147346497 0.8980035185813904
vn -3.582149474823382e-07 -0.2763506770133972 0.9610569477081299
vn -2.358491002496521e-07 -0.22022882103919983 0.9754482507705688
vn 0.36313897371292114 -0.03585660085082054 0.9310448169708252
vn 3.086814501784829e-07 -0.08392929285764694 0.9964717030525208
vn 0.7797175049781799 0.14079035818576813 0.6100972294807434
vn 0.3649750351905823 0.029925785958766937 0.9305362701416016
vn -1.7205110225404496e-07 -0.015473347157239914 0.999880313873291
vn 0.9388859868049622 0.31269708275794983 0.14392231404781342
vn 0.7895237803459167 0.16890333592891693 0.5900202393531799
vn 0.3844585120677948 -0.0504528172314167 0.9217625260353088
vn -1.023144932332798e-06 -0.08522835373878479 0.9963614344596863
vn 0.9671388268470764 0.22819475829601288 0.11211461573839188
vn 0.38173508644104004 -0.09231162816286087 0.9196504354476929
vn -4.604062553426047e-07 -0.10558704286813736 0.9944100975990295
vn 0.8254079818725586 0.07197421044111252 0.5599298477172852
vn 7.589390520479355e-07 0.2898361384868622 0.9570763111114502
vn 0.7931956648826599 0.5203388333320618 -0.31636717915534973
vn 0.44952911138534546 0.2651151716709137 0.8530167937278748
vn 0.3288903534412384 0.6588422656059265 -0.6765782237052917
vn 0.835307240486145 0.019828440621495247 0.5494258999824524
vn 0.9743351936340332 0.20262929797172546 0.09804237633943558
vn 0.8208776116371155 0.13992919027805328 0.5536965727806091
vn 0.8765389919281006 0.46208155155181885 0.13475939631462097
vn 0.4531579613685608 0.8472079634666443 0.27728426456451416
vn -1.0333385489502689e-06 0.9435853958129883 0.33112940192222595
vn 0.8018996119499207 0.5126432776451111 -0.3068450689315796
vn 0.764112114906311 0.5912215709686279 -0.25805002450942993
vn 0.8101820349693298 0.48760560154914856 -0.3253396451473236
vn 0.3031880855560303 0.7508280277252197 -0.5867999792098999
vn 0.3479864001274109 0.8509759306907654 -0.3933770954608917
vn 0.3218218684196472 0.6864455342292786 -0.6520914435386658
vn -2.7342978228261927e-06 0.9002878069877625 -0.4352951943874359
vn -2.120510316672153e-06 0.7876839637756348 -0.6160796284675598
vn -8.069270620580937e-07 0.6684458255767822 -0.743760883808136
vn -1.6820030168673838e-06 0.7112365961074829 -0.7029527425765991
vn -0.32888922095298767 0.6588425040245056 -0.6765785813331604
vn -0.32182201743125916 0.6864454746246338 -0.6520914435386658
vn -0.303191602230072 0.7508276104927063 -0.5867988467216492
vn -0.7931942939758301 0.5203399062156677 -0.31636884808540344
vn -0.8101809024810791 0.4876072406768799 -0.3253398835659027
vn -0.9388859272003174 0.31269708275794983 0.1439228355884552
vn -0.9671386480331421 0.2281953990459442 0.11211490631103516
vn -0.7895234227180481 0.1689034402370453 0.5900207161903381
vn -0.9743351936340332 0.20263026654720306 0.09804106503725052
vn -0.3844588100910187 -0.05045292153954506 0.9217624664306641
vn -1.0231450460196356e-06 -0.08522835373878479 0.9963614344596863
vn -0.8254076838493347 0.07197413593530655 0.5599303245544434
vn -0.3817361295223236 -0.09231182187795639 0.9196499586105347
vn -4.604062553426047e-07 -0.10558704286813736 0.9944100975990295
vn 7.589392225781921e-07 0.28983616828918457 0.9570763111114502
vn -0.8353074789047241 0.019828474149107933 0.5494253635406494
vn -0.4495297372341156 0.26511478424072266 0.8530164957046509
vn -0.8208783268928528 0.1399296224117279 0.5536952614784241
vn -0.87654048204422 0.4620792865753174 0.1347573846578598
vn -0.4531603157520294 0.8472065925598145 0.2772845923900604
vn -0.8019002079963684 0.5126426219940186 -0.3068446218967438
vn -0.7641142010688782 0.5912190675735474 -0.2580496370792389
vn -0.34799253940582275 0.8509736061096191 -0.39337655901908875
f 2/2/2 3/3/3 1/1/1
f 4/4/4 1/1/1 3/3/3
f 3/3/3 5/5/5 4/4/4
f 6/6/6 4/4/4 5/5/5
f 5/5/5 7/7/7 6/6/6
f 8/8/8 6/6/6 7/7/7
f 7/7/7 9/9/9 8/8/8
f 10/10/10 8/8/8 9/9/9
f 9/9/9 11/11/11 10/10/10
f 12/12/12 10/10/10 11/11/11
f 11/11/11 13/13/13 12/12/12
f 14/14/14 12/12/12 13/13/13
f 13/13/13 15/15/15 14/14/14
f 16/16/16 14/14/14 15/15/15
f 15/15/15 17/17/17 16/16/16
f 18/18/18 16/16/16 17/17/17
f 20/20/20 21/21/21 19/19/19
f 22/22/22 19/19/19 21/21/21
f 21/21/21 23/23/23 22/22/22
f 24/24/24 22/22/22 23/23/23
f 23/23/23 25/25/25 24/24/24
f 26/26/26 24/24/24 25/25/25
f 25/25/25 27/27/27 26/26/26
f 28/28/28 26/26/26 27/27/27
f 27/27/27 29/29/29 28/28/28
f 30/30/30 28/28/28 29/29/29
f 29/29/29 31/31/31 30/30/30
f 32/32/32 30/30/30 31/31/31
f 31/31/31 33/33/33 32/32/32
f 34/34/34 32/32/32 33/33/33
f 33/33/33 35/35/35 34/34/34
f 36/36/36 34/34/34 35/35/35
f 38/38/38 39/39/39 37/37/37
f 40/40/40 39/39/39 38/38/38
f 40/40/40 38/38/38 41/41/41
f 41/41/41 38/38/38 42/42/42
f 40/40/40 41/41/41 43/43/43
f 41/41/41 42/42/42 44/44/44
f 40/40/40 43/43/43 45/45/45
f 47/47/47 40/40/40 46/46/46
f 45/45/45 46/46/46 40/40/40
f 46/46/46 45/45/45 48/48/48
f 49/49/49 48/48/48 45/45/45
f 50/50/50 48/48/48 49/49/49
f 50/50/50 51/51/51 48/48/48
f 52/52/52 51/51/51 50/50/50
f 53/53/53 52/52/52 50/50/50
f 52/52/52 53/53/53 54/54/54
f 54/54/54 55/55/55 52/52/52
f 52/52/52 56/56/56 51/51/51
f 57/57/57 51/51/51 56/56/56
f 55/55/55 58/58/58 52/52/52
f 56/56/56 52/52/52 58/58/58
f 59/59/59 58/58/58 55/55/55
f 60/60/60 61/61/61 59/59/59
f 58/58/58 59/59/59 61/61/61
f 61/61/61 62/62/62 58/58/58
f 63/63/63 58/58/58 62/62/62
f 56/56/56 58/58/58 63/63/63
f 63/63/63 62/62/62 64/64/64
f 65/65/65 63/63/63 64/64/64
f 63/63/63 65/65/65 66/66/66
f 63/63/63 66/66/66 56/56/56
f 67/67/67 66/66/66 65/65/65
f 66/66/66 67/67/67 68/68/68
f 68/68/68 69/69/69 66/66/66
f 70/70/70 56/56/56 66/66/66
f 56/56/56 70/70/70 57/57/57
f 71/71/71 57/57/57 70/70/70
f 72/72/72 66/66/66 69/69/69
f 66/66/66 72/72/72 70/70/70
f 69/69/69 73/73/73 72/72/72
f 70/70/70 74/74/74 71/71/71
f 74/74/74 70/70/70 72/72/72
f 75/75/75 71/71/71 74/74/74
f 74/74/74 72/72/72 75/75/75
f 76/76/76 75/75/75 72/72/72
f 76/76/76 72/72/72 73/73/73
f 73/73/73 77/77/77 76/76/76
f 78/78/78 76/76/76 77/77/77
f 78/78/78 77/77/77 79/79/79
f 79/79/79 80/80/80 78/78/78
f 76/76/76 78/78/78 81/81/81
f 80/80/80 82/82/82 78/78/78
f 83/83/83 81/81/81 78/78/78
f 81/81/81 83/83/83 84/84/84
f 83/83/83 78/78/78 85/85/85
f 85/85/85 84/84/84 83/83/83
f 86/86/86 78/78/78 82/82/82
f 87/87/87 86/86/86 82/82/82
f 86/86/86 87/87/87 88/88/88
f 89/89/89 86/86/86 88/88/88
f 89/89/89 90/90/90 86/86/86
f 91/91/91 85/85/85 78/78/78
f 78/78/78 86/86/86 91/91/91
f 91/91/91 92/92/92 85/85/85
f 91/91/91 86/86/86 92/92/92
f 85/85/85 93/93/93 84/84/84
f 93/93/93 85/85/85 92/92/92
f 94/94/94 84/84/84 93/93/93
f 94/94/94 93/93/93 95/95/95
f 96/96/96 95/95/95 93/93/93
f 95/95/95 96/96/96 97/97/97
f 96/96/96 93/93/93 98/98/98
f 98/98/98 97/97/97 96/96/96
f 92/92/92 98/98/98 93/93/93
f 98/98/98 99/99/99 97/97/97
f 100/100/100 97/97/97 99/99/99
f 100/100/100 99/99/99 101/101/101
f 102/102/102 101/101/101 99/99/99
f 92/92/92 103/103/103 98/98/98
f 99/99/99 98/98/98 103/103/103
f 99/99/99 103/103/103 102/102/102
f 103/103/103 92/92/92 86/86/86
f 103/103/103 86/86/86 90/90/90
f 104/104/104 102/102/102 103/103/103
f 105/105/105 103/103/103 90/90/90
f 104/104/104 103/103/103 105/105/105
f 107/107/107 108/108/108 106/106/106
f 109/109/109 106/106/106 108/108/108
f 109/109/109 108/108/108 110/110/110
f 111/111/111 110/110/110 108/108/108
f 111/111/111 112/112/112 110/110/110
f 110/110/110 113/113/113 109/109/109
f 114/114/114 109/109/109 113/113/113
f 115/115/115 110/110/110 112/112/112
f 110/110/110 115/115/115 113/113/113
f 116/116/116 115/115/115 112/112/112
f 112/112/112 117/117/117 116/116/116
f 118/118/118 113/113/113 115/115/115
f 115/115/115 116/116/116 118/118/118
f 113/113/113 119/119/119 114/114/114
f 113/113/113 118/118/118 119/119/119
f 120/120/120 114/114/114 119/119/119
f 120/120/120 119/119/119 121/121/121
f 122/122/122 116/116/116 117/117/117
f 117/117/117 123/123/123 122/122/122
f 124/124/124 118/118/118 116/116/116
f 116/116/116 122/122/122 124/124/124
f 125/125/125 122/122/122 123/123/123
f 123/123/123 126/126/126 125/125/125
f 127/127/127 125/125/125 126/126/126
f 125/125/125 127/127/127 128/128/128
f 125/125/125 128/128/128 122/122/122
f 129/129/129 128/128/128 127/127/127
f 129/129/129 130/130/130 128/128/128
f 131/131/131 122/122/122 128/128/128
f 131/131/131 124/124/124 122/122/122
f 132/132/132 128/128/128 130/130/130
f 128/128/128 132/132/132 131/131/131
f 130/130/130 133/133/133 132/132/132
f 131/131/131 134/134/134 124/124/124
f 134/134/134 131/131/131 132/132/132
f 135/135/135 124/124/124 134/134/134
f 124/124/124 135/135/135 118/118/118
f 136/136/136 134/134/134 132/132/132
f 137/137/137 118/118/118 135/135/135
f 137/137/137 119/119/119 118/118/118
f 134/134/134 138/138/138 135/135/135
f 138/138/138 134/134/134 136/136/136
f 135/135/135 139/139/139 137/137/137
f 139/139/139 135/135/135 138/138/138
f 138/138/138 136/136/136 140/140/140
f 138/138/138 141/141/141 139/139/139
f 142/142/142 140/140/140 136/136/136
f 136/136/136 132/132/132 142/142/142
f 140/140/140 142/142/142 143/143/143
f 144/144/144 142/142/142 132/132/132
f 144/144/144 132/132/132 133/133/133
f 133/133/133 145/145/145 144/144/144
f 146/146/146 143/143/143 142/142/142
f 142/142/142 144/144/144 146/146/146
f 143/143/143 146/146/146 147/147/147
f 148/148/148 147/147/147 146/146/146
f 149/149/149 144/144/144 145/145/145
f 149/149/149 146/146/146 144/144/144
f 146/146/146 149/149/149 148/148/148
f 145/145/145 150/150/150 149/149/149
f 150/150/150 148/148/148 149/149/149
f 151/151/151 139/139/139 141/141/141
f 151/151/151 141/141/141 152/152/152
f 153/153/153 152/152/152 141/141/141
f 139/139/139 151/151/151 154/154/154
f 152/152/152 154/154/154 151/151/151
f 154/154/154 137/137/137 139/139/139
f 137/137/137 154/154/154 119/119/119
f 155/155/155 156/156/156 153/153/153
f 152/152/152 153/153/153 156/156/156
f 156/156/156 121/121/121 152/152/152
f 157/157/157 119/119/119 154/154/154
f 157/157/157 121/121/121 119/119/119
f 152/152/152 158/158/158 154/154/154
f 157/157/157 154/154/154 158/158/158
f 158/158/158 152/152/152 121/121/121
f 158/158/158 121/121/121 157/157/157
f 160/160/160 161/161/161 159/159/159
f 160/160/160 162/162/162 161/161/161
f 161/161/161 162/162/162 163/163/163
f 161/161/161 163/163/163 164/164/164
f 163/163/163 162/162/162 165/165/165
f 163/163/163 166/166/166 164/164/164
f 165/165/165 162/162/162 167/167/167
f 168/168/168 169/169/169 162/162/162
f 167/167/167 162/162/162 169/169/169
f 169/169/169 170/170/170 167/167/167
f 171/171/171 167/167/167 170/170/170
f 170/170/170 172/172/172 171/171/171
f 173/173/173 172/172/172 170/170/170
f 173/173/173 174/174/174 172/172/172
f 174/174/174 175/175/175 172/172/172
f 175/175/175 174/174/174 176/176/176
f 177/177/177 176/176/176 174/174/174
f 174/174/174 173/173/173 178/178/178
f 179/179/179 178/178/178 173/173/173
f 177/177/177 174/174/174 180/180/180
f 178/178/178 180/180/180 174/174/174
f 180/180/180 181/181/181 177/177/177
f 183/183/183 181/181/181 182/182/182
f 180/180/180 182/182/182 181/181/181
f 182/182/182 180/180/180 184/184/184
f 185/185/185 184/184/184 180/180/180
f 180/180/180 178/178/178 185/185/185
f 184/184/184 185/185/185 186/186/186
f 185/185/185 187/187/187 186/186/186
f 185/185/185 188/188/188 187/187/187
f 185/185/185 178/178/178 188/188/188
f 189/189/189 187/187/187 188/188/188
f 189/189/189 188/188/188 190/190/190
f 190/190/190 188/188/188 191/191/191
f 192/192/192 188/188/188 178/178/178
f 178/178/178 179/179/179 192/192/192
f 193/193/193 192/192/192 179/179/179
f 194/194/194 191/191/191 188/188/188
f 188/188/188 192/192/192 194/194/194
f 191/191/191 194/194/194 195/195/195
f 192/192/192 193/193/193 196/196/196
f 196/196/196 194/194/194 192/192/192
f 197/197/197 196/196/196 193/193/193
f 196/196/196 197/197/197 194/194/194
f 198/198/198 194/194/194 197/197/197
f 198/198/198 195/195/195 194/194/194
f 195/195/195 198/198/198 199/199/199
f 200/200/200 199/199/199 198/198/198
f 199/199/199 200/200/200 201/201/201
f 202/202/202 201/201/201 200/200/200
f 198/198/198 203/203/203 200/200/200
f 202/202/202 200/200/200 204/204/204
f 205/205/205 200/200/200 203/203/203
f 203/203/203 206/206/206 205/205/205
f 207/207/207 204/204/204 200/200/200
f 207/207/207 208/208/208 204/204/204
f 208/208/208 207/207/207 209/209/209
f 207/207/207 210/210/210 209/209/209
f 210/210/210 207/207/207 211/211/211
f 205/205/205 212/212/212 200/200/200
f 212/212/212 205/205/205 206/206/206
f 207/207/207 200/200/200 213/213/213
f 213/213/213 200/200/200 212/212/212
f 213/213/213 214/214/214 207/207/207
f 213/213/213 212/212/212 214/214/214
f 215/215/215 211/211/211 207/207/207
f 215/215/215 207/207/207 214/214/214
f 215/215/215 216/216/216 211/211/211
f 215/215/215 217/217/217 216/216/216
f 217/217/217 215/215/215 218/218/218
f 212/212/212 206/206/206 219/219/219
f 219/219/219 214/214/214 212/212/212
f 220/220/220 219/219/219 206/206/206
f 220/220/220 221/221/221 219/219/219
f 222/222/222 219/219/219 221/221/221
f 221/221/221 223/223/223 222/222/222
f 214/214/214 219/219/219 224/224/224
f 222/222/222 224/224/224 219/219/219
f 224/224/224 222/222/222 223/223/223
f 214/214/214 224/224/224 215/215/215
f 224/224/224 223/223/223 225/225/225
f 225/225/225 215/215/215 224/224/224
f 225/225/225 218/218/218 215/215/215
f 226/226/226 225/225/225 223/223/223
f 218/218/218 225/225/225 227/227/227
f 226/226/226 227/227/227 225/225/225
f 229/229/229 230/230/230 228/228/228
f 228/228/228 231/231/231 229/229/229
f 231/231/231 232/232/232 229/229/229
f 233/233/233 229/229/229 232/232/232
f 233/233/233 232/232/232 234/234/234
f 232/232/232 231/231/231 235/235/235
f 236/236/236 235/235/235 231/231/231
f 237/237/237 234/234/234 232/232/232
f 232/232/232 235/235/235 237/237/237
f 237/237/237 238/238/238 234/234/234
f 234/234/234 238/238/238 239/239/239
f 240/240/240 237/237/237 235/235/235
f 237/237/237 240/240/240 238/238/238
f 235/235/235 236/236/236 241/241/241
f 235/235/235 241/241/241 240/240/240
f 242/242/242 241/241/241 236/236/236
f 242/242/242 243/243/243 241/241/241
f 244/244/244 239/239/239 238/238/238
f 239/239/239 244/244/244 245/245/245
f 246/246/246 238/238/238 240/240/240
f 238/238/238 246/246/246 244/244/244
f 247/247/247 245/245/245 244/244/244
f 245/245/245 247/247/247 248/248/248
f 249/249/249 248/248/248 247/247/247
f 247/247/247 250/250/250 249/249/249
f 247/247/247 244/244/244 250/250/250
f 251/251/251 249/249/249 250/250/250
f 251/251/251 250/250/250 252/252/252
f 253/253/253 250/250/250 244/244/244
f 253/253/253 244/244/244 246/246/246
f 254/254/254 252/252/252 250/250/250
f 250/250/250 253/253/253 254/254/254
f 252/252/252 254/254/254 255/255/255
f 253/253/253 246/246/246 256/256/256
f 256/256/256 254/254/254 253/253/253
f 257/257/257 256/256/256 246/246/246
f 246/246/246 240/240/240 257/257/257
f 258/258/258 255/255/255 254/254/254
f 255/255/255 258/258/258 259/259/259
f 260/260/260 257/257/257 240/240/240
f 260/260/260 240/240/240 241/241/241
f 261/261/261 259/259/259 258/258/258
f 262/262/262 259/259/259 261/261/261
f 262/262/262 261/261/261 263/263/263
f 264/264/264 263/263/263 261/261/261
f 261/261/261 258/258/258 264/264/264
f 263/263/263 264/264/264 265/265/265
f 266/266/266 265/265/265 264/264/264
f 267/267/267 264/264/264 258/258/258
f 264/264/264 267/267/267 266/266/266
f 258/258/258 254/254/254 267/267/267
f 268/268/268 266/266/266 267/267/267
f 269/269/269 267/267/267 254/254/254
f 267/267/267 269/269/269 268/268/268
f 256/256/256 269/269/269 254/254/254
f 270/270/270 268/268/268 269/269/269
f 256/256/256 270/270/270 269/269/269
f 256/256/256 257/257/257 270/270/270
f 271/271/271 270/270/270 257/257/257
f 257/257/257 260/260/260 271/271/271
f 270/270/270 271/271/271 272/272/272
f 273/273/273 271/271/271 260/260/260
f 260/260/260 241/241/241 273/273/273
f 274/274/274 272/272/272 271/271/271
f 274/274/274 271/271/271 273/273/273
f 274/274/274 275/275/275 272/272/272
f 273/273/273 275/275/275 274/274/274
f 276/276/276 272/272/272 275/275/275
f 278/278/278 276/276/276 277/277/277
f 275/275/275 277/277/277 276/276/276
f 277/277/277 275/275/275 243/243/243
f 275/275/275 273/273/273 279/279/279
f 279/279/279 243/243/243 275/275/275
f 280/280/280 279/279/279 273/273/273
f 243/243/243 279/279/279 280/280/280
f 280/280/280 273/273/273 241/241/241
f 280/280/280 241/241/241 243/243/243
f 282/282/282 283/283/283 281/281/281
f 284/284/284 281/281/281 283/283/283
f 283/283/283 285/285/285 284/284/284
f 281/281/281 284/284/284 286/286/286
f 287/287/287 284/284/284 285/285/285
f 285/285/285 288/288/288 287/287/287
f 289/289/289 286/286/286 284/284/284
f 284/284/284 287/287/287 289/289/289
f 286/286/286 289/289/289 290/290/290
f 291/291/291 287/287/287 288/288/288
f 288/288/288 292/292/292 291/291/291
f 293/293/293 290/290/290 289/289/289
f 290/290/290 293/293/293 294/294/294
f 295/295/295 289/289/289 287/287/287
f 289/289/289 295/295/295 293/293/293
f 287/287/287 291/291/291 295/295/295
f 296/296/296 294/294/294 293/293/293
f 294/294/294 296/296/296 297/297/297
f 298/298/298 293/293/293 295/295/295
f 293/293/293 298/298/298 296/296/296
f 299/299/299 297/297/297 296/296/296
f 297/297/297 299/299/299 300/300/300
f 301/301/301 296/296/296 298/298/298
f 296/296/296 301/301/301 299/299/299
f 298/298/298 295/295/295 302/302/302
f 298/298/298 302/302/302 301/301/301
f 303/303/303 300/300/300 299/299/299
f 300/300/300 303/303/303 304/304/304
f 305/305/305 304/304/304 303/303/303
f 299/299/299 306/306/306 303/303/303
f 306/306/306 299/299/299 301/301/301
f 303/303/303 307/307/307 305/305/305
f 307/307/307 303/303/303 306/306/306
f 308/308/308 305/305/305 307/307/307
f 306/306/306 301/301/301 309/309/309
f 306/306/306 309/309/309 307/307/307
f 307/307/307 310/310/310 308/308/308
f 310/310/310 307/307/307 309/309/309
f 311/311/311 308/308/308 310/310/310
f 312/312/312 309/309/309 301/301/301
f 312/312/312 301/301/301 302/302/302
f 310/310/310 313/313/313 311/311/311
f 314/314/314 311/311/311 313/313/313
f 316/316/316 314/314/314 315/315/315
f 313/313/313 315/315/315 314/314/314
f 315/315/315 313/313/313 317/317/317
f 313/313/313 310/310/310 318/318/318
f 318/318/318 317/317/317 313/313/313
f 309/309/309 318/318/318 310/310/310
f 317/317/317 318/318/318 319/319/319
f 318/318/318 309/309/309 320/320/320
f 320/320/320 319/319/319 318/318/318
f 312/312/312 320/320/320 309/309/309
f 319/319/319 320/320/320 321/321/321
f 320/320/320 312/312/312 322/322/322
f 322/322/322 321/321/321 320/320/320
f 302/302/302 322/322/322 312/312/312
f 321/321/321 322/322/322 323/323/323
f 324/324/324 323/323/323 322/322/322
f 322/322/322 302/302/302 324/324/324
f 323/323/323 324/324/324 325/325/325
f 326/326/326 324/324/324 302/302/302
f 326/326/326 302/302/302 295/295/295
f 326/326/326 295/295/295 291/291/291
f 327/327/327 325/325/325 324/324/324
f 324/324/324 326/326/326 327/327/327
f 291/291/291 327/327/327 326/326/326
f 325/325/325 327/327/327 328/328/328
f 327/327/327 291/291/291 292/292/292
f 292/292/292 328/328/328 327/327/327
f 330/330/330 331/331/331 329/329/329
f 332/332/332 329/329/329 331/331/331
f 331/331/331 333/333/333 332/332/332
f 329/329/329 332/332/332 334/334/334
f 335/335/335 332/332/332 333/333/333
f 333/333/333 336/336/336 335/335/335
f 337/337/337 334/334/334 332/332/332
f 332/332/332 335/335/335 337/337/337
f 334/334/334 337/337/337 338/338/338
f 339/339/339 335/335/335 336/336/336
f 336/336/336 340/340/340 339/339/339
f 341/341/341 337/337/337 335/335/335
f 335/335/335 339/339/339 341/341/341
f 342/342/342 338/338/338 337/337/337
f 337/337/337 341/341/341 342/342/342
f 338/338/338 342/342/342 343/343/343
f 344/344/344 339/339/339 340/340/340
f 340/340/340 345/345/345 344/344/344
f 346/346/346 344/344/344 345/345/345
f 347/347/347 343/343/343 342/342/342
f 343/343/343 347/347/347 348/348/348
f 344/344/344 346/346/346 349/349/349
f 350/350/350 349/349/349 346/346/346
f 339/339/339 344/344/344 351/351/351
f 349/349/349 351/351/351 344/344/344
f 351/351/351 341/341/341 339/339/339
f 349/349/349 350/350/350 352/352/352
f 353/353/353 352/352/352 350/350/350
f 351/351/351 349/349/349 354/354/354
f 352/352/352 354/354/354 349/349/349
f 341/341/341 351/351/351 355/355/355
f 355/355/355 342/342/342 341/341/341
f 354/354/354 355/355/355 351/351/351
f 342/342/342 355/355/355 347/347/347
f 355/355/355 354/354/354 356/356/356
f 356/356/356 347/347/347 355/355/355
f 354/354/354 352/352/352 357/357/357
f 357/357/357 356/356/356 354/354/354
f 352/352/352 353/353/353 358/358/358
f 358/358/358 357/357/357 352/352/352
f 359/359/359 358/358/358 353/353/353
f 347/347/347 356/356/356 360/360/360
f 360/360/360 348/348/348 347/347/347
f 348/348/348 360/360/360 361/361/361
f 362/362/362 360/360/360 356/356/356
f 356/356/356 357/357/357 362/362/362
f 363/363/363 361/361/361 360/360/360
f 360/360/360 362/362/362 363/363/363
f 361/361/361 363/363/363 364/364/364
f 365/365/365 364/364/364 363/363/363
f 363/363/363 366/366/366 365/365/365
f 366/366/366 363/363/363 362/362/362
f 367/367/367 365/365/365 366/366/366
f 368/368/368 362/362/362 357/357/357
f 362/362/362 368/368/368 366/366/366
f 357/357/357 358/358/358 368/368/368
f 366/366/366 369/369/369 367/367/367
f 369/369/369 366/366/366 368/368/368
f 370/370/370 367/367/367 369/369/369
f 371/371/371 368/368/368 358/358/358
f 368/368/368 371/371/371 369/369/369
f 358/358/358 359/359/359 371/371/371
f 372/372/372 371/371/371 359/359/359
f 369/369/369 373/373/373 370/370/370
f 373/373/373 369/369/369 371/371/371
f 371/371/371 372/372/372 373/373/373
f 374/374/374 370/370/370 373/373/373
f 375/375/375 373/373/373 372/372/372
f 373/373/373 375/375/375 374/374/374
f 376/376/376 374/374/374 375/375/375
f 378/378/378 379/379/379 377/377/377
f 380/380/380 377/377/377 379/379/379
f 379/379/379 381/381/381 380/380/380
f 377/377/377 380/380/380 382/382/382
f 383/383/383 380/380/380 381/381/381
f 384/384/384 382/382/382 380/380/380
f 380/380/380 383/383/383 384/384/384
f 383/383/383 381/381/381 385/385/385
f 385/385/385 384/384/384 383/383/383
f 386/386/386 385/385/385 381/381/381
f 384/384/384 387/387/387 382/382/382
f 388/388/388 382/382/382 387/387/387
f 388/388/388 387/387/387 389/389/389
f 385/385/385 390/390/390 384/384/384
f 387/387/387 384/384/384 390/390/390
f 391/391/391 389/389/389 387/387/387
f 387/387/387 390/390/390 391/391/391
f 390/390/390 385/385/385 392/392/392
f 392/392/392 391/391/391 390/390/390
f 386/386/386 392/392/392 385/385/385
f 391/391/391 393/393/393 389/389/389
f 391/391/391 392/392/392 393/393/393
f 394/394/394 389/389/389 393/393/393
f 394/394/394 393/393/393 395/395/395
f 392/392/392 386/386/386 396/396/396
f 396/396/396 393/393/393 392/392/392
f 397/397/397 395/395/395 393/393/393
f 395/395/395 397/397/397 398/398/398
f 396/396/396 399/399/399 393/393/393
f 397/397/397 393/393/393 399/399/399
f 400/400/400 398/398/398 397/397/397
f 397/397/397 399/399/399 400/400/400
f 398/398/398 400/400/400 401/401/401
f 396/396/396 402/402/402 399/399/399
f 402/402/402 396/396/396 386/386/386
f 403/403/403 401/401/401 400/400/400
f 401/401/401 403/403/403 404/404/404
f 405/405/405 400/400/400 399/399/399
f 400/400/400 405/405/405 403/403/403
f 399/399/399 406/406/406 405/405/405
f 406/406/406 399/399/399 402/402/402
f 407/407/407 403/403/403 405/405/405
f 407/407/407 405/405/405 406/406/406
f 408/408/408 404/404/404 403/403/403
f 403/403/403 407/407/407 408/408/408
f 404/404/404 408/408/408 409/409/409
f 410/410/410 407/407/407 406/406/406
f 410/410/410 408/408/408 407/407/407
f 406/406/406 402/402/402 410/410/410
f 411/411/411 409/409/409 408/408/408
f 408/408/408 410/410/410 411/411/411
f 409/409/409 411/411/411 412/412/412
f 413/413/413 412/412/412 411/411/411
f 414/414/414 410/410/410 402/402/402
f 414/414/414 411/411/411 410/410/410
f 411/411/411 414/414/414 413/413/413
f 402/402/402 386/386/386 414/414/414
f 415/415/415 413/413/413 414/414/414
f 415/415/415 414/414/414 386/386/386
f 417/417/417 418/418/418 416/416/416
f 419/419/419 416/416/416 418/418/418
f 416/416/416 419/419/419 420/420/420
f 418/418/418 421/421/421 419/419/419
f 422/422/422 420/420/420 419/419/419
f 420/420/420 422/422/422 423/423/423
f 424/424/424 419/419/419 421/421/421
f 419/419/419 424/424/424 422/422/422
f 425/425/425 426/426/426 421/421/421
f 424/424/424 421/421/421 426/426/426
f 427/427/427 423/423/423 422/422/422
f 423/423/423 427/427/427 428/428/428
f 429/429/429 422/422/422 424/424/424
f 422/422/422 429/429/429 427/427/427
f 424/424/424 426/426/426 429/429/429
f 430/430/430 428/428/428 427/427/427
f 428/428/428 430/430/430 431/431/431
f 432/432/432 427/427/427 429/429/429
f 427/427/427 432/432/432 430/430/430
f 426/426/426 433/433/433 429/429/429
f 432/432/432 429/429/429 433/433/433
f 434/434/434 431/431/431 430/430/430
f 431/431/431 434/434/434 435/435/435
f 436/436/436 430/430/430 432/432/432
f 436/436/436 432/432/432 433/433/433
f 430/430/430 436/436/436 434/434/434
f 433/433/433 426/426/426 437/437/437
f 433/433/433 437/437/437 436/436/436
f 438/438/438 437/437/437 426/426/426
f 438/438/438 439/439/439 437/437/437
f 440/440/440 434/434/434 436/436/436
f 440/440/440 436/436/436 437/437/437
f 441/441/441 437/437/437 439/439/439
f 440/440/440 437/437/437 441/441/441
f 439/439/439 442/442/442 441/441/441
f 443/443/443 435/435/435 442/442/442
f 441/441/441 444/444/444 440/440/440
f 444/444/444 441/441/441 442/442/442
f 434/434/434 440/440/440 444/444/444
f 444/444/444 442/442/442 435/435/435
f 444/444/444 435/435/435 434/434/434
f 446/446/446 447/447/447 445/445/445
f 448/448/448 445/445/445 447/447/447
f 447/447/447 449/449/449 448/448/448
f 445/445/445 448/448/448 450/450/450
f 451/451/451 448/448/448 449/449/449
f 452/452/452 450/450/450 448/448/448
f 448/448/448 451/451/451 452/452/452
f 452/452/452 453/453/453 450/450/450
f 453/453/453 452/452/452 451/451/451
f 454/454/454 450/450/450 453/453/453
f 451/451/451 449/449/449 455/455/455
f 456/456/456 455/455/455 449/449/449
f 456/456/456 457/457/457 455/455/455
f 453/453/453 451/451/451 458/458/458
f 455/455/455 458/458/458 451/451/451
f 458/458/458 459/459/459 453/453/453
f 454/454/454 453/453/453 459/459/459
f 455/455/455 460/460/460 458/458/458
f 459/459/459 458/458/458 460/460/460
f 460/460/460 455/455/455 457/457/457
f 460/460/460 457/457/457 461/461/461
f 460/460/460 461/461/461 459/459/459
f 462/462/462 461/461/461 457/457/457
f 462/462/462 463/463/463 461/461/461
f 459/459/459 464/464/464 454/454/454
f 464/464/464 459/459/459 461/461/461
f 465/465/465 461/461/461 463/463/463
f 463/463/463 466/466/466 465/465/465
f 464/464/464 461/461/461 467/467/467
f 465/465/465 467/467/467 461/461/461
f 468/468/468 465/465/465 466/466/466
f 465/465/465 468/468/468 467/467/467
f 466/466/466 469/469/469 468/468/468
f 464/464/464 467/467/467 470/470/470
f 470/470/470 454/454/454 464/464/464
f 471/471/471 468/468/468 469/469/469
f 469/469/469 472/472/472 471/471/471
f 473/473/473 467/467/467 468/468/468
f 468/468/468 471/471/471 473/473/473
f 467/467/467 473/473/473 474/474/474
f 474/474/474 470/470/470 467/467/467
f 475/475/475 473/473/473 471/471/471
f 475/475/475 474/474/474 473/473/473
f 476/476/476 471/471/471 472/472/472
f 471/471/471 476/476/476 475/475/475
f 472/472/472 477/477/477 476/476/476
f 475/475/475 478/478/478 474/474/474
f 478/478/478 475/475/475 476/476/476
f 474/474/474 478/478/478 470/470/470
f 479/479/479 476/476/476 477/477/477
f 476/476/476 479/479/479 478/478/478
f 477/477/477 480/480/480 479/479/479
f 481/481/481 479/479/479 480/480/480
f 482/482/482 470/470/470 478/478/478
f 482/482/482 478/478/478 479/479/479
f 479/479/479 481/481/481 482/482/482
f 470/470/470 482/482/482 454/454/454
f 483/483/483 482/482/482 481/481/481
f 483/483/483 454/454/454 482/482/482
f 485/485/485 486/486/486 484/484/484
f 487/487/487 484/484/484 486/486/486
f 486/486/486 488/488/488 487/487/487
f 484/484/484 487/487/487 489/489/489
f 490/490/490 487/487/487 488/488/488
f 488/488/488 491/491/491 490/490/490
f 492/492/492 489/489/489 487/487/487
f 487/487/487 490/490/490 492/492/492
f 494/494/494 489/489/489 493/493/493
f 492/492/492 493/493/493 489/489/489
f 495/495/495 490/490/490 491/491/491
f 491/491/491 496/496/496 495/495/495
f 497/497/497 492/492/492 490/490/490
f 490/490/490 495/495/495 497/497/497
f 493/493/493 492/492/492 497/497/497
f 498/498/498 495/495/495 496/496/496
f 496/496/496 499/499/499 498/498/498
f 500/500/500 497/497/497 495/495/495
f 495/495/495 498/498/498 500/500/500
f 493/493/493 497/497/497 501/501/501
f 500/500/500 501/501/501 497/497/497
f 502/502/502 498/498/498 499/499/499
f 499/499/499 503/503/503 502/502/502
f 504/504/504 500/500/500 498/498/498
f 498/498/498 502/502/502 504/504/504
f 500/500/500 504/504/504 501/501/501
f 501/501/501 505/505/505 493/493/493
f 501/501/501 504/504/504 505/505/505
f 506/506/506 493/493/493 505/505/505
f 506/506/506 505/505/505 507/507/507
f 508/508/508 504/504/504 502/502/502
f 508/508/508 505/505/505 504/504/504
f 509/509/509 507/507/507 505/505/505
f 505/505/505 508/508/508 509/509/509
f 507/507/507 509/509/509 510/510/510
f 511/511/511 510/510/510 503/503/503
f 509/509/509 508/508/508 512/512/512
f 512/512/512 510/510/510 509/509/509
f 502/502/502 512/512/512 508/508/508
f 512/512/512 503/503/503 510/510/510
f 512/512/512 502/502/502 503/503/503
f 514/514/514 515/515/515 513/513/513
f 516/516/516 513/513/513 515/515/515
f 515/515/515 517/517/517 516/516/516
f 513/513/513 516/516/516 518/518/518
f 519/519/519 516/516/516 517/517/517
f 520/520/520 518/518/518 516/516/516
f 516/516/516 519/519/519 520/520/520
f 518/518/518 520/520/520 521/521/521
f 522/522/522 520/520/520 519/519/519
f 523/523/523 521/521/521 520/520/520
f 520/520/520 522/522/522 523/523/523
f 524/524/524 523/523/523 522/522/522
f 526/526/526 527/527/527 525/525/525
f 528/528/528 525/525/525 527/527/527
f 527/527/527 529/529/529 528/528/528
f 525/525/525 528/528/528 530/530/530
f 532/532/532 530/530/530 531/531/531
f 533/533/533 531/531/531 530/530/530
f 533/533/533 530/530/530 528/528/528
f 531/531/531 533/533/533 534/534/534
f 535/535/535 534/534/534 533/533/533
f 533/533/533 528/528/528 535/535/535
f 534/534/534 535/535/535 536/536/536
f 537/537/537 528/528/528 529/529/529
f 537/537/537 535/535/535 528/528/528
f 537/537/537 529/529/529 538/538/538
f 539/539/539 538/538/538 529/529/529
f 535/535/535 537/537/537 540/540/540
f 538/538/538 540/540/540 537/537/537
f 541/541/541 536/536/536 535/535/535
f 536/536/536 541/541/541 542/542/542
f 540/540/540 543/543/543 535/535/535
f 541/541/541 535/535/535 543/543/543
f 544/544/544 542/542/542 541/541/541
f 542/542/542 544/544/544 545/545/545
f 543/543/543 546/546/546 541/541/541
f 544/544/544 541/541/541 546/546/546
f 543/543/543 540/540/540 547/547/547
f 543/543/543 547/547/547 546/546/546
f 548/548/548 545/545/545 544/544/544
f 545/545/545 548/548/548 549/549/549
f 546/546/546 550/550/550 544/544/544
f 548/548/548 544/544/544 550/550/550
f 551/551/551 546/546/546 547/547/547
f 546/546/546 551/551/551 550/550/550
f 552/552/552 547/547/547 540/540/540
f 547/547/547 552/552/552 551/551/551
f 540/540/540 538/538/538 552/552/552
f 553/553/553 550/550/550 551/551/551
f 554/554/554 552/552/552 538/538/538
f 538/538/538 539/539/539 554/554/554
f 555/555/555 554/554/554 539/539/539
f 556/556/556 551/551/551 552/552/552
f 552/552/552 554/554/554 556/556/556
f 551/551/551 556/556/556 553/553/553
f 554/554/554 555/555/555 557/557/557
f 557/557/557 556/556/556 554/554/554
f 558/558/558 557/557/557 555/555/555
f 556/556/556 557/557/557 559/559/559
f 559/559/559 553/553/553 556/556/556
f 557/557/557 558/558/558 560/560/560
f 560/560/560 559/559/559 557/557/557
f 561/561/561 560/560/560 558/558/558
f 553/553/553 559/559/559 562/562/562
f 560/560/560 561/561/561 563/563/563
f 564/564/564 563/563/563 561/561/561
f 559/559/559 560/560/560 565/565/565
f 563/563/563 565/565/565 560/560/560
f 565/565/565 562/562/562 559/559/559
f 563/563/563 564/564/564 566/566/566
f 565/565/565 563/563/563 567/567/567
f 566/566/566 567/567/567 563/563/563
f 562/562/562 565/565/565 568/568/568
f 567/567/567 568/568/568 565/565/565
f 568/568/568 569/569/569 562/562/562
f 568/568/568 567/567/567 569/569/569
f 562/562/562 570/570/570 553/553/553
f 570/570/570 562/562/562 569/569/569
f 550/550/550 553/553/553 570/570/570
f 550/550/550 570/570/570 548/548/548
f 571/571/571 569/569/569 567/567/567
f 567/567/567 566/566/566 571/571/571
f 572/572/572 548/548/548 570/570/570
f 572/572/572 549/549/549 548/548/548
f 549/549/549 572/572/572 573/573/573
f 569/569/569 574/574/574 570/570/570
f 572/572/572 570/570/570 574/574/574
f 574/574/574 573/573/573 572/572/572
f 569/569/569 571/571/571 574/574/574
f 573/573/573 574/574/574 575/575/575
f 576/576/576 575/575/575 574/574/574
f 576/576/576 574/574/574 571/571/571
f 575/575/575 576/576/576 577/577/577
f 578/578/578 571/571/571 566/566/566
f 571/571/571 578/578/578 576/576/576
f 566/566/566 579/579/579 578/578/578
f 579/579/579 566/566/566 564/564/564
f 564/564/564 580/580/580 579/579/579
f 581/581/581 579/579/579 580/580/580
f 581/581/581 578/578/578 579/579/579
f 580/580/580 582/582/582 581/581/581
f 578/578/578 581/581/581 583/583/583
f 583/583/583 576/576/576 578/578/578
f 584/584/584 583/583/583 581/581/581
f 584/584/584 581/581/581 582/582/582
f 583/583/583 584/584/584 585/585/585
f 582/582/582 585/585/585 584/584/584
f 583/583/583 585/585/585 576/576/576
f 586/586/586 587/587/587 582/582/582
f 585/585/585 582/582/582 587/587/587
f 588/588/588 576/576/576 585/585/585
f 585/585/585 587/587/587 588/588/588
f 588/588/588 577/577/577 576/576/576
f 589/589/589 588/588/588 587/587/587
f 577/577/577 588/588/588 590/590/590
f 589/589/589 590/590/590 588/588/588
f 592/592/592 593/593/593 591/591/591
f 594/594/594 591/591/591 593/593/593
f 591/591/591 594/594/594 595/595/595
f 593/593/593 596/596/596 594/594/594
f 597/597/597 595/595/595 594/594/594
f 598/598/598 594/594/594 596/596/596
f 594/594/594 598/598/598 597/597/597
f 596/596/596 599/599/599 598/598/598
f 600/600/600 597/597/597 598/598/598
f 601/601/601 598/598/598 599/599/599
f 598/598/598 601/601/601 600/600/600
f 602/602/602 600/600/600 601/601/601
f 604/604/604 605/605/605 603/603/603
f 606/606/606 603/603/603 605/605/605
f 605/605/605 607/607/607 606/606/606
f 603/603/603 606/606/606 608/608/608
f 609/609/609 610/610/610 607/607/607
f 611/611/611 607/607/607 610/610/610
f 611/611/611 606/606/606 607/607/607
f 610/610/610 612/612/612 611/611/611
f 613/613/613 611/611/611 612/612/612
f 611/611/611 613/613/613 606/606/606
f 612/612/612 614/614/614 613/613/613
f 615/615/615 608/608/608 606/606/606
f 615/615/615 606/606/606 613/613/613
f 615/615/615 616/616/616 608/608/608
f 617/617/617 608/608/608 616/616/616
f 613/613/613 618/618/618 615/615/615
f 616/616/616 615/615/615 618/618/618
f 619/619/619 613/613/613 614/614/614
f 614/614/614 620/620/620 619/619/619
f 618/618/618 613/613/613 621/621/621
f 619/619/619 621/621/621 613/613/613
f 622/622/622 619/619/619 620/620/620
f 620/620/620 623/623/623 622/622/622
f 621/621/621 619/619/619 624/624/624
f 622/622/622 624/624/624 619/619/619
f 621/621/621 625/625/625 618/618/618
f 621/621/621 624/624/624 625/625/625
f 626/626/626 618/618/618 625/625/625
f 618/618/618 626/626/626 616/616/616
f 627/627/627 625/625/625 624/624/624
f 625/625/625 627/627/627 626/626/626
f 624/624/624 622/622/622 628/628/628
f 624/624/624 628/628/628 627/627/627
f 629/629/629 622/622/622 623/623/623
f 629/629/629 628/628/628 622/622/622
f 623/623/623 630/630/630 629/629/629
f 631/631/631 627/627/627 628/628/628
f 632/632/632 629/629/629 630/630/630
f 630/630/630 633/633/633 632/632/632
f 628/628/628 629/629/629 634/634/634
f 632/632/632 634/634/634 629/629/629
f 628/628/628 634/634/634 631/631/631
f 635/635/635 632/632/632 633/633/633
f 632/632/632 635/635/635 634/634/634
f 633/633/633 636/636/636 635/635/635
f 637/637/637 631/631/631 634/634/634
f 638/638/638 635/635/635 636/636/636
f 636/636/636 639/639/639 638/638/638
f 640/640/640 634/634/634 635/635/635
f 634/634/634 640/640/640 637/637/637
f 638/638/638 641/641/641 635/635/635
f 640/640/640 635/635/635 641/641/641
f 642/642/642 638/638/638 639/639/639
f 639/639/639 643/643/643 642/642/642
f 644/644/644 642/642/642 643/643/643
f 644/644/644 645/645/645 642/642/642
f 646/646/646 642/642/642 645/645/645
f 642/642/642 646/646/646 638/638/638
f 647/647/647 648/648/648 645/645/645
f 646/646/646 645/645/645 648/648/648
f 649/649/649 638/638/638 646/646/646
f 648/648/648 650/650/650 646/646/646
f 649/649/649 646/646/646 650/650/650
f 650/650/650 648/648/648 651/651/651
f 650/650/650 651/651/651 649/649/649
f 652/652/652 651/651/651 648/648/648
f 649/649/649 653/653/653 638/638/638
f 653/653/653 649/649/649 651/651/651
f 641/641/641 638/638/638 653/653/653
f 651/651/651 652/652/652 654/654/654
f 651/651/651 654/654/654 653/653/653
f 655/655/655 654/654/654 652/652/652
f 656/656/656 653/653/653 654/654/654
f 654/654/654 655/655/655 656/656/656
f 653/653/653 656/656/656 641/641/641
f 657/657/657 656/656/656 655/655/655
f 655/655/655 658/658/658 657/657/657
f 659/659/659 641/641/641 656/656/656
f 656/656/656 657/657/657 659/659/659
f 641/641/641 659/659/659 640/640/640
f 660/660/660 657/657/657 658/658/658
f 658/658/658 661/661/661 660/660/660
f 662/662/662 640/640/640 659/659/659
f 662/662/662 637/637/637 640/640/640
f 663/663/663 659/659/659 657/657/657
f 659/659/659 663/663/663 662/662/662
f 657/657/657 660/660/660 663/663/663
f 637/637/637 662/662/662 663/663/663
f 663/663/663 664/664/664 637/637/637
f 664/664/664 663/663/663 660/660/660
f 631/631/631 637/637/637 664/664/664
f 665/665/665 660/660/660 661/661/661
f 660/660/660 665/665/665 664/664/664
f 661/661/661 666/666/666 665/665/665
f 664/664/664 667/667/667 631/631/631
f 667/667/667 664/664/664 665/665/665
f 627/627/627 631/631/631 667/667/667
f 667/667/667 626/626/626 627/627/627
f 668/668/668 665/665/665 666/666/666
f 665/665/665 668/668/668 667/667/667
f 626/626/626 667/667/667 668/668/668
f 666/666/666 617/617/617 668/668/668
f 668/668/668 616/616/616 626/626/626
f 616/616/616 668/668/668 617/617/617
f 670/670/670 44/44/44 669/669/669
f 671/671/671 669/669/669 44/44/44
f 671/671/671 44/44/44 42/42/42
f 673/673/673 669/669/669 672/672/672
f 671/671/671 42/42/42 674/674/674
f 671/671/671 674/674/674 669/669/669
f 674/674/674 672/672/672 669/669/669
f 675/675/675 674/674/674 42/42/42
f 672/672/672 674/674/674 676/676/676
f 675/675/675 676/676/676 674/674/674
f 677/677/677 678/678/678 166/166/166
f 679/679/679 166/166/166 678/678/678
f 679/679/679 164/164/164 166/166/166
f 680/680/680 681/681/681 678/678/678
f 679/679/679 682/682/682 164/164/164
f 682/682/682 679/679/679 678/678/678
f 682/682/682 678/678/678 681/681/681
f 683/683/683 164/164/164 682/682/682
f 681/681/681 684/684/684 682/682/682
f 683/683/683 682/682/682 684/684/684
f 686/686/686 687/687/687 685/685/685
f 688/688/688 685/685/685 687/687/687
f 688/688/688 687/687/687 689/689/689
f 690/690/690 689/689/689 687/687/687
f 688/688/688 691/691/691 685/685/685
f 692/692/692 685/685/685 691/691/691
f 689/689/689 693/693/693 688/688/688
f 691/691/691 688/688/688 693/693/693
f 689/689/689 690/690/690 694/694/694
f 695/695/695 694/694/694 690/690/690
f 693/693/693 689/689/689 696/696/696
f 694/694/694 696/696/696 689/689/689
f 693/693/693 697/697/697 691/691/691
f 697/697/697 693/693/693 696/696/696
f 691/691/691 698/698/698 692/692/692
f 698/698/698 691/691/691 697/697/697
f 699/699/699 692/692/692 698/698/698
f 700/700/700 697/697/697 696/696/696
f 697/697/697 700/700/700 698/698/698
f 696/696/696 694/694/694 700/700/700
f 698/698/698 701/701/701 699/699/699
f 701/701/701 698/698/698 700/700/700
f 702/702/702 699/699/699 701/701/701
f 703/703/703 700/700/700 694/694/694
f 700/700/700 703/703/703 701/701/701
f 694/694/694 695/695/695 703/703/703
f 701/701/701 704/704/704 702/702/702
f 704/704/704 701/701/701 703/703/703
f 705/705/705 702/702/702 704/704/704
f 706/706/706 703/703/703 695/695/695
f 703/703/703 706/706/706 704/704/704
f 695/695/695 707/707/707 706/706/706
f 704/704/704 708/708/708 705/705/705
f 708/708/708 704/704/704 706/706/706
f 709/709/709 705/705/705 708/708/708
f 708/708/708 710/710/710 709/709/709
f 708/708/708 706/706/706 710/710/710
f 711/711/711 709/709/709 710/710/710
f 712/712/712 710/710/710 706/706/706
f 712/712/712 706/706/706 707/707/707
f 710/710/710 713/713/713 711/711/711
f 714/714/714 711/711/711 713/713/713
f 714/714/714 713/713/713 715/715/715
f 716/716/716 715/715/715 713/713/713
f 713/713/713 710/710/710 717/717/717
f 713/713/713 717/717/717 716/716/716
f 712/712/712 717/717/717 710/710/710
f 718/718/718 716/716/716 717/717/717
f 717/717/717 712/712/712 719/719/719
f 717/717/717 719/719/719 718/718/718
f 707/707/707 719/719/719 712/712/712
f 720/720/720 718/718/718 719/719/719
f 721/721/721 722/722/722 707/707/707
f 719/719/719 723/723/723 720/720/720
f 720/720/720 723/723/723 724/724/724
f 707/707/707 725/725/725 719/719/719
f 725/725/725 707/707/707 722/722/722
f 723/723/723 719/719/719 725/725/725
f 722/722/722 726/726/726 725/725/725
f 727/727/727 724/724/724 723/723/723
f 724/724/724 727/727/727 728/728/728
f 725/725/725 729/729/729 723/723/723
f 729/729/729 725/725/725 726/726/726
f 727/727/727 723/723/723 729/729/729
f 726/726/726 730/730/730 729/729/729
f 731/731/731 728/728/728 727/727/727
f 727/727/727 729/729/729 731/731/731
f 732/732/732 729/729/729 730/730/730
f 732/732/732 731/731/731 729/729/729
f 730/730/730 733/733/733 732/732/732
f 728/728/728 731/731/731 734/734/734
f 732/732/732 734/734/734 731/731/731
f 734/734/734 732/732/732 733/733/733
f 728/728/728 734/734/734 735/735/735
f 733/733/733 736/736/736 734/734/734
f 735/735/735 734/734/734 737/737/737
f 738/738/738 734/734/734 736/736/736
f 738/738/738 737/737/737 734/734/734
f 739/739/739 738/738/738 736/736/736
f 737/737/737 738/738/738 740/740/740
f 739/739/739 740/740/740 738/738/738
f 742/742/742 743/743/743 741/741/741
f 744/744/744 741/741/741 743/743/743
f 744/744/744 743/743/743 745/745/745
f 746/746/746 745/745/745 743/743/743
f 744/744/744 747/747/747 741/741/741
f 748/748/748 741/741/741 747/747/747
f 745/745/745 749/749/749 744/744/744
f 747/747/747 744/744/744 749/749/749
f 745/745/745 746/746/746 750/750/750
f 751/751/751 750/750/750 746/746/746
f 749/749/749 745/745/745 752/752/752
f 750/750/750 752/752/752 745/745/745
f 749/749/749 753/753/753 747/747/747
f 749/749/749 752/752/752 753/753/753
f 747/747/747 754/754/754 748/748/748
f 754/754/754 747/747/747 753/753/753
f 755/755/755 748/748/748 754/754/754
f 752/752/752 756/756/756 753/753/753
f 753/753/753 756/756/756 754/754/754
f 752/752/752 750/750/750 756/756/756
f 754/754/754 757/757/757 755/755/755
f 757/757/757 754/754/754 756/756/756
f 758/758/758 756/756/756 750/750/750
f 756/756/756 758/758/758 757/757/757
f 750/750/750 751/751/751 758/758/758
f 759/759/759 758/758/758 751/751/751
f 758/758/758 759/759/759 760/760/760
f 760/760/760 757/757/757 758/758/758
f 761/761/761 760/760/760 759/759/759
f 762/762/762 755/755/755 757/757/757
f 757/757/757 760/760/760 762/762/762
f 755/755/755 762/762/762 763/763/763
f 760/760/760 761/761/761 764/764/764
f 764/764/764 762/762/762 760/760/760
f 765/765/765 764/764/764 761/761/761
f 764/764/764 765/765/765 766/766/766
f 764/764/764 766/766/766 762/762/762
f 767/767/767 766/766/766 765/765/765
f 768/768/768 762/762/762 766/766/766
f 768/768/768 763/763/763 762/762/762
f 766/766/766 767/767/767 769/769/769
f 770/770/770 769/769/769 767/767/767
f 770/770/770 771/771/771 769/769/769
f 772/772/772 769/769/769 771/771/771
f 769/769/769 773/773/773 766/766/766
f 769/769/769 772/772/772 773/773/773
f 768/768/768 766/766/766 773/773/773
f 774/774/774 773/773/773 772/772/772
f 773/773/773 775/775/775 768/768/768
f 773/773/773 774/774/774 775/775/775
f 763/763/763 768/768/768 775/775/775
f 776/776/776 775/775/775 774/774/774
f 778/778/778 763/763/763 777/777/777
f 779/779/779 775/775/775 776/776/776
f 776/776/776 780/780/780 779/779/779
f 763/763/763 775/775/775 781/781/781
f 781/781/781 777/777/777 763/763/763
f 779/779/779 781/781/781 775/775/775
f 777/777/777 781/781/781 782/782/782
f 783/783/783 779/779/779 780/780/780
f 780/780/780 784/784/784 783/783/783
f 781/781/781 779/779/779 785/785/785
f 785/785/785 782/782/782 781/781/781
f 783/783/783 785/785/785 779/779/779
f 782/782/782 785/785/785 786/786/786
f 787/787/787 783/783/783 784/784/784
f 783/783/783 787/787/787 785/785/785
f 788/788/788 786/786/786 785/785/785
f 788/788/788 785/785/785 787/787/787
f 786/786/786 788/788/788 789/789/789
f 787/787/787 784/784/784 790/790/790
f 790/790/790 788/788/788 787/787/787
f 790/790/790 789/789/789 788/788/788
f 790/790/790 784/784/784 791/791/791
f 789/789/789 790/790/790 792/792/792
f 791/791/791 793/793/793 790/790/790
f 794/794/794 792/792/792 790/790/790
f 794/794/794 790/790/790 793/793/793
f 794/794/794 795/795/795 792/792/792
f 793/793/793 796/796/796 794/794/794
f 795/795/795 794/794/794 796/796/796
f 798/798/798 799/799/799 797/797/797
f 798/798/798 797/797/797 800/800/800
f 801/801/801 797/797/797 799/799/799
f 799/799/799 802/802/802 801/801/801
f 803/803/803 800/800/800 797/797/797
f 797/797/797 801/801/801 803/803/803
f 804/804/804 801/801/801 802/802/802
f 804/804/804 802/802/802 805/805/805
f 801/801/801 804/804/804 806/806/806
f 806/806/806 803/803/803 801/801/801
f 804/804/804 805/805/805 807/807/807
f 807/807/807 806/806/806 804/804/804
f 808/808/808 800/800/800 803/803/803
f 809/809/809 800/800/800 808/808/808
f 808/808/808 810/810/810 809/809/809
f 808/808/808 803/803/803 810/810/810
f 811/811/811 809/809/809 810/810/810
f 803/803/803 806/806/806 812/812/812
f 812/812/812 810/810/810 803/803/803
f 810/810/810 813/813/813 811/811/811
f 810/810/810 812/812/812 813/813/813
f 814/814/814 811/811/811 813/813/813
f 814/814/814 813/813/813 815/815/815
f 816/816/816 812/812/812 806/806/806
f 806/806/806 807/807/807 816/816/816
f 817/817/817 815/815/815 813/813/813
f 818/818/818 815/815/815 817/817/817
f 819/819/819 813/813/813 812/812/812
f 812/812/812 816/816/816 819/819/819
f 817/817/817 813/813/813 820/820/820
f 819/819/819 820/820/820 813/813/813
f 818/818/818 817/817/817 821/821/821
f 820/820/820 821/821/821 817/817/817
f 821/821/821 822/822/822 818/818/818
f 820/820/820 819/819/819 823/823/823
f 820/820/820 823/823/823 821/821/821
f 821/821/821 824/824/824 822/822/822
f 824/824/824 821/821/821 823/823/823
f 825/825/825 822/822/822 824/824/824
f 826/826/826 823/823/823 819/819/819
f 826/826/826 819/819/819 816/816/816
f 823/823/823 827/827/827 824/824/824
f 823/823/823 826/826/826 827/827/827
f 824/824/824 828/828/828 825/825/825
f 828/828/828 824/824/824 827/827/827
f 829/829/829 825/825/825 828/828/828
f 828/828/828 830/830/830 829/829/829
f 830/830/830 828/828/828 831/831/831
f 827/827/827 831/831/831 828/828/828
f 832/832/832 830/830/830 831/831/831
f 827/827/827 833/833/833 831/831/831
f 833/833/833 827/827/827 826/826/826
f 831/831/831 834/834/834 832/832/832
f 834/834/834 831/831/831 833/833/833
f 835/835/835 832/832/832 834/834/834
f 835/835/835 834/834/834 836/836/836
f 833/833/833 826/826/826 837/837/837
f 816/816/816 837/837/837 826/826/826
f 837/837/837 816/816/816 807/807/807
f 834/834/834 833/833/833 838/838/838
f 837/837/837 838/838/838 833/833/833
f 838/838/838 836/836/836 834/834/834
f 807/807/807 839/839/839 837/837/837
f 838/838/838 837/837/837 839/839/839
f 838/838/838 839/839/839 836/836/836
f 805/805/805 839/839/839 807/807/807
f 840/840/840 836/836/836 839/839/839
f 839/839/839 805/805/805 840/840/840
f 842/842/842 843/843/843 841/841/841
f 842/842/842 841/841/841 844/844/844
f 845/845/845 841/841/841 843/843/843
f 843/843/843 846/846/846 845/845/845
f 847/847/847 844/844/844 841/841/841
f 844/844/844 847/847/847 848/848/848
f 841/841/841 845/845/845 849/849/849
f 841/841/841 849/849/849 847/847/847
f 850/850/850 845/845/845 846/846/846
f 846/846/846 851/851/851 850/850/850
f 852/852/852 848/848/848 847/847/847
f 848/848/848 852/852/852 853/853/853
f 854/854/854 850/850/850 851/851/851
f 851/851/851 855/855/855 854/854/854
f 845/845/845 850/850/850 856/856/856
f 856/856/856 849/849/849 845/845/845
f 850/850/850 854/854/854 857/857/857
f 857/857/857 856/856/856 850/850/850
f 858/858/858 854/854/854 855/855/855
f 855/855/855 859/859/859 858/858/858
f 860/860/860 857/857/857 854/854/854
f 854/854/854 858/858/858 860/860/860
f 856/856/856 857/857/857 861/861/861
f 861/861/861 862/862/862 856/856/856
f 849/849/849 856/856/856 862/862/862
f 863/863/863 861/861/861 857/857/857
f 857/857/857 860/860/860 863/863/863
f 862/862/862 864/864/864 849/849/849
f 865/865/865 863/863/863 860/860/860
f 866/866/866 849/849/849 864/864/864
f 866/866/866 847/847/847 849/849/849
f 864/864/864 867/867/867 866/866/866
f 847/847/847 866/866/866 852/852/852
f 868/868/868 866/866/866 867/867/867
f 868/868/868 852/852/852 866/866/866
f 867/867/867 869/869/869 868/868/868
f 870/870/870 868/868/868 869/869/869
f 868/868/868 870/870/870 852/852/852
f 869/869/869 871/871/871 870/870/870
f 872/872/872 852/852/852 870/870/870
f 872/872/872 853/853/853 852/852/852
f 873/873/873 870/870/870 871/871/871
f 871/871/871 874/874/874 873/873/873
f 872/872/872 870/870/870 875/875/875
f 872/872/872 875/875/875 853/853/853
f 873/873/873 875/875/875 870/870/870
f 876/876/876 853/853/853 875/875/875
f 877/877/877 873/873/873 874/874/874
f 874/874/874 878/878/878 877/877/877
f 875/875/875 873/873/873 879/879/879
f 875/875/875 879/879/879 876/876/876
f 877/877/877 879/879/879 873/873/873
f 880/880/880 876/876/876 879/879/879
f 880/880/880 879/879/879 881/881/881
f 882/882/882 881/881/881 879/879/879
f 879/879/879 877/877/877 882/882/882
f 881/881/881 882/882/882 883/883/883
f 884/884/884 877/877/877 878/878/878
f 884/884/884 882/882/882 877/877/877
f 878/878/878 885/885/885 884/884/884
f 886/886/886 883/883/883 882/882/882
f 882/882/882 884/884/884 886/886/886
f 886/886/886 887/887/887 883/883/883
f 888/888/888 883/883/883 887/887/887
f 889/889/889 886/886/886 884/884/884
f 886/886/886 889/889/889 887/887/887
f 889/889/889 884/884/884 885/885/885
f 887/887/887 890/890/890 888/888/888
f 889/889/889 885/885/885 891/891/891
f 891/891/891 887/887/887 889/889/889
f 887/887/887 891/891/891 890/890/890
f 892/892/892 891/891/891 885/885/885
f 893/893/893 888/888/888 890/890/890
f 891/891/891 892/892/892 894/894/894
f 894/894/894 890/890/890 891/891/891
f 895/895/895 894/894/894 892/892/892
f 895/895/895 896/896/896 894/894/894
f 897/897/897 894/894/894 896/896/896
f 894/894/894 897/897/897 890/890/890
f 896/896/896 898/898/898 897/897/897
f 890/890/890 899/899/899 893/893/893
f 899/899/899 890/890/890 897/897/897
f 900/900/900 893/893/893 899/899/899
f 901/901/901 897/897/897 898/898/898
f 897/897/897 901/901/901 899/899/899
f 898/898/898 902/902/902 901/901/901
f 899/899/899 903/903/903 900/900/900
f 903/903/903 899/899/899 901/901/901
f 904/904/904 900/900/900 903/903/903
f 905/905/905 901/901/901 902/902/902
f 901/901/901 905/905/905 903/903/903
f 903/903/903 906/906/906 904/904/904
f 906/906/906 903/903/903 905/905/905
f 907/907/907 904/904/904 906/906/906
f 905/905/905 902/902/902 908/908/908
f 905/905/905 908/908/908 906/906/906
f 909/909/909 908/908/908 902/902/902
f 906/906/906 910/910/910 907/907/907
f 910/910/910 906/906/906 908/908/908
f 859/859/859 907/907/907 910/910/910
f 910/910/910 858/858/858 859/859/859
f 908/908/908 909/909/909 911/911/911
f 908/908/908 911/911/911 910/910/910
f 858/858/858 910/910/910 911/911/911
f 912/912/912 911/911/911 909/909/909
f 911/911/911 860/860/860 858/858/858
f 912/912/912 865/865/865 911/911/911
f 860/860/860 911/911/911 865/865/865
f 914/914/914 915/915/915 913/913/913
f 914/914/914 916/916/916 915/915/915
f 917/917/917 913/913/913 915/915/915
f 913/913/913 917/917/917 918/918/918
f 919/919/919 915/915/915 916/916/916
f 916/916/916 920/920/920 919/919/919
f 921/921/921 918/918/918 917/917/917
f 922/922/922 919/919/919 920/920/920
f 921/921/921 923/923/923 918/918/918
f 922/922/922 920/920/920 924/924/924
f 925/925/925 918/918/918 923/923/923
f 926/926/926 924/924/924 920/920/920
f 922/922/922 927/927/927 919/919/919
f 922/922/922 924/924/924 927/927/927
f 919/919/919 928/928/928 915/915/915
f 928/928/928 919/919/919 927/927/927
f 929/929/929 915/915/915 928/928/928
f 929/929/929 930/930/930 915/915/915
f 917/917/917 915/915/915 930/930/930
f 929/929/929 928/928/928 931/931/931
f 929/929/929 931/931/931 930/930/930
f 932/932/932 931/931/931 928/928/928
f 928/928/928 927/927/927 932/932/932
f 933/933/933 930/930/930 931/931/931
f 930/930/930 934/934/934 917/917/917
f 930/930/930 933/933/933 934/934/934
f 921/921/921 917/917/917 934/934/934
f 921/921/921 934/934/934 923/923/923
f 931/931/931 935/935/935 933/933/933
f 931/931/931 932/932/932 935/935/935
f 936/936/936 923/923/923 934/934/934
f 936/936/936 934/934/934 937/937/937
f 936/936/936 937/937/937 923/923/923
f 938/938/938 934/934/934 933/933/933
f 938/938/938 937/937/937 934/934/934
f 933/933/933 939/939/939 938/938/938
f 939/939/939 933/933/933 935/935/935
f 937/937/937 938/938/938 940/940/940
f 941/941/941 938/938/938 939/939/939
f 941/941/941 940/940/940 938/938/938
f 942/942/942 923/923/923 937/937/937
f 937/937/937 940/940/940 942/942/942
f 940/940/940 941/941/941 943/943/943
f 943/943/943 942/942/942 940/940/940
f 941/941/941 939/939/939 944/944/944
f 944/944/944 943/943/943 941/941/941
f 945/945/945 944/944/944 939/939/939
f 939/939/939 935/935/935 945/945/945
f 944/944/944 946/946/946 943/943/943
f 944/944/944 945/945/945 946/946/946
f 943/943/943 947/947/947 942/942/942
f 947/947/947 943/943/943 946/946/946
f 942/942/942 948/948/948 923/923/923
f 948/948/948 942/942/942 947/947/947
f 925/925/925 923/923/923 948/948/948
f 947/947/947 949/949/949 948/948/948
f 948/948/948 950/950/950 925/925/925
f 950/950/950 948/948/948 949/949/949
f 949/949/949 947/947/947 951/951/951
f 946/946/946 951/951/951 947/947/947
f 950/950/950 949/949/949 952/952/952
f 951/951/951 952/952/952 949/949/949
f 953/953/953 925/925/925 950/950/950
f 951/951/951 946/946/946 954/954/954
f 951/951/951 954/954/954 952/952/952
f 953/953/953 950/950/950 955/955/955
f 953/953/953 955/955/955 925/925/925
f 952/952/952 955/955/955 950/950/950
f 956/956/956 925/925/925 955/955/955
f 956/956/956 955/955/955 957/957/957
f 952/952/952 958/958/958 955/955/955
f 958/958/958 952/952/952 954/954/954
f 959/959/959 957/957/957 955/955/955
f 959/959/959 955/955/955 958/958/958
f 957/957/957 959/959/959 960/960/960
f 954/954/954 961/961/961 958/958/958
f 962/962/962 960/960/960 959/959/959
f 958/958/958 963/963/963 959/959/959
f 962/962/962 959/959/959 963/963/963
f 963/963/963 958/958/958 961/961/961
f 962/962/962 964/964/964 960/960/960
f 962/962/962 963/963/963 964/964/964
f 965/965/965 960/960/960 964/964/964
f 966/966/966 964/964/964 963/963/963
f 963/963/963 961/961/961 966/966/966
f 964/964/964 967/967/967 965/965/965
f 964/964/964 966/966/966 967/967/967
f 968/968/968 965/965/965 967/967/967
f 968/968/968 967/967/967 926/926/926
f 969/969/969 926/926/926 967/967/967
f 969/969/969 970/970/970 926/926/926
f 969/969/969 967/967/967 970/970/970
f 971/971/971 926/926/926 970/970/970
f 926/926/926 971/971/971 924/924/924
f 972/972/972 970/970/970 967/967/967
f 972/972/972 967/967/967 966/966/966
f 970/970/970 973/973/973 971/971/971
f 970/970/970 972/972/972 973/973/973
f 966/966/966 974/974/974 972/972/972
f 974/974/974 966/966/966 961/961/961
f 975/975/975 973/973/973 972/972/972
f 975/975/975 972/972/972 974/974/974
f 976/976/976 971/971/971 973/973/973
f 973/973/973 975/975/975 976/976/976
f 975/975/975 974/974/974 977/977/977
f 977/977/977 976/976/976 975/975/975
f 978/978/978 977/977/977 974/974/974
f 974/974/974 961/961/961 978/978/978
f 977/977/977 979/979/979 976/976/976
f 977/977/977 978/978/978 979/979/979
f 971/971/971 976/976/976 980/980/980
f 980/980/980 924/924/924 971/971/971
f 981/981/981 976/976/976 979/979/979
f 981/981/981 980/980/980 976/976/976
f 979/979/979 982/982/982 981/981/981
f 981/981/981 983/983/983 980/980/980
f 983/983/983 981/981/981 982/982/982
f 980/980/980 984/984/984 924/924/924
f 984/984/984 980/980/980 983/983/983
f 985/985/985 924/924/924 984/984/984
f 985/985/985 927/927/927 924/924/924
f 985/985/985 984/984/984 927/927/927
f 984/984/984 983/983/983 986/986/986
f 986/986/986 927/927/927 984/984/984
f 982/982/982 986/986/986 983/983/983
f 986/986/986 932/932/932 927/927/927
f 982/982/982 987/987/987 986/986/986
f 932/932/932 986/986/986 987/987/987
f 982/982/982 979/979/979 987/987/987
f 987/987/987 935/935/935 932/932/932
f 988/988/988 987/987/987 979/979/979
f 987/987/987 988/988/988 935/935/935
f 988/988/988 979/979/979 978/978/978
f 989/989/989 935/935/935 988/988/988
f 989/989/989 945/945/945 935/935/935
f 978/978/978 990/990/990 988/988/988
f 989/989/989 988/988/988 990/990/990
f 990/990/990 978/978/978 961/961/961
f 945/945/945 989/989/989 991/991/991
f 990/990/990 991/991/991 989/989/989
f 990/990/990 961/961/961 991/991/991
f 991/991/991 946/946/946 945/945/945
f 954/954/954 991/991/991 961/961/961
f 991/991/991 954/954/954 946/946/946
f 993/993/993 994/994/994 992/992/992
f 994/994/994 993/993/993 995/995/995
f 994/994/994 996/996/996 992/992/992
f 994/994/994 995/995/995 996/996/996
f 997/997/997 993/993/993 992/992/992
f 996/996/996 998/998/998 992/992/992
f 993/993/993 997/997/997 999/999/999
f 999/999/999 995/995/995 993/993/993
f 1000/1000/1000 997/997/997 992/992/992
f 998/998/998 1000/1000/1000 992/992/992
f 1001/1001/1001 999/999/999 997/997/997
f 997/997/997 1000/1000/1000 1001/1001/1001
f 996/996/996 1002/1002/1002 998/998/998
f 1002/1002/1002 996/996/996 995/995/995
f 998/998/998 1003/1003/1003 1000/1000/1000
f 1003/1003/1003 998/998/998 1002/1002/1002
f 1004/1004/1004 1001/1001/1001 1000/1000/1000
f 1004/1004/1004 1000/1000/1000 1003/1003/1003
f 995/995/995 1005/1005/1005 1002/1002/1002
f 995/995/995 999/999/999 1005/1005/1005
f 1002/1002/1002 1006/1006/1006 1003/1003/1003
f 1006/1006/1006 1002/1002/1002 1005/1005/1005
f 1003/1003/1003 1007/1007/1007 1004/1004/1004
f 1007/1007/1007 1003/1003/1003 1006/1006/1006
f 1008/1008/1008 1004/1004/1004 1007/1007/1007
f 1008/1008/1008 1009/1009/1009 1004/1004/1004
f 1001/1001/1001 1004/1004/1004 1009/1009/1009
f 1008/1008/1008 1007/1007/1007 1010/1010/1010
f 1008/1008/1008 1010/1010/1010 1009/1009/1009
f 1007/1007/1007 1006/1006/1006 1011/1011/1011
f 1011/1011/1011 1010/1010/1010 1007/1007/1007
f 1009/1009/1009 1012/1012/1012 1001/1001/1001
f 999/999/999 1001/1001/1001 1012/1012/1012
f 1012/1012/1012 1005/1005/1005 999/999/999
f 1013/1013/1013 1009/1009/1009 1010/1010/1010
f 1009/1009/1009 1013/1013/1013 1012/1012/1012
f 1010/1010/1010 1011/1011/1011 1014/1014/1014
f 1010/1010/1010 1014/1014/1014 1013/1013/1013
f 1015/1015/1015 1012/1012/1012 1013/1013/1013
f 1012/1012/1012 1015/1015/1015 1005/1005/1005
f 1016/1016/1016 1013/1013/1013 1014/1014/1014
f 1013/1013/1013 1016/1016/1016 1015/1015/1015
f 1017/1017/1017 1014/1014/1014 1011/1011/1011
f 1018/1018/1018 1015/1015/1015 1016/1016/1016
f 1016/1016/1016 1014/1014/1014 1019/1019/1019
f 1018/1018/1018 1016/1016/1016 1019/1019/1019
f 1014/1014/1014 1017/1017/1017 1019/1019/1019
f 1015/1015/1015 1018/1018/1018 1020/1020/1020
f 1020/1020/1020 1005/1005/1005 1015/1015/1015
f 1021/1021/1021 1018/1018/1018 1019/1019/1019
f 1021/1021/1021 1020/1020/1020 1018/1018/1018
f 1022/1022/1022 1021/1021/1021 1019/1019/1019
f 1021/1021/1021 1022/1022/1022 1020/1020/1020
f 1017/1017/1017 1022/1022/1022 1019/1019/1019
f 1020/1020/1020 1023/1023/1023 1005/1005/1005
f 1023/1023/1023 1020/1020/1020 1022/1022/1022
f 1022/1022/1022 1017/1017/1017 1023/1023/1023
f 1011/1011/1011 1023/1023/1023 1017/1017/1017
f 1006/1006/1006 1005/1005/1005 1023/1023/1023
f 1023/1023/1023 1011/1011/1011 1006/1006/1006
f 1025/1025/1025 1026/1026/1026 1024/1024/1024
f 1026/1026/1026 1025/1025/1025 1027/1027/1027
f 1026/1026/1026 1028/1028/1028 1024/1024/1024
f 1026/1026/1026 1027/1027/1027 1028/1028/1028
f 1029/1029/1029 1025/1025/1025 1024/1024/1024
f 1028/1028/1028 1030/1030/1030 1024/1024/1024
f 1025/1025/1025 1029/1029/1029 1031/1031/1031
f 1031/1031/1031 1027/1027/1027 1025/1025/1025
f 1032/1032/1032 1029/1029/1029 1024/1024/1024
f 1030/1030/1030 1032/1032/1032 1024/1024/1024
f 1033/1033/1033 1031/1031/1031 1029/1029/1029
f 1029/1029/1029 1032/1032/1032 1033/1033/1033
f 1028/1028/1028 1034/1034/1034 1030/1030/1030
f 1034/1034/1034 1028/1028/1028 1027/1027/1027
f 1030/1030/1030 1035/1035/1035 1032/1032/1032
f 1035/1035/1035 1030/1030/1030 1034/1034/1034
f 1036/1036/1036 1033/1033/1033 1032/1032/1032
f 1036/1036/1036 1032/1032/1032 1035/1035/1035
f 1027/1027/1027 1037/1037/1037 1034/1034/1034
f 1027/1027/1027 1031/1031/1031 1037/1037/1037
f 1034/1034/1034 1038/1038/1038 1035/1035/1035
f 1038/1038/1038 1034/1034/1034 1037/1037/1037
f 1035/1035/1035 1039/1039/1039 1036/1036/1036
f 1039/1039/1039 1035/1035/1035 1038/1038/1038
f 1040/1040/1040 1036/1036/1036 1039/1039/1039
f 1040/1040/1040 1041/1041/1041 1036/1036/1036
f 1033/1033/1033 1036/1036/1036 1041/1041/1041
f 1040/1040/1040 1039/1039/1039 1042/1042/1042
f 1040/1040/1040 1042/1042/1042 1041/1041/1041
f 1039/1039/1039 1038/1038/1038 1043/1043/1043
f 1043/1043/1043 1042/1042/1042 1039/1039/1039
f 1041/1041/1041 1044/1044/1044 1033/1033/1033
f 1031/1031/1031 1033/1033/1033 1044/1044/1044
f 1044/1044/1044 1037/1037/1037 1031/1031/1031
f 1045/1045/1045 1041/1041/1041 1042/1042/1042
f 1041/1041/1041 1045/1045/1045 1044/1044/1044
f 1042/1042/1042 1043/1043/1043 1046/1046/1046
f 1042/1042/1042 1046/1046/1046 1045/1045/1045
f 1047/1047/1047 1044/1044/1044 1045/1045/1045
f 1044/1044/1044 1047/1047/1047 1037/1037/1037
f 1048/1048/1048 1045/1045/1045 1046/1046/1046
f 1045/1045/1045 1048/1048/1048 1047/1047/1047
f 1049/1049/1049 1046/1046/1046 1043/1043/1043
f 1050/1050/1050 1047/1047/1047 1048/1048/1048
f 1048/1048/1048 1046/1046/1046 1051/1051/1051
f 1050/1050/1050 1048/1048/1048 1051/1051/1051
f 1046/1046/1046 1049/1049/1049 1051/1051/1051
f 1047/1047/1047 1050/1050/1050 1052/1052/1052
f 1052/1052/1052 1037/1037/1037 1047/1047/1047
f 1053/1053/1053 1050/1050/1050 1051/1051/1051
f 1053/1053/1053 1052/1052/1052 1050/1050/1050
f 1054/1054/1054 1053/1053/1053 1051/1051/1051
f 1053/1053/1053 1054/1054/1054 1052/1052/1052
f 1049/1049/1049 1054/1054/1054 1051/1051/1051
f 1052/1052/1052 1055/1055/1055 1037/1037/1037
f 1055/1055/1055 1052/1052/1052 1054/1054/1054
f 1054/1054/1054 1049/1049/1049 1055/1055/1055
f 1043/1043/1043 1055/1055/1055 1049/1049/1049
f 1038/1038/1038 1037/1037/1037 1055/1055/1055
f 1055/1055/1055 1043/1043/1043 1038/1038/1038
f 1057/1057/1057 1058/1058/1058 1056/1056/1056
f 1057/1057/1057 1059/1059/1059 1058/1058/1058
f 1060/1060/1060 1057/1057/1057 1056/1056/1056
f 1057/1057/1057 1060/1060/1060 1059/1059/1059
f 1058/1058/1058 1061/1061/1061 1056/1056/1056
f 1062/1062/1062 1058/1058/1058 1059/1059/1059
f 1058/1058/1058 1062/1062/1062 1061/1061/1061
f 1063/1063/1063 1060/1060/1060 1056/1056/1056
f 1061/1061/1061 1064/1064/1064 1056/1056/1056
f 1064/1064/1064 1063/1063/1063 1056/1056/1056
f 1065/1065/1065 1059/1059/1059 1060/1060/1060
f 1060/1060/1060 1063/1063/1063 1065/1065/1065
f 1061/1061/1061 1066/1066/1066 1064/1064/1064
f 1066/1066/1066 1061/1061/1061 1062/1062/1062
f 1063/1063/1063 1064/1064/1064 1067/1067/1067
f 1067/1067/1067 1065/1065/1065 1063/1063/1063
f 1068/1068/1068 1064/1064/1064 1066/1066/1066
f 1068/1068/1068 1067/1067/1067 1064/1064/1064
f 1062/1062/1062 1069/1069/1069 1066/1066/1066
f 1059/1059/1059 1070/1070/1070 1062/1062/1062
f 1059/1059/1059 1065/1065/1065 1070/1070/1070
f 1069/1069/1069 1062/1062/1062 1070/1070/1070
f 1065/1065/1065 1067/1067/1067 1071/1071/1071
f 1071/1071/1071 1070/1070/1070 1065/1065/1065
f 1072/1072/1072 1071/1071/1071 1067/1067/1067
f 1067/1067/1067 1068/1068/1068 1072/1072/1072
f 1071/1071/1071 1073/1073/1073 1070/1070/1070
f 1074/1074/1074 1072/1072/1072 1068/1068/1068
f 1072/1072/1072 1075/1075/1075 1071/1071/1071
f 1073/1073/1073 1071/1071/1071 1075/1075/1075
f 1074/1074/1074 1076/1076/1076 1072/1072/1072
f 1075/1075/1075 1072/1072/1072 1076/1076/1076
f 1074/1074/1074 1068/1068/1068 1077/1077/1077
f 1074/1074/1074 1077/1077/1077 1076/1076/1076
f 1066/1066/1066 1077/1077/1077 1068/1068/1068
f 1077/1077/1077 1066/1066/1066 1069/1069/1069
f 1078/1078/1078 1076/1076/1076 1077/1077/1077
f 1077/1077/1077 1069/1069/1069 1078/1078/1078
f 1076/1076/1076 1079/1079/1079 1075/1075/1075
f 1076/1076/1076 1078/1078/1078 1079/1079/1079
f 1080/1080/1080 1075/1075/1075 1079/1079/1079
f 1075/1075/1075 1080/1080/1080 1073/1073/1073
f 1081/1081/1081 1079/1079/1079 1078/1078/1078
f 1082/1082/1082 1078/1078/1078 1069/1069/1069
f 1078/1078/1078 1082/1082/1082 1081/1081/1081
f 1069/1069/1069 1070/1070/1070 1082/1082/1082
f 1079/1079/1079 1081/1081/1081 1083/1083/1083
f 1080/1080/1080 1079/1079/1079 1083/1083/1083
f 1084/1084/1084 1081/1081/1081 1082/1082/1082
f 1081/1081/1081 1084/1084/1084 1083/1083/1083
f 1085/1085/1085 1082/1082/1082 1070/1070/1070
f 1082/1082/1082 1085/1085/1085 1084/1084/1084
f 1085/1085/1085 1070/1070/1070 1073/1073/1073
f 1084/1084/1084 1086/1086/1086 1083/1083/1083
f 1086/1086/1086 1084/1084/1084 1085/1085/1085
f 1087/1087/1087 1080/1080/1080 1083/1083/1083
f 1086/1086/1086 1087/1087/1087 1083/1083/1083
f 1087/1087/1087 1073/1073/1073 1080/1080/1080
f 1086/1086/1086 1085/1085/1085 1087/1087/1087
f 1073/1073/1073 1087/1087/1087 1085/1085/1085
f 1089/1089/1089 1090/1090/1090 1088/1088/1088
f 1089/1089/1089 1091/1091/1091 1090/1090/1090
f 1092/1092/1092 1089/1089/1089 1088/1088/1088
f 1089/1089/1089 1092/1092/1092 1091/1091/1091
f 1090/1090/1090 1093/1093/1093 1088/1088/1088
f 1094/1094/1094 1090/1090/1090 1091/1091/1091
f 1090/1090/1090 1094/1094/1094 1093/1093/1093
f 1095/1095/1095 1092/1092/1092 1088/1088/1088
f 1093/1093/1093 1096/1096/1096 1088/1088/1088
f 1096/1096/1096 1095/1095/1095 1088/1088/1088
f 1097/1097/1097 1091/1091/1091 1092/1092/1092
f 1092/1092/1092 1095/1095/1095 1097/1097/1097
f 1093/1093/1093 1098/1098/1098 1096/1096/1096
f 1098/1098/1098 1093/1093/1093 1094/1094/1094
f 1095/1095/1095 1096/1096/1096 1099/1099/1099
f 1099/1099/1099 1097/1097/1097 1095/1095/1095
f 1100/1100/1100 1096/1096/1096 1098/1098/1098
f 1100/1100/1100 1099/1099/1099 1096/1096/1096
f 1094/1094/1094 1101/1101/1101 1098/1098/1098
f 1091/1091/1091 1102/1102/1102 1094/1094/1094
f 1091/1091/1091 1097/1097/1097 1102/1102/1102
f 1101/1101/1101 1094/1094/1094 1102/1102/1102
f 1097/1097/1097 1099/1099/1099 1103/1103/1103
f 1103/1103/1103 1102/1102/1102 1097/1097/1097
f 1104/1104/1104 1103/1103/1103 1099/1099/1099
f 1099/1099/1099 1100/1100/1100 1104/1104/1104
f 1103/1103/1103 1105/1105/1105 1102/1102/1102
f 1106/1106/1106 1104/1104/1104 1100/1100/1100
f 1104/1104/1104 1107/1107/1107 1103/1103/1103
f 1105/1105/1105 1103/1103/1103 1107/1107/1107
f 1106/1106/1106 1108/1108/1108 1104/1104/1104
f 1107/1107/1107 1104/1104/1104 1108/1108/1108
f 1106/1106/1106 1100/1100/1100 1109/1109/1109
f 1106/1106/1106 1109/1109/1109 1108/1108/1108
f 1098/1098/1098 1109/1109/1109 1100/1100/1100
f 1109/1109/1109 1098/1098/1098 1101/1101/1101
f 1110/1110/1110 1108/1108/1108 1109/1109/1109
f 1109/1109/1109 1101/1101/1101 1110/1110/1110
f 1108/1108/1108 1111/1111/1111 1107/1107/1107
f 1108/1108/1108 1110/1110/1110 1111/1111/1111
f 1112/1112/1112 1107/1107/1107 1111/1111/1111
f 1107/1107/1107 1112/1112/1112 1105/1105/1105
f 1113/1113/1113 1111/1111/1111 1110/1110/1110
f 1114/1114/1114 1110/1110/1110 1101/1101/1101
f 1110/1110/1110 1114/1114/1114 1113/1113/1113
f 1101/1101/1101 1102/1102/1102 1114/1114/1114
f 1111/1111/1111 1113/1113/1113 1115/1115/1115
f 1112/1112/1112 1111/1111/1111 1115/1115/1115
f 1116/1116/1116 1113/1113/1113 1114/1114/1114
f 1113/1113/1113 1116/1116/1116 1115/1115/1115
f 1117/1117/1117 1114/1114/1114 1102/1102/1102
f 1114/1114/1114 1117/1117/1117 1116/1116/1116
f 1117/1117/1117 1102/1102/1102 1105/1105/1105
f 1116/1116/1116 1118/1118/1118 1115/1115/1115
f 1118/1118/1118 1116/1116/1116 1117/1117/1117
f 1119/1119/1119 1112/1112/1112 1115/1115/1115
f 1118/1118/1118 1119/1119/1119 1115/1115/1115
f 1119/1119/1119 1105/1105/1105 1112/1112/1112
f 1118/1118/1118 1117/1117/1117 1119/1119/1119
f 1105/1105/1105 1119/1119/1119 1117/1117/1117
f 1121/1121/1121 1122/1122/1122 1120/1120/1120
f 1122/1122/1122 1121/1121/1121 1123/1123/1123
f 1122/1122/1122 1124/1124/1124 1120/1120/1120
f 1122/1122/1122 1123/1123/1123 1124/1124/1124
f 1125/1125/1125 1121/1121/1121 1120/1120/1120
f 1124/1124/1124 1126/1126/1126 1120/1120/1120
f 1121/1121/1121 1125/1125/1125 1127/1127/1127
f 1127/1127/1127 1123/1123/1123 1121/1121/1121
f 1128/1128/1128 1125/1125/1125 1120/1120/1120
f 1126/1126/1126 1128/1128/1128 1120/1120/1120
f 1129/1129/1129 1127/1127/1127 1125/1125/1125
f 1125/1125/1125 1128/1128/1128 1129/1129/1129
f 1124/1124/1124 1130/1130/1130 1126/1126/1126
f 1130/1130/1130 1124/1124/1124 1123/1123/1123
f 1126/1126/1126 1131/1131/1131 1128/1128/1128
f 1131/1131/1131 1126/1126/1126 1130/1130/1130
f 1132/1132/1132 1129/1129/1129 1128/1128/1128
f 1132/1132/1132 1128/1128/1128 1131/1131/1131
f 1123/1123/1123 1133/1133/1133 1130/1130/1130
f 1123/1123/1123 1127/1127/1127 1133/1133/1133
f 1130/1130/1130 1134/1134/1134 1131/1131/1131
f 1134/1134/1134 1130/1130/1130 1133/1133/1133
f 1131/1131/1131 1135/1135/1135 1132/1132/1132
f 1135/1135/1135 1131/1131/1131 1134/1134/1134
f 1136/1136/1136 1132/1132/1132 1135/1135/1135
f 1136/1136/1136 1137/1137/1137 1132/1132/1132
f 1129/1129/1129 1132/1132/1132 1137/1137/1137
f 1136/1136/1136 1135/1135/1135 1138/1138/1138
f 1136/1136/1136 1138/1138/1138 1137/1137/1137
f 1135/1135/1135 1134/1134/1134 1139/1139/1139
f 1139/1139/1139 1138/1138/1138 1135/1135/1135
f 1137/1137/1137 1140/1140/1140 1129/1129/1129
f 1127/1127/1127 1129/1129/1129 1140/1140/1140
f 1140/1140/1140 1133/1133/1133 1127/1127/1127
f 1141/1141/1141 1137/1137/1137 1138/1138/1138
f 1137/1137/1137 1141/1141/1141 1140/1140/1140
f 1138/1138/1138 1139/1139/1139 1142/1142/1142
f 1138/1138/1138 1142/1142/1142 1141/1141/1141
f 1143/1143/1143 1140/1140/1140 1141/1141/1141
f 1140/1140/1140 1143/1143/1143 1133/1133/1133
f 1144/1144/1144 1141/1141/1141 1142/1142/1142
f 1141/1141/1141 1144/1144/1144 1143/1143/1143
f 1145/1145/1145 1142/1142/1142 1139/1139/1139
f 1146/1146/1146 1143/1143/1143 1144/1144/1144
f 1144/1144/1144 1142/1142/1142 1147/1147/1147
f 1146/1146/1146 1144/1144/1144 1147/1147/1147
f 1142/1142/1142 1145/1145/1145 1147/1147/1147
f 1143/1143/1143 1146/1146/1146 1148/1148/1148
f 1148/1148/1148 1133/1133/1133 1143/1143/1143
f 1149/1149/1149 1146/1146/1146 1147/1147/1147
f 1149/1149/1149 1148/1148/1148 1146/1146/1146
f 1150/1150/1150 1149/1149/1149 1147/1147/1147
f 1149/1149/1149 1150/1150/1150 1148/1148/1148
f 1145/1145/1145 1150/1150/1150 1147/1147/1147
f 1148/1148/1148 1151/1151/1151 1133/1133/1133
f 1151/1151/1151 1148/1148/1148 1150/1150/1150
f 1150/1150/1150 1145/1145/1145 1151/1151/1151
f 1139/1139/1139 1151/1151/1151 1145/1145/1145
f 1134/1134/1134 1133/1133/1133 1151/1151/1151
f 1151/1151/1151 1139/1139/1139 1134/1134/1134
f 1153/1153/1153 1154/1154/1154 1152/1152/1152
f 1153/1153/1153 1152/1152/1152 1155/1155/1155
f 1153/1153/1153 1156/1156/1156 1154/1154/1154
f 1153/1153/1153 1155/1155/1155 1156/1156/1156
f 1157/1157/1157 1152/1152/1152 1154/1154/1154
f 1158/1158/1158 1154/1154/1154 1156/1156/1156
f 1154/1154/1154 1159/1159/1159 1157/1157/1157
f 1154/1154/1154 1158/1158/1158 1159/1159/1159
f 1152/1152/1152 1157/1157/1157 1160/1160/1160
f 1161/1161/1161 1157/1157/1157 1159/1159/1159
f 1157/1157/1157 1161/1161/1161 1160/1160/1160
f 1162/1162/1162 1159/1159/1159 1158/1158/1158
f 1159/1159/1159 1163/1163/1163 1161/1161/1161
f 1159/1159/1159 1162/1162/1162 1163/1163/1163
f 1164/1164/1164 1161/1161/1161 1163/1163/1163
f 1161/1161/1161 1164/1164/1164 1160/1160/1160
f 1165/1165/1165 1163/1163/1163 1162/1162/1162
f 1162/1162/1162 1158/1158/1158 1166/1166/1166
f 1165/1165/1165 1162/1162/1162 1166/1166/1166
f 1158/1158/1158 1156/1156/1156 1166/1166/1166
f 1163/1163/1163 1165/1165/1165 1167/1167/1167
f 1163/1163/1163 1167/1167/1167 1164/1164/1164
f 1168/1168/1168 1165/1165/1165 1166/1166/1166
f 1168/1168/1168 1167/1167/1167 1165/1165/1165
f 1156/1156/1156 1169/1169/1169 1166/1166/1166
f 1169/1169/1169 1156/1156/1156 1155/1155/1155
f 1170/1170/1170 1168/1168/1168 1166/1166/1166
f 1168/1168/1168 1170/1170/1170 1167/1167/1167
f 1169/1169/1169 1171/1171/1171 1166/1166/1166
f 1171/1171/1171 1170/1170/1170 1166/1166/1166
f 1155/1155/1155 1172/1172/1172 1169/1169/1169
f 1171/1171/1171 1169/1169/1169 1172/1172/1172
f 1170/1170/1170 1171/1171/1171 1173/1173/1173
f 1172/1172/1172 1173/1173/1173 1171/1171/1171
f 1173/1173/1173 1167/1167/1167 1170/1170/1170
f 1155/1155/1155 1174/1174/1174 1172/1172/1172
f 1174/1174/1174 1155/1155/1155 1152/1152/1152
f 1174/1174/1174 1152/1152/1152 1160/1160/1160
f 1175/1175/1175 1172/1172/1172 1174/1174/1174
f 1175/1175/1175 1174/1174/1174 1160/1160/1160
f 1172/1172/1172 1175/1175/1175 1173/1173/1173
f 1176/1176/1176 1173/1173/1173 1175/1175/1175
f 1176/1176/1176 1175/1175/1175 1160/1160/1160
f 1173/1173/1173 1176/1176/1176 1167/1167/1167
f 1177/1177/1177 1176/1176/1176 1160/1160/1160
f 1177/1177/1177 1167/1167/1167 1176/1176/1176
f 1164/1164/1164 1177/1177/1177 1160/1160/1160
f 1177/1177/1177 1164/1164/1164 1167/1167/1167
f 1179/1179/1179 1180/1180/1180 1178/1178/1178
f 1181/1181/1181 1178/1178/1178 1180/1180/1180
f 1180/1180/1180 1182/1182/1182 1181/1181/1181
f 1183/1183/1183 1181/1181/1181 1182/1182/1182
f 1183/1183/1183 1182/1182/1182 1184/1184/1184
f 1185/1185/1185 1184/1184/1184 1182/1182/1182
f 1184/1184/1184 1185/1185/1185 1186/1186/1186
f 1187/1187/1187 1186/1186/1186 1185/1185/1185
f 1187/1187/1187 1188/1188/1188 1186/1186/1186
f 1189/1189/1189 1186/1186/1186 1188/1188/1188
f 1191/1191/1191 1192/1192/1192 1190/1190/1190
f 1193/1193/1193 1190/1190/1190 1192/1192/1192
f 1192/1192/1192 1194/1194/1194 1193/1193/1193
f 1195/1195/1195 1193/1193/1193 1194/1194/1194
f 1194/1194/1194 1196/1196/1196 1195/1195/1195
f 1197/1197/1197 1195/1195/1195 1196/1196/1196
f 1196/1196/1196 1198/1198/1198 1197/1197/1197
f 1199/1199/1199 1197/1197/1197 1198/1198/1198
f 1201/1201/1201 1202/1202/1202 1200/1200/1200
f 1203/1203/1203 1200/1200/1200 1202/1202/1202
f 1202/1202/1202 1204/1204/1204 1203/1203/1203
f 1205/1205/1205 1203/1203/1203 1204/1204/1204
f 1204/1204/1204 1206/1206/1206 1205/1205/1205
f 1207/1207/1207 1205/1205/1205 1206/1206/1206
f 1206/1206/1206 1208/1208/1208 1207/1207/1207
f 1209/1209/1209 1207/1207/1207 1208/1208/1208
f 1211/1211/1211 1212/1212/1212 1210/1210/1210
f 1213/1213/1213 1210/1210/1210 1212/1212/1212
f 1212/1212/1212 1214/1214/1214 1213/1213/1213
f 1215/1215/1215 1213/1213/1213 1214/1214/1214
f 1216/1216/1216 1215/1215/1215 1214/1214/1214
f 1217/1217/1217 1216/1216/1216 1214/1214/1214
f 1218/1218/1218 1216/1216/1216 1217/1217/1217
f 1220/1220/1220 1221/1221/1221 1219/1219/1219
f 1222/1222/1222 1219/1219/1219 1221/1221/1221
f 1221/1221/1221 1223/1223/1223 1222/1222/1222
f 1224/1224/1224 1222/1222/1222 1223/1223/1223
f 1225/1225/1225 1224/1224/1224 1223/1223/1223
f 1226/1226/1226 1225/1225/1225 1223/1223/1223
f 1227/1227/1227 1225/1225/1225 1226/1226/1226
f 1229/1229/1229 1230/1230/1230 1228/1228/1228
f 1231/1231/1231 1228/1228/1228 1230/1230/1230
f 1230/1230/1230 1232/1232/1232 1231/1231/1231
f 1233/1233/1233 1231/1231/1231 1232/1232/1232
f 1232/1232/1232 1234/1234/1234 1233/1233/1233
f 1235/1235/1235 1233/1233/1233 1234/1234/1234
f 1234/1234/1234 1236/1236/1236 1235/1235/1235
f 1237/1237/1237 1235/1235/1235 1236/1236/1236
f 1236/1236/1236 1238/1238/1238 1237/1237/1237
f 1239/1239/1239 1237/1237/1237 1238/1238/1238
f 1239/1239/1239 1238/1238/1238 1240/1240/1240
f 1241/1241/1241 1240/1240/1240 1238/1238/1238
f 1243/1243/1243 1244/1244/1244 1242/1242/1242
f 1245/1245/1245 1242/1242/1242 1244/1244/1244
f 1242/1242/1242 1245/1245/1245 1246/1246/1246
f 1247/1247/1247 1246/1246/1246 1245/1245/1245
f 1247/1247/1247 1248/1248/1248 1246/1246/1246
f 1249/1249/1249 1246/1246/1246 1248/1248/1248
f 1251/1251/1251 1252/1252/1252 1250/1250/1250
f 1253/1253/1253 1250/1250/1250 1252/1252/1252
f 1250/1250/1250 1253/1253/1253 1254/1254/1254
f 1255/1255/1255 1254/1254/1254 1253/1253/1253
f 1255/1255/1255 1256/1256/1256 1254/1254/1254
f 1257/1257/1257 1254/1254/1254 1256/1256/1256
f 1259/1259/1259 1260/1260/1260 1258/1258/1258
f 1261/1261/1261 1258/1258/1258 1260/1260/1260
f 1258/1258/1258 1261/1261/1261 1262/1262/1262
f 1263/1263/1263 1262/1262/1262 1261/1261/1261
f 1263/1263/1263 1264/1264/1264 1262/1262/1262
f 1265/1265/1265 1262/1262/1262 1264/1264/1264
f 1267/1267/1267 1268/1268/1268 1266/1266/1266
f 1269/1269/1269 1266/1266/1266 1268/1268/1268
f 1266/1266/1266 1269/1269/1269 1270/1270/1270
f 1271/1271/1271 1270/1270/1270 1269/1269/1269
f 1271/1271/1271 1272/1272/1272 1270/1270/1270
f 1273/1273/1273 1270/1270/1270 1272/1272/1272
f 1275/1275/1275 1276/1276/1276 1274/1274/1274
f 1277/1277/1277 1274/1274/1274 1276/1276/1276
f 1274/1274/1274 1277/1277/1277 1278/1278/1278
f 1279/1279/1279 1278/1278/1278 1277/1277/1277
f 1278/1278/1278 1279/1279/1279 1280/1280/1280
f 1281/1281/1281 1280/1280/1280 1279/1279/1279
f 1283/1283/1283 1284/1284/1284 1282/1282/1282
f 1285/1285/1285 1282/1282/1282 1284/1284/1284
f 1282/1282/1282 1285/1285/1285 1286/1286/1286
f 1287/1287/1287 1286/1286/1286 1285/1285/1285
f 1287/1287/1287 1288/1288/1288 1286/1286/1286
f 1289/1289/1289 1286/1286/1286 1288/1288/1288
f 1291/1291/1291 1292/1292/1292 1290/1290/1290
f 1293/1293/1293 1290/1290/1290 1292/1292/1292
f 1293/1293/1293 1292/1292/1292 1294/1294/1294
f 1295/1295/1295 1294/1294/1294 1292/1292/1292
f 1294/1294/1294 1295/1295/1295 1296/1296/1296
f 1297/1297/1297 1296/1296/1296 1295/1295/1295
f 1296/1296/1296 1297/1297/1297 1298/1298/1298
f 1299/1299/1299 1298/1298/1298 1297/1297/1297
f 1299/1299/1299 1300/1300/1300 1298/1298/1298
f 1301/1301/1301 1298/1298/1298 1300/1300/1300
f 1303/1303/1303 1304/1304/1304 1302/1302/1302
f 1305/1305/1305 1302/1302/1302 1304/1304/1304
f 1305/1305/1305 1306/1306/1306 1302/1302/1302
f 1307/1307/1307 1302/1302/1302 1306/1306/1306
f 1306/1306/1306 1308/1308/1308 1307/1307/1307
f 1309/1309/1309 1307/1307/1307 1308/1308/1308
f 1308/1308/1308 1310/1310/1310 1309/1309/1309
f 1311/1311/1311 1309/1309/1309 1310/1310/1310
f 1311/1311/1311 1310/1310/1310 1312/1312/1312
f 1313/1313/1313 1312/1312/1312 1310/1310/1310
f 1315/1315/1315 1316/1316/1316 1314/1314/1314
f 1314/1314/1314 1316/1316/1316 1317/1317/1317
f 1318/1318/1318 1316/1316/1316 1315/1315/1315
f 1317/1317/1317 1316/1316/1316 1319/1319/1319
f 1320/1320/1320 1316/1316/1316 1318/1318/1318
f 1319/1319/1319 1316/1316/1316 1321/1321/1321
f 1322/1322/1322 1316/1316/1316 1320/1320/1320
f 1321/1321/1321 1316/1316/1316 1322/1322/1322
f 1324/1324/1324 1325/1325/1325 1323/1323/1323
f 1324/1324/1324 1323/1323/1323 1326/1326/1326
f 1324/1324/1324 1327/1327/1327 1325/1325/1325
f 1324/1324/1324 1326/1326/1326 1328/1328/1328
f 1324/1324/1324 1329/1329/1329 1327/1327/1327
f 1324/1324/1324 1328/1328/1328 1330/1330/1330
f 1324/1324/1324 1331/1331/1331 1329/1329/1329
f 1324/1324/1324 1330/1330/1330 1331/1331/1331
f 1333/1333/1333 1334/1334/1334 1332/1332/1332
f 1335/1335/1335 1332/1332/1332 1334/1334/1334
f 1334/1334/1334 1336/1336/1336 1335/1335/1335
f 1337/1337/1337 1335/1335/1335 1336/1336/1336
f 1336/1336/1336 1338/1338/1338 1337/1337/1337
f 1339/1339/1339 1337/1337/1337 1338/1338/1338
f 1338/1338/1338 1340/1340/1340 1339/1339/1339
f 1341/1341/1341 1339/1339/1339 1340/1340/1340
f 1340/1340/1340 1342/1342/1342 1341/1341/1341
f 1343/1343/1343 1341/1341/1341 1342/1342/1342
f 1342/1342/1342 1344/1344/1344 1343/1343/1343
f 1345/1345/1345 1343/1343/1343 1344/1344/1344
f 1344/1344/1344 1346/1346/1346 1345/1345/1345
f 1347/1347/1347 1345/1345/1345 1346/1346/1346
f 1346/1346/1346 1348/1348/1348 1347/1347/1347
f 1349/1349/1349 1347/1347/1347 1348/1348/1348
f 1348/1348/1348 1350/1350/1350 1349/1349/1349
f 1351/1351/1351 1349/1349/1349 1350/1350/1350
f 1350/1350/1350 1352/1352/1352 1351/1351/1351
f 1353/1353/1353 1351/1351/1351 1352/1352/1352
f 1352/1352/1352 1354/1354/1354 1353/1353/1353
f 1355/1355/1355 1353/1353/1353 1354/1354/1354
f 1354/1354/1354 1356/1356/1356 1355/1355/1355
f 1357/1357/1357 1355/1355/1355 1356/1356/1356
f 1356/1356/1356 1358/1358/1358 1357/1357/1357
f 1359/1359/1359 1358/1358/1358 1356/1356/1356
f 1360/1360/1360 1359/1359/1359 1356/1356/1356
f 1360/1360/1360 1361/1361/1361 1359/1359/1359
f 1362/1362/1362 1359/1359/1359 1361/1361/1361
f 1359/1359/1359 1362/1362/1362 1358/1358/1358
f 1363/1363/1363 1358/1358/1358 1362/1362/1362
f 1363/1363/1363 1364/1364/1364 1358/1358/1358
f 1365/1365/1365 1358/1358/1358 1364/1364/1364
f 1365/1365/1365 1357/1357/1357 1358/1358/1358
f 1364/1364/1364 1366/1366/1366 1365/1365/1365
f 1365/1365/1365 1367/1367/1367 1357/1357/1357
f 1367/1367/1367 1365/1365/1365 1366/1366/1366
f 1368/1368/1368 1357/1357/1357 1367/1367/1367
f 1366/1366/1366 1369/1369/1369 1367/1367/1367
f 1368/1368/1368 1367/1367/1367 1369/1369/1369
f 1371/1371/1371 1372/1372/1372 1370/1370/1370
f 1373/1373/1373 1370/1370/1370 1372/1372/1372
f 1370/1370/1370 1373/1373/1373 1374/1374/1374
f 1375/1375/1375 1374/1374/1374 1373/1373/1373
f 1374/1374/1374 1375/1375/1375 1376/1376/1376
f 1377/1377/1377 1376/1376/1376 1375/1375/1375
f 1376/1376/1376 1377/1377/1377 1378/1378/1378
f 1379/1379/1379 1378/1378/1378 1377/1377/1377
f 1378/1378/1378 1379/1379/1379 1380/1380/1380
f 1381/1381/1381 1380/1380/1380 1379/1379/1379
f 1380/1380/1380 1381/1381/1381 1382/1382/1382
f 1383/1383/1383 1382/1382/1382 1381/1381/1381
f 1382/1382/1382 1383/1383/1383 1384/1384/1384
f 1385/1385/1385 1384/1384/1384 1383/1383/1383
f 1384/1384/1384 1385/1385/1385 1386/1386/1386
f 1387/1387/1387 1386/1386/1386 1385/1385/1385
f 1386/1386/1386 1387/1387/1387 1388/1388/1388
f 1389/1389/1389 1388/1388/1388 1387/1387/1387
f 1388/1388/1388 1389/1389/1389 1390/1390/1390
f 1391/1391/1391 1390/1390/1390 1389/1389/1389
f 1390/1390/1390 1391/1391/1391 1392/1392/1392
f 1393/1393/1393 1392/1392/1392 1391/1391/1391
f 1392/1392/1392 1393/1393/1393 1394/1394/1394
f 1395/1395/1395 1394/1394/1394 1393/1393/1393
f 1394/1394/1394 1395/1395/1395 1396/1396/1396
f 1397/1397/1397 1394/1394/1394 1396/1396/1396
f 1398/1398/1398 1394/1394/1394 1397/1397/1397
f 1398/1398/1398 1397/1397/1397 1399/1399/1399
f 1400/1400/1400 1399/1399/1399 1397/1397/1397
f 1397/1397/1397 1396/1396/1396 1400/1400/1400
f 1401/1401/1401 1400/1400/1400 1396/1396/1396
f 1401/1401/1401 1396/1396/1396 1402/1402/1402
f 1403/1403/1403 1402/1402/1402 1396/1396/1396
f 1403/1403/1403 1396/1396/1396 1395/1395/1395
f 1402/1402/1402 1403/1403/1403 1404/1404/1404
f 1405/1405/1405 1403/1403/1403 1395/1395/1395
f 1405/1405/1405 1404/1404/1404 1403/1403/1403
f 1406/1406/1406 1405/1405/1405 1395/1395/1395
f 1404/1404/1404 1405/1405/1405 1407/1407/1407
f 1406/1406/1406 1407/1407/1407 1405/1405/1405
f 1409/1409/1409 1410/1410/1410 1408/1408/1408
f 1411/1411/1411 1408/1408/1408 1410/1410/1410
f 1410/1410/1410 1412/1412/1412 1411/1411/1411
f 1408/1408/1408 1411/1411/1411 1413/1413/1413
f 1414/1414/1414 1411/1411/1411 1412/1412/1412
f 1412/1412/1412 1415/1415/1415 1414/1414/1414
f 1416/1416/1416 1413/1413/1413 1411/1411/1411
f 1411/1411/1411 1414/1414/1414 1416/1416/1416
f 1413/1413/1413 1416/1416/1416 1417/1417/1417
f 1418/1418/1418 1414/1414/1414 1415/1415/1415
f 1415/1415/1415 1419/1419/1419 1418/1418/1418
f 1420/1420/1420 1416/1416/1416 1414/1414/1414
f 1414/1414/1414 1418/1418/1418 1420/1420/1420
f 1421/1421/1421 1417/1417/1417 1416/1416/1416
f 1416/1416/1416 1420/1420/1420 1421/1421/1421
f 1417/1417/1417 1421/1421/1421 1422/1422/1422
f 1423/1423/1423 1418/1418/1418 1419/1419/1419
f 1419/1419/1419 1424/1424/1424 1423/1423/1423
f 1425/1425/1425 1422/1422/1422 1421/1421/1421
f 1422/1422/1422 1425/1425/1425 1426/1426/1426
f 1427/1427/1427 1421/1421/1421 1420/1420/1420
f 1421/1421/1421 1427/1427/1427 1425/1425/1425
f 1428/1428/1428 1420/1420/1420 1418/1418/1418
f 1420/1420/1420 1428/1428/1428 1427/1427/1427
f 1418/1418/1418 1423/1423/1423 1428/1428/1428
f 1429/1429/1429 1426/1426/1426 1425/1425/1425
f 1426/1426/1426 1429/1429/1429 1430/1430/1430
f 1431/1431/1431 1425/1425/1425 1427/1427/1427
f 1425/1425/1425 1431/1431/1431 1429/1429/1429
f 1432/1432/1432 1427/1427/1427 1428/1428/1428
f 1427/1427/1427 1432/1432/1432 1431/1431/1431
f 1433/1433/1433 1429/1429/1429 1431/1431/1431
f 1429/1429/1429 1433/1433/1433 1430/1430/1430
f 1431/1431/1431 1434/1434/1434 1433/1433/1433
f 1434/1434/1434 1431/1431/1431 1432/1432/1432
f 1435/1435/1435 1433/1433/1433 1434/1434/1434
f 1433/1433/1433 1435/1435/1435 1430/1430/1430
f 1428/1428/1428 1436/1436/1436 1432/1432/1432
f 1436/1436/1436 1428/1428/1428 1423/1423/1423
f 1432/1432/1432 1437/1437/1437 1434/1434/1434
f 1437/1437/1437 1432/1432/1432 1436/1436/1436
f 1434/1434/1434 1438/1438/1438 1435/1435/1435
f 1438/1438/1438 1434/1434/1434 1437/1437/1437
f 1436/1436/1436 1423/1423/1423 1439/1439/1439
f 1436/1436/1436 1439/1439/1439 1437/1437/1437
f 1440/1440/1440 1435/1435/1435 1438/1438/1438
f 1435/1435/1435 1440/1440/1440 1430/1430/1430
f 1437/1437/1437 1441/1441/1441 1438/1438/1438
f 1441/1441/1441 1437/1437/1437 1439/1439/1439
f 1438/1438/1438 1442/1442/1442 1440/1440/1440
f 1442/1442/1442 1438/1438/1438 1441/1441/1441
f 1443/1443/1443 1439/1439/1439 1423/1423/1423
f 1443/1443/1443 1423/1423/1423 1424/1424/1424
f 1439/1439/1439 1444/1444/1444 1441/1441/1441
f 1439/1439/1439 1443/1443/1443 1444/1444/1444
f 1443/1443/1443 1424/1424/1424 1445/1445/1445
f 1445/1445/1445 1444/1444/1444 1443/1443/1443
f 1446/1446/1446 1445/1445/1445 1424/1424/1424
f 1447/1447/1447 1441/1441/1441 1444/1444/1444
f 1441/1441/1441 1447/1447/1447 1442/1442/1442
f 1444/1444/1444 1445/1445/1445 1448/1448/1448
f 1444/1444/1444 1448/1448/1448 1447/1447/1447
f 1445/1445/1445 1446/1446/1446 1449/1449/1449
f 1449/1449/1449 1448/1448/1448 1445/1445/1445
f 1450/1450/1450 1449/1449/1449 1446/1446/1446
f 1450/1450/1450 1451/1451/1451 1449/1449/1449
f 1452/1452/1452 1449/1449/1449 1451/1451/1451
f 1449/1449/1449 1452/1452/1452 1448/1448/1448
f 1451/1451/1451 1453/1453/1453 1452/1452/1452
f 1454/1454/1454 1452/1452/1452 1453/1453/1453
f 1452/1452/1452 1454/1454/1454 1455/1455/1455
f 1455/1455/1455 1448/1448/1448 1452/1452/1452
f 1456/1456/1456 1455/1455/1455 1454/1454/1454
f 1448/1448/1448 1455/1455/1455 1457/1457/1457
f 1457/1457/1457 1447/1447/1447 1448/1448/1448
f 1455/1455/1455 1456/1456/1456 1458/1458/1458
f 1458/1458/1458 1457/1457/1457 1455/1455/1455
f 1459/1459/1459 1458/1458/1458 1456/1456/1456
f 1447/1447/1447 1457/1457/1457 1460/1460/1460
f 1460/1460/1460 1442/1442/1442 1447/1447/1447
f 1457/1457/1457 1458/1458/1458 1461/1461/1461
f 1461/1461/1461 1460/1460/1460 1457/1457/1457
f 1458/1458/1458 1459/1459/1459 1462/1462/1462
f 1462/1462/1462 1461/1461/1461 1458/1458/1458
f 1463/1463/1463 1462/1462/1462 1459/1459/1459
f 1461/1461/1461 1462/1462/1462 1464/1464/1464
f 1461/1461/1461 1464/1464/1464 1460/1460/1460
f 1462/1462/1462 1463/1463/1463 1465/1465/1465
f 1465/1465/1465 1464/1464/1464 1462/1462/1462
f 1466/1466/1466 1465/1465/1465 1463/1463/1463
f 1465/1465/1465 1466/1466/1466 1430/1430/1430
f 1464/1464/1464 1465/1465/1465 1430/1430/1430
f 1467/1467/1467 1460/1460/1460 1464/1464/1464
f 1467/1467/1467 1464/1464/1464 1430/1430/1430
f 1467/1467/1467 1468/1468/1468 1460/1460/1460
f 1468/1468/1468 1467/1467/1467 1430/1430/1430
f 1442/1442/1442 1460/1460/1460 1468/1468/1468
f 1440/1440/1440 1468/1468/1468 1430/1430/1430
f 1468/1468/1468 1440/1440/1440 1442/1442/1442
f 1470/1470/1470 1471/1471/1471 1469/1469/1469
f 1472/1472/1472 1469/1469/1469 1471/1471/1471
f 1469/1469/1469 1472/1472/1472 1473/1473/1473
f 1471/1471/1471 1474/1474/1474 1472/1472/1472
f 1475/1475/1475 1473/1473/1473 1472/1472/1472
f 1473/1473/1473 1475/1475/1475 1476/1476/1476
f 1477/1477/1477 1472/1472/1472 1474/1474/1474
f 1472/1472/1472 1477/1477/1477 1475/1475/1475
f 1478/1478/1478 1476/1476/1476 1475/1475/1475
f 1476/1476/1476 1478/1478/1478 1479/1479/1479
f 1480/1480/1480 1475/1475/1475 1477/1477/1477
f 1475/1475/1475 1480/1480/1480 1478/1478/1478
f 1477/1477/1477 1474/1474/1474 1481/1481/1481
f 1477/1477/1477 1481/1481/1481 1480/1480/1480
f 1482/1482/1482 1481/1481/1481 1474/1474/1474
f 1482/1482/1482 1483/1483/1483 1481/1481/1481
f 1484/1484/1484 1479/1479/1479 1478/1478/1478
f 1479/1479/1479 1484/1484/1484 1485/1485/1485
f 1486/1486/1486 1481/1481/1481 1483/1483/1483
f 1483/1483/1483 1487/1487/1487 1486/1486/1486
f 1488/1488/1488 1485/1485/1485 1484/1484/1484
f 1485/1485/1485 1488/1488/1488 1489/1489/1489
f 1478/1478/1478 1490/1490/1490 1484/1484/1484
f 1490/1490/1490 1478/1478/1478 1480/1480/1480
f 1484/1484/1484 1491/1491/1491 1488/1488/1488
f 1491/1491/1491 1484/1484/1484 1490/1490/1490
f 1492/1492/1492 1488/1488/1488 1491/1491/1491
f 1488/1488/1488 1492/1492/1492 1489/1489/1489
f 1491/1491/1491 1490/1490/1490 1493/1493/1493
f 1491/1491/1491 1493/1493/1493 1492/1492/1492
f 1490/1490/1490 1480/1480/1480 1494/1494/1494
f 1494/1494/1494 1493/1493/1493 1490/1490/1490
f 1495/1495/1495 1480/1480/1480 1481/1481/1481
f 1495/1495/1495 1494/1494/1494 1480/1480/1480
f 1481/1481/1481 1486/1486/1486 1495/1495/1495
f 1496/1496/1496 1492/1492/1492 1493/1493/1493
f 1492/1492/1492 1496/1496/1496 1489/1489/1489
f 1496/1496/1496 1493/1493/1493 1497/1497/1497
f 1496/1496/1496 1497/1497/1497 1489/1489/1489
f 1498/1498/1498 1497/1497/1497 1493/1493/1493
f 1493/1493/1493 1494/1494/1494 1498/1498/1498
f 1497/1497/1497 1499/1499/1499 1489/1489/1489
f 1497/1497/1497 1498/1498/1498 1499/1499/1499
f 1494/1494/1494 1495/1495/1495 1500/1500/1500
f 1500/1500/1500 1498/1498/1498 1494/1494/1494
f 1501/1501/1501 1495/1495/1495 1486/1486/1486
f 1501/1501/1501 1500/1500/1500 1495/1495/1495
f 1498/1498/1498 1500/1500/1500 1502/1502/1502
f 1502/1502/1502 1499/1499/1499 1498/1498/1498
f 1500/1500/1500 1501/1501/1501 1503/1503/1503
f 1503/1503/1503 1502/1502/1502 1500/1500/1500
f 1486/1486/1486 1504/1504/1504 1501/1501/1501
f 1504/1504/1504 1486/1486/1486 1487/1487/1487
f 1487/1487/1487 1505/1505/1505 1504/1504/1504
f 1506/1506/1506 1501/1501/1501 1504/1504/1504
f 1506/1506/1506 1503/1503/1503 1501/1501/1501
f 1507/1507/1507 1504/1504/1504 1505/1505/1505
f 1504/1504/1504 1507/1507/1507 1506/1506/1506
f 1505/1505/1505 1508/1508/1508 1507/1507/1507
f 1506/1506/1506 1509/1509/1509 1503/1503/1503
f 1509/1509/1509 1506/1506/1506 1507/1507/1507
f 1510/1510/1510 1507/1507/1507 1508/1508/1508
f 1507/1507/1507 1510/1510/1510 1509/1509/1509
f 1508/1508/1508 1511/1511/1511 1510/1510/1510
f 1512/1512/1512 1503/1503/1503 1509/1509/1509
f 1503/1503/1503 1512/1512/1512 1502/1502/1502
f 1513/1513/1513 1509/1509/1509 1510/1510/1510
f 1509/1509/1509 1513/1513/1513 1512/1512/1512
f 1514/1514/1514 1510/1510/1510 1511/1511/1511
f 1510/1510/1510 1514/1514/1514 1513/1513/1513
f 1511/1511/1511 1515/1515/1515 1514/1514/1514
f 1516/1516/1516 1514/1514/1514 1515/1515/1515
f 1514/1514/1514 1516/1516/1516 1517/1517/1517
f 1517/1517/1517 1513/1513/1513 1514/1514/1514
f 1518/1518/1518 1517/1517/1517 1516/1516/1516
f 1519/1519/1519 1512/1512/1512 1513/1513/1513
f 1513/1513/1513 1517/1517/1517 1519/1519/1519
f 1517/1517/1517 1518/1518/1518 1520/1520/1520
f 1520/1520/1520 1519/1519/1519 1517/1517/1517
f 1521/1521/1521 1520/1520/1520 1518/1518/1518
f 1512/1512/1512 1519/1519/1519 1522/1522/1522
f 1522/1522/1522 1502/1502/1502 1512/1512/1512
f 1502/1502/1502 1522/1522/1522 1499/1499/1499
f 1519/1519/1519 1520/1520/1520 1523/1523/1523
f 1523/1523/1523 1522/1522/1522 1519/1519/1519
f 1524/1524/1524 1499/1499/1499 1522/1522/1522
f 1522/1522/1522 1523/1523/1523 1524/1524/1524
f 1499/1499/1499 1524/1524/1524 1489/1489/1489
f 1525/1525/1525 1523/1523/1523 1520/1520/1520
f 1520/1520/1520 1521/1521/1521 1525/1525/1525
f 1526/1526/1526 1525/1525/1525 1521/1521/1521
f 1527/1527/1527 1524/1524/1524 1523/1523/1523
f 1523/1523/1523 1525/1525/1525 1527/1527/1527
f 1524/1524/1524 1527/1527/1527 1489/1489/1489
f 1525/1525/1525 1526/1526/1526 1528/1528/1528
f 1528/1528/1528 1527/1527/1527 1525/1525/1525
f 1527/1527/1527 1528/1528/1528 1489/1489/1489
f 1529/1529/1529 1528/1528/1528 1526/1526/1526
f 1528/1528/1528 1529/1529/1529 1489/1489/1489
f 1531/1531/1531 1532/1532/1532 1530/1530/1530
f 1533/1533/1533 1530/1530/1530 1532/1532/1532
f 1532/1532/1532 1534/1534/1534 1533/1533/1533
f 1530/1530/1530 1533/1533/1533 1535/1535/1535
f 1536/1536/1536 1533/1533/1533 1534/1534/1534
f 1534/1534/1534 1537/1537/1537 1536/1536/1536
f 1538/1538/1538 1535/1535/1535 1533/1533/1533
f 1533/1533/1533 1536/1536/1536 1538/1538/1538
f 1535/1535/1535 1538/1538/1538 1539/1539/1539
f 1540/1540/1540 1536/1536/1536 1537/1537/1537
f 1537/1537/1537 1541/1541/1541 1540/1540/1540
f 1542/1542/1542 1538/1538/1538 1536/1536/1536
f 1536/1536/1536 1540/1540/1540 1542/1542/1542
f 1543/1543/1543 1539/1539/1539 1538/1538/1538
f 1538/1538/1538 1542/1542/1542 1543/1543/1543
f 1539/1539/1539 1543/1543/1543 1544/1544/1544
f 1545/1545/1545 1540/1540/1540 1541/1541/1541
f 1541/1541/1541 1546/1546/1546 1545/1545/1545
f 1547/1547/1547 1544/1544/1544 1543/1543/1543
f 1544/1544/1544 1547/1547/1547 1548/1548/1548
f 1549/1549/1549 1543/1543/1543 1542/1542/1542
f 1543/1543/1543 1549/1549/1549 1547/1547/1547
f 1550/1550/1550 1542/1542/1542 1540/1540/1540
f 1542/1542/1542 1550/1550/1550 1549/1549/1549
f 1540/1540/1540 1545/1545/1545 1550/1550/1550
f 1551/1551/1551 1547/1547/1547 1549/1549/1549
f 1552/1552/1552 1549/1549/1549 1550/1550/1550
f 1549/1549/1549 1552/1552/1552 1551/1551/1551
f 1553/1553/1553 1550/1550/1550 1545/1545/1545
f 1550/1550/1550 1553/1553/1553 1552/1552/1552
f 1554/1554/1554 1545/1545/1545 1546/1546/1546
f 1545/1545/1545 1554/1554/1554 1553/1553/1553
f 1546/1546/1546 1555/1555/1555 1554/1554/1554
f 1556/1556/1556 1552/1552/1552 1553/1553/1553
f 1557/1557/1557 1554/1554/1554 1555/1555/1555
f 1555/1555/1555 1558/1558/1558 1557/1557/1557
f 1559/1559/1559 1553/1553/1553 1554/1554/1554
f 1554/1554/1554 1557/1557/1557 1559/1559/1559
f 1553/1553/1553 1559/1559/1559 1556/1556/1556
f 1560/1560/1560 1557/1557/1557 1558/1558/1558
f 1558/1558/1558 1561/1561/1561 1560/1560/1560
f 1562/1562/1562 1560/1560/1560 1561/1561/1561
f 1563/1563/1563 1559/1559/1559 1557/1557/1557
f 1557/1557/1557 1560/1560/1560 1563/1563/1563
f 1560/1560/1560 1562/1562/1562 1564/1564/1564
f 1564/1564/1564 1563/1563/1563 1560/1560/1560
f 1565/1565/1565 1564/1564/1564 1562/1562/1562
f 1559/1559/1559 1563/1563/1563 1566/1566/1566
f 1566/1566/1566 1556/1556/1556 1559/1559/1559
f 1563/1563/1563 1564/1564/1564 1567/1567/1567
f 1567/1567/1567 1566/1566/1566 1563/1563/1563
f 1564/1564/1564 1565/1565/1565 1568/1568/1568
f 1568/1568/1568 1567/1567/1567 1564/1564/1564
f 1569/1569/1569 1568/1568/1568 1565/1565/1565
f 1566/1566/1566 1567/1567/1567 1570/1570/1570
f 1568/1568/1568 1569/1569/1569 1571/1571/1571
f 1572/1572/1572 1571/1571/1571 1569/1569/1569
f 1567/1567/1567 1568/1568/1568 1573/1573/1573
f 1571/1571/1571 1573/1573/1573 1568/1568/1568
f 1573/1573/1573 1570/1570/1570 1567/1567/1567
f 1571/1571/1571 1572/1572/1572 1574/1574/1574
f 1575/1575/1575 1574/1574/1574 1572/1572/1572
f 1573/1573/1573 1571/1571/1571 1576/1576/1576
f 1574/1574/1574 1576/1576/1576 1571/1571/1571
f 1574/1574/1574 1575/1575/1575 1577/1577/1577
f 1574/1574/1574 1577/1577/1577 1576/1576/1576
f 1578/1578/1578 1577/1577/1577 1575/1575/1575
f 1578/1578/1578 1579/1579/1579 1577/1577/1577
f 1576/1576/1576 1580/1580/1580 1573/1573/1573
f 1570/1570/1570 1573/1573/1573 1580/1580/1580
f 1581/1581/1581 1576/1576/1576 1577/1577/1577
f 1581/1581/1581 1577/1577/1577 1579/1579/1579
f 1580/1580/1580 1576/1576/1576 1582/1582/1582
f 1581/1581/1581 1582/1582/1582 1576/1576/1576
f 1580/1580/1580 1583/1583/1583 1570/1570/1570
f 1580/1580/1580 1582/1582/1582 1583/1583/1583
f 1582/1582/1582 1581/1581/1581 1584/1584/1584
f 1584/1584/1584 1583/1583/1583 1582/1582/1582
f 1579/1579/1579 1584/1584/1584 1581/1581/1581
f 1585/1585/1585 1570/1570/1570 1583/1583/1583
f 1570/1570/1570 1585/1585/1585 1566/1566/1566
f 1556/1556/1556 1566/1566/1566 1585/1585/1585
f 1585/1585/1585 1586/1586/1586 1556/1556/1556
f 1585/1585/1585 1583/1583/1583 1586/1586/1586
f 1552/1552/1552 1556/1556/1556 1586/1586/1586
f 1586/1586/1586 1551/1551/1551 1552/1552/1552
f 1587/1587/1587 1586/1586/1586 1583/1583/1583
f 1583/1583/1583 1584/1584/1584 1587/1587/1587
f 1551/1551/1551 1586/1586/1586 1588/1588/1588
f 1587/1587/1587 1588/1588/1588 1586/1586/1586
f 1589/1589/1589 1587/1587/1587 1584/1584/1584
f 1587/1587/1587 1589/1589/1589 1588/1588/1588
f 1584/1584/1584 1579/1579/1579 1589/1589/1589
f 1590/1590/1590 1588/1588/1588 1589/1589/1589
f 1590/1590/1590 1589/1589/1589 1579/1579/1579
f 1588/1588/1588 1591/1591/1591 1551/1551/1551
f 1547/1547/1547 1551/1551/1551 1591/1591/1591
f 1591/1591/1591 1548/1548/1548 1547/1547/1547
f 1590/1590/1590 1592/1592/1592 1588/1588/1588
f 1591/1591/1591 1588/1588/1588 1592/1592/1592
f 1590/1590/1590 1579/1579/1579 1592/1592/1592
f 1591/1591/1591 1592/1592/1592 1548/1548/1548
f 1593/1593/1593 1592/1592/1592 1579/1579/1579
f 1593/1593/1593 1548/1548/1548 1592/1592/1592
f 1595/1595/1595 1596/1596/1596 1594/1594/1594
f 1597/1597/1597 1594/1594/1594 1596/1596/1596
f 1596/1596/1596 1598/1598/1598 1597/1597/1597
f 1594/1594/1594 1597/1597/1597 1599/1599/1599
f 1600/1600/1600 1597/1597/1597 1598/1598/1598
f 1598/1598/1598 1601/1601/1601 1600/1600/1600
f 1602/1602/1602 1599/1599/1599 1597/1597/1597
f 1597/1597/1597 1600/1600/1600 1602/1602/1602
f 1599/1599/1599 1602/1602/1602 1603/1603/1603
f 1604/1604/1604 1600/1600/1600 1601/1601/1601
f 1601/1601/1601 1605/1605/1605 1604/1604/1604
f 1606/1606/1606 1602/1602/1602 1600/1600/1600
f 1600/1600/1600 1604/1604/1604 1606/1606/1606
f 1607/1607/1607 1603/1603/1603 1602/1602/1602
f 1602/1602/1602 1606/1606/1606 1607/1607/1607
f 1603/1603/1603 1607/1607/1607 1608/1608/1608
f 1609/1609/1609 1604/1604/1604 1605/1605/1605
f 1605/1605/1605 1610/1610/1610 1609/1609/1609
f 1611/1611/1611 1608/1608/1608 1607/1607/1607
f 1608/1608/1608 1611/1611/1611 1612/1612/1612
f 1613/1613/1613 1607/1607/1607 1606/1606/1606
f 1607/1607/1607 1613/1613/1613 1611/1611/1611
f 1614/1614/1614 1606/1606/1606 1604/1604/1604
f 1606/1606/1606 1614/1614/1614 1613/1613/1613
f 1604/1604/1604 1609/1609/1609 1614/1614/1614
f 1615/1615/1615 1612/1612/1612 1611/1611/1611
f 1612/1612/1612 1615/1615/1615 1616/1616/1616
f 1617/1617/1617 1611/1611/1611 1613/1613/1613
f 1611/1611/1611 1617/1617/1617 1615/1615/1615
f 1618/1618/1618 1613/1613/1613 1614/1614/1614
f 1613/1613/1613 1618/1618/1618 1617/1617/1617
f 1619/1619/1619 1616/1616/1616 1615/1615/1615
f 1616/1616/1616 1619/1619/1619 1620/1620/1620
f 1621/1621/1621 1615/1615/1615 1617/1617/1617
f 1615/1615/1615 1621/1621/1621 1619/1619/1619
f 1622/1622/1622 1620/1620/1620 1619/1619/1619
f 1620/1620/1620 1622/1622/1622 1623/1623/1623
f 1624/1624/1624 1623/1623/1623 1622/1622/1622
f 1619/1619/1619 1625/1625/1625 1622/1622/1622
f 1625/1625/1625 1619/1619/1619 1621/1621/1621
f 1622/1622/1622 1626/1626/1626 1624/1624/1624
f 1626/1626/1626 1622/1622/1622 1625/1625/1625
f 1627/1627/1627 1624/1624/1624 1626/1626/1626
f 1621/1621/1621 1628/1628/1628 1625/1625/1625
f 1626/1626/1626 1629/1629/1629 1627/1627/1627
f 1630/1630/1630 1627/1627/1627 1629/1629/1629
f 1625/1625/1625 1631/1631/1631 1626/1626/1626
f 1629/1629/1629 1626/1626/1626 1631/1631/1631
f 1631/1631/1631 1625/1625/1625 1628/1628/1628
f 1629/1629/1629 1632/1632/1632 1630/1630/1630
f 1633/1633/1633 1630/1630/1630 1632/1632/1632
f 1631/1631/1631 1634/1634/1634 1629/1629/1629
f 1632/1632/1632 1629/1629/1629 1634/1634/1634
f 1632/1632/1632 1635/1635/1635 1633/1633/1633
f 1636/1636/1636 1633/1633/1633 1635/1635/1635
f 1634/1634/1634 1637/1637/1637 1632/1632/1632
f 1635/1635/1635 1632/1632/1632 1637/1637/1637
f 1635/1635/1635 1638/1638/1638 1636/1636/1636
f 1635/1635/1635 1637/1637/1637 1638/1638/1638
f 1639/1639/1639 1636/1636/1636 1638/1638/1638
f 1639/1639/1639 1638/1638/1638 1640/1640/1640
f 1641/1641/1641 1638/1638/1638 1637/1637/1637
f 1641/1641/1641 1640/1640/1640 1638/1638/1638
f 1637/1637/1637 1634/1634/1634 1642/1642/1642
f 1641/1641/1641 1637/1637/1637 1643/1643/1643
f 1642/1642/1642 1643/1643/1643 1637/1637/1637
f 1643/1643/1643 1644/1644/1644 1641/1641/1641
f 1640/1640/1640 1641/1641/1641 1644/1644/1644
f 1642/1642/1642 1645/1645/1645 1643/1643/1643
f 1644/1644/1644 1643/1643/1643 1645/1645/1645
f 1646/1646/1646 1642/1642/1642 1634/1634/1634
f 1642/1642/1642 1646/1646/1646 1645/1645/1645
f 1634/1634/1634 1631/1631/1631 1646/1646/1646
f 1628/1628/1628 1646/1646/1646 1631/1631/1631
f 1647/1647/1647 1645/1645/1645 1646/1646/1646
f 1646/1646/1646 1628/1628/1628 1647/1647/1647
f 1645/1645/1645 1648/1648/1648 1644/1644/1644
f 1649/1649/1649 1647/1647/1647 1628/1628/1628
f 1628/1628/1628 1621/1621/1621 1649/1649/1649
f 1617/1617/1617 1649/1649/1649 1621/1621/1621
f 1649/1649/1649 1617/1617/1617 1618/1618/1618
f 1647/1647/1647 1650/1650/1650 1645/1645/1645
f 1647/1647/1647 1649/1649/1649 1650/1650/1650
f 1618/1618/1618 1650/1650/1650 1649/1649/1649
f 1648/1648/1648 1645/1645/1645 1650/1650/1650
f 1650/1650/1650 1618/1618/1618 1651/1651/1651
f 1614/1614/1614 1651/1651/1651 1618/1618/1618
f 1651/1651/1651 1614/1614/1614 1609/1609/1609
f 1648/1648/1648 1650/1650/1650 1652/1652/1652
f 1651/1651/1651 1652/1652/1652 1650/1650/1650
f 1609/1609/1609 1653/1653/1653 1651/1651/1651
f 1652/1652/1652 1651/1651/1651 1653/1653/1653
f 1653/1653/1653 1609/1609/1609 1610/1610/1610
f 1648/1648/1648 1652/1652/1652 1654/1654/1654
f 1654/1654/1654 1644/1644/1644 1648/1648/1648
f 1644/1644/1644 1654/1654/1654 1640/1640/1640
f 1653/1653/1653 1610/1610/1610 1655/1655/1655
f 1653/1653/1653 1655/1655/1655 1652/1652/1652
f 1656/1656/1656 1655/1655/1655 1610/1610/1610
f 1656/1656/1656 1640/1640/1640 1655/1655/1655
f 1657/1657/1657 1654/1654/1654 1652/1652/1652
f 1657/1657/1657 1652/1652/1652 1655/1655/1655
f 1657/1657/1657 1640/1640/1640 1654/1654/1654
f 1657/1657/1657 1655/1655/1655 1640/1640/1640
f 1659/1659/1659 1660/1660/1660 1658/1658/1658
f 1661/1661/1661 1658/1658/1658 1660/1660/1660
f 1660/1660/1660 1662/1662/1662 1661/1661/1661
f 1661/1661/1661 1663/1663/1663 1658/1658/1658
f 1664/1664/1664 1658/1658/1658 1663/1663/1663
f 1665/1665/1665 1661/1661/1661 1662/1662/1662
f 1661/1661/1661 1665/1665/1665 1663/1663/1663
f 1662/1662/1662 1666/1666/1666 1665/1665/1665
f 1663/1663/1663 1667/1667/1667 1664/1664/1664
f 1668/1668/1668 1664/1664/1664 1667/1667/1667
f 1669/1669/1669 1663/1663/1663 1665/1665/1665
f 1663/1663/1663 1669/1669/1669 1667/1667/1667
f 1670/1670/1670 1665/1665/1665 1666/1666/1666
f 1666/1666/1666 1671/1671/1671 1670/1670/1670
f 1670/1670/1670 1672/1672/1672 1665/1665/1665
f 1669/1669/1669 1665/1665/1665 1672/1672/1672
f 1673/1673/1673 1670/1670/1670 1671/1671/1671
f 1670/1670/1670 1673/1673/1673 1672/1672/1672
f 1671/1671/1671 1674/1674/1674 1673/1673/1673
f 1672/1672/1672 1675/1675/1675 1669/1669/1669
f 1676/1676/1676 1673/1673/1673 1674/1674/1674
f 1674/1674/1674 1677/1677/1677 1676/1676/1676
f 1678/1678/1678 1672/1672/1672 1673/1673/1673
f 1672/1672/1672 1678/1678/1678 1675/1675/1675
f 1676/1676/1676 1679/1679/1679 1673/1673/1673
f 1678/1678/1678 1673/1673/1673 1679/1679/1679
f 1680/1680/1680 1676/1676/1676 1677/1677/1677
f 1676/1676/1676 1680/1680/1680 1679/1679/1679
f 1677/1677/1677 1681/1681/1681 1680/1680/1680
f 1679/1679/1679 1682/1682/1682 1678/1678/1678
f 1683/1683/1683 1680/1680/1680 1681/1681/1681
f 1681/1681/1681 1684/1684/1684 1683/1683/1683
f 1685/1685/1685 1683/1683/1683 1684/1684/1684
f 1686/1686/1686 1679/1679/1679 1680/1680/1680
f 1679/1679/1679 1686/1686/1686 1682/1682/1682
f 1683/1683/1683 1687/1687/1687 1680/1680/1680
f 1683/1683/1683 1685/1685/1685 1687/1687/1687
f 1686/1686/1686 1680/1680/1680 1687/1687/1687
f 1688/1688/1688 1687/1687/1687 1685/1685/1685
f 1687/1687/1687 1688/1688/1688 1689/1689/1689
f 1687/1687/1687 1689/1689/1689 1686/1686/1686
f 1690/1690/1690 1689/1689/1689 1688/1688/1688
f 1691/1691/1691 1686/1686/1686 1689/1689/1689
f 1691/1691/1691 1682/1682/1682 1686/1686/1686
f 1689/1689/1689 1690/1690/1690 1692/1692/1692
f 1689/1689/1689 1692/1692/1692 1691/1691/1691
f 1693/1693/1693 1692/1692/1692 1690/1690/1690
f 1682/1682/1682 1691/1691/1691 1694/1694/1694
f 1692/1692/1692 1693/1693/1693 1695/1695/1695
f 1696/1696/1696 1695/1695/1695 1693/1693/1693
f 1697/1697/1697 1691/1691/1691 1692/1692/1692
f 1692/1692/1692 1695/1695/1695 1697/1697/1697
f 1697/1697/1697 1694/1694/1694 1691/1691/1691
f 1695/1695/1695 1696/1696/1696 1698/1698/1698
f 1699/1699/1699 1698/1698/1698 1696/1696/1696
f 1700/1700/1700 1697/1697/1697 1695/1695/1695
f 1695/1695/1695 1698/1698/1698 1700/1700/1700
f 1699/1699/1699 1701/1701/1701 1698/1698/1698
f 1700/1700/1700 1702/1702/1702 1697/1697/1697
f 1694/1694/1694 1697/1697/1697 1702/1702/1702
f 1703/1703/1703 1700/1700/1700 1698/1698/1698
f 1703/1703/1703 1698/1698/1698 1701/1701/1701
f 1702/1702/1702 1700/1700/1700 1704/1704/1704
f 1703/1703/1703 1704/1704/1704 1700/1700/1700
f 1694/1694/1694 1702/1702/1702 1705/1705/1705
f 1704/1704/1704 1703/1703/1703 1706/1706/1706
f 1701/1701/1701 1706/1706/1706 1703/1703/1703
f 1702/1702/1702 1704/1704/1704 1707/1707/1707
f 1706/1706/1706 1707/1707/1707 1704/1704/1704
f 1707/1707/1707 1705/1705/1705 1702/1702/1702
f 1707/1707/1707 1706/1706/1706 1708/1708/1708
f 1707/1707/1707 1708/1708/1708 1705/1705/1705
f 1706/1706/1706 1701/1701/1701 1709/1709/1709
f 1709/1709/1709 1708/1708/1708 1706/1706/1706
f 1710/1710/1710 1709/1709/1709 1701/1701/1701
f 1705/1705/1705 1711/1711/1711 1694/1694/1694
f 1682/1682/1682 1694/1694/1694 1711/1711/1711
f 1711/1711/1711 1678/1678/1678 1682/1682/1682
f 1711/1711/1711 1675/1675/1675 1678/1678/1678
f 1705/1705/1705 1712/1712/1712 1711/1711/1711
f 1675/1675/1675 1711/1711/1711 1712/1712/1712
f 1712/1712/1712 1705/1705/1705 1708/1708/1708
f 1675/1675/1675 1712/1712/1712 1713/1713/1713
f 1713/1713/1713 1669/1669/1669 1675/1675/1675
f 1713/1713/1713 1667/1667/1667 1669/1669/1669
f 1712/1712/1712 1708/1708/1708 1714/1714/1714
f 1714/1714/1714 1713/1713/1713 1712/1712/1712
f 1667/1667/1667 1713/1713/1713 1715/1715/1715
f 1714/1714/1714 1715/1715/1715 1713/1713/1713
f 1667/1667/1667 1715/1715/1715 1668/1668/1668
f 1716/1716/1716 1668/1668/1668 1715/1715/1715
f 1715/1715/1715 1717/1717/1717 1716/1716/1716
f 1715/1715/1715 1714/1714/1714 1717/1717/1717
f 1718/1718/1718 1716/1716/1716 1717/1717/1717
f 1719/1719/1719 1714/1714/1714 1708/1708/1708
f 1719/1719/1719 1717/1717/1717 1714/1714/1714
f 1708/1708/1708 1709/1709/1709 1719/1719/1719
f 1710/1710/1710 1719/1719/1719 1709/1709/1709
f 1717/1717/1717 1720/1720/1720 1718/1718/1718
f 1717/1717/1717 1719/1719/1719 1720/1720/1720
f 1710/1710/1710 1720/1720/1720 1719/1719/1719
f 1710/1710/1710 1701/1701/1701 1720/1720/1720
f 1721/1721/1721 1718/1718/1718 1720/1720/1720
f 1721/1721/1721 1720/1720/1720 1701/1701/1701
f 1723/1723/1723 1724/1724/1724 1722/1722/1722
f 1725/1725/1725 1722/1722/1722 1724/1724/1724
f 1722/1722/1722 1725/1725/1725 1726/1726/1726
f 1725/1725/1725 1724/1724/1724 1727/1727/1727
f 1728/1728/1728 1727/1727/1727 1724/1724/1724
f 1729/1729/1729 1726/1726/1726 1725/1725/1725
f 1725/1725/1725 1727/1727/1727 1729/1729/1729
f 1726/1726/1726 1729/1729/1729 1730/1730/1730
f 1727/1727/1727 1728/1728/1728 1731/1731/1731
f 1732/1732/1732 1731/1731/1731 1728/1728/1728
f 1733/1733/1733 1730/1730/1730 1729/1729/1729
f 1730/1730/1730 1733/1733/1733 1734/1734/1734
f 1735/1735/1735 1729/1729/1729 1727/1727/1727
f 1727/1727/1727 1731/1731/1731 1735/1735/1735
f 1733/1733/1733 1729/1729/1729 1736/1736/1736
f 1735/1735/1735 1736/1736/1736 1729/1729/1729
f 1737/1737/1737 1734/1734/1734 1733/1733/1733
f 1733/1733/1733 1736/1736/1736 1737/1737/1737
f 1734/1734/1734 1737/1737/1737 1738/1738/1738
f 1736/1736/1736 1735/1735/1735 1739/1739/1739
f 1740/1740/1740 1738/1738/1738 1737/1737/1737
f 1738/1738/1738 1740/1740/1740 1741/1741/1741
f 1742/1742/1742 1737/1737/1737 1736/1736/1736
f 1736/1736/1736 1739/1739/1739 1742/1742/1742
f 1740/1740/1740 1737/1737/1737 1743/1743/1743
f 1742/1742/1742 1743/1743/1743 1737/1737/1737
f 1744/1744/1744 1741/1741/1741 1740/1740/1740
f 1740/1740/1740 1743/1743/1743 1744/1744/1744
f 1741/1741/1741 1744/1744/1744 1745/1745/1745
f 1743/1743/1743 1742/1742/1742 1746/1746/1746
f 1747/1747/1747 1745/1745/1745 1744/1744/1744
f 1745/1745/1745 1747/1747/1747 1748/1748/1748
f 1749/1749/1749 1748/1748/1748 1747/1747/1747
f 1750/1750/1750 1744/1744/1744 1743/1743/1743
f 1743/1743/1743 1746/1746/1746 1750/1750/1750
f 1747/1747/1747 1744/1744/1744 1751/1751/1751
f 1747/1747/1747 1751/1751/1751 1749/1749/1749
f 1750/1750/1750 1751/1751/1751 1744/1744/1744
f 1752/1752/1752 1749/1749/1749 1751/1751/1751
f 1751/1751/1751 1753/1753/1753 1752/1752/1752
f 1751/1751/1751 1750/1750/1750 1753/1753/1753
f 1754/1754/1754 1752/1752/1752 1753/1753/1753
f 1755/1755/1755 1753/1753/1753 1750/1750/1750
f 1755/1755/1755 1750/1750/1750 1746/1746/1746
f 1753/1753/1753 1756/1756/1756 1754/1754/1754
f 1753/1753/1753 1755/1755/1755 1756/1756/1756
f 1757/1757/1757 1754/1754/1754 1756/1756/1756
f 1746/1746/1746 1758/1758/1758 1755/1755/1755
f 1756/1756/1756 1759/1759/1759 1757/1757/1757
f 1760/1760/1760 1757/1757/1757 1759/1759/1759
f 1761/1761/1761 1756/1756/1756 1755/1755/1755
f 1756/1756/1756 1761/1761/1761 1759/1759/1759
f 1761/1761/1761 1755/1755/1755 1758/1758/1758
f 1759/1759/1759 1762/1762/1762 1760/1760/1760
f 1763/1763/1763 1760/1760/1760 1762/1762/1762
f 1764/1764/1764 1759/1759/1759 1761/1761/1761
f 1759/1759/1759 1764/1764/1764 1762/1762/1762
f 1763/1763/1763 1762/1762/1762 1765/1765/1765
f 1764/1764/1764 1761/1761/1761 1766/1766/1766
f 1758/1758/1758 1766/1766/1766 1761/1761/1761
f 1767/1767/1767 1762/1762/1762 1764/1764/1764
f 1767/1767/1767 1765/1765/1765 1762/1762/1762
f 1767/1767/1767 1764/1764/1764 1768/1768/1768
f 1766/1766/1766 1768/1768/1768 1764/1764/1764
f 1768/1768/1768 1769/1769/1769 1767/1767/1767
f 1765/1765/1765 1767/1767/1767 1769/1769/1769
f 1766/1766/1766 1770/1770/1770 1768/1768/1768
f 1769/1769/1769 1768/1768/1768 1770/1770/1770
f 1770/1770/1770 1766/1766/1766 1771/1771/1771
f 1758/1758/1758 1771/1771/1771 1766/1766/1766
f 1770/1770/1770 1772/1772/1772 1769/1769/1769
f 1770/1770/1770 1771/1771/1771 1772/1772/1772
f 1769/1769/1769 1773/1773/1773 1765/1765/1765
f 1773/1773/1773 1769/1769/1769 1772/1772/1772
f 1771/1771/1771 1758/1758/1758 1774/1774/1774
f 1746/1746/1746 1774/1774/1774 1758/1758/1758
f 1774/1774/1774 1746/1746/1746 1742/1742/1742
f 1774/1774/1774 1742/1742/1742 1739/1739/1739
f 1771/1771/1771 1774/1774/1774 1775/1775/1775
f 1739/1739/1739 1775/1775/1775 1774/1774/1774
f 1775/1775/1775 1772/1772/1772 1771/1771/1771
f 1739/1739/1739 1776/1776/1776 1775/1775/1775
f 1776/1776/1776 1739/1739/1739 1735/1735/1735
f 1776/1776/1776 1735/1735/1735 1731/1731/1731
f 1775/1775/1775 1777/1777/1777 1772/1772/1772
f 1777/1777/1777 1775/1775/1775 1776/1776/1776
f 1731/1731/1731 1778/1778/1778 1776/1776/1776
f 1777/1777/1777 1776/1776/1776 1778/1778/1778
f 1731/1731/1731 1732/1732/1732 1778/1778/1778
f 1779/1779/1779 1778/1778/1778 1732/1732/1732
f 1778/1778/1778 1779/1779/1779 1780/1780/1780
f 1778/1778/1778 1780/1780/1780 1777/1777/1777
f 1781/1781/1781 1780/1780/1780 1779/1779/1779
f 1782/1782/1782 1772/1772/1772 1777/1777/1777
f 1782/1782/1782 1777/1777/1777 1780/1780/1780
f 1772/1772/1772 1782/1782/1782 1773/1773/1773
f 1780/1780/1780 1781/1781/1781 1783/1783/1783
f 1780/1780/1780 1783/1783/1783 1782/1782/1782
f 1784/1784/1784 1783/1783/1783 1781/1781/1781
f 1784/1784/1784 1765/1765/1765 1783/1783/1783
f 1785/1785/1785 1773/1773/1773 1782/1782/1782
f 1785/1785/1785 1782/1782/1782 1783/1783/1783
f 1785/1785/1785 1765/1765/1765 1773/1773/1773
f 1785/1785/1785 1783/1783/1783 1765/1765/1765
f 1787/1787/1787 1788/1788/1788 1786/1786/1786
f 1789/1789/1789 1786/1786/1786 1788/1788/1788
f 1787/1787/1787 1786/1786/1786 1790/1790/1790
f 1786/1786/1786 1789/1789/1789 1791/1791/1791
f 1792/1792/1792 1791/1791/1791 1789/1789/1789
f 1793/1793/1793 1790/1790/1790 1786/1786/1786
f 1786/1786/1786 1791/1791/1791 1793/1793/1793
f 1791/1791/1791 1792/1792/1792 1794/1794/1794
f 1795/1795/1795 1794/1794/1794 1792/1792/1792
f 1796/1796/1796 1793/1793/1793 1791/1791/1791
f 1791/1791/1791 1794/1794/1794 1796/1796/1796
f 1793/1793/1793 1797/1797/1797 1790/1790/1790
f 1798/1798/1798 1790/1790/1790 1797/1797/1797
f 1798/1798/1798 1797/1797/1797 1799/1799/1799
f 1797/1797/1797 1793/1793/1793 1800/1800/1800
f 1796/1796/1796 1800/1800/1800 1793/1793/1793
f 1801/1801/1801 1799/1799/1799 1797/1797/1797
f 1797/1797/1797 1800/1800/1800 1801/1801/1801
f 1801/1801/1801 1802/1802/1802 1799/1799/1799
f 1803/1803/1803 1799/1799/1799 1802/1802/1802
f 1803/1803/1803 1802/1802/1802 1804/1804/1804
f 1805/1805/1805 1801/1801/1801 1800/1800/1800
f 1802/1802/1802 1801/1801/1801 1806/1806/1806
f 1805/1805/1805 1806/1806/1806 1801/1801/1801
f 1807/1807/1807 1804/1804/1804 1802/1802/1802
f 1802/1802/1802 1806/1806/1806 1807/1807/1807
f 1807/1807/1807 1808/1808/1808 1804/1804/1804
f 1809/1809/1809 1804/1804/1804 1808/1808/1808
f 1809/1809/1809 1808/1808/1808 1810/1810/1810
f 1811/1811/1811 1807/1807/1807 1806/1806/1806
f 1808/1808/1808 1807/1807/1807 1812/1812/1812
f 1811/1811/1811 1812/1812/1812 1807/1807/1807
f 1813/1813/1813 1810/1810/1810 1808/1808/1808
f 1808/1808/1808 1812/1812/1812 1813/1813/1813
f 1813/1813/1813 1814/1814/1814 1810/1810/1810
f 1815/1815/1815 1810/1810/1810 1814/1814/1814
f 1815/1815/1815 1814/1814/1814 1816/1816/1816
f 1817/1817/1817 1813/1813/1813 1812/1812/1812
f 1814/1814/1814 1813/1813/1813 1818/1818/1818
f 1817/1817/1817 1818/1818/1818 1813/1813/1813
f 1819/1819/1819 1816/1816/1816 1814/1814/1814
f 1814/1814/1814 1818/1818/1818 1819/1819/1819
f 1819/1819/1819 1820/1820/1820 1816/1816/1816
f 1821/1821/1821 1816/1816/1816 1820/1820/1820
f 1821/1821/1821 1820/1820/1820 1822/1822/1822
f 1823/1823/1823 1822/1822/1822 1820/1820/1820
f 1820/1820/1820 1824/1824/1824 1823/1823/1823
f 1820/1820/1820 1819/1819/1819 1824/1824/1824
f 1825/1825/1825 1823/1823/1823 1824/1824/1824
f 1826/1826/1826 1824/1824/1824 1819/1819/1819
f 1826/1826/1826 1819/1819/1819 1818/1818/1818
f 1824/1824/1824 1827/1827/1827 1825/1825/1825
f 1824/1824/1824 1826/1826/1826 1827/1827/1827
f 1828/1828/1828 1825/1825/1825 1827/1827/1827
f 1818/1818/1818 1829/1829/1829 1826/1826/1826
f 1818/1818/1818 1817/1817/1817 1829/1829/1829
f 1830/1830/1830 1827/1827/1827 1826/1826/1826
f 1830/1830/1830 1826/1826/1826 1829/1829/1829
f 1827/1827/1827 1831/1831/1831 1828/1828/1828
f 1827/1827/1827 1830/1830/1830 1831/1831/1831
f 1832/1832/1832 1828/1828/1828 1831/1831/1831
f 1829/1829/1829 1833/1833/1833 1830/1830/1830
f 1831/1831/1831 1834/1834/1834 1832/1832/1832
f 1835/1835/1835 1832/1832/1832 1834/1834/1834
f 1836/1836/1836 1831/1831/1831 1830/1830/1830
f 1831/1831/1831 1836/1836/1836 1834/1834/1834
f 1836/1836/1836 1830/1830/1830 1833/1833/1833
f 1835/1835/1835 1834/1834/1834 1837/1837/1837
f 1829/1829/1829 1838/1838/1838 1833/1833/1833
f 1838/1838/1838 1829/1829/1829 1817/1817/1817
f 1839/1839/1839 1837/1837/1837 1834/1834/1834
f 1838/1838/1838 1817/1817/1817 1840/1840/1840
f 1812/1812/1812 1840/1840/1840 1817/1817/1817
f 1812/1812/1812 1811/1811/1811 1840/1840/1840
f 1841/1841/1841 1834/1834/1834 1836/1836/1836
f 1834/1834/1834 1841/1841/1841 1839/1839/1839
f 1841/1841/1841 1836/1836/1836 1842/1842/1842
f 1833/1833/1833 1842/1842/1842 1836/1836/1836
f 1843/1843/1843 1839/1839/1839 1841/1841/1841
f 1841/1841/1841 1842/1842/1842 1843/1843/1843
f 1843/1843/1843 1844/1844/1844 1839/1839/1839
f 1844/1844/1844 1843/1843/1843 1842/1842/1842
f 1839/1839/1839 1845/1845/1845 1837/1837/1837
f 1845/1845/1845 1839/1839/1839 1844/1844/1844
f 1846/1846/1846 1837/1837/1837 1845/1845/1845
f 1842/1842/1842 1847/1847/1847 1844/1844/1844
f 1844/1844/1844 1848/1848/1848 1845/1845/1845
f 1848/1848/1848 1844/1844/1844 1847/1847/1847
f 1833/1833/1833 1849/1849/1849 1842/1842/1842
f 1847/1847/1847 1842/1842/1842 1849/1849/1849
f 1849/1849/1849 1833/1833/1833 1838/1838/1838
f 1847/1847/1847 1850/1850/1850 1848/1848/1848
f 1847/1847/1847 1849/1849/1849 1850/1850/1850
f 1851/1851/1851 1845/1845/1845 1848/1848/1848
f 1851/1851/1851 1848/1848/1848 1850/1850/1850
f 1849/1849/1849 1838/1838/1838 1852/1852/1852
f 1852/1852/1852 1850/1850/1850 1849/1849/1849
f 1840/1840/1840 1852/1852/1852 1838/1838/1838
f 1851/1851/1851 1853/1853/1853 1845/1845/1845
f 1851/1851/1851 1850/1850/1850 1853/1853/1853
f 1846/1846/1846 1845/1845/1845 1853/1853/1853
f 1850/1850/1850 1852/1852/1852 1854/1854/1854
f 1854/1854/1854 1853/1853/1853 1850/1850/1850
f 1840/1840/1840 1855/1855/1855 1852/1852/1852
f 1855/1855/1855 1840/1840/1840 1811/1811/1811
f 1856/1856/1856 1854/1854/1854 1852/1852/1852
f 1856/1856/1856 1852/1852/1852 1855/1855/1855
f 1855/1855/1855 1811/1811/1811 1857/1857/1857
f 1806/1806/1806 1857/1857/1857 1811/1811/1811
f 1856/1856/1856 1855/1855/1855 1858/1858/1858
f 1856/1856/1856 1858/1858/1858 1854/1854/1854
f 1857/1857/1857 1858/1858/1858 1855/1855/1855
f 1806/1806/1806 1805/1805/1805 1857/1857/1857
f 1859/1859/1859 1854/1854/1854 1858/1858/1858
f 1854/1854/1854 1859/1859/1859 1853/1853/1853
f 1857/1857/1857 1860/1860/1860 1858/1858/1858
f 1860/1860/1860 1857/1857/1857 1805/1805/1805
f 1861/1861/1861 1858/1858/1858 1860/1860/1860
f 1858/1858/1858 1861/1861/1861 1859/1859/1859
f 1860/1860/1860 1805/1805/1805 1862/1862/1862
f 1800/1800/1800 1862/1862/1862 1805/1805/1805
f 1800/1800/1800 1796/1796/1796 1862/1862/1862
f 1862/1862/1862 1863/1863/1863 1860/1860/1860
f 1861/1861/1861 1860/1860/1860 1863/1863/1863
f 1864/1864/1864 1862/1862/1862 1796/1796/1796
f 1862/1862/1862 1864/1864/1864 1863/1863/1863
f 1864/1864/1864 1796/1796/1796 1794/1794/1794
f 1863/1863/1863 1865/1865/1865 1861/1861/1861
f 1794/1794/1794 1866/1866/1866 1864/1864/1864
f 1794/1794/1794 1795/1795/1795 1866/1866/1866
f 1867/1867/1867 1866/1866/1866 1795/1795/1795
f 1868/1868/1868 1863/1863/1863 1864/1864/1864
f 1868/1868/1868 1864/1864/1864 1866/1866/1866
f 1863/1863/1863 1868/1868/1868 1865/1865/1865
f 1866/1866/1866 1867/1867/1867 1869/1869/1869
f 1866/1866/1866 1869/1869/1869 1868/1868/1868
f 1870/1870/1870 1869/1869/1869 1867/1867/1867
f 1870/1870/1870 1871/1871/1871 1869/1869/1869
f 1872/1872/1872 1868/1868/1868 1869/1869/1869
f 1872/1872/1872 1865/1865/1865 1868/1868/1868
f 1873/1873/1873 1869/1869/1869 1871/1871/1871
f 1869/1869/1869 1873/1873/1873 1872/1872/1872
f 1872/1872/1872 1874/1874/1874 1865/1865/1865
f 1874/1874/1874 1872/1872/1872 1873/1873/1873
f 1875/1875/1875 1865/1865/1865 1874/1874/1874
f 1874/1874/1874 1873/1873/1873 1875/1875/1875
f 1873/1873/1873 1871/1871/1871 1876/1876/1876
f 1876/1876/1876 1875/1875/1875 1873/1873/1873
f 1846/1846/1846 1876/1876/1876 1871/1871/1871
f 1846/1846/1846 1853/1853/1853 1876/1876/1876
f 1865/1865/1865 1875/1875/1875 1877/1877/1877
f 1877/1877/1877 1861/1861/1861 1865/1865/1865
f 1877/1877/1877 1859/1859/1859 1861/1861/1861
f 1878/1878/1878 1877/1877/1877 1875/1875/1875
f 1877/1877/1877 1878/1878/1878 1859/1859/1859
f 1875/1875/1875 1876/1876/1876 1878/1878/1878
f 1879/1879/1879 1853/1853/1853 1859/1859/1859
f 1879/1879/1879 1859/1859/1859 1878/1878/1878
f 1879/1879/1879 1876/1876/1876 1853/1853/1853
f 1879/1879/1879 1878/1878/1878 1876/1876/1876
