o 056475
v 0.7501000165939331 1.167799949645996 0.03929999843239784
v 0.7605999708175659 1.167799949645996 0.0
v 0.7501000165939331 1.167799949645996 -0.03929999843239784
v 0.7214000225067139 1.167799949645996 0.06800000369548798
v 0.7214000225067139 1.167799949645996 -0.06800000369548798
v 0.6820999979972839 1.167799949645996 0.07859999686479568
v 0.6820999979972839 1.167799949645996 -0.07850000262260437
v 0.6820999979972839 1.1887999773025513 0.08420000225305557
v 0.6820999979972839 1.1887999773025513 -0.08420000225305557
v 0.6820999979972839 1.2099000215530396 -0.07850000262260437
v 0.6820999979972839 1.2099000215530396 0.07859999686479568
v 0.7214000225067139 1.2099000215530396 -0.06800000369548798
v 0.7214000225067139 1.2099000215530396 0.06800000369548798
v 0.7501000165939331 1.2099000215530396 -0.03929999843239784
v 0.7501000165939331 1.2099000215530396 0.03929999843239784
v 0.7605999708175659 1.2099000215530396 0.0
v -0.7501000165939331 1.2099000215530396 0.03929999843239784
v -0.7605999708175659 1.2099000215530396 0.0
v -0.7501000165939331 1.2099000215530396 -0.03929999843239784
v -0.7214000225067139 1.2099000215530396 0.06800000369548798
v -0.7214000225067139 1.2099000215530396 -0.06800000369548798
v -0.6820999979972839 1.2099000215530396 0.07859999686479568
v -0.6820999979972839 1.2099000215530396 -0.07850000262260437
v -0.6820999979972839 1.1887999773025513 0.08420000225305557
v -0.6820999979972839 1.1887999773025513 -0.08420000225305557
v -0.6820999979972839 1.167799949645996 -0.07850000262260437
v -0.6820999979972839 1.167799949645996 0.07859999686479568
v -0.7214000225067139 1.167799949645996 -0.06800000369548798
v -0.7214000225067139 1.167799949645996 0.06800000369548798
v -0.7501000165939331 1.167799949645996 -0.03929999843239784
v -0.7501000165939331 1.167799949645996 0.03929999843239784
v -0.7605999708175659 1.167799949645996 0.0
v 0.0608999989926815 1.628600001335144 0.10840000212192535
v 0.057999998331069946 1.580399990081787 0.11140000075101852
v 0.2773999869823456 1.5857000350952148 0.4171999990940094
v 0.28040000796318054 1.6339999437332153 0.4142000079154968
v 0.29490000009536743 1.5857000350952148 0.4334000051021576
v 0.29789999127388 1.6339000463485718 0.43050000071525574
v 0.31349998712539673 1.5845999717712402 0.4350000023841858
v 0.3165000081062317 1.6327999830245972 0.4320000112056732
v 0.33340001106262207 1.5825999975204468 0.4219000041484833
v 0.33640000224113464 1.6308000087738037 0.4189000129699707
v 0.4343000054359436 1.570099949836731 0.32100000977516174
v 0.4372999966144562 1.618299961090088 0.3179999887943268
v 0.4474000036716461 1.5680999755859375 0.3012000024318695
v 0.4503999948501587 1.6162999868392944 0.29820001125335693
v 0.4458000063896179 1.5670000314712524 0.2824999988079071
v 0.4487999975681305 1.6152000427246094 0.27950000762939453
v 0.4296000003814697 1.5669000148773193 0.26499998569488525
v 0.4325999915599823 1.6152000427246094 0.2619999945163727
v 0.12380000203847885 1.5722999572753906 0.04560000076889992
v 0.1266999989748001 1.6204999685287476 0.04259999841451645
v 0.10840000212192535 1.628600001335144 -0.0608999989926815
v 0.11140000075101852 1.580399990081787 -0.057999998331069946
v 0.4171999990940094 1.5857000350952148 -0.2773999869823456
v 0.4142000079154968 1.6339999437332153 -0.28040000796318054
v 0.4334000051021576 1.5857000350952148 -0.29490000009536743
v 0.43050000071525574 1.6339000463485718 -0.29789999127388
v 0.4350000023841858 1.5845999717712402 -0.31349998712539673
v 0.4320000112056732 1.6327999830245972 -0.3165000081062317
v 0.4219000041484833 1.5825999975204468 -0.33340001106262207
v 0.4189000129699707 1.6308000087738037 -0.33640000224113464
v 0.32100000977516174 1.570099949836731 -0.4343000054359436
v 0.3179999887943268 1.618299961090088 -0.4372999966144562
v 0.3012000024318695 1.5680999755859375 -0.4474000036716461
v 0.29820001125335693 1.6162999868392944 -0.4503999948501587
v 0.2824999988079071 1.5670000314712524 -0.4458000063896179
v 0.27950000762939453 1.6152000427246094 -0.4487999975681305
v 0.26499998569488525 1.5669000148773193 -0.4296000003814697
v 0.2619999945163727 1.6152000427246094 -0.4325999915599823
v 0.04560000076889992 1.5722999572753906 -0.12380000203847885
v 0.04259999841451645 1.6204999685287476 -0.1266999989748001
v -0.0608999989926815 1.628600001335144 -0.10840000212192535
v -0.057999998331069946 1.580399990081787 -0.11140000075101852
v -0.2773999869823456 1.5857000350952148 -0.4171999990940094
v -0.28040000796318054 1.6339999437332153 -0.4142000079154968
v -0.29490000009536743 1.5857000350952148 -0.4334000051021576
v -0.29789999127388 1.6339000463485718 -0.43050000071525574
v -0.31349998712539673 1.5845999717712402 -0.4350000023841858
v -0.3165000081062317 1.6327999830245972 -0.4320000112056732
v -0.33340001106262207 1.5825999975204468 -0.4219000041484833
v -0.33640000224113464 1.6308000087738037 -0.4189000129699707
v -0.4343000054359436 1.570099949836731 -0.32100000977516174
v -0.4372999966144562 1.618299961090088 -0.3179999887943268
v -0.4474000036716461 1.5680999755859375 -0.3012000024318695
v -0.4503999948501587 1.6162999868392944 -0.29820001125335693
v -0.4458000063896179 1.5670000314712524 -0.2824999988079071
v -0.4487999975681305 1.6152000427246094 -0.27950000762939453
v -0.4296000003814697 1.5669000148773193 -0.26499998569488525
v -0.4325999915599823 1.6152000427246094 -0.2619999945163727
v -0.12380000203847885 1.5722999572753906 -0.04560000076889992
v -0.1266999989748001 1.6204999685287476 -0.04259999841451645
v -0.10840000212192535 1.628600001335144 0.0608999989926815
v -0.11140000075101852 1.580399990081787 0.057999998331069946
v -0.4171999990940094 1.5857000350952148 0.2773999869823456
v -0.4142000079154968 1.6339999437332153 0.28040000796318054
v -0.4334000051021576 1.5857000350952148 0.29490000009536743
v -0.43050000071525574 1.6339000463485718 0.29789999127388
v -0.4350000023841858 1.5845999717712402 0.31349998712539673
v -0.4320000112056732 1.6327999830245972 0.3165000081062317
v -0.4219000041484833 1.5825999975204468 0.33340001106262207
v -0.4189000129699707 1.6308000087738037 0.33640000224113464
v -0.32100000977516174 1.570099949836731 0.4343000054359436
v -0.3179999887943268 1.618299961090088 0.4372999966144562
v -0.3012000024318695 1.5680999755859375 0.4474000036716461
v -0.29820001125335693 1.6162999868392944 0.4503999948501587
v -0.2824999988079071 1.5670000314712524 0.4458000063896179
v -0.27950000762939453 1.6152000427246094 0.4487999975681305
v -0.26499998569488525 1.5669000148773193 0.4296000003814697
v -0.2619999945163727 1.6152000427246094 0.4325999915599823
v -0.04560000076889992 1.5722999572753906 0.12380000203847885
v -0.04259999841451645 1.6204999685287476 0.1266999989748001
v 0.06530000269412994 1.5676000118255615 0.11289999634027481
v 1.0810936146299355e-08 1.5676000118255615 0.13030000030994415
v -0.06509999930858612 1.5676000118255615 0.11289999634027481
v 0.11299999803304672 1.5676000118255615 0.06520000100135803
v -0.1128000020980835 1.5676000118255615 0.06520000100135803
v -0.13019999861717224 1.5676000118255615 0.0
v 0.13040000200271606 1.5676000118255615 0.0
v 0.11299999803304672 1.5676000118255615 -0.06520000100135803
v -0.1128000020980835 1.5676000118255615 -0.06520000100135803
v -0.06509999930858612 1.5676000118255615 -0.11289999634027481
v 0.06530000269412994 1.5676000118255615 -0.11289999634027481
v 1.0810936146299355e-08 1.5676000118255615 -0.13029998540878296
v -0.06800000369548798 1.6318000555038452 0.11789999902248383
v 1.0810936146299355e-08 1.6318000555038452 0.13619999587535858
v 0.0681999996304512 1.6318000555038452 0.11789999902248383
v -0.11779999732971191 1.6318000555038452 0.06809999793767929
v 0.11800000071525574 1.6318000555038452 0.06809999793767929
v 0.1362999975681305 1.6318000555038452 0.0
v -0.13609999418258667 1.6318000555038452 0.0
v -0.11779999732971191 1.6318000555038452 -0.06809999793767929
v 0.11800000071525574 1.6318000555038452 -0.06809999793767929
v 0.0681999996304512 1.6318000555038452 -0.11789999902248383
v -0.06800000369548798 1.6318000555038452 -0.11789999902248383
v 1.0810936146299355e-08 1.6318000555038452 -0.13620001077651978
v 0.03500000014901161 0.4702000021934509 0.0
v -0.03500000014901161 0.4702000021934509 0.0
v -0.024800000712275505 0.4702000021934509 0.024800000712275505
v 0.024800000712275505 0.4702000021934509 0.024800000712275505
v 1.0810936146299355e-08 0.4702000021934509 0.03500000387430191
v 0.03620000183582306 0.33970001339912415 0.03620000183582306
v 1.0810936146299355e-08 0.33969998359680176 0.05119999870657921
v -0.03620000183582306 0.33970001339912415 0.03620000183582306
v 0.05119999870657921 0.33970001339912415 0.0
v -0.05119999870657921 0.33970001339912415 0.0
v 0.05119999870657921 0.33970001339912415 0.0
v -0.05119999870657921 0.33970001339912415 0.0
v -0.03620000183582306 0.33970001339912415 -0.03620000183582306
v 0.03620000183582306 0.33970001339912415 -0.03620000183582306
v 1.0810936146299355e-08 0.33969998359680176 -0.05119998753070831
v 0.1200999990105629 0.0142000000923872 0.0
v 0.1200999990105629 0.08529999852180481 0.0
v 0.1200999990105629 0.07490000128746033 0.025200000032782555
v 0.1200999990105629 0.02459999918937683 0.025200000032782555
v 0.1200999990105629 0.049800001084804535 0.035599999129772186
v -0.1200999990105629 0.02459999918937683 0.025200000032782555
v -0.1200999990105629 0.049800001084804535 0.035599999129772186
v -0.1200999990105629 0.07490000128746033 0.025200000032782555
v -0.1200999990105629 0.0142000000923872 0.0
v -0.1200999990105629 0.08529999852180481 0.0
v -0.1200999990105629 0.0142000000923872 0.0
v -0.1200999990105629 0.08529999852180481 0.0
v -0.1200999990105629 0.07490000128746033 -0.025200000032782555
v -0.1200999990105629 0.02459999918937683 -0.025200000032782555
v -0.1200999990105629 0.049800001084804535 -0.035599999129772186
v 0.16153308749198914 1.0996325016021729 0.37230050563812256
v 0.16723136603832245 1.14291512966156 0.37230056524276733
v 0.16153310239315033 1.1861977577209473 0.37230056524276733
v 0.14482660591602325 1.0592995882034302 0.37230050563812256
v 0.14482668042182922 1.22653067111969 0.37230056524276733
v 0.11825046688318253 1.0246648788452148 0.37230050563812256
v 0.11825057119131088 1.2611653804779053 0.37230056524276733
v 0.08361577242612839 0.9980887770652771 0.37230050563812256
v 0.08361584693193436 1.2877415418624878 0.37230056524276733
v 0.04328280687332153 0.9813823103904724 0.37230050563812256
v 0.0432828888297081 1.304448127746582 0.37230056524276733
v 3.254753266901389e-08 0.9756840467453003 0.37230050563812256
v 3.254753977444125e-08 1.3101463317871094 0.37230056524276733
v -0.04328282177448273 1.304448127746582 0.37230056524276733
v -0.04328273981809616 0.9813823103904724 0.37230050563812256
v -0.08361578732728958 1.2877415418624878 0.37230056524276733
v -0.08361571282148361 0.9980887770652771 0.37230050563812256
v -0.11825051158666611 1.2611653804779053 0.37230056524276733
v -0.11825040727853775 1.0246648788452148 0.37230050563812256
v -0.14482662081718445 1.22653067111969 0.37230056524276733
v -0.14482654631137848 1.0592995882034302 0.37230050563812256
v -0.16153304278850555 1.1861977577209473 0.37230056524276733
v -0.16153302788734436 1.0996325016021729 0.37230050563812256
v -0.16723130643367767 1.14291512966156 0.37230056524276733
v -0.3239000141620636 1.2630350589752197 0.07259999960660934
v -0.3239000141620636 1.2931350469589233 0.0
v -0.3239000141620636 1.2630350589752197 -0.07259999960660934
v -0.3239000141620636 1.1904350519180298 0.10270000249147415
v -0.3239000141620636 1.1904350519180298 -0.10270000249147415
v -0.3239000141620636 1.1177350282669067 -0.07259999960660934
v -0.3239000141620636 1.1177350282669067 0.07259999960660934
v -0.3239000141620636 1.0876350402832031 0.0
v 0.3239000141620636 1.1177350282669067 0.07259999960660934
v 0.3239000141620636 1.0876350402832031 0.0
v 0.3239000141620636 1.1177350282669067 -0.07259999960660934
v 0.3239000141620636 1.1904350519180298 0.10270000249147415
v 0.3239000141620636 1.1904350519180298 -0.10270000249147415
v 0.3239000141620636 1.2630350589752197 0.07259999960660934
v 0.3239000141620636 1.2630350589752197 -0.07259999960660934
v 0.3239000141620636 1.2931350469589233 0.0
v 0.024800000712275505 0.61080002784729 0.024800000712275505
v -0.0 0.61080002784729 0.03500000014901161
v -0.024800000712275505 0.61080002784729 0.024800000712275505
v 0.03500000014901161 0.61080002784729 0.0
v -0.03500000014901161 0.61080002784729 0.0
v 0.03500000014901161 0.61080002784729 0.0
v -0.03500000014901161 0.61080002784729 0.0
v -0.024800000712275505 0.61080002784729 -0.024800000712275505
v 0.024800000712275505 0.61080002784729 -0.024800000712275505
v -0.0 0.61080002784729 -0.03500000014901161
v -0.024800000712275505 0.4702000021934509 -0.024800000712275505
v -0.03500000014901161 0.4702000021934509 0.0
v 0.03500000014901161 0.4702000021934509 0.0
v 0.024800000712275505 0.4702000021934509 -0.024800000712275505
v 1.0810936146299355e-08 0.4702000021934509 -0.03499998897314072
v 0.1200999990105629 0.07490000128746033 -0.025200000032782555
v 0.1200999990105629 0.08529999852180481 0.0
v 0.1200999990105629 0.0142000000923872 0.0
v 0.1200999990105629 0.02459999918937683 -0.025200000032782555
v 0.1200999990105629 0.049800001084804535 -0.035599999129772186
v 0.2773999869823456 1.5857000350952148 0.4171999990940094
v 0.057999998331069946 1.580399990081787 0.11140000075101852
v 0.12380000203847885 1.5722999572753906 0.04560000076889992
v 0.4296000003814697 1.5669000148773193 0.26499998569488525
v 0.4458000063896179 1.5670000314712524 0.2824999988079071
v 0.4474000036716461 1.5680999755859375 0.3012000024318695
v 0.4343000054359436 1.570099949836731 0.32100000977516174
v 0.33340001106262207 1.5825999975204468 0.4219000041484833
v 0.29490000009536743 1.5857000350952148 0.4334000051021576
v 0.31349998712539673 1.5845999717712402 0.4350000023841858
v 0.4372999966144562 1.618299961090088 0.3179999887943268
v 0.4503999948501587 1.6162999868392944 0.29820001125335693
v 0.4487999975681305 1.6152000427246094 0.27950000762939453
v 0.4325999915599823 1.6152000427246094 0.2619999945163727
v 0.28040000796318054 1.6339999437332153 0.4142000079154968
v 0.1266999989748001 1.6204999685287476 0.04259999841451645
v 0.0608999989926815 1.628600001335144 0.10840000212192535
v 0.33640000224113464 1.6308000087738037 0.4189000129699707
v 0.3165000081062317 1.6327999830245972 0.4320000112056732
v 0.29789999127388 1.6339000463485718 0.43050000071525574
v 0.4171999990940094 1.5857000350952148 -0.2773999869823456
v 0.11140000075101852 1.580399990081787 -0.057999998331069946
v 0.04560000076889992 1.5722999572753906 -0.12380000203847885
v 0.26499998569488525 1.5669000148773193 -0.4296000003814697
v 0.2824999988079071 1.5670000314712524 -0.4458000063896179
v 0.3012000024318695 1.5680999755859375 -0.4474000036716461
v 0.32100000977516174 1.570099949836731 -0.4343000054359436
v 0.4219000041484833 1.5825999975204468 -0.33340001106262207
v 0.4334000051021576 1.5857000350952148 -0.29490000009536743
v 0.4350000023841858 1.5845999717712402 -0.31349998712539673
v 0.3179999887943268 1.618299961090088 -0.4372999966144562
v 0.29820001125335693 1.6162999868392944 -0.4503999948501587
v 0.27950000762939453 1.6152000427246094 -0.4487999975681305
v 0.2619999945163727 1.6152000427246094 -0.4325999915599823
v 0.4142000079154968 1.6339999437332153 -0.28040000796318054
v 0.04259999841451645 1.6204999685287476 -0.1266999989748001
v 0.10840000212192535 1.628600001335144 -0.0608999989926815
v 0.4189000129699707 1.6308000087738037 -0.33640000224113464
v 0.4320000112056732 1.6327999830245972 -0.3165000081062317
v 0.43050000071525574 1.6339000463485718 -0.29789999127388
v -0.2773999869823456 1.5857000350952148 -0.4171999990940094
v -0.057999998331069946 1.580399990081787 -0.11140000075101852
v -0.12380000203847885 1.5722999572753906 -0.04560000076889992
v -0.4296000003814697 1.5669000148773193 -0.26499998569488525
v -0.4458000063896179 1.5670000314712524 -0.2824999988079071
v -0.4474000036716461 1.5680999755859375 -0.3012000024318695
v -0.4343000054359436 1.570099949836731 -0.32100000977516174
v -0.33340001106262207 1.5825999975204468 -0.4219000041484833
v -0.29490000009536743 1.5857000350952148 -0.4334000051021576
v -0.31349998712539673 1.5845999717712402 -0.4350000023841858
v -0.4372999966144562 1.618299961090088 -0.3179999887943268
v -0.4503999948501587 1.6162999868392944 -0.29820001125335693
v -0.4487999975681305 1.6152000427246094 -0.27950000762939453
v -0.4325999915599823 1.6152000427246094 -0.2619999945163727
v -0.28040000796318054 1.6339999437332153 -0.4142000079154968
v -0.1266999989748001 1.6204999685287476 -0.04259999841451645
v -0.0608999989926815 1.628600001335144 -0.10840000212192535
v -0.33640000224113464 1.6308000087738037 -0.4189000129699707
v -0.3165000081062317 1.6327999830245972 -0.4320000112056732
v -0.29789999127388 1.6339000463485718 -0.43050000071525574
v -0.4171999990940094 1.5857000350952148 0.2773999869823456
v -0.11140000075101852 1.580399990081787 0.057999998331069946
v -0.04560000076889992 1.5722999572753906 0.12380000203847885
v -0.26499998569488525 1.5669000148773193 0.4296000003814697
v -0.2824999988079071 1.5670000314712524 0.4458000063896179
v -0.3012000024318695 1.5680999755859375 0.4474000036716461
v -0.32100000977516174 1.570099949836731 0.4343000054359436
v -0.4219000041484833 1.5825999975204468 0.33340001106262207
v -0.4334000051021576 1.5857000350952148 0.29490000009536743
v -0.4350000023841858 1.5845999717712402 0.31349998712539673
v -0.3179999887943268 1.618299961090088 0.4372999966144562
v -0.29820001125335693 1.6162999868392944 0.4503999948501587
v -0.27950000762939453 1.6152000427246094 0.4487999975681305
v -0.2619999945163727 1.6152000427246094 0.4325999915599823
v -0.4142000079154968 1.6339999437332153 0.28040000796318054
v -0.04259999841451645 1.6204999685287476 0.1266999989748001
v -0.10840000212192535 1.628600001335144 0.0608999989926815
v -0.4189000129699707 1.6308000087738037 0.33640000224113464
v -0.4320000112056732 1.6327999830245972 0.3165000081062317
v -0.43050000071525574 1.6339000463485718 0.29789999127388
v 0.3275099992752075 1.3564529418945312 0.04649105668067932
v 0.328359991312027 1.358091950416565 -0.003924942575395107
v 0.33075299859046936 1.3744360208511353 -0.0016549421707168221
v 0.3274970054626465 1.3772430419921875 0.04778505489230156
v 0.3285210132598877 1.3548200130462646 0.06996505707502365
v 0.3287909924983978 1.383646011352539 -0.007823942229151726
v 0.31868696212768555 1.393522024154663 0.09124205261468887
v 0.3267419636249542 1.340710997581482 0.09795606136322021
v 0.32475900650024414 1.39363694190979 0.03994905576109886
v 0.3541800081729889 1.4160629510879517 0.03018506057560444
v 0.35670000314712524 1.4108860492706299 -0.00860193744301796
v 0.3166860044002533 1.4219980239868164 0.07478005439043045
v 0.37119001150131226 1.43203604221344 0.021269064396619797
v 0.3726629912853241 1.4303499460220337 -0.00925593450665474
v 0.38508298993110657 1.4494750499725342 -0.00824593286961317
v 0.34290000796318054 1.4334590435028076 0.060786060988903046
v 0.3640590012073517 1.4444140195846558 0.04610006511211395
v 0.3845269978046417 1.4491569995880127 0.013002066873013973
v 0.3932400047779083 1.4638019800186157 0.007449069060385227
v 0.39344701170921326 1.464347004890442 -0.006050931289792061
v 0.3809010088443756 1.4567749500274658 0.03121906705200672
v 0.40024200081825256 1.4792619943618774 0.002402069978415966
v 0.400285005569458 1.4794000387191772 -0.0032469299621880054
v 0.39898601174354553 1.4907890558242798 -0.0009979302994906902
v 0.39185500144958496 1.4682680368423462 0.01934906840324402
v 0.39974600076675415 1.4816999435424805 0.007356069982051849
v 0.39805498719215393 1.4880290031433105 0.009723070077598095
v 0.3864549994468689 1.4798879623413086 0.025035066530108452
v 0.3931019902229309 1.4921610355377197 0.008321069180965424
v 0.3886910080909729 1.493391990661621 0.00558506790548563
v 0.3754650056362152 1.4893800020217896 0.02240406535565853
v 0.3717310130596161 1.4730169773101807 0.03893406316637993
v 0.38573598861694336 1.4945030212402344 0.0015050674555823207
v 0.3844299912452698 1.4947090148925781 -0.003384932642802596
v 0.3650349974632263 1.496703028678894 0.017134062945842743
v 0.35846400260925293 1.502627968788147 0.006338062696158886
v 0.35623699426651 1.5038059949874878 -0.006799937691539526
v 0.356548011302948 1.4890470504760742 0.03569306433200836
v 0.3412570059299469 1.5023540258407593 0.028152059763669968
v 0.3317199945449829 1.5128229856491089 0.01181405782699585
v 0.3283019959926605 1.5148730278015137 -0.008481942117214203
v 0.29302600026130676 1.5275299549102783 -0.007839948870241642
v 0.2978399991989136 1.5231770277023315 0.019946051761507988
v 0.2544809877872467 1.5384999513626099 -0.004862955305725336
v 0.31095701456069946 1.5081709623336792 0.04214905574917793
v 0.2607569992542267 1.5308729410171509 0.02943604439496994
v 0.2077839970588684 1.546849012374878 -0.0002729636908043176
v 0.277305006980896 1.511368989944458 0.05626804754137993
v 0.33160799741744995 1.489037036895752 0.05198005959391594
v 0.30321401357650757 1.4881230592727661 0.06780405342578888
v 0.3505750000476837 1.4660439491271973 0.05508805811405182
v 0.3256309926509857 1.4599839448928833 0.07077405601739883
v 0.29608896374702454 1.455739974975586 0.08882705122232437
v 0.26778897643089294 1.4898669719696045 0.0879320427775383
v 0.289946973323822 1.4450830221176147 0.1135050505399704
v 0.23665697872638702 1.5191600322723389 0.07446004450321198
v 0.255096971988678 1.4919559955596924 0.11079304665327072
v 0.28629398345947266 1.429324984550476 0.14070004224777222
v 0.2156669944524765 1.538653016090393 0.041626036167144775
v 0.20656198263168335 1.5369080305099487 0.08806103467941284
v 0.19098800420761108 1.5523149967193604 0.042426034808158875
v 0.18168599903583527 1.55800199508667 -0.001703968271613121
v 0.14364998042583466 1.5746519565582275 0.044752027839422226
v 0.13700300455093384 1.5781660079956055 -0.0028129760175943375
v 0.246568962931633 1.4867180585861206 0.13656003773212433
v 0.0946359932422638 1.5892369747161865 0.046975016593933105
v 0.09087800234556198 1.5915310382843018 -0.0029079841915518045
v 0.04494500160217285 1.5990289449691772 -0.0026689921505749226
v 0.15278398990631104 1.5641909837722778 0.09327902644872665
v 0.04622599110007286 1.5969799757003784 0.04829900711774826
v -0.0002959995763376355 1.6016370058059692 -0.0025160000659525394
v 0.09951698780059814 1.5811200141906738 0.09672201424837112
v 0.1939849704504013 1.5291340351104736 0.1369270235300064
v 0.14582796394824982 1.5537199974060059 0.1399950236082077
v 0.04758797958493233 1.58986496925354 0.09869800508022308
v 0.09548497945070267 1.5693639516830444 0.14442402124404907
v 0.1406179666519165 1.5302189588546753 0.19111202657222748
v 0.09217296540737152 1.5447989702224731 0.19972801208496094
v 0.04601297527551651 1.577491044998169 0.14806701242923737
v -0.00029600851121358573 1.5996249914169312 0.04853999987244606
v -0.00029601738788187504 1.5926380157470703 0.0993340015411377
v -0.04796800762414932 1.597262978553772 0.04816599190235138
v -0.04606100171804428 1.5992530584335327 -0.0027000082191079855
v -0.05045701935887337 1.5900260210037231 0.09868799149990082
v -0.09520700573921204 1.589097023010254 0.046968985348939896
v -0.09144899994134903 1.5913939476013184 -0.0029060160741209984
v -0.1371680051088333 1.5764310359954834 -0.002766024088487029
v -0.10008701682090759 1.5809710025787354 0.09670598804950714
v -0.14397701621055603 1.5735009908676147 0.044735975563526154
v -0.18219900131225586 1.557708978652954 -0.0016970318974927068
v -0.1533530205488205 1.563778042793274 0.09323997050523758
v -0.19148699939250946 1.5520069599151611 0.042410966008901596
v -0.20835000276565552 1.5467150211334229 -0.0002710364351514727
v -0.2070240080356598 1.536566972732544 0.08801095932722092
v -0.21619699895381927 1.5383960008621216 0.04159596189856529
v -0.2613149881362915 1.5306750535964966 0.029401954263448715
v -0.2550489902496338 1.5383280515670776 -0.004860044922679663
v -0.23711901903152466 1.5187749862670898 0.07436495274305344
v -0.2983579933643341 1.5228010416030884 0.01988694816827774
v -0.2935509979724884 1.5271739959716797 -0.007824051193892956
v -0.2778410017490387 1.5111459493637085 0.05618495121598244
v -0.33219799399375916 1.5123339891433716 0.011753941886126995
v -0.3287909924983978 1.5144150257110596 -0.008452057838439941
v -0.3567419946193695 1.503404974937439 -0.00677206227555871
v -0.35896700620651245 1.502213954925537 0.006299937143921852
v -0.38499999046325684 1.4945869445800781 -0.003378067398443818
v -0.34173300862312317 1.501932978630066 0.028024939820170403
v -0.38630399107933044 1.4943699836730957 0.001498932484537363
v -0.3992460072040558 1.4902839660644531 -0.0009400697890669107
v -0.36554399132728577 1.4963419437408447 0.017046935856342316
v -0.31145599484443665 1.507809042930603 0.042017944157123566
v -0.357030987739563 1.4887609481811523 0.03553793579339981
v -0.38926398754119873 1.4932880401611328 0.005572931841015816
v -0.3759709894657135 1.4890999794006348 0.022279934957623482
v -0.39363300800323486 1.4919430017471313 0.008268930949270725
v -0.33209100365638733 1.4887690544128418 0.05180193856358528
v -0.37214601039886475 1.4728699922561646 0.03871593624353409
v -0.3868139982223511 1.4796830415725708 0.02479093335568905
v -0.3982279896736145 1.4876290559768677 0.00949293002486229
v -0.39985400438308716 1.4816889762878418 0.007229930255562067
v -0.392069011926651 1.4683970212936401 0.019143931567668915
v -0.3811410069465637 1.4569369554519653 0.03096693381667137
v -0.4004040062427521 1.4793579578399658 0.0023759298492223024
v -0.4004189968109131 1.4795089960098267 -0.003165069967508316
v -0.3936479985713959 1.4646860361099243 -0.005951068829745054
v -0.39348599314689636 1.4640790224075317 0.007402930874377489
v -0.3852970004081726 1.449887990951538 -0.008153066970407963
v -0.384768009185791 1.4495110511779785 0.01293193269520998
v -0.3714590072631836 1.4324400424957275 0.021166935563087463
v -0.37290599942207336 1.4308120012283325 -0.009173065423965454
v -0.35700199007987976 1.4113630056381226 -0.008554062806069851
v -0.364329993724823 1.4445970058441162 0.04580593481659889
v -0.3545069992542267 1.4164789915084839 0.030063938349485397
v -0.32904699444770813 1.3838549852371216 -0.007916057482361794
v -0.3510130047798157 1.4659229516983032 0.05486394092440605
v -0.3432599902153015 1.4336329698562622 0.06052294000983238
v -0.3247630000114441 1.3939080238342285 0.03980594500899315
v -0.326088011264801 1.4598890542984009 0.07055793702602386
v -0.3037149906158447 1.487913966178894 0.06765294820070267
v -0.3169020116329193 1.4220119714736938 0.07454495131969452
v -0.2963780164718628 1.4554879665374756 0.08854895085096359
v -0.268172025680542 1.4894700050354004 0.08774195611476898
v -0.318636029958725 1.393272042274475 0.0911109447479248
v -0.2900960445404053 1.4446660280227661 0.11331294476985931
v -0.2554050385951996 1.4914829730987549 0.11065595597028732
v -0.28641101717948914 1.4288699626922607 0.14048495888710022
v -0.24689403176307678 1.4862949848175049 0.1364099532365799
v -0.1944490224123001 1.5288269519805908 0.13684697449207306
v -0.2725650370121002 1.4002890586853027 0.1948409527540207
v -0.14653202891349792 1.5536589622497559 0.14002296328544617
v -0.18648003041744232 1.5058670043945312 0.1844339668750763
v -0.09605301916599274 1.5692139863967896 0.14439398050308228
v -0.14129602909088135 1.5300970077514648 0.19112497568130493
v -0.09272803366184235 1.5446829795837402 0.19969598948955536
v -0.04843102768063545 1.5776339769363403 0.1479109823703766
v -0.0002960261481348425 1.5800360441207886 0.14947499334812164
v -0.04674503579735756 1.552564024925232 0.2057659924030304
v 0.04458196088671684 1.5522370338439941 0.20615001022815704
v -0.0002760364150162786 1.5547280311584473 0.20824000239372253
v -0.09242404252290726 1.5064940452575684 0.24981199204921722
v -0.046783044934272766 1.513532042503357 0.25832900404930115
v 0.04452895373106003 1.5132160186767578 0.2591100037097931
v -0.0002960457932204008 1.5155210494995117 0.2618339955806732
v 0.0918639525771141 1.5066189765930176 0.24988001585006714
v 0.045694950968027115 1.4822039604187012 0.2847369909286499
v -0.048295047134160995 1.4803179502487183 0.2850080132484436
v -0.00035905014374293387 1.4853490591049194 0.28678399324417114
v 0.0947149470448494 1.4668829441070557 0.28137603402137756
v 0.04648894816637039 1.4453550577163696 0.3065199851989746
v -0.04992405325174332 1.442849040031433 0.30652400851249695
v 0.13974495232105255 1.4934380054473877 0.23733903467655182
v -0.0008640539017505944 1.4482979774475098 0.3082540035247803
v 0.18600696325302124 1.5061320066452026 0.1845410317182541
v 0.18477095663547516 1.468999981880188 0.22731302678585052
v 0.23335497081279755 1.4665260314941406 0.18116404116153717
v 0.27234897017478943 1.4006739854812622 0.19505904614925385
v 0.21835795044898987 1.4372520446777344 0.22569604218006134
v 0.24379995465278625 1.3909029960632324 0.239919051527977
v 0.14438696205615997 1.4431120157241821 0.2763160169124603
v 0.19196395576000214 1.4171819686889648 0.2650120258331299
v 0.09884894639253616 1.429010033607483 0.30400002002716064
v 0.15154694020748138 1.3981189727783203 0.30292603373527527
v 0.20382393896579742 1.3570820093154907 0.3006030321121216
v 0.04194094240665436 1.4088380336761475 0.31832900643348694
v 0.08902394771575928 1.39695405960083 0.31880003213882446
v -0.001219055731780827 1.41218101978302 0.3186900019645691
v 0.13789993524551392 1.3725249767303467 0.3191140294075012
v -0.044268056750297546 1.406849980354309 0.31789499521255493
v 0.18267694115638733 1.337820053100586 0.3218330442905426
v 0.22168193757534027 1.2861340045928955 0.3245610296726227
v -0.0992390513420105 1.4280019998550415 0.30420395731925964
v -0.08883105218410492 1.3945879936218262 0.31803098320961
v -0.13517305254936218 1.3709969520568848 0.31814196705818176
v 0.2471059411764145 1.2882920503616333 0.30688002705574036
v 0.25024792551994324 1.2300889492034912 0.32537102699279785
v -0.1522710621356964 1.3976889848709106 0.3029859662055969
v -0.18178506195545197 1.3377259969711304 0.32193997502326965
v -0.09532605111598969 1.4665470123291016 0.281311959028244
v -0.14506904780864716 1.443060040473938 0.2761479616165161
v -0.14037305116653442 1.4931260347366333 0.23731796443462372
v -0.18525804579257965 1.468798041343689 0.22719697654247284
v -0.19247403740882874 1.4170609712600708 0.26493996381759644
v -0.20443406701087952 1.3569129705429077 0.3004189729690552
v -0.2207520604133606 1.287680983543396 0.32454797625541687
v -0.21880504488945007 1.4370310306549072 0.22557595372200012
v -0.23373602330684662 1.4661979675292969 0.18102096021175385
v -0.2441810518503189 1.3906480073928833 0.23975294828414917
v -0.26434004306793213 1.3434439897537231 0.2526969313621521
v -0.24590106308460236 1.2886899709701538 0.3066839575767517
v -0.2489880621433258 1.2312320470809937 0.3251209557056427
v -0.29494401812553406 1.3476120233535767 0.20402096211910248
v -0.2668050527572632 1.229388952255249 0.309332937002182
v -0.2619650661945343 1.1666510105133057 0.3255959451198578
v -0.2777620553970337 1.288761019706726 0.2670869529247284
v -0.27724605798721313 1.1650969982147217 0.3115699291229248
v -0.25904005765914917 1.103714942932129 0.3247709274291992
v -0.2878430485725403 1.2267149686813354 0.2774379551410675
v -0.2756430506706238 1.1032439470291138 0.31122395396232605
v -0.24261905252933502 1.0408070087432861 0.323091983795166
v -0.29359105229377747 1.1628940105438232 0.2826119363307953
v -0.2627900540828705 1.0384379625320435 0.3070279359817505
v -0.2923920452594757 1.1033469438552856 0.28154993057250977
v -0.31882303953170776 1.1623209714889526 0.21995094418525696
v -0.3169630169868469 1.221487045288086 0.21745893359184265
v -0.28314706683158875 1.039078950881958 0.27511993050575256
v -0.31704503297805786 1.1041170358657837 0.22058093547821045
v -0.3344670236110687 1.1621650457382202 0.1544979363679886
v -0.30875203013420105 1.2834349870681763 0.21306894719600677
v -0.334693044424057 1.2166800498962402 0.1538989394903183
v -0.3146520256996155 1.3559190034866333 0.14518694579601288
v -0.3297560214996338 1.2735589742660522 0.151607945561409
v -0.33760902285575867 1.1603820323944092 0.11821094155311584
v -0.3368130326271057 1.2148770093917847 0.11954694241285324
v -0.3336230218410492 1.269258975982666 0.11777894198894501
v -0.3295460343360901 1.3214349746704102 0.11295994371175766
v -0.32688504457473755 1.340867042541504 0.09803693741559982
v -0.328592985868454 1.3552860021591187 0.070003941655159
v -0.3274669945240021 1.3771309852600098 0.047742944210767746
v -0.3278140127658844 1.356760025024414 0.04648194462060928
v -0.33113500475883484 1.374446988105774 -0.0016880579059943557
v -0.32881399989128113 1.3582979440689087 -0.003940057475119829
v -0.3320010304450989 1.1061899662017822 0.15332293510437012
v -0.3353230357170105 1.1133610010147095 0.11482793837785721
v -0.33373403549194336 1.0951950550079346 0.10778894275426865
v -0.31010404229164124 1.039281964302063 0.21616093814373016
v -0.327862024307251 1.0399490594863892 0.15050993859767914
v -0.335409015417099 1.0382059812545776 0.09949293732643127
v -0.33346402645111084 1.082250952720642 0.09511993825435638
v -0.33491501212120056 1.0720349550247192 0.07560493797063828
v -0.3180500268936157 0.9775760173797607 0.14587794244289398
v -0.29756301641464233 0.9775480031967163 0.20768696069717407
v -0.26746606826782227 0.9774460196495056 0.2655869424343109
v -0.3007510304450989 0.918146014213562 0.141388937830925
v -0.23884005844593048 0.9809430241584778 0.3040379583835602
v -0.21480005979537964 0.9859340190887451 0.3213629722595215
v -0.2812970280647278 0.9263949990272522 0.20054195821285248
v -0.2505960166454315 0.9293839931488037 0.25394198298454285
v -0.19487905502319336 0.9284579753875732 0.3043089807033539
v -0.17849406599998474 0.9408929944038391 0.3168249726295471
v -0.2344520390033722 0.8856250047683716 0.2356339544057846
v -0.26060402393341064 0.8789439797401428 0.19078895449638367
v -0.14192506670951843 0.8831620216369629 0.300417959690094
v -0.13538005948066711 0.9067869782447815 0.3119119703769684
v -0.08881205320358276 0.8838599920272827 0.3091549575328827
v -0.19131004810333252 0.8706099987030029 0.26591795682907104
v -0.09658905118703842 0.8544149994850159 0.2953149676322937
v -0.045409053564071655 0.8733850121498108 0.30730798840522766
v -0.14607705175876617 0.8452600240707397 0.272957980632782
v -0.0487060509622097 0.8422060012817383 0.2950989902019501
v -6.5053507569246e-05 0.8710629940032959 0.3060140013694763
v -0.09827004373073578 0.8248040080070496 0.2753419578075409
v -0.19350804388523102 0.8311079740524292 0.22505396604537964
v -0.22429102659225464 0.8495699763298035 0.21042294800281525
v -0.14698104560375214 0.8115469813346863 0.24173897504806519
v -0.19679902493953705 0.8024129867553711 0.1847519725561142
v -0.09723404794931412 0.7983049750328064 0.2525579631328583
v -0.14878803491592407 0.7775030136108398 0.19600096344947815
v -0.09727703779935837 0.7613199949264526 0.20415697991847992
v -0.04929104819893837 0.8138989806175232 0.27748000621795654
v -0.04881204292178154 0.7893540263175964 0.2568100094795227
v 2.5948424081434496e-05 0.8381999731063843 0.2949810028076172
v 0.00012395142402965575 0.8091530203819275 0.27784299850463867
v 0.04266894608736038 0.8417090177536011 0.2953520119190216
v 0.03805594891309738 0.8730660080909729 0.30692601203918457
v 0.0774509459733963 0.8807600140571594 0.3087159991264343
v 0.04436095058917999 0.8119540214538574 0.2767780125141144
v 0.08628294616937637 0.8527529835700989 0.2963390350341797
v 0.1398199498653412 0.8757910132408142 0.2976810336112976
v 0.12389994412660599 0.898980975151062 0.3118290305137634
v 0.16586093604564667 0.9289119839668274 0.3154120445251465
v 0.00018895506218541414 0.7845709919929504 0.256974995136261
v 0.08951595425605774 0.8209559917449951 0.2749750316143036
v -0.04883703589439392 0.75204998254776 0.20802198350429535
v 0.04448595643043518 0.7863190174102783 0.25460800528526306
v -0.09883303195238113 0.7359269857406616 0.15140898525714874
v 0.00021496348199434578 0.7480419874191284 0.20881499350070953
v -0.15163902938365936 0.7535970211029053 0.14666497707366943
v -0.04961102455854416 0.7267510294914246 0.15469197928905487
v -0.10110001266002655 0.7211549878120422 0.10025698691606522
v 0.04490296170115471 0.7494419813156128 0.2071560174226761
v 0.00019397267897147685 0.7233859896659851 0.1562100052833557
v -0.05072101950645447 0.7119470238685608 0.10235599428415298
v 0.0001939819339895621 0.7087730169296265 0.10327400267124176
v 0.04601997509598732 0.7243120074272156 0.1554110199213028
v 0.08930995315313339 0.7928479909896851 0.2499520182609558
v 0.08988196402788162 0.7576559782028198 0.20312201976776123
v 0.09220896661281586 0.733610987663269 0.1523270159959793
v 0.14270995557308197 0.8072829842567444 0.23929503560066223
v 0.048220980912446976 0.7101989984512329 0.10247500985860825
v 0.14356796443462372 0.7745959758758545 0.1950550228357315
v 0.1459721028804779 0.7506464719772339 0.1477283090353012
v 0.09682165086269379 0.7195396423339844 0.10079704225063324
v 0.048648905009031296 0.7037020921707153 0.050552792847156525
v 0.09853992611169815 0.7118178009986877 0.049946319311857224
v 0.1567448526620865 0.7384846210479736 0.09466757625341415
v 0.19637513160705566 0.778561532497406 0.14310672879219055
v 0.19412297010421753 0.8014820218086243 0.1853390336036682
v 0.2024238407611847 0.7688733339309692 0.10732825100421906
v 0.19313395023345947 0.8307099938392639 0.2252730280160904
v 0.2356489598751068 0.7959087491035461 0.10390643030405045
v 0.2458828091621399 0.823022723197937 0.13966430723667145
v 0.2392096221446991 0.8377785086631775 0.17659631371498108
v 0.14290796220302582 0.8407670259475708 0.2714650332927704
v 0.1930839568376541 0.8662970066070557 0.2608010172843933
v 0.19997695088386536 0.9221839904785156 0.2960350215435028
v 0.22872495651245117 0.8566089868545532 0.21350504457950592
v 0.23639094829559326 0.8844820261001587 0.23277103900909424
v 0.266433984041214 0.8883630037307739 0.19155004620552063
v 0.2812660336494446 0.8783589005470276 0.1438845843076706
v 0.2872609794139862 0.9343360066413879 0.20124104619026184
v 0.30385297536849976 0.9282730221748352 0.14996005594730377
v 0.2522519826889038 0.9281290173530579 0.25281503796577454
v 0.23767293989658356 0.9817749857902527 0.30532902479171753
v 0.20538194477558136 0.9775980114936829 0.31939801573753357
v 0.27428093552589417 0.986391007900238 0.26621606945991516
v 0.3024909794330597 0.9840729832649231 0.2091880589723587
v 0.26256194710731506 1.035174012184143 0.30719804763793945
v 0.24137593805789948 1.0342669486999512 0.32305803894996643
v 0.2869069278240204 1.036402940750122 0.27489304542541504
v 0.2765209376811981 1.0983699560165405 0.3116740584373474
v 0.25779393315315247 1.0948189496994019 0.3245570659637451
v 0.3104359805583954 1.0392550230026245 0.21759305894374847
v 0.27920693159103394 1.1639679670333862 0.3118990659713745
v 0.26332294940948486 1.1657359600067139 0.3260190486907959
v 0.29602792859077454 1.1024789810180664 0.28370505571365356
v 0.3217179775238037 1.1048059463500977 0.22245405614376068
v 0.26819393038749695 1.2287249565124512 0.3102320730686188
v 0.2971809506416321 1.1619499921798706 0.2848190665245056
v 0.2909589409828186 1.2272659540176392 0.27959907054901123
v 0.32335996627807617 1.1618059873580933 0.22169806063175201
v 0.27957093715667725 1.2903289794921875 0.26867806911468506
v 0.32121697068214417 1.222445011138916 0.21909205615520477
v 0.33668696880340576 1.162065029144287 0.154820054769516
v 0.26463496685028076 1.344298005104065 0.2533740699291229
v 0.2957339584827423 1.3485770225524902 0.2046760469675064
v 0.31224897503852844 1.2854440212249756 0.21443605422973633
v 0.315250962972641 1.3565020561218262 0.14549505710601807
v 0.329416960477829 1.3214130401611328 0.11277306079864502
v 0.33248695731163025 1.2744410037994385 0.15213805437088013
v 0.33326297998428345 1.2692739963531494 0.1175970584154129
v 0.33639398217201233 1.214879035949707 0.11938706040382385
v 0.3369999825954437 1.2170649766921997 0.1542300581932068
v 0.33727896213531494 1.1603820323944092 0.11801806092262268
v 0.3341449797153473 1.1058529615402222 0.15355806052684784
v 0.33515697717666626 1.1134250164031982 0.11451505869626999
v 0.3335309624671936 1.095337986946106 0.10762906074523926
v 0.32932597398757935 1.0395230054855347 0.15106706321239471
v 0.335595965385437 1.03860604763031 0.09973905980587006
v 0.33315595984458923 1.0825350284576416 0.09501606225967407
v 0.3346869945526123 1.0723470449447632 0.07556905597448349
v 0.3190649747848511 0.9794729948043823 0.14667806029319763
v 0.3378340005874634 1.0397369861602783 0.049447059631347656
v 0.3356989920139313 1.0683350563049316 0.05072405934333801
v 0.3356249928474426 1.0660500526428223 -0.0001339413138339296
v 0.3380729854106903 1.0390210151672363 -0.0015179408947005868
v 0.3274059593677521 0.9787330031394958 0.09832905977964401
v 0.3308265805244446 0.9784720540046692 0.04903663694858551
v 0.32991600036621094 0.9782509803771973 -0.0004519423237070441
v 0.3133399784564972 0.9270009994506836 0.09907705336809158
v 0.31761422753334045 0.9275113344192505 0.04820777475833893
v 0.31784841418266296 0.9274774193763733 -0.002917882753536105
v 0.2930675745010376 0.8761724829673767 0.09492046386003494
v 0.30012691020965576 0.8772985935211182 0.044159311801195145
v 0.3008727729320526 0.8785487413406372 -0.006946619134396315
v 0.2892148196697235 0.8542000651359558 -0.008623093366622925
v 0.2867529094219208 0.8493764400482178 0.03872249275445938
v 0.28313517570495605 0.8428006768226624 -0.008795793168246746
v 0.26533129811286926 0.8236052393913269 0.079349085688591
v 0.2780286967754364 0.833966076374054 0.037995774298906326
v 0.2838529646396637 0.8272835612297058 -0.008970805443823338
v 0.23300305008888245 0.7891277074813843 0.09176032990217209
v 0.28053203225135803 0.8188249468803406 0.035560280084609985
v 0.2604654133319855 0.8148459792137146 0.07199425995349884
v 0.29103127121925354 0.8118862509727478 -0.009177891537547112
v 0.2044530063867569 0.7651031613349915 0.09266026318073273
v 0.24215471744537354 0.7751249074935913 0.08315539360046387
v 0.21803490817546844 0.7545076012611389 0.08356204628944397
v 0.2663588523864746 0.8002939224243164 0.06617260724306107
v 0.28894180059432983 0.8036292791366577 0.032573968172073364
v 0.2987855076789856 0.7892194390296936 0.028259487822651863
v 0.2996099591255188 0.7968922853469849 -0.009190692566335201
v 0.277342289686203 0.7852391004562378 0.0610026940703392
v 0.31365829706192017 0.7722984552383423 0.02213170938193798
v 0.31328296661376953 0.7783936262130737 -0.009321371093392372
v 0.28975164890289307 0.7714331746101379 0.054136283695697784
v 0.3075135052204132 0.7564045786857605 0.04396717622876167
v 0.32922881841659546 0.7594937682151794 0.015419884584844112
v 0.32834669947624207 0.7628772258758545 -0.009526124224066734
v 0.3448602855205536 0.749916136264801 -0.008879907429218292
v 0.32550662755966187 0.7468852400779724 0.033451858907938004
v 0.34595543146133423 0.7489753365516663 0.008873991668224335
v 0.362264484167099 0.7396554350852966 -0.007181121967732906
v 0.3632771372795105 0.7400332689285278 0.0036555740516632795
v 0.37944522500038147 0.7314809560775757 -0.004439038224518299
v 0.34443485736846924 0.7405021786689758 0.022701973095536232
v 0.3802703320980072 0.7321760654449463 0.0004194212087895721
v 0.3879321217536926 0.7242127656936646 -0.0007812520489096642
v 0.36338290572166443 0.7354081273078918 0.012881934642791748
v 0.3810347020626068 0.7302324771881104 0.004760465119034052
v 0.362377792596817 0.7272759079933167 0.019129512831568718
v 0.3814789652824402 0.7264363765716553 0.007728960365056992
v 0.3407120108604431 0.727339506149292 0.03182048723101616
v 0.3595813512802124 0.7180749177932739 0.01967834122478962
v 0.38095423579216003 0.7216734290122986 0.007847534492611885
v 0.3797203302383423 0.7175424098968506 0.0055776252411305904
v 0.37806737422943115 0.7156305313110352 0.0014760390622541308
v 0.377276211977005 0.7156604528427124 -0.0031564165838062763
v 0.35589441657066345 0.7102031111717224 0.015500113368034363
v 0.351930171251297 0.7061340808868408 0.006479497998952866
v 0.3504524528980255 0.7055917382240295 -0.004011224955320358
v 0.3345724940299988 0.7151792645454407 0.031885091215372086
v 0.32772424817085266 0.7052539587020874 0.025850510224699974
v 0.3212777376174927 0.7000535726547241 0.012975760735571384
v 0.3189457058906555 0.698902428150177 -0.002263170899823308
v 0.31785818934440613 0.7288104891777039 0.04461423680186272
v 0.2884133458137512 0.6988798975944519 0.02097342722117901
v 0.28500550985336304 0.696709394454956 0.0025449853856116533
v 0.29521963000297546 0.7347085475921631 0.056503839790821075
v 0.3079763948917389 0.715107798576355 0.04414800554513931
v 0.2726302444934845 0.747551441192627 0.06839811056852341
v 0.2815590500831604 0.7199032306671143 0.05614469200372696
v 0.2974097728729248 0.7048014402389526 0.03617531806230545
v 0.2673247456550598 0.70927894115448 0.046663183718919754
v 0.2554337978363037 0.7313459515571594 0.06830526888370514
v 0.25653955340385437 0.7602139115333557 0.07656067609786987
v 0.23613998293876648 0.7418967485427856 0.07651451230049133
v 0.2383730113506317 0.7186392545700073 0.05801211670041084
v 0.25555023550987244 0.7020426988601685 0.02950572595000267
v 0.2508894205093384 0.6984119415283203 0.008048891089856625
v 0.21905367076396942 0.70367431640625 0.011688108555972576
v 0.22462162375450134 0.7090777158737183 0.03748243302106857
v 0.19685418903827667 0.7090389132499695 0.011203690432012081
v 0.21780721843242645 0.7272956371307373 0.06510656327009201
v 0.20246979594230652 0.7158746123313904 0.04177110269665718
v 0.1974562108516693 0.7370374202728271 0.0708107054233551
v 0.180421382188797 0.7235226035118103 0.04400797560811043
v 0.17520226538181305 0.7158164381980896 0.008246776647865772
v 0.17878516018390656 0.7439704537391663 0.07653733342885971
v 0.15768438577651978 0.7289006114006042 0.04498288780450821
v 0.1530991792678833 0.7223648428916931 0.003953242674469948
v 0.13090147078037262 0.7205893993377686 0.04747091978788376
v 0.1299659013748169 0.7182492017745972 0.000533365469891578
v 0.09964048117399216 0.709526002407074 -9.781351400306448e-05
v 0.049310896545648575 0.7008547782897949 -0.0015810633776709437
v 0.0001940004585776478 0.697288990020752 -0.0026599999982863665
v 0.00019299116684123874 0.7007520198822021 0.05055899918079376
v -0.05164100602269173 0.7033500075340271 0.0500359907746315
v -0.05188300088047981 0.6997399926185608 -0.0028660090174525976
v -0.10299400985240936 0.7132760286331177 0.04910298064351082
v -0.10350800305604935 0.7106789946556091 -0.0026020181830972433
v -0.15566501021385193 0.7391290068626404 0.09735296666622162
v -0.1587340086698532 0.7316939830780029 0.047846972942352295
v -0.1594260036945343 0.7299259901046753 -0.002508027944713831
v -0.20123203098773956 0.7817559838294983 0.14185597002506256
v -0.2068440169095993 0.7681149840354919 0.09443096071481705
v -0.21086901426315308 0.7614560127258301 0.04659596458077431
v -0.21171900629997253 0.7603309750556946 -0.00251003704033792
v -0.23437203466892242 0.8312379717826843 0.17428795993328094
v -0.25321799516677856 0.8012059926986694 0.04567095637321472
v -0.25394099950790405 0.800387978553772 -0.002494044369086623
v -0.2884339988231659 0.8517130017280579 -0.002189050428569317
v -0.27511703968048096 0.8641489744186401 0.13848595321178436
v -0.24171003699302673 0.8180890083312988 0.13843095302581787
v -0.3099730312824249 0.9126110076904297 0.09399894624948502
v -0.24915102124214172 0.8065980076789856 0.09224695712327957
v -0.284136027097702 0.8569340109825134 0.09234295040369034
v -0.2878600060939789 0.8525019884109497 0.046195946633815765
v -0.31332799792289734 0.9101549983024597 -0.002777054673060775
v -0.3136569857597351 0.9103879928588867 0.04555894434452057
v -0.3302629888057709 0.9737039804458618 0.04575394093990326
v -0.32945600152015686 0.9739500284194946 -0.0030810574535280466
v -0.32700303196907043 0.9737169742584229 0.09661594033241272
v -0.337772011756897 1.0386040210723877 0.048608940094709396
v -0.3380669951438904 1.038362979888916 -0.0019940591882914305
v -0.3360249996185303 1.0656800270080566 -0.00013405874778982252
v -0.3360449969768524 1.068034052848816 0.05073093995451927
v 0.5152999758720398 1.3483999967575073 0.09350000321865082
v 0.5152999758720398 1.340000033378601 0.11900000274181366
v 0.5566999912261963 1.336300015449524 0.11900000274181366
v 0.3407999873161316 1.3375999927520752 0.11900000274181366
v 0.5856999754905701 1.3424999713897705 0.09380000084638596
v 0.353300005197525 1.3454999923706055 0.09350000321865082
v 0.3127000033855438 1.340499997138977 0.0869000032544136
v 0.3061000108718872 1.351699948310852 0.0
v 0.5152999758720398 1.3622000217437744 0.0
v 0.5960999727249146 1.3553999662399292 0.0
v 0.5856999754905701 1.3424999713897705 -0.09380000084638596
v 0.353300005197525 1.3593000173568726 0.0
v 0.5152999758720398 1.3483999967575073 -0.09350000321865082
v 0.5566999912261963 1.336300015449524 -0.11900000274181366
v 0.5152999758720398 1.340000033378601 -0.11900000274181366
v 0.3407999873161316 1.3375999927520752 -0.1185000017285347
v 0.353300005197525 1.3454999923706055 -0.09350000321865082
v 0.3127000033855438 1.340499997138977 -0.0869000032544136
v 0.5525000095367432 1.3121000528335571 0.11649999767541885
v 0.5146999955177307 1.315000057220459 0.11649999767541885
v 0.5146999955177307 1.3248000144958496 0.08959999680519104
v 0.5843999981880188 1.319000005722046 0.08959999680519104
v 0.34290000796318054 1.3138999938964844 0.11559999734163284
v 0.5145999789237976 1.3380000591278076 0.0
v 0.5946999788284302 1.3314000368118286 0.0
v 0.35499998927116394 1.3220000267028809 0.08959999680519104
v 0.3151000142097473 1.3171000480651855 0.0828000009059906
v 0.5843999981880188 1.319000005722046 -0.08959999680519104
v 0.3084999918937683 1.3278000354766846 0.0
v 0.5146999955177307 1.3248000144958496 -0.08959999680519104
v 0.5525000095367432 1.3121000528335571 -0.11649999767541885
v 0.5146999955177307 1.315000057220459 -0.11649999767541885
v 0.35499998927116394 1.3352999687194824 0.0
v 0.35499998927116394 1.3220000267028809 -0.08959999680519104
v 0.34290000796318054 1.3138999938964844 -0.11509999632835388
v 0.3151000142097473 1.3171000480651855 -0.0828000009059906
v -0.5566999912261963 1.336300015449524 0.11900000274181366
v -0.5152999758720398 1.340000033378601 0.11900000274181366
v -0.5152999758720398 1.3483999967575073 0.09350000321865082
v -0.5856999754905701 1.3424999713897705 0.09380000084638596
v -0.3407999873161316 1.3375999927520752 0.11900000274181366
v -0.5152999758720398 1.3622000217437744 0.0
v -0.5960999727249146 1.3553999662399292 0.0
v -0.5856999754905701 1.3424999713897705 -0.09380000084638596
v -0.353300005197525 1.3454999923706055 0.09350000321865082
v -0.3127000033855438 1.340499997138977 0.0869000032544136
v -0.3061000108718872 1.351699948310852 0.0
v -0.353300005197525 1.3593000173568726 0.0
v -0.5152999758720398 1.3483999967575073 -0.09350000321865082
v -0.5566999912261963 1.336300015449524 -0.11900000274181366
v -0.5152999758720398 1.340000033378601 -0.11900000274181366
v -0.3407999873161316 1.3375999927520752 -0.1185000017285347
v -0.353300005197525 1.3454999923706055 -0.09350000321865082
v -0.3127000033855438 1.340499997138977 -0.0869000032544136
v -0.5146999955177307 1.3248000144958496 0.08959999680519104
v -0.5146999955177307 1.315000057220459 0.11649999767541885
v -0.5525000095367432 1.3121000528335571 0.11649999767541885
v -0.34290000796318054 1.3138999938964844 0.11559999734163284
v -0.5843999981880188 1.319000005722046 0.08959999680519104
v -0.35499998927116394 1.3220000267028809 0.08959999680519104
v -0.3151000142097473 1.3171000480651855 0.0828000009059906
v -0.3084999918937683 1.3278000354766846 0.0
v -0.5145999789237976 1.3380000591278076 0.0
v -0.5946999788284302 1.3314000368118286 0.0
v -0.5843999981880188 1.319000005722046 -0.08959999680519104
v -0.35499998927116394 1.3352999687194824 0.0
v -0.35499998927116394 1.3220000267028809 -0.08959999680519104
v -0.3151000142097473 1.3171000480651855 -0.0828000009059906
v -0.34290000796318054 1.3138999938964844 -0.11509999632835388
v -0.5146999955177307 1.315000057220459 -0.11649999767541885
v -0.5146999955177307 1.3248000144958496 -0.08959999680519104
v -0.5525000095367432 1.3121000528335571 -0.11649999767541885
v 1.0810936146299355e-08 0.43229997158050537 0.0
v -0.05119999870657921 0.41999998688697815 0.0
v -0.04729999974370003 0.41200000047683716 0.022199999541044235
v 1.0810936146299355e-08 0.42309999465942383 0.022199999541044235
v -0.09309999644756317 0.38519999384880066 0.0
v -0.03790000081062317 0.39259999990463257 0.03150000050663948
v 1.0810936146299355e-08 0.4007999897003174 0.03150000050663948
v -0.0851999968290329 0.38040000200271606 0.022199999541044235
v -0.2362000048160553 0.12280000001192093 0.0
v -0.02850000001490116 0.373199999332428 0.022199999541044235
v 1.0810936146299355e-08 0.37860000133514404 0.022199999541044235
v -0.06629999727010727 0.3686999976634979 0.03150000050663948
v -0.22750000655651093 0.12060000002384186 0.022199999541044235
v -0.2295999974012375 0.059700001031160355 0.0
v -0.023900000378489494 0.36469998955726624 0.0
v 1.0810936146299355e-08 0.3694000244140625 3.725290298461914e-09
v 1.0810936146299355e-08 0.37860000133514404 -0.022199993953108788
v -0.2215999960899353 0.06440000236034393 0.022199999541044235
v -0.17800000309944153 0.02280000038444996 0.0
v -0.20630000531673431 0.1151999980211258 0.03150000050663948
v -0.04729999974370003 0.3569999933242798 0.022199999541044235
v -0.17560000717639923 0.031599998474121094 0.022199999541044235
v 0.18150000274181366 0.02280000038444996 0.0
v -0.20239999890327454 0.07559999823570251 0.03150000050663948
v -0.1851000040769577 0.10989999771118164 0.022199999541044235
v 0.17900000512599945 0.031599998474121094 0.022199999541044235
v 0.23250000178813934 0.05990000069141388 0.0
v -0.16979999840259552 0.05270000174641609 0.03150000050663948
v -0.18320000171661377 0.0868000015616417 0.022199999541044235
v 0.22450000047683716 0.06440000236034393 0.022199999541044235
v 0.23819999396800995 0.1225999966263771 0.0
v 0.17329999804496765 0.05270000174641609 0.03150000050663948
v -0.164000004529953 0.07370000332593918 0.022199999541044235
v 0.22939999401569366 0.12020000070333481 0.022199999541044235
v 0.0934000015258789 0.3862000107765198 0.0
v 0.20509999990463257 0.07540000230073929 0.03150000050663948
v 0.1673000007867813 0.07370000332593918 0.022199999541044235
v 0.08569999784231186 0.38119998574256897 0.022199999541044235
v 0.05119999870657921 0.4203000068664551 0.0
v 0.20829999446868896 0.1145000010728836 0.03150000050663948
v 0.1858000010251999 0.08640000224113464 0.022199999541044235
v 0.04729999974370003 0.4122999906539917 0.022199999541044235
v 1.0810936146299355e-08 0.43229997158050537 0.0
v 1.0810936146299355e-08 0.42309999465942383 0.022199999541044235
v 0.038100000470876694 0.3926999866962433 0.03150000050663948
v 1.0810936146299355e-08 0.4007999897003174 0.03150000050663948
v 0.06700000166893005 0.36910000443458557 0.03150000050663948
v 0.18729999661445618 0.10869999974966049 0.022199999541044235
v 0.04839999973773956 0.3569999933242798 0.022199999541044235
v 0.02889999933540821 0.373199999332428 0.022199999541044235
v 1.0810936146299355e-08 0.37860000133514404 0.022199999541044235
v 0.1784999966621399 0.1062999963760376 0.0
v 0.024399999529123306 0.364300012588501 0.0
v 1.0810936146299355e-08 0.3694000244140625 3.725290298461914e-09
v 1.0810936146299355e-08 0.37860000133514404 -0.022199993953108788
v 0.0406000018119812 0.35199999809265137 0.0
v 0.02889999933540821 0.373199999332428 -0.022199999541044235
v 1.0810936146299355e-08 0.4007999897003174 -0.03149999678134918
v 0.04839999973773956 0.3569999933242798 -0.022199999541044235
v 0.038100000470876694 0.3926999866962433 -0.03150000050663948
v 1.0810936146299355e-08 0.42309999465942383 -0.022199997678399086
v 0.18729999661445618 0.10869999974966049 -0.022199999541044235
v 0.04729999974370003 0.4122999906539917 -0.022199999541044235
v 1.0810936146299355e-08 0.43229997158050537 0.0
v 0.05119999870657921 0.4203000068664551 0.0
v 0.06700000166893005 0.36910000443458557 -0.03150000050663948
v 0.08569999784231186 0.38119998574256897 -0.022199999541044235
v 0.0934000015258789 0.3862000107765198 0.0
v 0.20829999446868896 0.1145000010728836 -0.03150000050663948
v 0.22939999401569366 0.12020000070333481 -0.022199999541044235
v 0.23819999396800995 0.1225999966263771 0.0
v 0.1858000010251999 0.08640000224113464 -0.022199999541044235
v 0.22450000047683716 0.06440000236034393 -0.022199999541044235
v 0.23250000178813934 0.05990000069141388 0.0
v 0.20509999990463257 0.07540000230073929 -0.03150000050663948
v 0.17900000512599945 0.031599998474121094 -0.022199999541044235
v 0.18150000274181366 0.02280000038444996 0.0
v 0.17329999804496765 0.05270000174641609 -0.03150000050663948
v -0.17560000717639923 0.031599998474121094 -0.022199999541044235
v -0.17800000309944153 0.02280000038444996 0.0
v -0.16979999840259552 0.05270000174641609 -0.03150000050663948
v 0.1673000007867813 0.07370000332593918 -0.022199999541044235
v -0.164000004529953 0.07370000332593918 -0.022199999541044235
v -0.20239999890327454 0.07559999823570251 -0.03150000050663948
v -0.2215999960899353 0.06440000236034393 -0.022199999541044235
v -0.2295999974012375 0.059700001031160355 0.0
v -0.18320000171661377 0.0868000015616417 -0.022199999541044235
v -0.22750000655651093 0.12060000002384186 -0.022199999541044235
v -0.2362000048160553 0.12280000001192093 0.0
v -0.20630000531673431 0.1151999980211258 -0.03150000050663948
v -0.1851000040769577 0.10989999771118164 -0.022199999541044235
v -0.0851999968290329 0.38040000200271606 -0.022199999541044235
v -0.09309999644756317 0.38519999384880066 0.0
v -0.06629999727010727 0.3686999976634979 -0.03150000050663948
v -0.04729999974370003 0.41200000047683716 -0.022199999541044235
v -0.05119999870657921 0.41999998688697815 0.0
v 1.0810936146299355e-08 0.43229997158050537 0.0
v 1.0810936146299355e-08 0.42309999465942383 -0.022199997678399086
v -0.03790000081062317 0.39259999990463257 -0.03150000050663948
v 1.0810936146299355e-08 0.4007999897003174 -0.03149999678134918
v -0.02850000001490116 0.373199999332428 -0.022199999541044235
v -0.04729999974370003 0.3569999933242798 -0.022199999541044235
v -0.03750000149011612 0.35120001435279846 0.0
v -0.17630000412464142 0.10769999772310257 0.0
v -0.17520000040531158 0.09139999747276306 0.0
v -0.1615999937057495 0.08250000327825546 0.0
v 0.164900004863739 0.08250000327825546 0.0
v 0.1777999997138977 0.0908999964594841 0.0
v 0.328359991312027 1.358091950416565 -0.003924942575395107
v 0.329804003238678 1.3560940027236938 -0.05428694561123848
v 0.32802700996398926 1.3767930269241333 -0.054580945521593094
v 0.33075299859046936 1.3744360208511353 -0.0016549421707168221
v 0.32958999276161194 1.352931022644043 -0.07730793952941895
v 0.322953999042511 1.3960920572280884 -0.05446794256567955
v 0.3287909924983978 1.383646011352539 -0.007823942229151726
v 0.3214080333709717 1.3772530555725098 -0.1030709370970726
v 0.33039504289627075 1.340770959854126 -0.09974593669176102
v 0.3482010066509247 1.4202719926834106 -0.04574993997812271
v 0.35670000314712524 1.4108860492706299 -0.00860193744301796
v 0.3146210312843323 1.3454920053482056 -0.15480394661426544
v 0.3338180184364319 1.3274259567260742 -0.11151593923568726
v 0.3659699857234955 1.439432978630066 -0.038139935582876205
v 0.3726629912853241 1.4303499460220337 -0.00925593450665474
v 0.322905033826828 1.3100999593734741 -0.15779994428157806
v 0.33582502603530884 1.3096359968185425 -0.11602293699979782
v 0.3806309998035431 1.4565800428390503 -0.028340933844447136
v 0.38508298993110657 1.4494750499725342 -0.00824593286961317
v 0.32807302474975586 1.2633980512619019 -0.16030094027519226
v 0.33844104409217834 1.262948989868164 -0.11682093888521194
v 0.33888503909111023 1.211238980293274 -0.11766894161701202
v 0.391075998544693 1.469027042388916 -0.018885931000113487
v 0.39344701170921326 1.464347004890442 -0.006050931289792061
v 0.400285005569458 1.4794000387191772 -0.0032469299621880054
v 0.39923399686813354 1.4816499948501587 -0.008555930107831955
v 0.39898601174354553 1.4907890558242798 -0.0009979302994906902
v 0.3868409991264343 1.4740869998931885 -0.026727933436632156
v 0.3732289969921112 1.4645349979400635 -0.039989933371543884
v 0.3971810042858124 1.484387993812561 -0.011893929913640022
v 0.3789049983024597 1.4802210330963135 -0.03071693331003189
v 0.3543359935283661 1.4523429870605469 -0.05495893582701683
v 0.3937000036239624 1.487300992012024 -0.013576931320130825
v 0.3607650101184845 1.4743160009384155 -0.045435935258865356
v 0.3713679909706116 1.4856170415878296 -0.031148934736847878
v 0.3903610110282898 1.4895249605178833 -0.0134779317304492
v 0.38721901178359985 1.4916069507598877 -0.012005931697785854
v 0.3640350103378296 1.491839051246643 -0.028674935922026634
v 0.38492900133132935 1.4936779737472534 -0.008165933191776276
v 0.3844299912452698 1.4947090148925781 -0.003384932642802596
v 0.35623699426651 1.5038059949874878 -0.006799937691539526
v 0.35805100202560425 1.4996980428695679 -0.01938493736088276
v 0.3283019959926605 1.5148730278015137 -0.008481942117214203
v 0.3498220145702362 1.4831279516220093 -0.04628894105553627
v 0.3393090069293976 1.493757963180542 -0.043085940182209015
v 0.3306649923324585 1.5078229904174805 -0.02849094197154045
v 0.33611100912094116 1.4690860509872437 -0.06209193915128708
v 0.3214679956436157 1.4830600023269653 -0.06296493858098984
v 0.3073340058326721 1.4984749555587769 -0.058132946491241455
v 0.29578399658203125 1.5185279846191406 -0.036664947867393494
v 0.29302600026130676 1.5275299549102783 -0.007839948870241642
v 0.2894279956817627 1.484928011894226 -0.07855894416570663
v 0.2572929859161377 1.5293149948120117 -0.04194195568561554
v 0.2544809877872467 1.5384999513626099 -0.004862955305725336
v 0.2713469862937927 1.505262017250061 -0.07050295174121857
v 0.2116820216178894 1.538375973701477 -0.04481596127152443
v 0.2077839970588684 1.546849012374878 -0.0002729636908043176
v 0.22916901111602783 1.5151690244674683 -0.08102995902299881
v 0.18802601099014282 1.5496410131454468 -0.046136967837810516
v 0.18168599903583527 1.55800199508667 -0.001703968271613121
v 0.13700300455093384 1.5781660079956055 -0.0028129760175943375
v 0.2005230188369751 1.530519962310791 -0.09207296371459961
v 0.1412070095539093 1.572471022605896 -0.04896197468042374
v 0.09087800234556198 1.5915310382843018 -0.0029079841915518045
v 0.2532830238342285 1.4888889789581299 -0.09563295543193817
v 0.09268400818109512 1.5877959728240967 -0.0509679839015007
v 0.04494500160217285 1.5990289449691772 -0.0026689921505749226
v 0.14742101728916168 1.5594929456710815 -0.09646297991275787
v 0.044988006353378296 1.596269965171814 -0.051872991025447845
v -0.0002959995763376355 1.6016370058059692 -0.0025160000659525394
v 0.09484201669692993 1.5786410570144653 -0.09902498871088028
v -0.00029599093249998987 1.5989969968795776 -0.051993001252412796
v 0.04420201852917671 1.588526964187622 -0.1001259908080101
v 0.13618503510951996 1.547448992729187 -0.1435609757900238
v -0.04700899124145508 1.5963330268859863 -0.05182700604200363
v -0.04606100171804428 1.5992530584335327 -0.0027000082191079855
v 0.08653002232313156 1.5656139850616455 -0.14593198895454407
v -0.09325199574232101 1.5876480340957642 -0.05095801502466202
v -0.09144899994134903 1.5913939476013184 -0.0029060160741209984
v 0.18387402594089508 1.5218240022659302 -0.14071297645568848
v -0.14133498072624207 1.5707169771194458 -0.04882402718067169
v -0.1371680051088333 1.5764310359954834 -0.002766024088487029
v -0.0954049825668335 1.5784729719161987 -0.09900201857089996
v -0.18852698802947998 1.5493329763412476 -0.046104032546281815
v -0.18219900131225586 1.557708978652954 -0.0016970318974927068
v -0.20835000276565552 1.5467150211334229 -0.0002710364351514727
v -0.14784999191761017 1.5588330030441284 -0.09632102400064468
v -0.2122349888086319 1.5382039546966553 -0.04478703811764717
v -0.2550489902496338 1.5383280515670776 -0.004860044922679663
v -0.20099398493766785 1.5302029848098755 -0.09200803935527802
v -0.25785601139068604 1.5291459560394287 -0.04190204292535782
v -0.2935509979724884 1.5271739959716797 -0.007824051193892956
v -0.229668989777565 1.514888048171997 -0.08093703538179398
v -0.2963089942932129 1.5182290077209473 -0.036587052047252655
v -0.3287909924983978 1.5144150257110596 -0.008452057838439941
v -0.2718909978866577 1.5050870180130005 -0.07041904330253601
v -0.3311629891395569 1.5074540376663208 -0.02839505858719349
v -0.3078480064868927 1.4982290267944336 -0.05800805240869522
v -0.35856300592422485 1.499366044998169 -0.019309062510728836
v -0.3567419946193695 1.503404974937439 -0.00677206227555871
v -0.339805006980896 1.493468999862671 -0.04294905811548233
v -0.3854930102825165 1.4935439825057983 -0.008143067359924316
v -0.38499999046325684 1.4945869445800781 -0.003378067398443818
v -0.3992460072040558 1.4902839660644531 -0.0009400697890669107
v -0.3645539879798889 1.4915939569473267 -0.02857806347310543
v -0.3877669870853424 1.4914380311965942 -0.011959067545831203
v -0.3908669948577881 1.48927903175354 -0.013386067934334278
v -0.3940980136394501 1.4869780540466309 -0.01340106874704361
v -0.3718760013580322 1.4854090213775635 -0.03102806583046913
v -0.35031598806381226 1.4829189777374268 -0.04613605886697769
v -0.39735299348831177 1.484138011932373 -0.011639069765806198
v -0.37935900688171387 1.480031967163086 -0.03054206632077694
v -0.3993290066719055 1.4816559553146362 -0.008393069729208946
v -0.4004189968109131 1.4795089960098267 -0.003165069967508316
v -0.3871060013771057 1.4740279912948608 -0.02644406631588936
v -0.3912450075149536 1.4692620038986206 -0.018679069355130196
v -0.3936479985713959 1.4646860361099243 -0.005951068829745054
v -0.3852970004081726 1.449887990951538 -0.008153066970407963
v -0.38084301352500916 1.4568719863891602 -0.028124067932367325
v -0.37290599942207336 1.4308120012283325 -0.009173065423965454
v -0.3735480010509491 1.4645349979400635 -0.039703067392110825
v -0.36621999740600586 1.4397629499435425 -0.037920061498880386
v -0.35700199007987976 1.4113630056381226 -0.008554062806069851
v -0.3612239956855774 1.4741590023040771 -0.04523906484246254
v -0.3547059893608093 1.4523760080337524 -0.05469106510281563
v -0.3485090136528015 1.4206199645996094 -0.04555806145071983
v -0.32904699444770813 1.3838549852371216 -0.007916057482361794
v -0.3365730047225952 1.4689489603042603 -0.06188005954027176
v -0.3328019976615906 1.4389779567718506 -0.0690450593829155
v -0.32342100143432617 1.3961280584335327 -0.05442305654287338
v -0.33113500475883484 1.374446988105774 -0.0016880579059943557
v -0.32196399569511414 1.4828619956970215 -0.0628010630607605
v -0.3089500069618225 1.4642479419708252 -0.07878605276346207
v -0.28993600606918335 1.4847450256347656 -0.07840905338525772
v -0.3073959946632385 1.4224179983139038 -0.08436305075883865
v -0.27999797463417053 1.458400011062622 -0.09809405356645584
v -0.2537369728088379 1.4886080026626587 -0.09548604488372803
v -0.3045479655265808 1.4125720262527466 -0.10489305108785629
v -0.24033798277378082 1.4921050071716309 -0.11090504378080368
v -0.274867981672287 1.4509949684143066 -0.11837104707956314
v -0.22981396317481995 1.4872260093688965 -0.13781404495239258
v -0.18410997092723846 1.5209619998931885 -0.1404530256986618
v -0.2661069631576538 1.448799967765808 -0.13899704813957214
v -0.13668297231197357 1.5470880270004272 -0.1434580236673355
v -0.21849296987056732 1.4683979749679565 -0.17673803865909576
v -0.1749129742383957 1.4993109703063965 -0.18323102593421936
v -0.2917809784412384 1.404237985610962 -0.14667104184627533
v -0.25030195713043213 1.4356919527053833 -0.1762700378894806
v -0.2081979662179947 1.4503589868545532 -0.20462903380393982
v -0.12912696599960327 1.5239440202713013 -0.18948903679847717
v -0.27211496233940125 1.3909289836883545 -0.18805503845214844
v -0.08709397912025452 1.5654540061950684 -0.14589402079582214
v -0.16785795986652374 1.4726059436798096 -0.21748203039169312
v -0.04816798120737076 1.5882949829101562 -0.10032400488853455
v -0.00029598240507766604 1.591217041015625 -0.10065600275993347
v -0.043987974524497986 1.5746190547943115 -0.1467060148715973
v 0.03913802653551102 1.5750659704208374 -0.1466509997844696
v -0.00029597434331662953 1.5774600505828857 -0.14676499366760254
v -0.08130096644163132 1.541599988937378 -0.19408901035785675
v -0.04108596593141556 1.5504430532455444 -0.19549599289894104
v 0.035526033490896225 1.550868034362793 -0.19557400047779083
v -0.0002959658158943057 1.5533380508422852 -0.19560100138187408
v -0.0002959582197945565 1.520447015762329 -0.23906199634075165
v -0.040917959064245224 1.5174449682235718 -0.23821699619293213
v -0.12521295249462128 1.4928209781646729 -0.2278050184249878
v -0.08090095221996307 1.5086510181427002 -0.23489101231098175
v -0.0002959516423288733 1.4774889945983887 -0.27669599652290344
v -0.044867951422929764 1.4737989902496338 -0.27492499351501465
v -0.08850095421075821 1.4633170366287231 -0.26947301626205444
v -0.13685095310211182 1.4441219568252563 -0.25998103618621826
v -0.18291296064853668 1.424780011177063 -0.24407902359962463
v -0.0935809463262558 1.413612961769104 -0.29592302441596985
v -0.22535695135593414 1.4126410484313965 -0.2200770378112793
v -0.14387094974517822 1.3980469703674316 -0.2824920415878296
v -0.19143995642662048 1.3830629587173462 -0.2622930407524109
v -0.23818795382976532 1.3737560510635376 -0.2324560433626175
v -0.19886896014213562 1.338276982307434 -0.27542102336883545
v -0.24800194799900055 1.3319250345230103 -0.24187804758548737
v -0.286219984292984 1.3403899669647217 -0.1995130479335785
v -0.14996494352817535 1.3481390476226807 -0.29877302050590515
v -0.2041739523410797 1.2987940311431885 -0.28352004289627075
v -0.153300940990448 1.3062410354614258 -0.3083660304546356
v -0.09797194600105286 1.3585180044174194 -0.31499603390693665
v -0.09940294176340103 1.313910961151123 -0.32533302903175354
v -0.15613894164562225 1.2628990411758423 -0.31445202231407166
v -0.04962094500660896 1.3650829792022705 -0.3242050111293793
v -0.10069794207811356 1.2678719758987427 -0.3321920335292816
v -0.050854939967393875 1.3185909986495972 -0.3345159888267517
v -0.05156594142317772 1.2709670066833496 -0.341623991727829
v -0.047432947903871536 1.4229029417037964 -0.30375298857688904
v -0.0002959409321192652 1.3205779790878296 -0.3378399908542633
v -0.0002959464327432215 1.4263999462127686 -0.3064059913158417
v -0.00029594279476441443 1.3676470518112183 -0.32728299498558044
v 0.041009049862623215 1.4750770330429077 -0.2745150029659271
v 0.04397205263376236 1.4239829778671265 -0.3037329912185669
v 0.04639405757188797 1.3656680583953857 -0.32440298795700073
v -0.000295939709758386 1.272292971611023 -0.34495800733566284
v 0.04776705801486969 1.3190619945526123 -0.3348580002784729
v 0.09303605556488037 1.4137279987335205 -0.2960609793663025
v -0.00029593889485113323 1.2173839807510376 -0.34950101375579834
v 0.09743005037307739 1.3585939407348633 -0.3151339590549469
v 0.048777058720588684 1.2712340354919434 -0.341962993144989
v 0.10015405714511871 1.313742995262146 -0.32516196370124817
v 0.1494070589542389 1.348188042640686 -0.2990119755268097
v 0.10221205651760101 1.267685055732727 -0.33180996775627136
v 0.15353305637836456 1.3060640096664429 -0.3083089590072632
v 0.049381058663129807 1.2168760299682617 -0.3463380038738251
v -0.05257293954491615 1.2167370319366455 -0.3458319902420044
v -0.0002959387784358114 1.162155032157898 -0.35028699040412903
v -0.10338793694972992 1.2151529788970947 -0.335502028465271
v -0.05255194008350372 1.1622140407562256 -0.34625399112701416
v -0.15873993933200836 1.2126740217208862 -0.31711503863334656
v -0.10386893898248672 1.162300944328308 -0.33521902561187744
v -0.20825494825839996 1.2582910060882568 -0.2890090346336365
v -0.15910494327545166 1.1623029708862305 -0.3174070417881012
v -0.25450196862220764 1.2941969633102417 -0.24813304841518402
v -0.21063995361328125 1.2104480266571045 -0.2920750379562378
v -0.25898995995521545 1.25553297996521 -0.25248706340789795
v -0.29465195536613464 1.299159049987793 -0.20454704761505127
v -0.26156696677207947 1.2090330123901367 -0.2549830675125122
v -0.2998409569263458 1.2589319944381714 -0.20760506391525269
v -0.21073395013809204 1.1622610092163086 -0.2920520305633545
v -0.30274397134780884 1.2107319831848145 -0.2098090648651123
v -0.2615649700164795 1.1622309684753418 -0.254982054233551
v -0.3023839592933655 1.1622999906539917 -0.21015006303787231
v -0.259255975484848 1.110224962234497 -0.25276005268096924
v -0.20873795449733734 1.1095399856567383 -0.28933602571487427
v -0.15748994052410126 1.1079339981079102 -0.31425002217292786
v -0.254302978515625 1.051131010055542 -0.24797704815864563
v -0.10274294018745422 1.105821967124939 -0.3318530321121216
v -0.20226095616817474 1.0484590530395508 -0.2854670286178589
v -0.15243494510650635 1.0440829992294312 -0.3087800443172455
v -0.05195894092321396 1.103943943977356 -0.3430840075016022
v -0.0992579385638237 1.039044976234436 -0.3250120282173157
v -0.09583194553852081 0.9786229729652405 -0.31572502851486206
v -0.05009293928742409 1.0352469682693481 -0.33576101064682007
v -0.00029593927320092916 1.10303795337677 -0.3473309874534607
v -0.14646294713020325 0.9861329793930054 -0.30115604400634766
v -0.04819094389677048 0.9733729958534241 -0.32453399896621704
v -0.19380995631217957 0.9942460060119629 -0.27942201495170593
v -5.094050720799714e-05 1.033473014831543 -0.3402499854564667
v -0.09291494637727737 0.9224330186843872 -0.3005720376968384
v -0.1414409577846527 0.9320880174636841 -0.2873520255088806
v -0.24940694868564606 1.0039989948272705 -0.2399580478668213
v -0.18705995380878448 0.945061981678009 -0.2681490182876587
v -0.13808795809745789 0.8823050260543823 -0.26645001769065857
v -0.18252795934677124 0.8994519710540771 -0.2502380311489105
v -0.24032296240329742 0.9608380198478699 -0.23282304406166077
v -0.22600995004177094 0.9200729727745056 -0.226329043507576
v -0.2823989689350128 0.9945430159568787 -0.19676004350185394
v -0.2689439654350281 0.9422590136528015 -0.18802905082702637
v -0.2063799500465393 0.8826839923858643 -0.2206430286169052
v -0.29217997193336487 1.0485090017318726 -0.20374204218387604
v -0.2490999698638916 0.8938429951667786 -0.18131504952907562
v -0.18113695085048676 0.8620550036430359 -0.22727203369140625
v -0.2218019664287567 0.8523939847946167 -0.18017904460430145
v -0.288241982460022 0.9297710061073303 -0.14429403841495514
v -0.2655569612979889 0.877124011516571 -0.13939905166625977
v -0.18664996325969696 0.821603000164032 -0.18774603307247162
v -0.3042849600315094 0.986890971660614 -0.1507800668478012
v -0.13713794946670532 0.8400589823722839 -0.23968802392482758
v -0.31614798307418823 1.0443370342254639 -0.15484905242919922
v -0.09098795056343079 0.8705589771270752 -0.27859002351760864
v -0.3251509666442871 1.1059319972991943 -0.15849006175994873
v -0.046702947467565536 0.9161739945411682 -0.30851998925209045
v -0.29884496331214905 1.1090450286865234 -0.20825806260108948
v -0.3289049565792084 1.1616610288619995 -0.1618940532207489
v -0.3301079571247101 1.2125409841537476 -0.16201405227184296
v -0.33772698044776917 1.1595770120620728 -0.11739706248044968
v -0.33546897768974304 1.1044939756393433 -0.11398705840110779
v -0.339057981967926 1.211225986480713 -0.11795505881309509
v -0.33449098467826843 1.086514949798584 -0.10302305966615677
v -0.3281809687614441 1.2633249759674072 -0.16011306643486023
v -0.3386399745941162 1.2629090547561646 -0.1170850619673729
v -0.33601996302604675 1.3096389770507812 -0.11627405881881714
v -0.32303497195243835 1.3099479675292969 -0.157615065574646
v -0.33396896719932556 1.3274359703063965 -0.11163406074047089
v -0.31482598185539246 1.345268964767456 -0.15464605391025543
v -0.3305509686470032 1.3408759832382202 -0.0998130589723587
v -0.30504095554351807 1.373587965965271 -0.15128405392169952
v -0.32214996218681335 1.3773349523544312 -0.10310006141662598
v -0.3300569951534271 1.3529980182647705 -0.07731705904006958
v -0.32881298661231995 1.3768579959869385 -0.054600056260824203
v -0.33024999499320984 1.3562530279159546 -0.05429105833172798
v -0.32881399989128113 1.3582979440689087 -0.003940057475119829
v -0.3298249840736389 1.0402590036392212 -0.1036180630326271
v -0.3338710069656372 1.0763750076293945 -0.08506705611944199
v -0.3355009853839874 1.0701420307159424 -0.06952005624771118
v -0.31790897250175476 0.9803789854049683 -0.10262305289506912
v -0.3357599973678589 1.0382939577102661 -0.05255405977368355
v -0.3353489935398102 1.0681179761886597 -0.05108305811882019
v -0.3360249996185303 1.0656800270080566 -0.00013405874778982252
v -0.3380669951438904 1.038362979888916 -0.0019940591882914305
v -0.3251500129699707 0.9757400155067444 -0.05175105482339859
v -0.32945600152015686 0.9739500284194946 -0.0030810574535280466
v -0.3013359606266022 0.9197940230369568 -0.09884104877710342
v -0.3089959919452667 0.9131289720535278 -0.05086905509233475
v -0.31332799792289734 0.9101549983024597 -0.002777054673060775
v -0.27763697504997253 0.8640580177307129 -0.09554605185985565
v -0.2849709987640381 0.8556219935417175 -0.05030904710292816
v -0.2884339988231659 0.8517130017280579 -0.002189050428569317
v -0.23402896523475647 0.8307210206985474 -0.13981203734874725
v -0.24407298862934113 0.8147469758987427 -0.0959230437874794
v -0.25078099966049194 0.8050199747085571 -0.0504070445895195
v -0.25394099950790405 0.800387978553772 -0.002494044369086623
v -0.2090119868516922 0.765326976776123 -0.05140703544020653
v -0.21171900629997253 0.7603309750556946 -0.00251003704033792
v -0.20297998189926147 0.7759770154953003 -0.09910303354263306
v -0.15752997994422913 0.7345489859580994 -0.0527140274643898
v -0.1594260036945343 0.7299259901046753 -0.002508027944713831
v -0.19505296647548676 0.7942709922790527 -0.1450510323047638
v -0.15315298736095428 0.7455030083656311 -0.10303603112697601
v -0.10247499495744705 0.7145619988441467 -0.05420202016830444
v -0.10350800305604935 0.7106789946556091 -0.0026020181830972433
v -0.05188300088047981 0.6997399926185608 -0.0028660090174525976
v -0.14130297303199768 0.7953550219535828 -0.19748002290725708
v -0.05139298737049103 0.7030360102653503 -0.05567300692200661
v 0.0001940004585776478 0.697288990020752 -0.0026599999982863665
v -0.09053895622491837 0.826524019241333 -0.2512590289115906
v -0.1474439650774002 0.765038013458252 -0.1515580266714096
v -0.09987197816371918 0.7255229949951172 -0.10684101283550262
v -0.0930519625544548 0.7778970003128052 -0.2063160091638565
v -0.0965619683265686 0.7455899715423584 -0.15764202177524567
v -0.05018297955393791 0.7145339846611023 -0.10965200513601303
v -0.04856596887111664 0.7345150113105774 -0.16182401776313782
v 0.00019400975725147873 0.700069010257721 -0.055821001529693604
v 0.00019401936151552945 0.7102760076522827 -0.11073700338602066
v -0.046832963824272156 0.7676249742507935 -0.21220500767230988
v 0.00019402863108552992 0.730197012424469 -0.16381299495697021
v 0.04392025247216225 0.7130240797996521 -0.109046071767807
v 0.0484098419547081 0.7031674385070801 -0.053607743233442307
v 0.049310896545648575 0.7008547782897949 -0.0015810633776709437
v 0.043243084102869034 0.733231782913208 -0.1624113768339157
v 0.09806898981332779 0.7122319936752319 -0.04998639225959778
v 0.09964048117399216 0.709526002407074 -9.781351400306448e-05
v 0.09059397131204605 0.7222812175750732 -0.10773603618144989
v 0.1305113136768341 0.7216599583625793 -0.044314194470644
v 0.1299659013748169 0.7182492017745972 0.000533365469891578
v 0.14748741686344147 0.7406585216522217 -0.0974573865532875
v 0.08872417360544205 0.7427330613136292 -0.15937656164169312
v 0.15581467747688293 0.7269946932792664 -0.03482701629400253
v 0.1530991792678833 0.7223648428916931 0.003953242674469948
v 0.17352578043937683 0.7404912114143372 -0.068285271525383
v 0.17754730582237244 0.7181738615036011 -0.026490850374102592
v 0.17520226538181305 0.7158164381980896 0.008246776647865772
v 0.19228637218475342 0.7279142737388611 -0.05811303108930588
v 0.19969329237937927 0.7096168398857117 -0.019774336367845535
v 0.19685418903827667 0.7090389132499695 0.011203690432012081
v 0.21905367076396942 0.70367431640625 0.011688108555972576
v 0.22314374148845673 0.7035254240036011 -0.015683947131037712
v 0.2508894205093384 0.6984119415283203 0.008048891089856625
v 0.2140774130821228 0.7166644334793091 -0.048798322677612305
v 0.2553902864456177 0.6990761756896973 -0.0148768937215209
v 0.28500550985336304 0.696709394454956 0.0025449853856116533
v 0.23800505697727203 0.7091084122657776 -0.04168073460459709
v 0.23387043178081512 0.7318987846374512 -0.07052800804376602
v 0.2888226807117462 0.6984920501708984 -0.015943819656968117
v 0.3189457058906555 0.698902428150177 -0.002263170899823308
v 0.2671574354171753 0.7048838138580322 -0.036673057824373245
v 0.3220292627811432 0.7013682126998901 -0.01591314934194088
v 0.3504524528980255 0.7055917382240295 -0.004011224955320358
v 0.2977655231952667 0.7041417360305786 -0.03244253993034363
v 0.2569611668586731 0.7215876579284668 -0.06081145629286766
v 0.3524792492389679 0.708025336265564 -0.012359783984720707
v 0.377276211977005 0.7156604528427124 -0.0031564165838062763
v 0.3281551003456116 0.7068985104560852 -0.026921996846795082
v 0.37798991799354553 0.7170017957687378 -0.006191373337060213
v 0.3879321217536926 0.7242127656936646 -0.0007812520489096642
v 0.3558162450790405 0.7125571370124817 -0.018438849598169327
v 0.37896034121513367 0.7192403674125671 -0.008309072814881802
v 0.3082166910171509 0.7144640684127808 -0.04388640820980072
v 0.334621787071228 0.7162290811538696 -0.03351450711488724
v 0.358844518661499 0.7193806767463684 -0.021569175645709038
v 0.3796876072883606 0.7221490144729614 -0.00949612446129322
v 0.3377886414527893 0.7260606288909912 -0.033820345997810364
v 0.3796669542789459 0.7245510220527649 -0.00963196624070406
v 0.35989126563072205 0.7252601385116577 -0.021361062303185463
v 0.37944597005844116 0.7268457412719727 -0.00901180412620306
v 0.37928810715675354 0.7295882701873779 -0.007138133514672518
v 0.37944522500038147 0.7314809560775757 -0.004439038224518299
v 0.3604508340358734 0.7306800484657288 -0.019094152376055717
v 0.3612842857837677 0.7362232208251953 -0.013921733945608139
v 0.362264484167099 0.7396554350852966 -0.007181121967732906
v 0.3398624062538147 0.7352169752120972 -0.030019475147128105
v 0.3425191342830658 0.7445840239524841 -0.02084813080728054
v 0.3448602855205536 0.749916136264801 -0.008879907429218292
v 0.32834669947624207 0.7628772258758545 -0.009526124224066734
v 0.3243759870529175 0.7558016777038574 -0.027896471321582794
v 0.31328296661376953 0.7783936262130737 -0.009321371093392372
v 0.319089412689209 0.7418632507324219 -0.04149698093533516
v 0.31470686197280884 0.7283072471618652 -0.046377744525671005
v 0.2993815839290619 0.7525615096092224 -0.05257219821214676
v 0.3078518807888031 0.7705063223838806 -0.03451886400580406
v 0.2996099591255188 0.7968922853469849 -0.009190692566335201
v 0.2918296754360199 0.7343308925628662 -0.05809039622545242
v 0.2938312888145447 0.787966251373291 -0.03975076228380203
v 0.29103127121925354 0.8118862509727478 -0.009177891537547112
v 0.28368809819221497 0.7665442228317261 -0.061198148876428604
v 0.27240562438964844 0.7432053089141846 -0.06791158020496368
v 0.28145095705986023 0.7164754271507263 -0.05274847522377968
v 0.2536899745464325 0.7563309073448181 -0.07724013179540634
v 0.2700546681880951 0.7810164093971252 -0.06869857758283615
v 0.2839406132698059 0.8027380704879761 -0.043974749743938446
v 0.2365906834602356 0.772313117980957 -0.08475387096405029
v 0.27524110674858093 0.8180871605873108 -0.047152742743492126
v 0.2838529646396637 0.8272835612297058 -0.008970805443823338
v 0.25721925497055054 0.7964657545089722 -0.07454147934913635
v 0.2724218964576721 0.8334996700286865 -0.050603900104761124
v 0.28313517570495605 0.8428006768226624 -0.008795793168246746
v 0.24879446625709534 0.8120489120483398 -0.08188004046678543
v 0.2808946967124939 0.8489766716957092 -0.0529308058321476
v 0.2892148196697235 0.8542000651359558 -0.008623093366622925
v 0.2533573806285858 0.8260599970817566 -0.09488023817539215
v 0.29481199383735657 0.8768823146820068 -0.055352263152599335
v 0.3008727729320526 0.8785487413406372 -0.006946619134396315
v 0.31784841418266296 0.9274774193763733 -0.002917882753536105
v 0.22258149087429047 0.7883819937705994 -0.09390949457883835
v 0.3131789565086365 0.9254724979400635 -0.05235933139920235
v 0.2837527096271515 0.8785567283630371 -0.10072998702526093
v 0.3259139955043793 0.977616012096405 -0.05001194402575493
v 0.32991600036621094 0.9782509803771973 -0.0004519423237070441
v 0.30398428440093994 0.9272872805595398 -0.09981323033571243
v 0.33584800362586975 1.0384349822998047 -0.05244193971157074
v 0.3380729854106903 1.0390210151672363 -0.0015179408947005868
v 0.3356249928474426 1.0660500526428223 -0.0001339413138339296
v 0.3350929915904999 1.0685149431228638 -0.051076941192150116
v 0.3353640139102936 1.0704829692840576 -0.06950794160366058
v 0.3187580406665802 0.9795849919319153 -0.10090494900941849
v 0.3299500346183777 1.0396870374679565 -0.10250893980264664
v 0.3335829973220825 1.0766700506210327 -0.08499594032764435
v 0.3344700336456299 1.0867550373077393 -0.10290194302797318
v 0.29072001576423645 0.9360150098800659 -0.14435794949531555
v 0.3161180317401886 1.044118046760559 -0.15477794408798218
v 0.3051700294017792 0.9883480072021484 -0.15005894005298615
v 0.3250730335712433 1.105828046798706 -0.1586669385433197
v 0.3353680372238159 1.1046040058135986 -0.11371394246816635
v 0.3375910222530365 1.1595619916915894 -0.11709894239902496
v 0.2918270230293274 1.0484000444412231 -0.20419195294380188
v 0.2825170159339905 0.997331976890564 -0.19856895506381989
v 0.29863202571868896 1.1089630126953125 -0.20850494503974915
v 0.3288230299949646 1.1616159677505493 -0.16207294166088104
v 0.25398004055023193 1.0510519742965698 -0.24824894964694977
v 0.3300170302391052 1.212556004524231 -0.16219794750213623
v 0.30216702818870544 1.162269949913025 -0.21040093898773193
v 0.3027290403842926 1.210800051689148 -0.21020494401454926
v 0.3000420331954956 1.2591040134429932 -0.20816394686698914
v 0.29487502574920654 1.299494981765747 -0.20514795184135437
v 0.25864502787590027 1.2556040287017822 -0.25274592638015747
v 0.261214017868042 1.2090510129928589 -0.25523093342781067
v 0.25893402099609375 1.1101640462875366 -0.25303494930267334
v 0.2612420320510864 1.1622120141983032 -0.2552599310874939
v 0.21030904352664948 1.1622480154037476 -0.29229995608329773
v 0.21039605140686035 1.2105350494384766 -0.29259297251701355
v 0.20831304788589478 1.1094950437545776 -0.2895829677581787
v 0.1582130640745163 1.1623200178146362 -0.3173019587993622
v 0.20824404060840607 1.258505940437317 -0.28986698389053345
v 0.15823906660079956 1.2126890420913696 -0.3174469769001007
v 0.25424903631210327 1.294368028640747 -0.248493954539299
v 0.20428504049777985 1.2992370128631592 -0.2845459580421448
v 0.24763505160808563 1.332090973854065 -0.2421179562807083
v 0.15657305717468262 1.2627520561218262 -0.3142969608306885
v 0.2859340310096741 1.3405909538269043 -0.19973894953727722
v 0.3047870397567749 1.3738290071487427 -0.1514529436826706
v 0.19882304966449738 1.338765025138855 -0.2762049734592438
v 0.10335206240415573 1.2151399850845337 -0.3354409635066986
v 0.1033160611987114 1.1622949838638306 -0.33536195755004883
v 0.049409057945013046 1.1622040271759033 -0.3468230068683624
v 0.15671905875205994 1.1079230308532715 -0.3144729733467102
v 0.1021900624036789 1.105802059173584 -0.331993967294693
v 0.048856060951948166 1.10385000705719 -0.34343600273132324
v 0.20459604263305664 1.0487149953842163 -0.2847079634666443
v 0.04799205809831619 1.0347909927368164 -0.33755600452423096
v 0.10070905834436417 1.03889000415802 -0.3273579776287079
v 0.15437506139278412 1.044180989265442 -0.3100099563598633
v 0.09829205274581909 0.9782999753952026 -0.31792697310447693
v 0.15083305537700653 0.9880200028419495 -0.3018999695777893
v 0.1996680498123169 0.9976720213890076 -0.27763497829437256
v 0.24764204025268555 1.004541039466858 -0.2421179562807083
v 0.19182103872299194 0.9476190209388733 -0.2670939564704895
v 0.2699820399284363 0.9494379758834839 -0.19224295020103455
v 0.2396860420703888 0.9616270065307617 -0.23440095782279968
v 0.22917404770851135 0.9206990003585815 -0.2242349535226822
v 0.14521604776382446 0.9340909719467163 -0.2886529564857483
v 0.1831490397453308 0.9006279706954956 -0.25133398175239563
v 0.2529227137565613 0.9043851494789124 -0.18413382768630981
v 0.21605302393436432 0.8829820156097412 -0.2116059511899948
v 0.27111896872520447 0.8868155479431152 -0.13945241272449493
v 0.23276793956756592 0.8614359498023987 -0.17494773864746094
v 0.24615655839443207 0.8442684412002563 -0.13690167665481567
v 0.2195521742105484 0.7976725697517395 -0.1134539544582367
v 0.22022196650505066 0.8145919442176819 -0.13968074321746826
v 0.1786220520734787 0.81661456823349 -0.19019517302513123
v 0.19556720554828644 0.7632575631141663 -0.0896836668252945
v 0.18495739996433258 0.7676454186439514 -0.11037465184926987
v 0.1783364862203598 0.7832890748977661 -0.14865002036094666
v 0.13447119295597076 0.7594429850578308 -0.1545030027627945
v 0.2133389115333557 0.7468430995941162 -0.08008527755737305
v 0.13341228663921356 0.7917435765266418 -0.201731339097023
v 0.0882200375199318 0.7747169733047485 -0.2096089869737625
v 0.1759670376777649 0.8587629795074463 -0.2297169715166092
v 0.1336340457201004 0.8393809795379639 -0.2442239671945572
v 0.13894304633140564 0.8838679790496826 -0.26930996775627136
v 0.0888710469007492 0.8253899812698364 -0.2547009587287903
v 0.09500305354595184 0.9221150279045105 -0.3028479814529419
v 0.09154905378818512 0.8700219988822937 -0.28124797344207764
v 0.04659605771303177 0.9721519947052002 -0.32634299993515015
v 0.04530305415391922 0.9149169921875 -0.3102230131626129
v 0.00019505737873259932 0.9709050059318542 -0.3281480073928833
v 0.04425305128097534 0.8618159890174866 -0.287788987159729
v 0.00023505451099481434 0.9134550094604492 -0.3117940127849579
v -0.0457739531993866 0.8631179928779602 -0.2862130105495453
v 0.0001950505975401029 0.8600320219993591 -0.28941500186920166
v -0.045564956963062286 0.8182730078697205 -0.25895699858665466
v 0.043665044009685516 0.8172000050544739 -0.26082998514175415
v 0.00019404587510507554 0.8150830268859863 -0.2624090015888214
v 0.00019403758051339537 0.7635719776153564 -0.2149379998445511
v 0.042916037142276764 0.7654370069503784 -0.21397899091243744
v 0.3324100077152252 1.4389150142669678 -0.06929994374513626
v 0.3084860146045685 1.4643700122833252 -0.07899995148181915
v 0.30718499422073364 1.422516942024231 -0.08463394641876221
v 0.279632031917572 1.4586529731750488 -0.09831094741821289
v 0.30431702733039856 1.41286301612854 -0.10500495135784149
v 0.2745450437068939 1.4513380527496338 -0.11849895864725113
v 0.29148903489112854 1.4045250415802002 -0.14682096242904663
v 0.2717890441417694 1.3911759853363037 -0.18824996054172516
v 0.23993101716041565 1.492447018623352 -0.11100895702838898
v 0.229388028383255 1.4875309467315674 -0.13792195916175842
v 0.2657560408115387 1.4491180181503296 -0.13913296163082123
v 0.21805903315544128 1.468677043914795 -0.17687495052814484
v 0.24991102516651154 1.4359610080718994 -0.17642995715141296
v 0.17444002628326416 1.499582052230835 -0.18334896862506866
v 0.2079630345106125 1.4509589672088623 -0.20499996840953827
v 0.2249380499124527 1.4128810167312622 -0.22026094794273376
v 0.1286730319261551 1.5244389772415161 -0.18965797126293182
v 0.16739004850387573 1.4728540182113647 -0.2176319658756256
v 0.18245404958724976 1.4249930381774902 -0.24425597488880157
v 0.2377980500459671 1.3739629983901978 -0.23267094790935516
v 0.19099204242229462 1.3832379579544067 -0.26249396800994873
v 0.14320404827594757 1.39792799949646 -0.28256598114967346
v 0.13628004491329193 1.4440979957580566 -0.26019197702407837
v 0.08795404434204102 1.4634610414505005 -0.26958897709846497
v 0.12479003518819809 1.4932149648666382 -0.22806797921657562
v 0.08074003458023071 1.5417590141296387 -0.194148987531662
v 0.08034404367208481 1.508802056312561 -0.2349739819765091
v 0.037141039967536926 1.517765998840332 -0.23810899257659912
v 0.3407999873161316 1.3375999927520752 0.11900000274181366
v 0.34290000796318054 1.3138999938964844 0.11559999734163284
v 0.5146999955177307 1.315000057220459 0.11649999767541885
v 0.3151000142097473 1.3171000480651855 0.0828000009059906
v 0.5152999758720398 1.340000033378601 0.11900000274181366
v 0.3127000033855438 1.340499997138977 0.0869000032544136
v 0.5525000095367432 1.3121000528335571 0.11649999767541885
v 0.3084999918937683 1.3278000354766846 0.0
v 0.5566999912261963 1.336300015449524 0.11900000274181366
v 0.3061000108718872 1.351699948310852 0.0
v 0.5843999981880188 1.319000005722046 0.08959999680519104
v 0.3127000033855438 1.340499997138977 -0.0869000032544136
v 0.5856999754905701 1.3424999713897705 0.09380000084638596
v 0.3151000142097473 1.3171000480651855 -0.0828000009059906
v 0.5946999788284302 1.3314000368118286 0.0
v 0.3407999873161316 1.3375999927520752 -0.1185000017285347
v 0.5960999727249146 1.3553999662399292 0.0
v 0.34290000796318054 1.3138999938964844 -0.11509999632835388
v 0.5856999754905701 1.3424999713897705 -0.09380000084638596
v 0.5146999955177307 1.315000057220459 -0.11649999767541885
v 0.5843999981880188 1.319000005722046 -0.08959999680519104
v 0.5152999758720398 1.340000033378601 -0.11900000274181366
v 0.5566999912261963 1.336300015449524 -0.11900000274181366
v 0.5525000095367432 1.3121000528335571 -0.11649999767541885
v -0.3084999918937683 1.3278000354766846 0.0
v -0.3061000108718872 1.351699948310852 0.0
v -0.3127000033855438 1.340499997138977 0.0869000032544136
v -0.3127000033855438 1.340499997138977 -0.0869000032544136
v -0.3151000142097473 1.3171000480651855 0.0828000009059906
v -0.3151000142097473 1.3171000480651855 -0.0828000009059906
v -0.3407999873161316 1.3375999927520752 0.11900000274181366
v -0.3407999873161316 1.3375999927520752 -0.1185000017285347
v -0.34290000796318054 1.3138999938964844 0.11559999734163284
v -0.34290000796318054 1.3138999938964844 -0.11509999632835388
v -0.5146999955177307 1.315000057220459 0.11649999767541885
v -0.5146999955177307 1.315000057220459 -0.11649999767541885
v -0.5152999758720398 1.340000033378601 0.11900000274181366
v -0.5152999758720398 1.340000033378601 -0.11900000274181366
v -0.5525000095367432 1.3121000528335571 0.11649999767541885
v -0.5525000095367432 1.3121000528335571 -0.11649999767541885
v -0.5566999912261963 1.336300015449524 0.11900000274181366
v -0.5566999912261963 1.336300015449524 -0.11900000274181366
v -0.5843999981880188 1.319000005722046 0.08959999680519104
v -0.5843999981880188 1.319000005722046 -0.08959999680519104
v -0.5856999754905701 1.3424999713897705 0.09380000084638596
v -0.5856999754905701 1.3424999713897705 -0.09380000084638596
v -0.5946999788284302 1.3314000368118286 0.0
v -0.5960999727249146 1.3553999662399292 0.0
v 0.4740999937057495 1.1497000455856323 0.0
v 0.6263999938964844 1.1497000455856323 0.0
v 0.6263999938964844 1.1612000465393066 0.027699999511241913
v 0.6263999938964844 1.1612000465393066 -0.027699999511241913
v 0.4740999937057495 1.1612000465393066 0.027699999511241913
v 0.6263999938964844 1.1888999938964844 0.03920000046491623
v 0.4740999937057495 1.1612000465393066 -0.027699999511241913
v 0.32179999351501465 1.1497000455856323 0.0
v 0.32179999351501465 1.1612000465393066 0.027699999511241913
v 0.32179999351501465 1.1612000465393066 -0.027699999511241913
v 0.32179999351501465 1.1888999938964844 -0.03920000046491623
v 0.4740999937057495 1.1888999938964844 0.03920000046491623
v 0.32179999351501465 1.1888999938964844 0.03920000046491623
v 0.6263999938964844 1.2165000438690186 0.027699999511241913
v 0.4740999937057495 1.2165000438690186 0.027699999511241913
v 0.32179999351501465 1.2165000438690186 0.027699999511241913
v 0.6263999938964844 1.2280000448226929 0.0
v 0.4740999937057495 1.2280000448226929 0.0
v 0.32179999351501465 1.2280000448226929 0.0
v 0.6263999938964844 1.2165000438690186 -0.027699999511241913
v 0.4740999937057495 1.2165000438690186 -0.027699999511241913
v 0.32179999351501465 1.2165000438690186 -0.027699999511241913
v 0.6263999938964844 1.1888999938964844 -0.03920000046491623
v 0.4740999937057495 1.1888999938964844 -0.03920000046491623
v -0.6263999938964844 1.1612000465393066 0.027699999511241913
v -0.6263999938964844 1.1497000455856323 0.0
v -0.4740999937057495 1.1497000455856323 0.0
v -0.6263999938964844 1.1612000465393066 -0.027699999511241913
v -0.4740999937057495 1.1612000465393066 0.027699999511241913
v -0.6263999938964844 1.1888999938964844 0.03920000046491623
v -0.4740999937057495 1.1612000465393066 -0.027699999511241913
v -0.4740999937057495 1.1888999938964844 0.03920000046491623
v -0.6263999938964844 1.2165000438690186 0.027699999511241913
v -0.32179999351501465 1.1497000455856323 0.0
v -0.32179999351501465 1.1612000465393066 0.027699999511241913
v -0.32179999351501465 1.1612000465393066 -0.027699999511241913
v -0.32179999351501465 1.1888999938964844 0.03920000046491623
v -0.32179999351501465 1.1888999938964844 -0.03920000046491623
v -0.4740999937057495 1.2165000438690186 0.027699999511241913
v -0.32179999351501465 1.2165000438690186 0.027699999511241913
v -0.6263999938964844 1.2280000448226929 0.0
v -0.4740999937057495 1.2280000448226929 0.0
v -0.32179999351501465 1.2280000448226929 0.0
v -0.6263999938964844 1.2165000438690186 -0.027699999511241913
v -0.4740999937057495 1.2165000438690186 -0.027699999511241913
v -0.32179999351501465 1.2165000438690186 -0.027699999511241913
v -0.6263999938964844 1.1888999938964844 -0.03920000046491623
v -0.4740999937057495 1.1888999938964844 -0.03920000046491623
v 0.11800000071525574 1.6318000555038452 -0.06809999793767929
v 0.1362999975681305 1.6318000555038452 0.0
v 0.15680000185966492 1.61899995803833 0.0
v 0.11800000071525574 1.6318000555038452 0.06809999793767929
v 0.13580000400543213 1.61899995803833 -0.07829999923706055
v 0.0681999996304512 1.6318000555038452 -0.11789999902248383
v 0.13580000400543213 1.61899995803833 0.07829999923706055
v 0.0681999996304512 1.6318000555038452 0.11789999902248383
v 0.1647000014781952 1.6007000207901 0.0
v 0.07840000092983246 1.61899995803833 -0.13570000231266022
v 1.0810936146299355e-08 1.6318000555038452 -0.13620001077651978
v 0.14270000159740448 1.6007000207901 -0.08229999989271164
v 1.0810936146299355e-08 1.61899995803833 -0.1566999852657318
v -0.06800000369548798 1.6318000555038452 -0.11789999902248383
v 0.08240000158548355 1.6007000207901 -0.14259999990463257
v -0.07819999754428864 1.61899995803833 -0.13570000231266022
v -0.11779999732971191 1.6318000555038452 -0.06809999793767929
v 1.0810936146299355e-08 1.6007000207901 -0.16459998488426208
v -0.1356000006198883 1.61899995803833 -0.07829999923706055
v -0.13609999418258667 1.6318000555038452 0.0
v -0.08219999819993973 1.6007000207901 -0.14259999990463257
v 0.07810000330209732 1.580399990081787 -0.13519999384880066
v -0.1565999984741211 1.61899995803833 0.0
v 1.0810936146299355e-08 1.580399990081787 -0.15609997510910034
v -0.14249999821186066 1.6007000207901 -0.08229999989271164
v -0.0778999999165535 1.580399990081787 -0.13519999384880066
v 1.0810936146299355e-08 1.5676000118255615 -0.13029998540878296
v -0.06509999930858612 1.5676000118255615 -0.11289999634027481
v 0.06530000269412994 1.5676000118255615 -0.11289999634027481
v -0.1128000020980835 1.5676000118255615 -0.06520000100135803
v 0.13529999554157257 1.580399990081787 -0.07800000160932541
v 0.11299999803304672 1.5676000118255615 -0.06520000100135803
v -0.13510000705718994 1.580399990081787 -0.07800000160932541
v -0.13019999861717224 1.5676000118255615 0.0
v 0.15620000660419464 1.580399990081787 0.0
v 0.13040000200271606 1.5676000118255615 0.0
v 0.11299999803304672 1.5676000118255615 0.06520000100135803
v 0.14270000159740448 1.6007000207901 0.08229999989271164
v 0.13529999554157257 1.580399990081787 0.07800000160932541
v 0.06530000269412994 1.5676000118255615 0.11289999634027481
v 0.07840000092983246 1.61899995803833 0.13570000231266022
v 1.0810936146299355e-08 1.6318000555038452 0.13619999587535858
v 0.08240000158548355 1.6007000207901 0.14259999990463257
v 0.07810000330209732 1.580399990081787 0.13519999384880066
v 1.0810936146299355e-08 1.5676000118255615 0.13030000030994415
v 1.0810936146299355e-08 1.61899995803833 0.1567000150680542
v -0.06800000369548798 1.6318000555038452 0.11789999902248383
v 1.0810936146299355e-08 1.6007000207901 0.16460001468658447
v 1.0810936146299355e-08 1.580399990081787 0.15610003471374512
v -0.06509999930858612 1.5676000118255615 0.11289999634027481
v -0.07819999754428864 1.61899995803833 0.13570000231266022
v -0.11779999732971191 1.6318000555038452 0.06809999793767929
v -0.08219999819993973 1.6007000207901 0.14259999990463257
v -0.0778999999165535 1.580399990081787 0.13519999384880066
v -0.1128000020980835 1.5676000118255615 0.06520000100135803
v -0.1356000006198883 1.61899995803833 0.07829999923706055
v -0.14249999821186066 1.6007000207901 0.08229999989271164
v -0.13510000705718994 1.580399990081787 0.07800000160932541
v -0.16449999809265137 1.6007000207901 0.0
v -0.15600000321865082 1.580399990081787 0.0
v 0.05479477718472481 0.9384191036224365 0.40647709369659424
v 3.553534355660304e-08 0.9312052726745605 0.40647709369659424
v 4.0561641156955375e-08 0.9038592576980591 0.46397119760513306
v -0.05479470267891884 0.9384191036224365 0.40647709369659424
v 0.06198655813932419 0.9120199680328369 0.46397125720977783
v 0.10585515201091766 0.9595690369606018 0.40647709369659424
v -0.06198647618293762 0.9120199680328369 0.46397125720977783
v -0.1058550775051117 0.9595690369606018 0.40647709369659424
v 3.835758377590537e-08 0.8833112716674805 0.4387597441673279
v 0.11974870413541794 0.9359458088874817 0.46397125720977783
v 0.14970168471336365 0.9932136535644531 0.40647709369659424
v 0.0673048198223114 0.89217209815979 0.4387597441673279
v 0.16935019195079803 0.9740062952041626 0.46397125720977783
v 0.18334636092185974 1.0370601415634155 0.40647703409194946
v 0.13002274930477142 0.9181506633758545 0.4387597441673279
v 0.2074107676744461 1.023607850074768 0.46397125720977783
v 0.20449627935886383 1.0881205797195435 0.40647709369659424
v 0.18387986719608307 0.9594766497612 0.4387597441673279
v 0.23133666813373566 1.0813699960708618 0.46397125720977783
v 0.211710125207901 1.14291512966156 0.40647709369659424
v 0.2252059280872345 1.013333797454834 0.4387597441673279
v 0.2394973486661911 1.1433563232421875 0.46397125720977783
v 0.20449630916118622 1.1977096796035767 0.40647709369659424
v 0.25118449330329895 1.0760517120361328 0.43875980377197266
v 0.23133669793605804 1.2053427696228027 0.46397125720977783
v 0.1833464354276657 1.2487701177597046 0.40647709369659424
v 0.2600453794002533 1.1433563232421875 0.43875980377197266
v 0.20741084218025208 1.2631049156188965 0.4639713168144226
v 0.1497018188238144 1.292616605758667 0.406477153301239
v 0.2511845529079437 1.2106609344482422 0.43875980377197266
v 0.16935035586357117 1.312706470489502 0.4639713168144226
v 0.10585525631904602 1.326261281967163 0.406477153301239
v 0.22520600259304047 1.2733789682388306 0.43875986337661743
v 0.2685566246509552 1.1433563232421875 0.37789392471313477
v 0.11974883824586868 1.3507670164108276 0.4639713168144226
v 0.25940582156181335 1.212863802909851 0.37789392471313477
v 0.1838800311088562 1.3272360563278198 0.43875986337661743
v 0.23257699608802795 1.277634620666504 0.37789392471313477
v 0.25142037868499756 1.14439857006073 0.2697429358959198
v 0.24381764233112335 1.2117480039596558 0.2694353461265564
v 0.24395954608917236 1.076872706413269 0.26932570338249207
v 0.22202998399734497 1.2738475799560547 0.268198698759079
v 0.25940582156181335 1.073848843574524 0.37789392471313477
v 0.22507591545581818 1.0133485794067383 0.2672985792160034
v 0.2325768768787384 1.0090781450271606 0.37789386510849
v 0.18434958159923553 0.9573730826377869 0.26676422357559204
v 0.18989822268486023 0.953458309173584 0.37789386510849
v 0.13216933608055115 0.9085370898246765 0.26498931646347046
v 0.13427837193012238 0.9107797145843506 0.37789386510849
v 0.06964369118213654 0.8783442974090576 0.26413494348526
v 0.06950771063566208 0.8839508295059204 0.37789386510849
v 1.6763806343078613e-08 0.8743102550506592 0.26538026332855225
v 3.3036521074336633e-08 0.8747999668121338 0.37789386510849
v -0.0695076510310173 0.8839508295059204 0.37789386510849
v -0.06964363157749176 0.8783442974090576 0.26413494348526
v -0.06730474531650543 0.89217209815979 0.4387597441673279
v -0.1342783123254776 0.9107797145843506 0.37789386510849
v -0.13216929137706757 0.9085370302200317 0.26498931646347046
v -0.13002265989780426 0.9181506633758545 0.4387597441673279
v -0.11974862962961197 0.9359458088874817 0.46397125720977783
v -0.14970162510871887 0.9932136535644531 0.40647709369659424
v -0.16935010254383087 0.9740062952041626 0.46397125720977783
v -0.18334630131721497 1.0370601415634155 0.40647709369659424
v -0.1838797777891159 0.9594766497612 0.43875980377197266
v -0.20741067826747894 1.023607850074768 0.4639713168144226
v -0.20449621975421906 1.0881205797195435 0.406477153301239
v -0.18989816308021545 0.953458309173584 0.37789392471313477
v -0.18434955179691315 0.9573729634284973 0.26676425337791443
v -0.22520583868026733 1.013333797454834 0.43875980377197266
v -0.2313365787267685 1.0813699960708618 0.4639713168144226
v -0.21171006560325623 1.14291512966156 0.406477153301239
v -0.23257681727409363 1.0090781450271606 0.37789392471313477
v -0.2250758558511734 1.0133485794067383 0.2672986388206482
v -0.2511844336986542 1.0760517120361328 0.43875986337661743
v -0.23949725925922394 1.1433563232421875 0.4639713168144226
v -0.20449624955654144 1.1977096796035767 0.406477153301239
v -0.2594057619571686 1.073848843574524 0.37789398431777954
v -0.2439594864845276 1.076872706413269 0.26932576298713684
v -0.2600453197956085 1.1433563232421875 0.43875986337661743
v -0.23133660852909088 1.2053427696228027 0.4639713168144226
v -0.18334637582302094 1.2487701177597046 0.406477153301239
v -0.2685565650463104 1.1433563232421875 0.37789398431777954
v -0.25142037868499756 1.1443984508514404 0.2697429656982422
v -0.25118449330329895 1.2106609344482422 0.43875986337661743
v -0.2074107527732849 1.2631049156188965 0.4639713764190674
v -0.14970175921916962 1.292616605758667 0.406477153301239
v -0.2594057619571686 1.212863802909851 0.37789398431777954
v -0.2438175231218338 1.2117480039596558 0.26943540573120117
v -0.2252059131860733 1.2733789682388306 0.4387599229812622
v -0.169350266456604 1.312706470489502 0.4639713168144226
v -0.10585518181324005 1.326261281967163 0.406477153301239
v -0.23257693648338318 1.277634620666504 0.37789398431777954
v -0.2220299392938614 1.2738475799560547 0.26819872856140137
v -0.18387994170188904 1.3272360563278198 0.4387599229812622
v -0.18989834189414978 1.3332544565200806 0.3778940439224243
v -0.18387995660305023 1.3272361755371094 0.2672616243362427
v -0.11974876374006271 1.3507670164108276 0.4639713168144226
v -0.130022794008255 1.3685622215270996 0.43875986337661743
v -0.13427843153476715 1.3759331703186035 0.37789398431777954
v -0.1300228089094162 1.3685622215270996 0.2672615647315979
v -0.06198662519454956 1.3746929168701172 0.4639713168144226
v -0.054794784635305405 1.3474112749099731 0.406477153301239
v 3.5535350662030396e-08 1.3546251058578491 0.406477153301239
v -0.06730487942695618 1.394540786743164 0.43875986337661743
v -0.06950774788856506 1.4027620553970337 0.37789398431777954
v -0.06730492413043976 1.394540786743164 0.2672615647315979
v 4.056165181509641e-08 1.382853627204895 0.4639713168144226
v 3.8357594434046405e-08 1.4034017324447632 0.43875986337661743
v 3.303653173247767e-08 1.4119129180908203 0.37789398431777954
v 2.3364737700148908e-08 1.4034017324447632 0.2672615647315979
v 0.06730496883392334 1.394540786743164 0.2672615647315979
v 0.06950780749320984 1.4027620553970337 0.37789398431777954
v 0.13002286851406097 1.3685622215270996 0.2672615647315979
v 0.06730495393276215 1.394540786743164 0.43875986337661743
v 0.13427849113941193 1.3759331703186035 0.37789398431777954
v 0.183880016207695 1.3272361755371094 0.2672615647315979
v 0.06198670715093613 1.3746929168701172 0.4639713168144226
v 0.054794859141111374 1.3474112749099731 0.406477153301239
v 0.13002288341522217 1.3685622215270996 0.43875986337661743
v 0.18989840149879456 1.3332544565200806 0.37789398431777954
v 0.04328280687332153 0.9813823103904724 0.37230050563812256
v 3.254753266901389e-08 0.9756840467453003 0.37230050563812256
v 3.677293491932687e-08 0.949629008769989 0.4206334948539734
v -0.04328273981809616 0.9813823103904724 0.37230050563812256
v 0.050026364624500275 0.9562150835990906 0.4206334948539734
v 0.08361577242612839 0.9980887770652771 0.37230050563812256
v -0.050026290118694305 0.9562150835990906 0.4206334948539734
v -0.08361571282148361 0.9980887770652771 0.37230050563812256
v 3.553534355660304e-08 0.9312052726745605 0.40647709369659424
v 0.05479477718472481 0.9384191036224365 0.40647709369659424
v -0.05479470267891884 0.9384191036224365 0.40647709369659424
v 0.09664330631494522 0.9755244255065918 0.4206334948539734
v 0.10585515201091766 0.9595690369606018 0.40647709369659424
v 0.11825046688318253 1.0246648788452148 0.37230050563812256
v 0.1366741806268692 1.0062412023544312 0.4206334948539734
v 0.14970168471336365 0.9932136535644531 0.40647709369659424
v 0.14482660591602325 1.0592995882034302 0.37230050563812256
v 0.16739095747470856 1.0462720394134521 0.4206334948539734
v 0.18334636092185974 1.0370601415634155 0.40647703409194946
v 0.16153308749198914 1.0996325016021729 0.37230050563812256
v 0.18670034408569336 1.0928889513015747 0.4206334948539734
v 0.20449627935886383 1.0881205797195435 0.40647709369659424
v 0.16723136603832245 1.14291512966156 0.37230056524276733
v 0.19328641891479492 1.14291512966156 0.4206334948539734
v 0.211710125207901 1.14291512966156 0.40647709369659424
v 0.16153310239315033 1.1861977577209473 0.37230056524276733
v 0.18670037388801575 1.1929413080215454 0.4206334948539734
v 0.20449630916118622 1.1977096796035767 0.40647709369659424
v 0.14482668042182922 1.22653067111969 0.37230056524276733
v 0.16739103198051453 1.239558219909668 0.42063355445861816
v 0.1833464354276657 1.2487701177597046 0.40647709369659424
v 0.11825057119131088 1.2611653804779053 0.37230056524276733
v 0.13667428493499756 1.279589056968689 0.42063355445861816
v 0.1497018188238144 1.292616605758667 0.406477153301239
v 0.08361584693193436 1.2877415418624878 0.37230056524276733
v 0.09664338827133179 1.3103059530258179 0.42063355445861816
v 0.10585525631904602 1.326261281967163 0.406477153301239
v 0.05002645030617714 1.3296153545379639 0.42063355445861816
v 0.0432828888297081 1.304448127746582 0.37230056524276733
v 0.054794859141111374 1.3474112749099731 0.406477153301239
v 3.254753977444125e-08 1.3101463317871094 0.37230056524276733
v 3.677294202475423e-08 1.3362014293670654 0.42063355445861816
v 3.5535350662030396e-08 1.3546251058578491 0.406477153301239
v -0.054794784635305405 1.3474112749099731 0.406477153301239
v -0.05002637580037117 1.3296153545379639 0.42063355445861816
v -0.04328282177448273 1.304448127746582 0.37230056524276733
v -0.10585518181324005 1.326261281967163 0.406477153301239
v -0.08361578732728958 1.2877415418624878 0.37230056524276733
v -0.09664331376552582 1.3103059530258179 0.42063355445861816
v -0.14970175921916962 1.292616605758667 0.406477153301239
v -0.13667422533035278 1.279589056968689 0.42063355445861816
v -0.11825051158666611 1.2611653804779053 0.37230056524276733
v -0.18334637582302094 1.2487701177597046 0.406477153301239
v -0.16739097237586975 1.239558219909668 0.42063355445861816
v -0.14482662081718445 1.22653067111969 0.37230056524276733
v -0.20449624955654144 1.1977096796035767 0.406477153301239
v -0.18670031428337097 1.1929413080215454 0.42063355445861816
v -0.16153304278850555 1.1861977577209473 0.37230056524276733
v -0.21171006560325623 1.14291512966156 0.406477153301239
v -0.19328635931015015 1.14291512966156 0.42063355445861816
v -0.16723130643367767 1.14291512966156 0.37230056524276733
v -0.20449621975421906 1.0881205797195435 0.406477153301239
v -0.18670028448104858 1.0928889513015747 0.42063355445861816
v -0.16153302788734436 1.0996325016021729 0.37230050563812256
v -0.18334630131721497 1.0370601415634155 0.40647709369659424
v -0.16739089787006378 1.0462720394134521 0.4206334948539734
v -0.14482654631137848 1.0592995882034302 0.37230050563812256
v -0.14970162510871887 0.9932136535644531 0.40647709369659424
v -0.13667412102222443 1.0062412023544312 0.4206334948539734
v -0.11825040727853775 1.0246648788452148 0.37230050563812256
v -0.1058550775051117 0.9595690369606018 0.40647709369659424
v -0.09664323180913925 0.9755244255065918 0.4206334948539734
v -0.05119999870657921 0.6266000270843506 0.0
v -0.03500000014901161 0.61080002784729 0.0
v -0.024800000712275505 0.61080002784729 0.024800000712275505
v -0.024800000712275505 0.61080002784729 -0.024800000712275505
v -0.03620000183582306 0.6266000270843506 0.03620000183582306
v -0.0 0.61080002784729 0.03500000014901161
v -0.03620000183582306 0.6266000270843506 -0.03620000183582306
v -0.0 0.61080002784729 -0.03500000014901161
v -0.05119999870657921 0.7898999452590942 0.0
v -0.03620000183582306 0.7898999452590942 0.03620000183582306
v -0.03620000183582306 0.7898999452590942 -0.03620000183582306
v -0.0 0.7898999452590942 0.05119999870657921
v -0.0 0.7898999452590942 -0.05119999870657921
v -0.0 0.6266000270843506 0.05119999870657921
v 0.03620000183582306 0.7898999452590942 0.03620000183582306
v 0.024800000712275505 0.61080002784729 0.024800000712275505
v 0.03620000183582306 0.6266000270843506 0.03620000183582306
v 0.05119999870657921 0.7898999452590942 0.0
v 0.03500000014901161 0.61080002784729 0.0
v 0.05119999870657921 0.6266000270843506 0.0
v 0.03620000183582306 0.6266000270843506 -0.03620000183582306
v 0.03620000183582306 0.7898999452590942 -0.03620000183582306
v 0.024800000712275505 0.61080002784729 -0.024800000712275505
v -0.0 0.6266000270843506 -0.05119999870657921
v 0.312125027179718 1.2113150358200073 -0.1143079474568367
v 0.33888503909111023 1.211238980293274 -0.11766894161701202
v 0.33844104409217834 1.262948989868164 -0.11682093888521194
v 0.3375910222530365 1.1595619916915894 -0.11709894239902496
v 0.31117403507232666 1.2621220350265503 -0.11397894471883774
v 0.33582502603530884 1.3096359968185425 -0.11602293699979782
v 0.31157103180885315 1.160519003868103 -0.11294794827699661
v 0.3353680372238159 1.1046040058135986 -0.11371394246816635
v 0.28434303402900696 1.2113579511642456 -0.11175494641065598
v 0.3077450394630432 1.3085869550704956 -0.11312694847583771
v 0.3338180184364319 1.3274259567260742 -0.11151593923568726
v 0.31096503138542175 1.1069949865341187 -0.10881894826889038
v 0.3344700336456299 1.0867550373077393 -0.10290194302797318
v 0.30542904138565063 1.3276679515838623 -0.1068219467997551
v 0.33039504289627075 1.340770959854126 -0.09974593669176102
v 0.30832403898239136 1.0899829864501953 -0.09760195016860962
v 0.3335829973220825 1.0766700506210327 -0.08499594032764435
v 0.28617802262306213 1.1078840494155884 -0.10583994537591934
v 0.3061000108718872 1.0792789459228516 -0.08137394487857819
v 0.3353640139102936 1.0704829692840576 -0.06950794160366058
v 0.2820280194282532 1.0924979448318481 -0.09419894963502884
v 0.28525102138519287 1.161342978477478 -0.11092794686555862
v 0.2889629900455475 1.1628299951553345 -0.04719594866037369
v 0.2818810045719147 1.1119600534439087 -0.04703495278954506
v 0.27893000841140747 1.0843230485916138 -0.07701994478702545
v 0.30691900849342346 1.0749319791793823 -0.06577594578266144
v 0.3350929915904999 1.0685149431228638 -0.051076941192150116
v 0.2804639935493469 1.080273985862732 -0.06255094707012177
v 0.3084309995174408 1.0733530521392822 -0.04916994646191597
v 0.3356249928474426 1.0660500526428223 -0.0001339413138339296
v 0.28180500864982605 1.0785080194473267 -0.047244951128959656
v 0.30956101417541504 1.071578025817871 0.0006310541066341102
v 0.3356989920139313 1.0683350563049316 0.05072405934333801
v 0.28220900893211365 1.0768229961395264 0.0014200493460521102
v 0.3078390061855316 1.0738719701766968 0.05040305107831955
v 0.3346869945526123 1.0723470449447632 0.07556905597448349
v 0.2816550135612488 1.115246057510376 -3.295075293863192e-05
v 0.2799749970436096 1.0793689489364624 0.05008604750037193
v 0.3061560094356537 1.0770690441131592 0.07322604954242706
v 0.33315595984458923 1.0825350284576416 0.09501606225967407
v 0.2784860134124756 1.0823019742965698 0.07185705006122589
v 0.30565696954727173 1.0869940519332886 0.09304605424404144
v 0.2814289927482605 1.1185170412063599 0.04696904867887497
v 0.2782919704914093 1.0923140048980713 0.09065105020999908
v 0.2805609703063965 1.1046370267868042 0.1010410487651825
v 0.3072909712791443 1.0999170541763306 0.1037430539727211
v 0.3335309624671936 1.095337986946106 0.10762906074523926
v 0.28437697887420654 1.1218739748001099 0.10695604979991913
v 0.30996498465538025 1.1181399822235107 0.10975304991006851
v 0.33515697717666626 1.1134250164031982 0.11451505869626999
v 0.28730499744415283 1.1648650169372559 0.04593604803085327
v 0.291983962059021 1.16383695602417 0.1098780557513237
v 0.3149329721927643 1.1622060537338257 0.1123550534248352
v 0.33727896213531494 1.1603820323944092 0.11801806092262268
v 0.33639398217201233 1.214879035949707 0.11938706040382385
v 0.31165897846221924 1.2165039777755737 0.11452905088663101
v 0.33326297998428345 1.2692739963531494 0.1175970584154129
v 0.30586597323417664 1.270827054977417 0.11339905112981796
v 0.329416960477829 1.3214130401611328 0.11277306079864502
v 0.28658297657966614 1.2179139852523804 0.11128905415534973
v 0.30486196279525757 1.319322943687439 0.10777705162763596
v 0.3267419636249542 1.340710997581482 0.09795606136322021
v 0.27839797735214233 1.2724109888076782 0.10961805284023285
v 0.2897390127182007 1.2162879705429077 0.0448930524289608
v 0.28662100434303284 1.2674360275268555 0.04394704848527908
v 0.2798589766025543 1.3188600540161133 0.10528405010700226
v 0.3021799623966217 1.337501049041748 0.09437805414199829
v 0.3285210132598877 1.3548200130462646 0.06996505707502365
v 0.27739498019218445 1.3360710144042969 0.09163205325603485
v 0.301580011844635 1.3509680032730103 0.06696305423974991
v 0.3275099992752075 1.3564529418945312 0.04649105668067932
v 0.2773689925670624 1.3162510395050049 0.043115049600601196
v 0.2746019959449768 1.3474969863891602 0.06401604413986206
v 0.3005580008029938 1.3522089719772339 0.0447920523583889
v 0.3011370003223419 1.3541589975357056 -0.003226947272196412
v 0.328359991312027 1.358091950416565 -0.003924942575395107
v 0.2735700011253357 1.3483500480651855 0.043101049959659576
v 0.27906399965286255 1.3150919675827026 -0.002317951060831547
v 0.2740209996700287 1.3497530221939087 -0.002490952145308256
v 0.3025360107421875 1.353261947631836 -0.051215946674346924
v 0.329804003238678 1.3560940027236938 -0.05428694561123848
v 0.27511799335479736 1.3493249416351318 -0.04808394983410835
v 0.2802389860153198 1.3137730360031128 -0.04772995039820671
v 0.28984299302101135 1.2653909921646118 -0.0029159493278712034
v 0.2749220132827759 1.3476719856262207 -0.07038995623588562
v 0.3025999963283539 1.3506059646606445 -0.07451094686985016
v 0.32958999276161194 1.352931022644043 -0.07730793952941895
v 0.27483701705932617 1.3394639492034912 -0.09017395228147507
v 0.30362004041671753 1.3406130075454712 -0.09485495090484619
v 0.2758810222148895 1.3271310329437256 -0.10284595191478729
v 0.27813002467155457 1.3083460330963135 -0.10973494499921799
v 0.2891629934310913 1.2639069557189941 -0.04981594905257225
v 0.2822200357913971 1.2614020109176636 -0.11060494929552078
v 0.2921369969844818 1.2149510383605957 -0.0020469489973038435
v 0.2918170094490051 1.2134679555892944 -0.048892948776483536
v 0.2880130112171173 1.1641680002212524 -0.0006229496793821454
v -0.3386399745941162 1.2629090547561646 -0.1170850619673729
v -0.339057981967926 1.211225986480713 -0.11795505881309509
v -0.3127189576625824 1.2113159894943237 -0.11429604887962341
v -0.33772698044776917 1.1595770120620728 -0.11739706248044968
v -0.31176596879959106 1.2621220350265503 -0.11398205161094666
v -0.33601996302604675 1.3096389770507812 -0.11627405881881714
v -0.31216296553611755 1.160519003868103 -0.11295004934072495
v -0.33546897768974304 1.1044939756393433 -0.11398705840110779
v -0.3083319664001465 1.3085969686508179 -0.11316604912281036
v -0.33396896719932556 1.3274359703063965 -0.11163406074047089
v -0.2846459746360779 1.2113310098648071 -0.1119900494813919
v -0.28248995542526245 1.2613509893417358 -0.11086004972457886
v -0.30600297451019287 1.32778000831604 -0.10693605244159698
v -0.3305509686470032 1.3408759832382202 -0.0998130589723587
v -0.278469979763031 1.3083560466766357 -0.10993105173110962
v -0.30418896675109863 1.3408620357513428 -0.09496205300092697
v -0.3300569951534271 1.3529980182647705 -0.07731705904006958
v -0.27634698152542114 1.327267050743103 -0.10299404710531235
v -0.30316799879074097 1.3509169816970825 -0.07456205040216446
v -0.33024999499320984 1.3562530279159546 -0.05429105833172798
v -0.275240957736969 1.3396179676055908 -0.09024504572153091
v -0.3031120002269745 1.353469967842102 -0.0512220524251461
v -0.32881399989128113 1.3582979440689087 -0.003940057475119829
v -0.2753539979457855 1.3479779958724976 -0.07043604552745819
v -0.2804040014743805 1.3136680126190186 -0.047718048095703125
v -0.2754260003566742 1.3496040105819702 -0.04808904975652695
v -0.30172300338745117 1.3542380332946777 -0.0032270527444779873
v -0.3278140127658844 1.356760025024414 0.04648194462060928
v -0.27422401309013367 1.35008704662323 -0.002487048041075468
v -0.2891939878463745 1.2637979984283447 -0.049789052456617355
v -0.2794150114059448 1.31502103805542 -0.0023100487887859344
v -0.29180198907852173 1.2134430408477783 -0.04886505380272865
v -0.2901400029659271 1.2653310298919678 -0.002896050689741969
v -0.29217201471328735 1.214966058731079 -0.0020330511033535004
v -0.2738099992275238 1.3487000465393066 0.0431099534034729
v -0.2872140109539032 1.2674360275268555 0.04394695162773132
v -0.30114999413490295 1.3522119522094727 0.044791948050260544
v -0.27796098589897156 1.3162510395050049 0.043114952743053436
v -0.27491500973701477 1.347764015197754 0.06407295167446136
v -0.30217400193214417 1.3509420156478882 0.06695994734764099
v -0.328592985868454 1.3552860021591187 0.070003941655159
v -0.27777403593063354 1.3362419605255127 0.09173894673585892
v -0.3027700185775757 1.3375170230865479 0.09438594430685043
v -0.32688504457473755 1.340867042541504 0.09803693741559982
v -0.28038302063941956 1.318884015083313 0.10533494502305984
v -0.30547502636909485 1.3192490339279175 0.10766294598579407
v -0.3295460343360901 1.3214349746704102 0.11295994371175766
v -0.27879002690315247 1.2723920345306396 0.10977894812822342
v -0.30654603242874146 1.2707890272140503 0.11287694424390793
v -0.3336230218410492 1.269258975982666 0.11777894198894501
v -0.28730103373527527 1.2178850173950195 0.11116594821214676
v -0.3123760223388672 1.2164889574050903 0.11384594440460205
v -0.3368130326271057 1.2148770093917847 0.11954694241285324
v -0.29093989729881287 1.2163546085357666 0.04491879418492317
v -0.2929280400276184 1.163817048072815 0.10956494510173798
v -0.3156430423259735 1.1622400283813477 0.11173694580793381
v -0.33760902285575867 1.1603820323944092 0.11821094155311584
v -0.3353230357170105 1.1133610010147095 0.11482793837785721
v -0.31064504384994507 1.1182849407196045 0.1092989444732666
v -0.33373403549194336 1.0951950550079346 0.10778894275426865
v -0.30793002247810364 1.1001100540161133 0.10354194790124893
v -0.33346402645111084 1.082250952720642 0.09511993825435638
v -0.28497403860092163 1.1218739748001099 0.10695094615221024
v -0.2875819802284241 1.1649224758148193 0.04592202603816986
v -0.2809520363807678 1.1045639514923096 0.1011839509010315
v -0.28780698776245117 1.164268970489502 -0.0006060503656044602
v -0.28140100836753845 1.1186339855194092 0.04695895314216614
v -0.28150999546051025 1.1153719425201416 -3.404922244953923e-05
v -0.2889370024204254 1.1629060506820679 -0.0471760518848896
v -0.28563398122787476 1.1613470315933228 -0.11110605299472809
v -0.28662195801734924 1.1078439950942993 -0.10595805197954178
v -0.2818000018596649 1.112064003944397 -0.04702704772353172
v -0.31154897809028625 1.106969952583313 -0.10886405408382416
v -0.33449098467826843 1.086514949798584 -0.10302305966615677
v -0.3089069724082947 1.0899230241775513 -0.09763605147600174
v -0.3338710069656372 1.0763750076293945 -0.08506705611944199
v -0.28241997957229614 1.0923750400543213 -0.09431305527687073
v -0.3066839873790741 1.079211950302124 -0.08139105141162872
v -0.3355009853839874 1.0701420307159424 -0.06952005624771118
v -0.27911999821662903 1.083974003791809 -0.07713105529546738
v -0.30750200152397156 1.0748540163040161 -0.06578405201435089
v -0.3353489935398102 1.0681179761886597 -0.05108305811882019
v -0.2807289958000183 1.0799280405044556 -0.0625600516796112
v -0.2821440100669861 1.0782350301742554 -0.047231048345565796
v -0.3090130090713501 1.0732669830322266 -0.04917105659842491
v -0.3360249996185303 1.0656800270080566 -0.00013405874778982252
v -0.2827970087528229 1.076812982559204 0.0014259505551308393
v -0.31014299392700195 1.0714980363845825 0.0006309457239694893
v -0.3360449969768524 1.068034052848816 0.05073093995451927
v -0.2805500030517578 1.0793509483337402 0.050084952265024185
v -0.30842500925064087 1.0738179683685303 0.05040494725108147
v -0.33491501212120056 1.0720349550247192 0.07560493797063828
v -0.3067440092563629 1.0770310163497925 0.07323294878005981
v -0.27882298827171326 1.082049012184143 0.07189294695854187
v -0.278624027967453 1.0921210050582886 0.09076594561338425
v -0.30625802278518677 1.0870529413223267 0.09301894903182983
v 0.25779393315315247 1.0948189496994019 0.3245570659637451
v 0.26332294940948486 1.1657359600067139 0.3260190486907959
v 0.253479927778244 1.1646499633789062 0.314706027507782
v 0.25024792551994324 1.2300889492034912 0.32537102699279785
v 0.2491559386253357 1.0962239503860474 0.3125070333480835
v 0.24137593805789948 1.0342669486999512 0.32305803894996643
v 0.2409619390964508 1.2262979745864868 0.31384003162384033
v 0.22168193757534027 1.2861340045928955 0.3245610296726227
v 0.23889794945716858 1.1629979610443115 0.2897240221500397
v 0.23249393701553345 1.0382790565490723 0.3110610246658325
v 0.20538194477558136 0.9775980114936829 0.31939801573753357
v 0.23431895673274994 1.0984619855880737 0.2876100242137909
v 0.20053094625473022 0.9814959764480591 0.30644702911376953
v 0.16586093604564667 0.9289119839668274 0.3154120445251465
v 0.22032295167446136 1.0428309440612793 0.28463104367256165
v 0.15988793969154358 0.9368540048599243 0.3011000156402588
v 0.12389994412660599 0.898980975151062 0.3118290305137634
v 0.1931089609861374 0.9869030117988586 0.28003302216529846
v 0.11919794976711273 0.9084780216217041 0.2966970205307007
v 0.0774509459733963 0.8807600140571594 0.3087159991264343
v 0.15431195497512817 0.9420430064201355 0.2700140178203583
v 0.07481894642114639 0.8901910185813904 0.29288798570632935
v 0.03805594891309738 0.8730660080909729 0.30692601203918457
v 0.11540495604276657 0.9131259918212891 0.2639000415802002
v 0.036868948489427567 0.8820629715919495 0.29045799374580383
v -6.5053507569246e-05 0.8710629940032959 0.3060140013694763
v 0.07253795862197876 0.8939930200576782 0.2593899965286255
v -0.0026240369770675898 1.1385619640350342 0.2114969938993454
v 0.035787954926490784 0.885487973690033 0.25611498951911926
v -0.0012220506323501468 0.879414975643158 0.28957998752593994
v -0.003546044696122408 0.8825460076332092 0.2555040121078491
v -0.04392405226826668 0.883059024810791 0.29162201285362244
v -0.045409053564071655 0.8733850121498108 0.30730798840522766
v -0.042685043066740036 0.8862839937210083 0.258435994386673
v -0.08608105033636093 0.8934829831123352 0.2953759729862213
v -0.08881205320358276 0.8838599920272827 0.3091549575328827
v -0.08436104655265808 0.8970500230789185 0.2654939889907837
v -0.13126903772354126 0.9148200154304504 0.29770997166633606
v -0.13538005948066711 0.9067869782447815 0.3119119703769684
v -0.12778905034065247 0.9194459915161133 0.2673099637031555
v -0.17317405343055725 0.9472020268440247 0.3028809726238251
v -0.17849406599998474 0.9408929944038391 0.3168249726295471
v -0.16720104217529297 0.952252984046936 0.27334198355674744
v -0.2083720564842224 0.9904339909553528 0.3082279562950134
v -0.21480005979537964 0.9859340190887451 0.3213629722595215
v -0.19995304942131042 0.9951180219650269 0.2805129587650299
v -0.23539406061172485 1.043962001800537 0.3111429810523987
v -0.24261905252933502 1.0408070087432861 0.323091983795166
v -0.2252480387687683 1.0478459596633911 0.2857399582862854
v -0.2508990466594696 1.1047650575637817 0.31356197595596313
v -0.25904005765914917 1.103714942932129 0.3247709274291992
v -0.23936504125595093 1.1058520078659058 0.28929397463798523
v -0.2530340552330017 1.165403962135315 0.3144029676914215
v -0.2619650661945343 1.1666510105133057 0.3255959451198578
v -0.2489880621433258 1.2312320470809937 0.3251209557056427
v -0.2410440444946289 1.163638949394226 0.2895199656486511
v -0.23977705836296082 1.2274869680404663 0.31270697712898254
v -0.2207520604133606 1.287680983543396 0.32454797625541687
v -0.22845704853534698 1.2237399816513062 0.2849849760532379
v -0.21380506455898285 1.2822530269622803 0.3106539845466614
v -0.18178506195545197 1.3377259969711304 0.32193997502326965
v -0.20604003965854645 1.2775609493255615 0.2813969850540161
v -0.1761440634727478 1.3301459550857544 0.306926965713501
v -0.13517305254936218 1.3709969520568848 0.31814196705818176
v -0.1710270494222641 1.3261140584945679 0.2751459777355194
v -0.13261005282402039 1.3652290105819702 0.30176496505737305
v -0.08883105218410492 1.3945879936218262 0.31803098320961
v -0.13039804995059967 1.3609000444412231 0.26852595806121826
v -0.08664505183696747 1.3880820274353027 0.300866961479187
v -0.044268056750297546 1.406849980354309 0.31789499521255493
v -0.08473704755306244 1.3852039575576782 0.2660079896450043
v -0.04305905103683472 1.3998119831085205 0.2996770143508911
v -0.001251052599400282 1.4035099744796753 0.3009909987449646
v -0.001219055731780827 1.41218101978302 0.3186900019645691
v -0.04199204593896866 1.3971290588378906 0.26274099946022034
v -0.001452046213671565 1.4012689590454102 0.2646409869194031
v 0.04047894850373268 1.4002879858016968 0.30072999000549316
v 0.04194094240665436 1.4088380336761475 0.31832900643348694
v 0.039109956473112106 1.397933006286621 0.2644689977169037
v 0.08621294796466827 1.3883860111236572 0.3020370304584503
v 0.08902394771575928 1.39695405960083 0.31880003213882446
v 0.08400795608758926 1.3857460021972656 0.26722100377082825
v 0.13349594175815582 1.36483895778656 0.30272603034973145
v 0.13789993524551392 1.3725249767303467 0.3191140294075012
v 0.12961696088314056 1.3615200519561768 0.26853302121162415
v 0.17583894729614258 1.3304599523544312 0.3066040277481079
v 0.18267694115638733 1.337820053100586 0.3218330442905426
v 0.1702289581298828 1.3267120122909546 0.274029016494751
v 0.21466593444347382 1.2811510562896729 0.3107680380344391
v 0.20675896108150482 1.2766690254211426 0.28145304322242737
v 0.2294369488954544 1.222411036491394 0.2867180407047272
v -0.016300000250339508 0.6179999709129333 0.028300000354647636
v -0.032600000500679016 0.6179999709129333 0.0
v -0.032600000500679016 0.5396000146865845 0.0
v -0.016300000250339508 0.6179999709129333 -0.028300000354647636
v -0.016300000250339508 0.5396000146865845 0.028300000354647636
v 0.016300000250339508 0.6179999709129333 0.028300000354647636
v -0.016300000250339508 0.5396000146865845 -0.028300000354647636
v 0.016300000250339508 0.6179999709129333 -0.028300000354647636
v -0.016300000250339508 0.4611000120639801 -0.028300000354647636
v -0.032600000500679016 0.4611000120639801 0.0
v 0.016300000250339508 0.4611000120639801 -0.028300000354647636
v -0.016300000250339508 0.4611000120639801 0.028300000354647636
v 0.016300000250339508 0.4611000120639801 0.028300000354647636
v 0.016300000250339508 0.5396000146865845 -0.028300000354647636
v 0.032600000500679016 0.6179999709129333 0.0
v 0.032600000500679016 0.5396000146865845 0.0
v 0.032600000500679016 0.4611000120639801 0.0
v 0.016300000250339508 0.5396000146865845 0.028300000354647636
v -0.06449999660253525 1.6305999755859375 0.11190000176429749
v 1.0810936146299355e-08 1.6305999755859375 0.12929999828338623
v 1.0810936146299355e-08 1.6482000350952148 0.15189999341964722
v 0.06469999998807907 1.6305999755859375 0.11190000176429749
v -0.07590000331401825 1.6482000350952148 0.1316000074148178
v -0.11180000007152557 1.6305999755859375 0.06459999829530716
v 0.07609999924898148 1.6482000350952148 0.1316000074148178
v 0.1120000034570694 1.6305999755859375 0.06459999829530716
v -0.1315000057220459 1.6482000350952148 0.07599999755620956
v -0.12919999659061432 1.6305999755859375 0.0
v 0.13169999420642853 1.6482000350952148 0.07599999755620956
v 0.12929999828338623 1.6305999755859375 0.0
v -0.1518000066280365 1.6482000350952148 0.0
v -0.11180000007152557 1.6305999755859375 -0.06459999829530716
v 0.15199999511241913 1.6482000350952148 0.0
v 0.1120000034570694 1.6305999755859375 -0.06459999829530716
v -0.1315000057220459 1.6482000350952148 -0.07599999755620956
v -0.06449999660253525 1.6305999755859375 -0.11190000176429749
v 0.13169999420642853 1.6482000350952148 -0.07599999755620956
v 0.06469999998807907 1.6305999755859375 -0.11190000176429749
v -0.07590000331401825 1.6482000350952148 -0.1316000074148178
v 1.0810936146299355e-08 1.6305999755859375 -0.12929999828338623
v 0.07609999924898148 1.6482000350952148 -0.1316000074148178
v 1.0810936146299355e-08 1.6482000350952148 -0.15189999341964722
v 1.0810936146299355e-08 1.6649999618530273 -0.15770000219345093
v -0.0786999985575676 1.6649999618530273 -0.13650000095367432
v 0.07890000194311142 1.6649999618530273 -0.13650000095367432
v 0.13660000264644623 1.6649999618530273 -0.07880000025033951
v 1.0810936146299355e-08 1.6819000244140625 -0.13930001854896545
v 0.0697999969124794 1.6819000244140625 -0.12070000171661377
v 0.15780000388622284 1.6649999618530273 0.0
v 0.12080000340938568 1.6819000244140625 -0.06970000267028809
v 0.13660000264644623 1.6649999618530273 0.07880000025033951
v 0.13940000534057617 1.6819000244140625 0.0
v 0.07890000194311142 1.6649999618530273 0.13650000095367432
v 0.12080000340938568 1.6819000244140625 0.06970000267028809
v 0.05849999934434891 1.698799967765808 -0.03370000049471855
v 1.0810936146299355e-08 1.6649999618530273 0.15770000219345093
v 0.06759999692440033 1.698799967765808 0.0
v 0.033799998462200165 1.698799967765808 -0.058400001376867294
v 0.0697999969124794 1.6819000244140625 0.12070000171661377
v 0.05849999934434891 1.698799967765808 0.03370000049471855
v 1.0810936146299355e-08 1.7057000398635864 0.0
v 0.033799998462200165 1.698799967765808 0.058400001376867294
v 1.0810936146299355e-08 1.698799967765808 -0.06749998778104782
v 1.0810936146299355e-08 1.6819000244140625 0.13930000364780426
v 1.0810936146299355e-08 1.698799967765808 0.06750000268220901
v -0.03359999880194664 1.698799967765808 0.058400001376867294
v -0.06960000097751617 1.6819000244140625 0.12070000171661377
v -0.0786999985575676 1.6649999618530273 0.13650000095367432
v -0.058400001376867294 1.698799967765808 0.03370000049471855
v -0.12060000002384186 1.6819000244140625 0.06970000267028809
v -0.1363999992609024 1.6649999618530273 0.07880000025033951
v -0.0674000009894371 1.698799967765808 0.0
v -0.13920000195503235 1.6819000244140625 0.0
v -0.15760000050067902 1.6649999618530273 0.0
v -0.058400001376867294 1.698799967765808 -0.03370000049471855
v -0.12060000002384186 1.6819000244140625 -0.06970000267028809
v -0.1363999992609024 1.6649999618530273 -0.07880000025033951
v -0.03359999880194664 1.698799967765808 -0.058400001376867294
v -0.06960000097751617 1.6819000244140625 -0.12070000171661377
v 0.03620000183582306 0.33970001339912415 0.03620000183582306
v 0.05119999870657921 0.33970001339912415 0.0
v 0.05119999870657921 0.4544000029563904 0.0
v 0.03620000183582306 0.33970001339912415 -0.03620000183582306
v 0.03620000183582306 0.4544000029563904 0.03620000183582306
v 1.0810936146299355e-08 0.33969998359680176 0.05119999870657921
v 0.03620000183582306 0.4544000029563904 -0.03620000183582306
v 1.0810936146299355e-08 0.33969998359680176 -0.05119998753070831
v 1.0810936146299355e-08 0.4544000029563904 0.05119999870657921
v -0.03620000183582306 0.33970001339912415 0.03620000183582306
v 0.024800000712275505 0.4702000021934509 0.024800000712275505
v 1.0810936146299355e-08 0.4702000021934509 0.03500000387430191
v 0.03500000014901161 0.4702000021934509 0.0
v -0.024800000712275505 0.4702000021934509 0.024800000712275505
v 0.024800000712275505 0.4702000021934509 -0.024800000712275505
v 1.0810936146299355e-08 0.4702000021934509 -0.03499998897314072
v -0.03620000183582306 0.4544000029563904 0.03620000183582306
v -0.03500000014901161 0.4702000021934509 0.0
v -0.05119999870657921 0.33970001339912415 0.0
v -0.05119999870657921 0.4544000029563904 0.0
v -0.03620000183582306 0.4544000029563904 -0.03620000183582306
v -0.024800000712275505 0.4702000021934509 -0.024800000712275505
v -0.03620000183582306 0.33970001339912415 -0.03620000183582306
v 1.0810936146299355e-08 0.4544000029563904 -0.05119999498128891
v 0.1200999990105629 0.07490000128746033 0.025200000032782555
v 0.1200999990105629 0.08529999852180481 0.0
v 0.10679999738931656 0.10100000351667404 0.0
v 0.1200999990105629 0.07490000128746033 -0.025200000032782555
v 0.10679999738931656 0.0860000029206276 0.03620000183582306
v 0.1200999990105629 0.049800001084804535 0.035599999129772186
v 0.10679999738931656 0.0860000029206276 -0.03620000183582306
v 0.1200999990105629 0.049800001084804535 -0.035599999129772186
v 0.10679999738931656 0.049800001084804535 0.05119999870657921
v 0.1200999990105629 0.02459999918937683 0.025200000032782555
v 0.10679999738931656 0.049800001084804535 -0.05119999870657921
v 0.1200999990105629 0.02459999918937683 -0.025200000032782555
v 0.10679999738931656 0.013500000350177288 0.03620000183582306
v 0.10679999738931656 0.013500000350177288 -0.03620000183582306
v 0.10679999738931656 0.0 0.0
v 0.1200999990105629 0.0142000000923872 0.0
v -0.10679999738931656 0.0 0.0
v -0.10679999738931656 0.013500000350177288 -0.03620000183582306
v -0.10679999738931656 0.049800001084804535 -0.05119999870657921
v -0.10679999738931656 0.0860000029206276 -0.03620000183582306
v -0.1200999990105629 0.049800001084804535 -0.035599999129772186
v -0.1200999990105629 0.07490000128746033 -0.025200000032782555
v -0.1200999990105629 0.02459999918937683 -0.025200000032782555
v -0.1200999990105629 0.08529999852180481 0.0
v -0.1200999990105629 0.0142000000923872 0.0
v -0.1200999990105629 0.02459999918937683 0.025200000032782555
v -0.10679999738931656 0.10100000351667404 0.0
v -0.10679999738931656 0.013500000350177288 0.03620000183582306
v -0.1200999990105629 0.049800001084804535 0.035599999129772186
v -0.10679999738931656 0.049800001084804535 0.05119999870657921
v -0.1200999990105629 0.07490000128746033 0.025200000032782555
v -0.10679999738931656 0.0860000029206276 0.03620000183582306
v -0.2362000048160553 1.2777349948883057 -0.08739999681711197
v -0.2362000048160553 1.1904350519180298 -0.12359999865293503
v -0.3043000102043152 1.1904350519180298 -0.12359999865293503
v -0.2362000048160553 1.1030349731445312 -0.08739999681711197
v -0.3043000102043152 1.2777349948883057 -0.08739999681711197
v -0.2362000048160553 1.3139350414276123 0.0
v -0.3043000102043152 1.1030349731445312 -0.08739999681711197
v -0.2362000048160553 1.0668350458145142 0.0
v -0.3043000102043152 1.3139350414276123 0.0
v -0.2362000048160553 1.2777349948883057 0.08739999681711197
v -0.3239000141620636 1.2630350589752197 -0.07259999960660934
v -0.3239000141620636 1.2931350469589233 0.0
v -0.3239000141620636 1.1904350519180298 -0.10270000249147415
v -0.3239000141620636 1.2630350589752197 0.07259999960660934
v -0.3239000141620636 1.1177350282669067 -0.07259999960660934
v -0.3239000141620636 1.0876350402832031 0.0
v -0.3043000102043152 1.2777349948883057 0.08739999681711197
v -0.3239000141620636 1.1904350519180298 0.10270000249147415
v -0.2362000048160553 1.1904350519180298 0.12359999865293503
v -0.3043000102043152 1.1904350519180298 0.12359999865293503
v -0.3043000102043152 1.1030349731445312 0.08739999681711197
v -0.3239000141620636 1.1177350282669067 0.07259999960660934
v -0.2362000048160553 1.1030349731445312 0.08739999681711197
v -0.3043000102043152 1.0668350458145142 0.0
v 0.3043000102043152 1.1904350519180298 -0.12359999865293503
v 0.2362000048160553 1.1904350519180298 -0.12359999865293503
v 0.2362000048160553 1.2777349948883057 -0.08739999681711197
v 0.2362000048160553 1.1030349731445312 -0.08739999681711197
v 0.3043000102043152 1.2777349948883057 -0.08739999681711197
v 0.2362000048160553 1.3139350414276123 0.0
v 0.3043000102043152 1.1030349731445312 -0.08739999681711197
v 0.2362000048160553 1.0668350458145142 0.0
v 0.3239000141620636 1.2630350589752197 -0.07259999960660934
v 0.3239000141620636 1.1904350519180298 -0.10270000249147415
v 0.3239000141620636 1.1177350282669067 -0.07259999960660934
v 0.3239000141620636 1.2931350469589233 0.0
v 0.3239000141620636 1.0876350402832031 0.0
v 0.3043000102043152 1.3139350414276123 0.0
v 0.3239000141620636 1.2630350589752197 0.07259999960660934
v 0.2362000048160553 1.2777349948883057 0.08739999681711197
v 0.3043000102043152 1.2777349948883057 0.08739999681711197
v 0.3239000141620636 1.1904350519180298 0.10270000249147415
v 0.2362000048160553 1.1904350519180298 0.12359999865293503
v 0.3043000102043152 1.1904350519180298 0.12359999865293503
v 0.3043000102043152 1.1030349731445312 0.08739999681711197
v 0.3239000141620636 1.1177350282669067 0.07259999960660934
v 0.2362000048160553 1.1030349731445312 0.08739999681711197
v 0.3043000102043152 1.0668350458145142 0.0
v 0.7501000165939331 1.2099000215530396 -0.03929999843239784
v 0.7214000225067139 1.2099000215530396 -0.06800000369548798
v 0.718500018119812 1.2309000492095947 -0.06310000270605087
v 0.745199978351593 1.2309000492095947 -0.036400001496076584
v 0.7605999708175659 1.2099000215530396 0.0
v 0.6820999979972839 1.2309000492095947 -0.07289999723434448
v 0.6820999979972839 1.2099000215530396 -0.07850000262260437
v 0.7107999920845032 1.2617000341415405 -0.028699999675154686
v 0.7549999952316284 1.2309000492095947 0.0
v 0.7501000165939331 1.2099000215530396 0.03929999843239784
v 0.7242000102996826 1.2617000341415405 0.0
v 0.745199978351593 1.2309000492095947 0.0364999994635582
v 0.7214000225067139 1.2099000215530396 0.06800000369548798
v 0.7107999920845032 1.2617000341415405 0.02879999950528145
v 0.718500018119812 1.2309000492095947 0.06310000270605087
v 0.6820999979972839 1.2099000215530396 0.07859999686479568
v 0.6820999979972839 1.2730000019073486 0.0
v 0.6820999979972839 1.2617000341415405 0.042100001126527786
v 0.6820999979972839 1.2309000492095947 0.07289999723434448
v 0.6532999873161316 1.2617000341415405 0.02879999950528145
v 0.6456000208854675 1.2309000492095947 0.06310000270605087
v 0.6399999856948853 1.1887999773025513 0.07289999723434448
v 0.6820999979972839 1.1887999773025513 0.08420000225305557
v 0.6820999979972839 1.167799949645996 0.07859999686479568
v 0.6190000176429749 1.2309000492095947 0.0364999994635582
v 0.6092000007629395 1.1887999773025513 0.042100001126527786
v 0.6456000208854675 1.1468000411987305 0.06310000270605087
v 0.6399999856948853 1.2617000341415405 0.0
v 0.5978999733924866 1.1887999773025513 0.0
v 0.6092000007629395 1.2309000492095947 0.0
v 0.6532999873161316 1.2617000341415405 -0.028699999675154686
v 0.6820999979972839 1.2617000341415405 -0.042100001126527786
v 0.6456000208854675 1.2309000492095947 -0.06310000270605087
v 0.6190000176429749 1.2309000492095947 -0.036400001496076584
v 0.6399999856948853 1.1887999773025513 -0.07289999723434448
v 0.6820999979972839 1.1887999773025513 -0.08420000225305557
v 0.6092000007629395 1.1887999773025513 -0.042100001126527786
v 0.6820999979972839 1.167799949645996 -0.07850000262260437
v 0.6092000007629395 1.1468000411987305 0.0
v 0.6190000176429749 1.1468000411987305 -0.036400001496076584
v 0.6456000208854675 1.1468000411987305 -0.06310000270605087
v 0.6820999979972839 1.1468000411987305 -0.07289999723434448
v 0.7214000225067139 1.167799949645996 -0.06800000369548798
v 0.6532999873161316 1.1159000396728516 -0.028699999675154686
v 0.6820999979972839 1.1159000396728516 -0.042100001126527786
v 0.718500018119812 1.1468000411987305 -0.06310000270605087
v 0.7501000165939331 1.167799949645996 -0.03929999843239784
v 0.7107999920845032 1.1159000396728516 -0.028699999675154686
v 0.745199978351593 1.1468000411987305 -0.036400001496076584
v 0.7605999708175659 1.167799949645996 0.0
v 0.6820999979972839 1.104699969291687 0.0
v 0.7242000102996826 1.1159000396728516 0.0
v 0.7549999952316284 1.1468000411987305 0.0
v 0.7501000165939331 1.167799949645996 0.03929999843239784
v 0.7107999920845032 1.1159000396728516 0.02879999950528145
v 0.745199978351593 1.1468000411987305 0.0364999994635582
v 0.7214000225067139 1.167799949645996 0.06800000369548798
v 0.718500018119812 1.1468000411987305 0.06310000270605087
v 0.6820999979972839 1.1159000396728516 0.042100001126527786
v 0.6820999979972839 1.1468000411987305 0.07289999723434448
v 0.6532999873161316 1.1159000396728516 0.02879999950528145
v 0.6190000176429749 1.1468000411987305 0.0364999994635582
v 0.6399999856948853 1.1159000396728516 0.0
v -0.7501000165939331 1.167799949645996 -0.03929999843239784
v -0.7214000225067139 1.167799949645996 -0.06800000369548798
v -0.718500018119812 1.1468000411987305 -0.06310000270605087
v -0.745199978351593 1.1468000411987305 -0.036400001496076584
v -0.7605999708175659 1.167799949645996 0.0
v -0.6820999979972839 1.1468000411987305 -0.07289999723434448
v -0.6820999979972839 1.167799949645996 -0.07850000262260437
v -0.7107999920845032 1.1159000396728516 -0.028699999675154686
v -0.7549999952316284 1.1468000411987305 0.0
v -0.7501000165939331 1.167799949645996 0.03929999843239784
v -0.7242000102996826 1.1159000396728516 0.0
v -0.745199978351593 1.1468000411987305 0.0364999994635582
v -0.7214000225067139 1.167799949645996 0.06800000369548798
v -0.7107999920845032 1.1159000396728516 0.02879999950528145
v -0.718500018119812 1.1468000411987305 0.06310000270605087
v -0.6820999979972839 1.167799949645996 0.07859999686479568
v -0.6820999979972839 1.104699969291687 0.0
v -0.6820999979972839 1.1159000396728516 0.042100001126527786
v -0.6820999979972839 1.1468000411987305 0.07289999723434448
v -0.6532999873161316 1.1159000396728516 0.02879999950528145
v -0.6456000208854675 1.1468000411987305 0.06310000270605087
v -0.6399999856948853 1.1887999773025513 0.07289999723434448
v -0.6820999979972839 1.1887999773025513 0.08420000225305557
v -0.6820999979972839 1.2099000215530396 0.07859999686479568
v -0.6190000176429749 1.1468000411987305 0.0364999994635582
v -0.6092000007629395 1.1887999773025513 0.042100001126527786
v -0.6456000208854675 1.2309000492095947 0.06310000270605087
v -0.6399999856948853 1.1159000396728516 0.0
v -0.5978999733924866 1.1887999773025513 0.0
v -0.6092000007629395 1.1468000411987305 0.0
v -0.6532999873161316 1.1159000396728516 -0.028699999675154686
v -0.6820999979972839 1.1159000396728516 -0.042100001126527786
v -0.6456000208854675 1.1468000411987305 -0.06310000270605087
v -0.6190000176429749 1.1468000411987305 -0.036400001496076584
v -0.6399999856948853 1.1887999773025513 -0.07289999723434448
v -0.6820999979972839 1.1887999773025513 -0.08420000225305557
v -0.6092000007629395 1.1887999773025513 -0.042100001126527786
v -0.6820999979972839 1.2099000215530396 -0.07850000262260437
v -0.6092000007629395 1.2309000492095947 0.0
v -0.6190000176429749 1.2309000492095947 -0.036400001496076584
v -0.6456000208854675 1.2309000492095947 -0.06310000270605087
v -0.6820999979972839 1.2309000492095947 -0.07289999723434448
v -0.7214000225067139 1.2099000215530396 -0.06800000369548798
v -0.6532999873161316 1.2617000341415405 -0.028699999675154686
v -0.6820999979972839 1.2617000341415405 -0.042100001126527786
v -0.718500018119812 1.2309000492095947 -0.06310000270605087
v -0.7501000165939331 1.2099000215530396 -0.03929999843239784
v -0.7107999920845032 1.2617000341415405 -0.028699999675154686
v -0.745199978351593 1.2309000492095947 -0.036400001496076584
v -0.7605999708175659 1.2099000215530396 0.0
v -0.6820999979972839 1.2730000019073486 0.0
v -0.7242000102996826 1.2617000341415405 0.0
v -0.7549999952316284 1.2309000492095947 0.0
v -0.7501000165939331 1.2099000215530396 0.03929999843239784
v -0.7107999920845032 1.2617000341415405 0.02879999950528145
v -0.745199978351593 1.2309000492095947 0.0364999994635582
v -0.7214000225067139 1.2099000215530396 0.06800000369548798
v -0.718500018119812 1.2309000492095947 0.06310000270605087
v -0.6820999979972839 1.2617000341415405 0.042100001126527786
v -0.6820999979972839 1.2309000492095947 0.07289999723434448
v -0.6532999873161316 1.2617000341415405 0.02879999950528145
v -0.6190000176429749 1.2309000492095947 0.0364999994635582
v -0.6399999856948853 1.2617000341415405 0.0
vt 0.5382545590400696 0.9502431750297546
vt 0.5568545460700989 0.9453431963920593
vt 0.5753543972969055 0.9502431750297546
vt 0.5247545838356018 0.9638431668281555
vt 0.588954508304596 0.9638431668281555
vt 0.5197544693946838 0.9824431538581848
vt 0.5938544869422913 0.9824431538581848
vt 0.517054557800293 0.9923432469367981
vt 0.5965545177459717 0.9923432469367981
vt 0.5938544273376465 0.9824431538581848
vt 0.5197544097900391 0.9824431538581848
vt 0.5889544486999512 0.9638431668281555
vt 0.524754524230957 0.9638431668281555
vt 0.5753543376922607 0.9502431750297546
vt 0.5382544994354248 0.9502431750297546
vt 0.5568544864654541 0.9453431963920593
vt 0.5382545590400696 0.9502431750297546
vt 0.5568545460700989 0.9453431963920593
vt 0.5753543972969055 0.9502431750297546
vt 0.5247545838356018 0.9638431668281555
vt 0.588954508304596 0.9638431668281555
vt 0.5197544693946838 0.9824431538581848
vt 0.5938544869422913 0.9824431538581848
vt 0.5170546174049377 0.9923432469367981
vt 0.5965545773506165 0.9923432469367981
vt 0.5938544869422913 0.9824431538581848
vt 0.5197544693946838 0.9824431538581848
vt 0.588954508304596 0.9638431668281555
vt 0.5247545838356018 0.9638431668281555
vt 0.5753543972969055 0.9502431750297546
vt 0.5382545590400696 0.9502431750297546
vt 0.5568545460700989 0.9453431963920593
vt 0.01246357336640358 0.9020571708679199
vt 0.01246357336640358 0.8797131776809692
vt 0.17876961827278137 0.8797131776809692
vt 0.17876961827278137 0.9020571708679199
vt 0.18935361504554749 0.8797131776809692
vt 0.18935361504554749 0.9020571708679199
vt 0.19768360257148743 0.8797131776809692
vt 0.19768360257148743 0.9020571708679199
vt 0.2081695795059204 0.8797131776809692
vt 0.2081695795059204 0.9020571708679199
vt 0.2714775800704956 0.8797131776809692
vt 0.2714775800704956 0.9020571708679199
vt 0.2820615768432617 0.8797131776809692
vt 0.2820615768432617 0.9020571708679199
vt 0.29039156436920166 0.8797131776809692
vt 0.29039156436920166 0.9020571708679199
vt 0.30087754130363464 0.8797131776809692
vt 0.30087754130363464 0.9020571708679199
vt 0.4672815799713135 0.8797131776809692
vt 0.4672815799713135 0.9020571708679199
vt 0.01246357336640358 0.9020571708679199
vt 0.01246357336640358 0.8797131776809692
vt 0.17876961827278137 0.8797131776809692
vt 0.17876961827278137 0.9020571708679199
vt 0.18935361504554749 0.8797131776809692
vt 0.18935361504554749 0.9020571708679199
vt 0.19768360257148743 0.8797131776809692
vt 0.19768360257148743 0.9020571708679199
vt 0.2081695795059204 0.8797131776809692
vt 0.2081695795059204 0.9020571708679199
vt 0.2714775800704956 0.8797131776809692
vt 0.2714775800704956 0.9020571708679199
vt 0.2820615768432617 0.8797131776809692
vt 0.2820615768432617 0.9020571708679199
vt 0.29039156436920166 0.8797131776809692
vt 0.29039156436920166 0.9020571708679199
vt 0.30087754130363464 0.8797131776809692
vt 0.30087754130363464 0.9020571708679199
vt 0.4672815799713135 0.8797131776809692
vt 0.4672815799713135 0.9020571708679199
vt 0.01246357336640358 0.9020571708679199
vt 0.01246357336640358 0.8797131776809692
vt 0.17876961827278137 0.8797131776809692
vt 0.17876961827278137 0.9020571708679199
vt 0.18935361504554749 0.8797131776809692
vt 0.18935361504554749 0.9020571708679199
vt 0.19768360257148743 0.8797131776809692
vt 0.19768360257148743 0.9020571708679199
vt 0.2081695795059204 0.8797131776809692
vt 0.2081695795059204 0.9020571708679199
vt 0.2714775800704956 0.8797131776809692
vt 0.2714775800704956 0.9020571708679199
vt 0.2820615768432617 0.8797131776809692
vt 0.2820615768432617 0.9020571708679199
vt 0.29039156436920166 0.8797131776809692
vt 0.29039156436920166 0.9020571708679199
vt 0.30087754130363464 0.8797131776809692
vt 0.30087754130363464 0.9020571708679199
vt 0.4672815799713135 0.8797131776809692
vt 0.4672815799713135 0.9020571708679199
vt 0.01246357336640358 0.9020571708679199
vt 0.01246357336640358 0.8797131776809692
vt 0.17876961827278137 0.8797131776809692
vt 0.17876961827278137 0.9020571708679199
vt 0.18935361504554749 0.8797131776809692
vt 0.18935361504554749 0.9020571708679199
vt 0.19768360257148743 0.8797131776809692
vt 0.19768360257148743 0.9020571708679199
vt 0.2081695795059204 0.8797131776809692
vt 0.2081695795059204 0.9020571708679199
vt 0.2714775800704956 0.8797131776809692
vt 0.2714775800704956 0.9020571708679199
vt 0.2820615768432617 0.8797131776809692
vt 0.2820615768432617 0.9020571708679199
vt 0.29039156436920166 0.8797131776809692
vt 0.29039156436920166 0.9020571708679199
vt 0.30087754130363464 0.8797131776809692
vt 0.30087754130363464 0.9020571708679199
vt 0.4672815799713135 0.8797131776809692
vt 0.4672815799713135 0.9020571708679199
vt 0.9877008199691772 0.4262286424636841
vt 0.9946008920669556 0.40052860975265503
vt 0.9877008199691772 0.37472862005233765
vt 0.9689009785652161 0.44512873888015747
vt 0.9689009785652161 0.35592859983444214
vt 0.9432008862495422 0.3490285873413086
vt 0.9432008862495422 0.45202869176864624
vt 0.9689009785652161 0.44512873888015747
vt 0.9689009785652161 0.35592859983444214
vt 0.9877008199691772 0.37472862005233765
vt 0.9877008199691772 0.4262286424636841
vt 0.9946008920669556 0.40052860975265503
vt 0.023870840668678284 0.8624727129936218
vt 0.036970868706703186 0.8673728108406067
vt 0.05007077753543854 0.8624727129936218
vt 0.014270797371864319 0.8493728041648865
vt 0.0596708208322525 0.8493728041648865
vt 0.06317080557346344 0.8313727974891663
vt 0.010770812630653381 0.8313727974891663
vt 0.014270797371864319 0.8493728041648865
vt 0.0596708208322525 0.8493728041648865
vt 0.05007077753543854 0.8624727129936218
vt 0.023870840668678284 0.8624727129936218
vt 0.036970868706703186 0.8673728108406067
vt 0.41631054878234863 0.8355594873428345
vt 0.4744105339050293 0.8355594873428345
vt 0.46591055393218994 0.8561594486236572
vt 0.424810528755188 0.8561594486236572
vt 0.44541049003601074 0.8646594285964966
vt 0.9348171949386597 0.09105336666107178
vt 0.958017110824585 0.08145332336425781
vt 0.9811172485351562 0.09105336666107178
vt 0.9253171682357788 0.11415332555770874
vt 0.9907171726226807 0.11415332555770874
vt 0.9907171726226807 0.11415332555770874
vt 0.9253171682357788 0.11415332555770874
vt 0.9348171949386597 0.09105336666107178
vt 0.9811172485351562 0.09105336666107178
vt 0.958017110824585 0.08145332336425781
vt 0.5334372520446777 0.06521940231323242
vt 0.48023721575737 0.06521940231323242
vt 0.48803719878196716 0.04641956090927124
vt 0.5256372690200806 0.04641956090927124
vt 0.5068372488021851 0.03861945867538452
vt 0.48803719878196716 0.04641956090927124
vt 0.5068372488021851 0.03861945867538452
vt 0.5256372690200806 0.04641956090927124
vt 0.48023721575737 0.06521940231323242
vt 0.5334372520446777 0.06521940231323242
vt 0.5334372520446777 0.06521940231323242
vt 0.48023721575737 0.06521940231323242
vt 0.48803719878196716 0.04641956090927124
vt 0.5256372690200806 0.04641956090927124
vt 0.5068372488021851 0.03861945867538452
vt 0.38029971718788147 0.6269859075546265
vt 0.37787070870399475 0.6454355716705322
vt 0.3802995979785919 0.6638850569725037
vt 0.3874209225177765 0.6097934246063232
vt 0.3874209225177765 0.6810773611068726
vt 0.39874890446662903 0.5950300097465515
vt 0.39874890446662903 0.6958407163619995
vt 0.41351187229156494 0.5837016105651855
vt 0.41351187229156494 0.7071690559387207
vt 0.4307039678096771 0.576580286026001
vt 0.4307039678096771 0.7142903804779053
vt 0.4491536319255829 0.574151337146759
vt 0.4491536319255829 0.716719388961792
vt 0.46760329604148865 0.7142903804779053
vt 0.46760329604148865 0.576580286026001
vt 0.48479539155960083 0.7071690559387207
vt 0.48479539155960083 0.5837016105651855
vt 0.49955835938453674 0.6958407163619995
vt 0.49955835938453674 0.5950300097465515
vt 0.5108863711357117 0.6810773611068726
vt 0.5108863711357117 0.6097934246063232
vt 0.5180076956748962 0.6638850569725037
vt 0.5180075764656067 0.6269859075546265
vt 0.5204365849494934 0.6454355716705322
vt 0.5020694732666016 0.21161186695098877
vt 0.5277425646781921 0.20098382234573364
vt 0.5534165501594543 0.21161186695098877
vt 0.49144047498703003 0.23728585243225098
vt 0.5640454888343811 0.23728585243225098
vt 0.5534165501594543 0.21161186695098877
vt 0.5020694732666016 0.21161186695098877
vt 0.5277425646781921 0.20098382234573364
vt 0.5020694732666016 0.21161186695098877
vt 0.5277425646781921 0.20098382234573364
vt 0.5534165501594543 0.21161186695098877
vt 0.49144047498703003 0.23728585243225098
vt 0.5640454888343811 0.23728585243225098
vt 0.5020694732666016 0.21161186695098877
vt 0.5534165501594543 0.21161186695098877
vt 0.5277425646781921 0.20098382234573364
vt 0.9063599705696106 0.10493999719619751
vt 0.8831599950790405 0.11444002389907837
vt 0.8600599765777588 0.10493999719619751
vt 0.9159600138664246 0.08174002170562744
vt 0.8504599928855896 0.08174002170562744
vt 0.8504599928855896 0.08174002170562744
vt 0.9159600138664246 0.08174002170562744
vt 0.9063599705696106 0.10493999719619751
vt 0.8600599765777588 0.10493999719619751
vt 0.8831599950790405 0.11444002389907837
vt 0.4249105453491211 0.8561594486236572
vt 0.41641056537628174 0.8355594873428345
vt 0.4744105339050293 0.8355594873428345
vt 0.46591055393218994 0.8561594486236572
vt 0.44541049003601074 0.8645594716072083
vt 0.5256372690200806 0.04641956090927124
vt 0.5334372520446777 0.06521940231323242
vt 0.48023721575737 0.06521940231323242
vt 0.48803719878196716 0.04641956090927124
vt 0.5068372488021851 0.03861945867538452
vt 0.8232590556144714 0.2255871295928955
vt 0.7938589453697205 0.39962339401245117
vt 0.74965900182724 0.39962339401245117
vt 0.7212590575218201 0.2255871295928955
vt 0.721759021282196 0.21448707580566406
vt 0.7274588942527771 0.20778703689575195
vt 0.7385589480400085 0.2057870626449585
vt 0.8061589598655701 0.2057870626449585
vt 0.822858989238739 0.21468710899353027
vt 0.817159116268158 0.20808708667755127
vt 0.844818651676178 0.40704357624053955
vt 0.8337187170982361 0.40464353561401367
vt 0.8280186057090759 0.39804357290267944
vt 0.8276186585426331 0.387143611907959
vt 0.9297186732292175 0.387143611907959
vt 0.8571186661720276 0.21514356136322021
vt 0.901218593120575 0.21534359455108643
vt 0.9124186635017395 0.40704357624053955
vt 0.9234187006950378 0.404943585395813
vt 0.9292187094688416 0.398343563079834
vt 0.8232590556144714 0.2255871295928955
vt 0.7938589453697205 0.39962339401245117
vt 0.74965900182724 0.39962339401245117
vt 0.7212590575218201 0.2255871295928955
vt 0.721759021282196 0.21448707580566406
vt 0.7274588942527771 0.20778703689575195
vt 0.7385589480400085 0.2057870626449585
vt 0.8061589598655701 0.2057870626449585
vt 0.822858989238739 0.21468710899353027
vt 0.817159116268158 0.20808708667755127
vt 0.844818651676178 0.40704357624053955
vt 0.8337187170982361 0.40464353561401367
vt 0.8280186057090759 0.39804357290267944
vt 0.8276186585426331 0.387143611907959
vt 0.9297186732292175 0.387143611907959
vt 0.8571186661720276 0.21514356136322021
vt 0.901218593120575 0.21534359455108643
vt 0.9124186635017395 0.40704357624053955
vt 0.9234187006950378 0.404943585395813
vt 0.9292187094688416 0.398343563079834
vt 0.8232590556144714 0.2255871295928955
vt 0.7938589453697205 0.39962339401245117
vt 0.74965900182724 0.39962339401245117
vt 0.7212590575218201 0.2255871295928955
vt 0.721759021282196 0.21448707580566406
vt 0.7274588942527771 0.20778703689575195
vt 0.7385589480400085 0.2057870626449585
vt 0.8061589598655701 0.2057870626449585
vt 0.822858989238739 0.21468710899353027
vt 0.817159116268158 0.20808708667755127
vt 0.844818651676178 0.40704357624053955
vt 0.8337187170982361 0.40464353561401367
vt 0.8280186057090759 0.39804357290267944
vt 0.8276186585426331 0.387143611907959
vt 0.9297186732292175 0.387143611907959
vt 0.8571186661720276 0.21514356136322021
vt 0.901218593120575 0.21534359455108643
vt 0.9124186635017395 0.40704357624053955
vt 0.9234187006950378 0.404943585395813
vt 0.9292187094688416 0.398343563079834
vt 0.8232590556144714 0.2255871295928955
vt 0.7938589453697205 0.39962339401245117
vt 0.74965900182724 0.39962339401245117
vt 0.7212590575218201 0.2255871295928955
vt 0.721759021282196 0.21448707580566406
vt 0.7274588942527771 0.20778703689575195
vt 0.7385589480400085 0.2057870626449585
vt 0.8061589598655701 0.2057870626449585
vt 0.822858989238739 0.21468710899353027
vt 0.817159116268158 0.20808708667755127
vt 0.844818651676178 0.40704357624053955
vt 0.8337187170982361 0.40464353561401367
vt 0.8280186057090759 0.39804357290267944
vt 0.8276186585426331 0.387143611907959
vt 0.9297186732292175 0.387143611907959
vt 0.8571186661720276 0.21514356136322021
vt 0.901218593120575 0.21534359455108643
vt 0.9124186635017395 0.40704357624053955
vt 0.9234187006950378 0.404943585395813
vt 0.9292187094688416 0.398343563079834
vt 0.05415807664394379 0.17303436994552612
vt 0.03101900778710842 0.1642599105834961
vt 0.03464669734239578 0.1567596197128296
vt 0.05916955694556236 0.16361212730407715
vt 0.06355371326208115 0.17915159463882446
vt 0.03307761624455452 0.15144860744476318
vt 0.08311084657907486 0.16635215282440186
vt 0.07157235592603683 0.1938573122024536
vt 0.05903182178735733 0.15304994583129883
vt 0.05522625893354416 0.13346010446548462
vt 0.03480546176433563 0.13190239667892456
vt 0.08350434899330139 0.14659541845321655
vt 0.051720257848501205 0.12128663063049316
vt 0.03610667586326599 0.11895352602005005
vt 0.038793083280324936 0.10726487636566162
vt 0.07450336217880249 0.13206171989440918
vt 0.06627436727285385 0.12046563625335693
vt 0.04931163042783737 0.10992467403411865
vt 0.04869888350367546 0.10104459524154663
vt 0.04223700985312462 0.09877073764801025
vt 0.0593399815261364 0.10987287759780884
vt 0.049604564905166626 0.09230309724807739
vt 0.0468658022582531 0.09112340211868286
vt 0.05156374350190163 0.08652490377426147
vt 0.055001579225063324 0.101401686668396
vt 0.052228931337594986 0.09243816137313843
vt 0.05469602718949318 0.09069246053695679
vt 0.061041638255119324 0.09825235605239868
vt 0.0566474013030529 0.08875572681427002
vt 0.058002788573503494 0.08684968948364258
vt 0.06671395152807236 0.09378504753112793
vt 0.06832995265722275 0.10558032989501953
vt 0.058607615530490875 0.08448821306228638
vt 0.05856093764305115 0.0822228193283081
vt 0.07133321464061737 0.08884060382843018
vt 0.07319580018520355 0.08240723609924316
vt 0.07220641523599625 0.07604986429214478
vt 0.07712218910455704 0.09872496128082275
vt 0.08472435176372528 0.09092694520950317
vt 0.08789273351430893 0.08059829473495483
vt 0.08640407025814056 0.07049578428268433
vt 0.10471108555793762 0.06473028659820557
vt 0.1062544509768486 0.07891356945037842
vt 0.1250217705965042 0.05923271179199219
vt 0.10152913630008698 0.09369128942489624
vt 0.12621472775936127 0.07732963562011719
vt 0.1502455621957779 0.05263495445251465
vt 0.11970268189907074 0.09636592864990234
vt 0.09067311137914658 0.10488903522491455
vt 0.10567400604486465 0.11114799976348877
vt 0.07860179990530014 0.11459529399871826
vt 0.09050532430410385 0.12416237592697144
vt 0.10503911226987839 0.13403725624084473
vt 0.12496176362037659 0.11702048778533936
vt 0.11223573982715607 0.14673030376434326
vt 0.1424883008003235 0.09766542911529541
vt 0.1357523500919342 0.12382417917251587
vt 0.11856646090745926 0.16133296489715576
vt 0.15095020830631256 0.07532072067260742
vt 0.16192413866519928 0.09518897533416748
vt 0.16623149812221527 0.06927764415740967
vt 0.16545118391513824 0.04612600803375244
vt 0.19433364272117615 0.060730814933776855
vt 0.19282576441764832 0.036902427673339844
vt 0.14404655992984772 0.13417363166809082
vt 0.2224327176809311 0.05493474006652832
vt 0.22075031697750092 0.030746519565582275
vt 0.24841691553592682 0.027474045753479004
vt 0.19343557953834534 0.08527570962905884
vt 0.24970538914203644 0.051888227462768555
vt 0.27561619877815247 0.026796698570251465
vt 0.2226925939321518 0.07901036739349365
vt 0.17428822815418243 0.11574816703796387
vt 0.20083585381507874 0.10618853569030762
vt 0.2503952980041504 0.07575845718383789
vt 0.22736911475658417 0.10099577903747559
vt 0.2077699452638626 0.13141745328903198
vt 0.23221415281295776 0.1285477876663208
vt 0.2527099549770355 0.09887290000915527
vt 0.27588626742362976 0.05102276802062988
vt 0.27586638927459717 0.0748753547668457
vt 0.30273953080177307 0.052205681800842285
vt 0.3030143082141876 0.02787148952484131
vt 0.3024970591068268 0.07594811916351318
vt 0.3296984136104584 0.05598902702331543
vt 0.33046072721481323 0.031495511531829834
vt 0.358573317527771 0.038125813007354736
vt 0.3293425440788269 0.07970410585403442
vt 0.3579126000404358 0.06254583597183228
vt 0.38600286841392517 0.047767579555511475
vt 0.3586362600326538 0.08723664283752441
vt 0.38565272092819214 0.07132011651992798
vt 0.40132150053977966 0.054618775844573975
vt 0.38960903882980347 0.09834182262420654
vt 0.40049391984939575 0.07759934663772583
vt 0.42512956261634827 0.08026891946792603
vt 0.4266776740550995 0.06183344125747681
vt 0.40864524245262146 0.10089105367660522
vt 0.4452674388885498 0.08226406574249268
vt 0.4470597505569458 0.06786108016967773
vt 0.43145254254341125 0.09948521852493286
vt 0.4637899696826935 0.08436071872711182
vt 0.46538883447647095 0.07409447431564331
vt 0.4795786142349243 0.07998210191726685
vt 0.47851458191871643 0.08666926622390747
vt 0.49319493770599365 0.08645176887512207
vt 0.4669162333011627 0.0949317216873169
vt 0.49298006296157837 0.08928734064102173
vt 0.5000205039978027 0.09097349643707275
vt 0.48043912649154663 0.09350347518920898
vt 0.4499034583568573 0.09710580110549927
vt 0.4745090901851654 0.10291415452957153
vt 0.49373137950897217 0.09181267023086548
vt 0.4852062165737152 0.09854614734649658
vt 0.4953319728374481 0.09370338916778564
vt 0.4606563448905945 0.10853409767150879
vt 0.48323389887809753 0.10995256900787354
vt 0.49096187949180603 0.1029818058013916
vt 0.49745020270347595 0.09543383121490479
vt 0.4998844861984253 0.09684401750564575
vt 0.4967886209487915 0.1059078574180603
vt 0.4920631945133209 0.11431896686553955
vt 0.5022942423820496 0.09659785032272339
vt 0.5044518113136292 0.09543180465698242
vt 0.5089412331581116 0.1030990481376648
vt 0.5028785467147827 0.10553675889968872
vt 0.5122613310813904 0.11168724298477173
vt 0.501968502998352 0.11448287963867188
vt 0.49929550290107727 0.12578743696212769
vt 0.5147600173950195 0.12349814176559448
vt 0.5158472061157227 0.13656580448150635
vt 0.4849080443382263 0.12471532821655273
vt 0.4954548478126526 0.1378875970840454
vt 0.5172672271728516 0.1564255952835083
vt 0.4726174771785736 0.11853170394897461
vt 0.4764198064804077 0.13606798648834229
vt 0.4912356734275818 0.15747201442718506
vt 0.46053987741470337 0.1276472806930542
vt 0.4454434812068939 0.11445903778076172
vt 0.46695470809936523 0.1505361795425415
vt 0.4458419680595398 0.13767588138580322
vt 0.4260377883911133 0.12059348821640015
vt 0.46673864126205444 0.1711198091506958
vt 0.43815964460372925 0.15092992782592773
vt 0.41507360339164734 0.12768661975860596
vt 0.4313677251338959 0.16619199514389038
vt 0.40636348724365234 0.13852518796920776
vt 0.3768714368343353 0.11907106637954712
vt 0.4150664806365967 0.19211435317993164
vt 0.3508896231651306 0.10807955265045166
vt 0.36764952540397644 0.14236825704574585
vt 0.32453134655952454 0.10169214010238647
vt 0.3438834846019745 0.13332295417785645
vt 0.3195279836654663 0.12934595346450806
vt 0.30015829205513 0.09897768497467041
vt 0.2759760916233063 0.09847193956375122
vt 0.2976025640964508 0.12808775901794434
vt 0.25509533286094666 0.12804895639419556
vt 0.2759769558906555 0.12805622816085815
vt 0.3169265687465668 0.15862488746643066
vt 0.2962917983531952 0.15857958793640137
vt 0.2561769187450409 0.15867078304290771
vt 0.2758401036262512 0.1589566469192505
vt 0.23458702862262726 0.15784937143325806
vt 0.25577396154403687 0.1768304705619812
vt 0.29639503359794617 0.1779642105102539
vt 0.27562999725341797 0.1765231490135193
vt 0.233788400888443 0.181252121925354
vt 0.25516706705093384 0.19683551788330078
vt 0.2966206967830658 0.1982496976852417
vt 0.2112836092710495 0.1587390899658203
vt 0.2754819691181183 0.19660502672195435
vt 0.183526873588562 0.13909828662872314
vt 0.1877610683441162 0.16537493467330933
vt 0.15697024762630463 0.15482264757156372
vt 0.1352168321609497 0.18697971105575562
vt 0.16951841115951538 0.1783342957496643
vt 0.15687787532806396 0.20124781131744385
vt 0.21042385697364807 0.18852925300598145
vt 0.18663448095321655 0.19553923606872559
vt 0.2319852113723755 0.20170676708221436
vt 0.20824052393436432 0.21268028020858765
vt 0.18476606905460358 0.22752916812896729
vt 0.25678005814552307 0.21569442749023438
vt 0.23639628291130066 0.21916699409484863
vt 0.27561619877815247 0.21489906311035156
vt 0.2154647707939148 0.22719091176986694
vt 0.29410022497177124 0.21667897701263428
vt 0.19695645570755005 0.23998498916625977
vt 0.18126609921455383 0.2600027322769165
vt 0.31813833117485046 0.2031351923942566
vt 0.3131465017795563 0.22063052654266357
vt 0.3326509892940521 0.2288174033164978
vt 0.1663721650838852 0.256030797958374
vt 0.16982117295265198 0.2817423343658447
vt 0.34176093339920044 0.21469348669052124
vt 0.35137873888015747 0.2413879632949829
vt 0.31718140840530396 0.18220603466033936
vt 0.3401329815387726 0.1903308629989624
vt 0.3401637375354767 0.16062772274017334
vt 0.3633182942867279 0.16861677169799805
vt 0.3636709153652191 0.19882333278656006
vt 0.3649666905403137 0.2306128740310669
vt 0.36602216958999634 0.2611854076385498
vt 0.3810112476348877 0.1825684905052185
vt 0.3936588168144226 0.15926754474639893
vt 0.39321738481521606 0.20605069398880005
vt 0.40194180607795715 0.22905409336090088
vt 0.3816068470478058 0.2596132755279541
vt 0.3760893940925598 0.2833746671676636
vt 0.42724063992500305 0.21889710426330566
vt 0.38873550295829773 0.2838618755340576
vt 0.37944674491882324 0.30867862701416016
vt 0.4057212173938751 0.2551553249359131
vt 0.3904559314250946 0.31005460023880005
vt 0.37641987204551697 0.33298325538635254
vt 0.40749892592430115 0.28345221281051636
vt 0.3875174820423126 0.33468806743621826
vt 0.36812809109687805 0.35707491636276245
vt 0.4067361354827881 0.3115715980529785
vt 0.3808530271053314 0.3609004020690918
vt 0.4038870930671692 0.3370535969734192
vt 0.4393714964389801 0.3131122589111328
vt 0.43987780809402466 0.28286463022232056
vt 0.39850887656211853 0.3651076555252075
vt 0.43521371483802795 0.34189939498901367
vt 0.4715852737426758 0.31509262323379517
vt 0.4355468451976776 0.25139081478118896
vt 0.47161367535591125 0.2823794484138489
vt 0.4527875781059265 0.20376980304718018
vt 0.46729588508605957 0.24806958436965942
vt 0.4883711040019989 0.31714928150177
vt 0.4875192940235138 0.2824993133544922
vt 0.48351365327835083 0.24803698062896729
vt 0.4760812520980835 0.2149398922920227
vt 0.47774559259414673 0.199174165725708
vt 0.48611095547676086 0.183951735496521
vt 0.4910760819911957 0.16822803020477295
vt 0.4957064390182495 0.17782235145568848
vt 0.5156130194664001 0.1618657112121582
vt 0.5190505385398865 0.1693556308746338
vt 0.4682047665119171 0.34800660610198975
vt 0.48758307099342346 0.3479587435722351
vt 0.48885607719421387 0.3615250587463379
vt 0.4284926652908325 0.3731377124786377
vt 0.45970624685287476 0.38261091709136963
vt 0.48172447085380554 0.3940104842185974
vt 0.49235931038856506 0.37270504236221313
vt 0.4995085597038269 0.3847312927246094
vt 0.4478919208049774 0.4146844148635864
vt 0.4195876717567444 0.40267491340637207
vt 0.39033403992652893 0.3920341730117798
vt 0.43246957659721375 0.44372862577438354
vt 0.3691922426223755 0.3831639885902405
vt 0.35544008016586304 0.37767839431762695
vt 0.40868863463401794 0.426374614238739
vt 0.38268500566482544 0.4133281707763672
vt 0.34866073727607727 0.4024832248687744
vt 0.3401564657688141 0.3949388265609741
vt 0.376191645860672 0.43526148796081543
vt 0.39647483825683594 0.4490143656730652
vt 0.325507253408432 0.42102575302124023
vt 0.32213732600212097 0.40822267532348633
vt 0.302707314491272 0.416967511177063
vt 0.3505938649177551 0.4341828227043152
vt 0.306436687707901 0.4333329200744629
vt 0.28454890847206116 0.42110705375671387
vt 0.3291202783584595 0.44262510538101196
vt 0.2859742045402527 0.4379692077636719
vt 0.2652711868286133 0.42235058546066284
vt 0.30763480067253113 0.45009684562683105
vt 0.3555893301963806 0.46034252643585205
vt 0.37347176671028137 0.45662450790405273
vt 0.33123666048049927 0.46366143226623535
vt 0.3611186146736145 0.48277175426483154
vt 0.30759257078170776 0.46600341796875
vt 0.33540084958076477 0.489948034286499
vt 0.3098350763320923 0.4945712685585022
vt 0.2861211895942688 0.453871488571167
vt 0.28583091497421265 0.4685670733451843
vt 0.26519036293029785 0.4397319555282593
vt 0.2647254168987274 0.455816388130188
vt 0.24739676713943481 0.43876510858535767
vt 0.24982334673404694 0.4220375418663025
vt 0.2339797019958496 0.41939330101013184
vt 0.24583803117275238 0.4554128646850586
vt 0.22934049367904663 0.4347490072250366
vt 0.20695185661315918 0.425411581993103
vt 0.21561214327812195 0.4126368761062622
vt 0.1996736377477646 0.4010244607925415
vt 0.26423904299736023 0.4706505537033081
vt 0.2263232320547104 0.4528653025627136
vt 0.286856472492218 0.497546911239624
vt 0.2447919249534607 0.4709835648536682
vt 0.31424060463905334 0.5216167569160461
vt 0.26393023133277893 0.4990764260292053
vt 0.34158551692962646 0.5147268772125244
vt 0.2892303466796875 0.5250998735427856
vt 0.3196907639503479 0.5459307432174683
vt 0.2428523451089859 0.4990212917327881
vt 0.26411473751068115 0.5261383056640625
vt 0.2922690808773041 0.5502796173095703
vt 0.2645968496799469 0.5515658259391785
vt 0.240711510181427 0.5254855751991272
vt 0.22457119822502136 0.4699680805206299
vt 0.22087860107421875 0.4970669150352478
vt 0.21628716588020325 0.5226998329162598
vt 0.1988804191350937 0.46657001972198486
vt 0.2383185625076294 0.5505585074424744
vt 0.19344119727611542 0.4920772314071655
vt 0.18714074790477753 0.5166599154472351
vt 0.21110817790031433 0.5471094846725464
vt 0.23723576962947845 0.574977457523346
vt 0.20861390233039856 0.5715304613113403
vt 0.1763782650232315 0.5414982438087463
vt 0.1587933599948883 0.5053433179855347
vt 0.16685234010219574 0.4825263023376465
vt 0.14979320764541626 0.5223037004470825
vt 0.1733323037624359 0.4593162536621094
vt 0.12872694432735443 0.5084922313690186
vt 0.13156861066818237 0.4843682050704956
vt 0.14264452457427979 0.4677724838256836
vt 0.2025088220834732 0.44540297985076904
vt 0.1789061278104782 0.4362996816635132
vt 0.1814822107553482 0.4060267210006714
vt 0.15393532812595367 0.4502841830253601
vt 0.15372101962566376 0.4335932731628418
vt 0.13072235882282257 0.44045209884643555
vt 0.11219019442796707 0.45523595809936523
vt 0.12198712676763535 0.4164528250694275
vt 0.10036643594503403 0.4284017086029053
vt 0.15040700137615204 0.4104882478713989
vt 0.16826476156711578 0.380246639251709
vt 0.1853889524936676 0.38151025772094727
vt 0.14334233105182648 0.38274794816970825
vt 0.11528249084949493 0.39157819747924805
vt 0.15905804932117462 0.3589872717857361
vt 0.17251703143119812 0.35876548290252686
vt 0.14017392694950104 0.3607327938079834
vt 0.15486402809619904 0.3329157829284668
vt 0.16669993102550507 0.33481651544570923
vt 0.11159852892160416 0.36440181732177734
vt 0.15353958308696747 0.30623292922973633
vt 0.16463787853717804 0.30681943893432617
vt 0.13876518607139587 0.33128803968429565
vt 0.10727494210004807 0.3326537609100342
vt 0.1578359603881836 0.28001558780670166
vt 0.13817356526851654 0.30596494674682617
vt 0.13963018357753754 0.2774062156677246
vt 0.10542062669992447 0.3051404356956482
vt 0.14313800632953644 0.24909573793411255
vt 0.10705982893705368 0.27489227056503296
vt 0.07300785928964615 0.3052593469619751
vt 0.14773394167423248 0.2237606644630432
vt 0.12245418131351471 0.21281450986862183
vt 0.11320044845342636 0.2438768744468689
vt 0.0965106189250946 0.19754958152770996
vt 0.07271101325750351 0.20898336172103882
vt 0.08167622983455658 0.24057066440582275
vt 0.06378664076328278 0.24070680141448975
vt 0.05816496163606644 0.27399110794067383
vt 0.07523098587989807 0.27361905574798584
vt 0.05552550032734871 0.30741626024246216
vt 0.07384500652551651 0.3367725610733032
vt 0.054593537002801895 0.33676469326019287
vt 0.052670277655124664 0.3491901159286499
vt 0.08033996820449829 0.3711063861846924
vt 0.05772203952074051 0.3800855875015259
vt 0.04839835315942764 0.3590589761734009
vt 0.040666449815034866 0.3690052628517151
vt 0.08788656443357468 0.40305888652801514
vt 0.03425414860248566 0.39025795459747314
vt 0.029814278706908226 0.3764735460281372
vt 0.006397216580808163 0.38679319620132446
vt 0.010127639397978783 0.4002718925476074
vt 0.06711537390947342 0.4118102192878723
vt 0.04508941248059273 0.42148029804229736
vt 0.0220878254622221 0.43157827854156494
vt 0.0787706971168518 0.43864500522613525
vt 0.05592317506670952 0.44837796688079834
vt 0.032768186181783676 0.45899689197540283
vt 0.09119559824466705 0.4662322998046875
vt 0.06785333901643753 0.47579002380371094
vt 0.04508793354034424 0.4871600866317749
vt 0.0521586537361145 0.5009557604789734
vt 0.07506046444177628 0.4927717447280884
vt 0.05599683150649071 0.5063958168029785
vt 0.10305248945951462 0.4985032081604004
vt 0.08044213801622391 0.5028231739997864
vt 0.058349575847387314 0.5111749172210693
vt 0.12664569914340973 0.51700758934021
vt 0.08169295638799667 0.5126015543937683
vt 0.10374531149864197 0.5073292851448059
vt 0.0583367757499218 0.5182199478149414
vt 0.14556492865085602 0.5297443866729736
vt 0.1218637228012085 0.5270130038261414
vt 0.13772058486938477 0.5371959805488586
vt 0.10190287977457047 0.517972469329834
vt 0.07990741729736328 0.5224452018737793
vt 0.07636088132858276 0.5319032073020935
vt 0.05741923674941063 0.5263501405715942
vt 0.09781807661056519 0.5285632610321045
vt 0.07082810252904892 0.543555498123169
vt 0.05501648783683777 0.5381003022193909
vt 0.09226097166538239 0.5383123159408569
vt 0.0841335654258728 0.5495975613594055
vt 0.06462816894054413 0.5537886619567871
vt 0.051976632326841354 0.5495529174804688
vt 0.04916039854288101 0.5612500905990601
vt 0.07545076310634613 0.5586835145950317
vt 0.058493539690971375 0.5637811422348022
vt 0.047558240592479706 0.57294100522995
vt 0.05349242687225342 0.5738303065299988
vt 0.048376597464084625 0.5840421319007874
vt 0.06658648699522018 0.5671778321266174
vt 0.05076725035905838 0.5838780403137207
vt 0.05120280012488365 0.5901129841804504
vt 0.05866445600986481 0.5757490396499634
vt 0.05279969796538353 0.5845431685447693
vt 0.0632646456360817 0.5784187912940979
vt 0.054583627730607986 0.5856092572212219
vt 0.0740935355424881 0.5715662837028503
vt 0.06706631183624268 0.5816184878349304
vt 0.05603417381644249 0.5870158076286316
vt 0.05725150555372238 0.5888086557388306
vt 0.057962145656347275 0.5909641981124878
vt 0.05780854448676109 0.5934770703315735
vt 0.07013038545846939 0.5855086445808411
vt 0.07226887345314026 0.5906088352203369
vt 0.07274358719587326 0.5959979891777039
vt 0.0798422247171402 0.5759309530258179
vt 0.08458767086267471 0.5811105966567993
vt 0.08824162185192108 0.5880525708198547
vt 0.0896604135632515 0.5958196520805359
vt 0.08568776398897171 0.5647097826004028
vt 0.10478266328573227 0.583543062210083
vt 0.10724548995494843 0.592851459980011
vt 0.09684628248214722 0.556868851184845
vt 0.09313687682151794 0.5696955919265747
vt 0.10756471753120422 0.5463248491287231
vt 0.10602521151304245 0.5622567534446716
vt 0.09956564754247665 0.5755676627159119
vt 0.11426203697919846 0.5688338875770569
vt 0.11864373832941055 0.5527085065841675
vt 0.11525259166955948 0.5372316241264343
vt 0.12838508188724518 0.5451701879501343
vt 0.12848226726055145 0.5607609748840332
vt 0.12111832946538925 0.5779655575752258
vt 0.12453644722700119 0.5887908935546875
vt 0.14057748019695282 0.5855695009231567
vt 0.13657571375370026 0.5721662044525146
vt 0.15159715712070465 0.5851444602012634
vt 0.13919296860694885 0.5550978779792786
vt 0.1480455845594406 0.5688841342926025
vt 0.15011805295944214 0.5500237941741943
vt 0.16000881791114807 0.566941499710083
vt 0.16288775205612183 0.5864831209182739
vt 0.16094301640987396 0.5464372038841248
vt 0.17255809903144836 0.5668436288833618
vt 0.17487646639347076 0.5893398523330688
vt 0.1888163834810257 0.5688813328742981
vt 0.18816690146923065 0.593063235282898
vt 0.20628835260868073 0.5957356691360474
vt 0.23625776171684265 0.5998397469520569
vt 0.2652711868286133 0.6020298004150391
vt 0.2650192081928253 0.5764807462692261
vt 0.29527831077575684 0.5750524997711182
vt 0.2984832227230072 0.6003361344337463
vt 0.32547375559806824 0.5698265433311462
vt 0.33167293667793274 0.5942013263702393
vt 0.34943321347236633 0.5374751091003418
vt 0.3579902648925781 0.5597519278526306
vt 0.36754748225212097 0.58255934715271
vt 0.3684583008289337 0.5036239624023438
vt 0.37837567925453186 0.5244953632354736
vt 0.38931435346603394 0.5447435975074768
vt 0.4019548296928406 0.5655676126480103
vt 0.38308292627334595 0.4736798405647278
vt 0.4173847734928131 0.5259829163551331
vt 0.43209806084632874 0.5446810126304626
vt 0.46118679642677307 0.5189926624298096
vt 0.4138096570968628 0.46871548891067505
vt 0.3922359049320221 0.4888346195220947
vt 0.4494588375091553 0.45853590965270996
vt 0.40444543957710266 0.5075134038925171
vt 0.4288248121738434 0.4849921464920044
vt 0.4436696767807007 0.5020245313644409
vt 0.4864458739757538 0.4888824224472046
vt 0.4672316908836365 0.4740028381347656
vt 0.48741209506988525 0.4424634575843811
vt 0.5086982250213623 0.45605921745300293
vt 0.46709099411964417 0.4279899597167969
vt 0.5033158659934998 0.40885287523269653
vt 0.5259580016136169 0.4231705665588379
vt 0.5317015051841736 0.40995705127716064
vt 0.5098381042480469 0.39479947090148926
vt 0.9381721615791321 0.053085505962371826
vt 0.9387721419334412 0.06598550081253052
vt 0.9581721425056458 0.06598550081253052
vt 0.8563721776008606 0.06268548965454102
vt 0.9709722399711609 0.053085505962371826
vt 0.8624721169471741 0.053085505962371826
vt 0.8436722159385681 0.050085484981536865
vt 0.8401722311973572 0.007785499095916748
vt 0.9381721615791321 0.007785499095916748
vt 0.976172149181366 0.007785499095916748
vt 0.9709722399711609 0.053085505962371826
vt 0.8624721169471741 0.007785499095916748
vt 0.9381721615791321 0.053085505962371826
vt 0.9581721425056458 0.06598550081253052
vt 0.9387721419334412 0.06598550081253052
vt 0.8563721776008606 0.06268548965454102
vt 0.8624721169471741 0.053085505962371826
vt 0.8436722159385681 0.050085484981536865
vt 0.3900684714317322 0.8592527508735657
vt 0.3790685534477234 0.8592527508735657
vt 0.3790685534477234 0.8533527255058289
vt 0.39916855096817017 0.8533527255058289
vt 0.32976847887039185 0.8578527569770813
vt 0.3790685534477234 0.8346527218818665
vt 0.4021684527397156 0.8346527218818665
vt 0.3331684470176697 0.8533527255058289
vt 0.3216685652732849 0.852252721786499
vt 0.39916855096817017 0.8533527255058289
vt 0.3196684718132019 0.8346527218818665
vt 0.3790685534477234 0.8533527255058289
vt 0.3900684714317322 0.8592527508735657
vt 0.3790685534477234 0.8592527508735657
vt 0.3331684470176697 0.8346527218818665
vt 0.3331684470176697 0.8533527255058289
vt 0.32976847887039185 0.8578527569770813
vt 0.3216685652732849 0.852252721786499
vt 0.9581721425056458 0.06598550081253052
vt 0.9387721419334412 0.06598550081253052
vt 0.9381721615791321 0.053085505962371826
vt 0.9709722399711609 0.053085505962371826
vt 0.8563721776008606 0.06268548965454102
vt 0.9381721615791321 0.007785499095916748
vt 0.976172149181366 0.007785499095916748
vt 0.9709722399711609 0.053085505962371826
vt 0.8624721169471741 0.053085505962371826
vt 0.8436722159385681 0.050085484981536865
vt 0.8401722311973572 0.007785499095916748
vt 0.8624721169471741 0.007785499095916748
vt 0.9381721615791321 0.053085505962371826
vt 0.9581721425056458 0.06598550081253052
vt 0.9387721419334412 0.06598550081253052
vt 0.8563721776008606 0.06268548965454102
vt 0.8624721169471741 0.053085505962371826
vt 0.8436722159385681 0.050085484981536865
vt 0.3790685534477234 0.8533527255058289
vt 0.3790685534477234 0.8592527508735657
vt 0.3900684714317322 0.8592527508735657
vt 0.32976847887039185 0.8578527569770813
vt 0.39916855096817017 0.8533527255058289
vt 0.3331684470176697 0.8533527255058289
vt 0.3216685652732849 0.852252721786499
vt 0.3196684718132019 0.8346527218818665
vt 0.3790685534477234 0.8346527218818665
vt 0.4021684527397156 0.8346527218818665
vt 0.39916855096817017 0.8533527255058289
vt 0.3331684470176697 0.8346527218818665
vt 0.3331684470176697 0.8533527255058289
vt 0.3216685652732849 0.852252721786499
vt 0.32976847887039185 0.8578527569770813
vt 0.3790685534477234 0.8592527508735657
vt 0.3790685534477234 0.8533527255058289
vt 0.3900684714317322 0.8592527508735657
vt 0.5095641613006592 0.992097020149231
vt 0.49376416206359863 0.992097020149231
vt 0.49376416206359863 0.9809970259666443
vt 0.5095641613006592 0.9809970259666443
vt 0.4783642292022705 0.992097020149231
vt 0.49376416206359863 0.970596969127655
vt 0.5095641613006592 0.970596969127655
vt 0.4783642292022705 0.9809970259666443
vt 0.35686421394348145 0.992097020149231
vt 0.49376416206359863 0.9608970284461975
vt 0.5095641613006592 0.9608970284461975
vt 0.4783642292022705 0.970596969127655
vt 0.35686421394348145 0.9809970259666443
vt 0.3426642417907715 0.992097020149231
vt 0.49376416206359863 0.9517970085144043
vt 0.5095641613006592 0.9517970085144043
vt 0.5095641613006592 0.9426969885826111
vt 0.3426642417907715 0.9809970259666443
vt 0.3283642530441284 0.992097020149231
vt 0.35686421394348145 0.970596969127655
vt 0.4783642292022705 0.9608970284461975
vt 0.3283642530441284 0.9809970259666443
vt 0.18636417388916016 0.992097020149231
vt 0.3426642417907715 0.970596969127655
vt 0.35686421394348145 0.9608970284461975
vt 0.18636417388916016 0.9809970259666443
vt 0.1723642349243164 0.992097020149231
vt 0.3283642530441284 0.970596969127655
vt 0.3426642417907715 0.9608970284461975
vt 0.1723642349243164 0.9809970259666443
vt 0.1584641933441162 0.992097020149231
vt 0.18636417388916016 0.970596969127655
vt 0.3283642530441284 0.9608970284461975
vt 0.1584641933441162 0.9809970259666443
vt 0.036364197731018066 0.992097020149231
vt 0.1723642349243164 0.970596969127655
vt 0.18636417388916016 0.9608970284461975
vt 0.036364197731018066 0.9809970259666443
vt 0.020664216950535774 0.992097020149231
vt 0.1584641933441162 0.970596969127655
vt 0.1723642349243164 0.9608970284461975
vt 0.020664216950535774 0.9809970259666443
vt 0.0049642352387309074 0.992097020149231
vt 0.0049642352387309074 0.9809970259666443
vt 0.020664216950535774 0.970596969127655
vt 0.0049642352387309074 0.970596969127655
vt 0.036364197731018066 0.970596969127655
vt 0.1584641933441162 0.9608970284461975
vt 0.036364197731018066 0.9608970284461975
vt 0.020664216950535774 0.9608970284461975
vt 0.0049642352387309074 0.9608970284461975
vt 0.1584641933441162 0.9517970085144043
vt 0.020664216950535774 0.9517970085144043
vt 0.0049642352387309074 0.9517970085144043
vt 0.0049642352387309074 0.9426969885826111
vt 0.036364197731018066 0.9517970085144043
vt 0.020664216950535774 0.9426969885826111
vt 0.0049642352387309074 0.9329969882965088
vt 0.036364197731018066 0.9426969885826111
vt 0.020664216950535774 0.9329969882965088
vt 0.0049642352387309074 0.9224969744682312
vt 0.1584641933441162 0.9426969885826111
vt 0.020664216950535774 0.9224969744682312
vt 0.0049642352387309074 0.9114969968795776
vt 0.020664216950535774 0.9114969968795776
vt 0.036364197731018066 0.9329969882965088
vt 0.036364197731018066 0.9224969744682312
vt 0.036364197731018066 0.9114969968795776
vt 0.1584641933441162 0.9329969882965088
vt 0.1584641933441162 0.9224969744682312
vt 0.1584641933441162 0.9114969968795776
vt 0.1723642349243164 0.9426969885826111
vt 0.1723642349243164 0.9224969744682312
vt 0.1723642349243164 0.9114969968795776
vt 0.1723642349243164 0.9329969882965088
vt 0.18636417388916016 0.9224969744682312
vt 0.18636417388916016 0.9114969968795776
vt 0.18636417388916016 0.9329969882965088
vt 0.3283642530441284 0.9224969744682312
vt 0.3283642530441284 0.9114969968795776
vt 0.3283642530441284 0.9329969882965088
vt 0.18636417388916016 0.9426969885826111
vt 0.3283642530441284 0.9426969885826111
vt 0.3426642417907715 0.9329969882965088
vt 0.3426642417907715 0.9224969744682312
vt 0.3426642417907715 0.9114969968795776
vt 0.3426642417907715 0.9426969885826111
vt 0.35686421394348145 0.9224969744682312
vt 0.35686421394348145 0.9114969968795776
vt 0.35686421394348145 0.9329969882965088
vt 0.35686421394348145 0.9426969885826111
vt 0.4783642292022705 0.9224969744682312
vt 0.4783642292022705 0.9114969968795776
vt 0.4783642292022705 0.9329969882965088
vt 0.49376416206359863 0.9224969744682312
vt 0.49376416206359863 0.9114969968795776
vt 0.5095641613006592 0.9114969968795776
vt 0.5095641613006592 0.9224969744682312
vt 0.49376416206359863 0.9329969882965088
vt 0.5095641613006592 0.9329969882965088
vt 0.49376416206359863 0.9426969885826111
vt 0.4783642292022705 0.9426969885826111
vt 0.4783642292022705 0.9517970085144043
vt 0.35686421394348145 0.9517970085144043
vt 0.3426642417907715 0.9517970085144043
vt 0.3283642530441284 0.9517970085144043
vt 0.18636417388916016 0.9517970085144043
vt 0.1723642349243164 0.9517970085144043
vt 0.9776579141616821 0.5599822998046875
vt 0.9550285935401917 0.567751944065094
vt 0.9507892727851868 0.5579379200935364
vt 0.976574182510376 0.5518341660499573
vt 0.9463592171669006 0.5746726393699646
vt 0.9465585947036743 0.546345055103302
vt 0.9723674058914185 0.5481688976287842
vt 0.9290406703948975 0.5690849423408508
vt 0.9401729702949524 0.587421178817749
vt 0.9513189792633057 0.5280753374099731
vt 0.9717538952827454 0.5287750363349915
vt 0.91410893201828 0.597618818283081
vt 0.9386519193649292 0.598547101020813
vt 0.9554170966148376 0.514977216720581
vt 0.9712995290756226 0.5160462260246277
vt 0.9203548431396484 0.6168726086616516
vt 0.9401478171348572 0.6106515526771545
vt 0.9599544405937195 0.5036883354187012
vt 0.9709886908531189 0.5043018460273743
vt 0.9257136583328247 0.6435911059379578
vt 0.9464617967605591 0.6397701501846313
vt 0.9498276114463806 0.6718060374259949
vt 0.9638755321502686 0.4952890872955322
vt 0.970772385597229 0.4952746629714966
vt 0.9697415232658386 0.4864952564239502
vt 0.9668809175491333 0.486771821975708
vt 0.9671817421913147 0.4807843565940857
vt 0.9587552547454834 0.49476468563079834
vt 0.9518648982048035 0.5025063753128052
vt 0.9646800756454468 0.48652225732803345
vt 0.9535731673240662 0.4934746026992798
vt 0.943083643913269 0.5124801993370056
vt 0.9625105857849121 0.48592209815979004
vt 0.9436501860618591 0.5000523328781128
vt 0.9493800401687622 0.49134111404418945
vt 0.9608339071273804 0.4850083589553833
vt 0.9594904780387878 0.4835827946662903
vt 0.9457367658615112 0.4878140687942505
vt 0.9589834213256836 0.4811612367630005
vt 0.9595941305160522 0.4786112308502197
vt 0.9450440406799316 0.47476911544799805
vt 0.9438924789428711 0.4812668561935425
vt 0.9304866790771484 0.4697449803352356
vt 0.9371912479400635 0.4964667558670044
vt 0.9315186142921448 0.4907407760620117
vt 0.9285648465156555 0.4800032377243042
vt 0.9305294156074524 0.5072900652885437
vt 0.9213941097259521 0.5010976195335388
vt 0.9135063290596008 0.4924665689468384
vt 0.9094710350036621 0.47665417194366455
vt 0.9123225808143616 0.46191322803497314
vt 0.9038261771202087 0.5045352578163147
vt 0.8888421058654785 0.47139477729797363
vt 0.8924604058265686 0.45233339071273804
vt 0.8937332630157471 0.4919883608818054
vt 0.8647053241729736 0.46440720558166504
vt 0.8680936098098755 0.440671443939209
vt 0.870829701423645 0.4889461398124695
vt 0.8503211736679077 0.45854902267456055
vt 0.8524558544158936 0.4350937604904175
vt 0.8244454860687256 0.4257826805114746
vt 0.8526564240455627 0.4856231212615967
vt 0.8225228786468506 0.4491022825241089
vt 0.7958935499191284 0.4188579320907593
vt 0.8838489055633545 0.5071901679039001
vt 0.7942677140235901 0.44231200218200684
vt 0.7676264643669128 0.4148417115211487
vt 0.8216829895973206 0.4735966920852661
vt 0.7666969299316406 0.43824052810668945
vt 0.739881694316864 0.4136394262313843
vt 0.7924410104751587 0.4652191400527954
vt 0.7404395937919617 0.4367988705635071
vt 0.7647916078567505 0.46051716804504395
vt 0.8117994070053101 0.4944244623184204
vt 0.7136382460594177 0.43809080123901367
vt 0.7120115160942078 0.4148780107498169
vt 0.7854049205780029 0.48651576042175293
vt 0.6869975924491882 0.44213664531707764
vt 0.6842870116233826 0.4190329909324646
vt 0.8380645513534546 0.5057822465896606
vt 0.6587569713592529 0.44907569885253906
vt 0.6560636162757874 0.4260823726654053
vt 0.6885745525360107 0.4650270938873291
vt 0.6305928230285645 0.4581179618835449
vt 0.6285691261291504 0.4351464509963989
vt 0.6131429672241211 0.4405403137207031
vt 0.6591072082519531 0.47282302379608154
vt 0.6162972450256348 0.4638482332229614
vt 0.5890270471572876 0.45181453227996826
vt 0.6277560591697693 0.4847676753997803
vt 0.5924322009086609 0.4709034562110901
vt 0.569343626499176 0.46098989248275757
vt 0.6099730134010315 0.48844778537750244
vt 0.5719060897827148 0.475796639919281
vt 0.5513177514076233 0.468339204788208
vt 0.5872525572776794 0.49129021167755127
vt 0.5529512763023376 0.47854679822921753
vt 0.5675905346870422 0.49139130115509033
vt 0.5378093719482422 0.47919905185699463
vt 0.5368495583534241 0.47287309169769287
vt 0.5497806072235107 0.48915421962738037
vt 0.5228893756866455 0.47852349281311035
vt 0.522344172000885 0.47614848613739014
vt 0.5148234367370605 0.47807109355926514
vt 0.5358341932296753 0.48560869693756104
vt 0.5223656892776489 0.48085129261016846
vt 0.5210539698600769 0.48221755027770996
vt 0.5194397568702698 0.4830591678619385
vt 0.5321823954582214 0.4889655113220215
vt 0.5440399646759033 0.4946519136428833
vt 0.5173272490501404 0.48354798555374146
vt 0.5280081629753113 0.4908953905105591
vt 0.5151612758636475 0.48364806175231934
vt 0.512234091758728 0.48340046405792236
vt 0.5228570103645325 0.49189889430999756
vt 0.5178484320640564 0.49207717180252075
vt 0.5109059810638428 0.4920116662979126
vt 0.5103920102119446 0.5009967088699341
vt 0.5214114785194397 0.5006571412086487
vt 0.509717583656311 0.5127044320106506
vt 0.5293676257133484 0.49997788667678833
vt 0.5255832076072693 0.5122407078742981
vt 0.5088800191879272 0.5253943800926208
vt 0.5375463366508484 0.497961163520813
vt 0.5378594994544983 0.5103221535682678
vt 0.5292454957962036 0.5256457328796387
vt 0.5076655745506287 0.5448766350746155
vt 0.5503496527671814 0.5057453513145447
vt 0.5468981862068176 0.5221541523933411
vt 0.5334625840187073 0.5444340109825134
vt 0.5032438635826111 0.5484453439712524
vt 0.5595729947090149 0.4998370409011841
vt 0.5645463466644287 0.5137972831726074
vt 0.5769015550613403 0.5036924481391907
vt 0.5564075112342834 0.5371273159980774
vt 0.5795652866363525 0.5228302478790283
vt 0.5966416597366333 0.5065221786499023
vt 0.5625983476638794 0.5487709045410156
vt 0.6063603758811951 0.5096387267112732
vt 0.5858052372932434 0.5320855379104614
vt 0.6156924962997437 0.5198635458946228
vt 0.6421291828155518 0.5046747326850891
vt 0.5943856835365295 0.5388274788856506
vt 0.6685397028923035 0.4938260316848755
vt 0.6263001561164856 0.5384160280227661
vt 0.6507636308670044 0.5259782671928406
vt 0.57942795753479 0.5626819133758545
vt 0.608272135257721 0.5537464618682861
vt 0.6343528032302856 0.5529108643531799
vt 0.6754966974258423 0.5167838335037231
vt 0.5969382524490356 0.5778955817222595
vt 0.6951090693473816 0.4863654375076294
vt 0.6568135023117065 0.5457526445388794
vt 0.7144472002983093 0.46077340841293335
vt 0.7403824925422668 0.4592798948287964
vt 0.7176831364631653 0.4822506308555603
vt 0.7607932090759277 0.4819914698600769
vt 0.7402970790863037 0.48075544834136963
vt 0.7001916170120239 0.5102794170379639
vt 0.7202010154724121 0.5065651535987854
vt 0.7576339840888977 0.506397008895874
vt 0.7402081489562988 0.5051513314247131
vt 0.7399815320968628 0.5294092297554016
vt 0.7209414839744568 0.5305676460266113
vt 0.6794452667236328 0.5391420722007751
vt 0.7017728686332703 0.533797562122345
vt 0.7397325038909912 0.5548056960105896
vt 0.719275951385498 0.556141197681427
vt 0.698656439781189 0.5597923398017883
vt 0.6745842695236206 0.56660395860672
vt 0.6502220630645752 0.5723558664321899
vt 0.6962550282478333 0.5852720141410828
vt 0.6261773109436035 0.573344349861145
vt 0.6712952256202698 0.5903263092041016
vt 0.6462087035179138 0.5939987897872925
vt 0.6196627020835876 0.5935084819793701
vt 0.6420698165893555 0.6160719990730286
vt 0.6139208674430847 0.6146436333656311
vt 0.5889331102371216 0.6045790314674377
vt 0.6679050326347351 0.6143437027931213
vt 0.6388787031173706 0.6347606778144836
vt 0.6658426523208618 0.6334673166275024
vt 0.6937803030014038 0.6114417314529419
vt 0.6926046013832092 0.6313337683677673
vt 0.6639449596405029 0.6528580784797668
vt 0.7166948914527893 0.6095048189163208
vt 0.6915732622146606 0.6515496373176575
vt 0.7155999541282654 0.629913866519928
vt 0.7149996757507324 0.650489866733551
vt 0.7180667519569397 0.5822026133537292
vt 0.7392387986183167 0.6292670369148254
vt 0.7396488189697266 0.5810298919677734
vt 0.7394806742668152 0.6087441444396973
vt 0.7586367130279541 0.5555227994918823
vt 0.7597581744194031 0.581768810749054
vt 0.7609555125236511 0.6093738675117493
vt 0.739078938961029 0.6499327421188354
vt 0.7616205811500549 0.6297400593757629
vt 0.7829287052154541 0.5853920578956604
vt 0.7389488220214844 0.6737755537033081
vt 0.7851507663726807 0.6117020845413208
vt 0.7620623111724854 0.6503037810325623
vt 0.7866249084472656 0.6315910816192627
vt 0.8108425140380859 0.6148958802223206
vt 0.7876629829406738 0.6515541672706604
vt 0.813116729259491 0.6340474486351013
vt 0.7622281312942505 0.6739122271537781
vt 0.7143610119819641 0.6740761995315552
vt 0.7388116717338562 0.6976730823516846
vt 0.6898815035820007 0.6746233105659485
vt 0.7141744494438171 0.6977027058601379
vt 0.6620436906814575 0.6753275394439697
vt 0.6893746852874756 0.6976683139801025
vt 0.6363237500190735 0.6535047292709351
vt 0.6617088317871094 0.697749137878418
vt 0.6095941662788391 0.6334884166717529
vt 0.6345376968383789 0.6758256554603577
vt 0.6064995527267456 0.6526606678962708
vt 0.5824952721595764 0.6263430714607239
vt 0.6043451428413391 0.675830602645874
vt 0.5779998898506165 0.6481633186340332
vt 0.6342111825942993 0.6980800628662109
vt 0.5751051306724548 0.6742435693740845
vt 0.603945255279541 0.6989133954048157
vt 0.5746882557868958 0.7003868818283081
vt 0.6057718992233276 0.7245668768882751
vt 0.6356136202812195 0.7227008938789368
vt 0.662810742855072 0.7223145365715027
vt 0.6097232699394226 0.7536640167236328
vt 0.6900783181190491 0.7226861715316772
vt 0.6402062773704529 0.7513795495033264
vt 0.6661766171455383 0.7517002820968628
vt 0.714512050151825 0.7232391238212585
vt 0.6923330426216125 0.7531262636184692
vt 0.6948336958885193 0.7805898785591125
vt 0.7157958149909973 0.7542476654052734
vt 0.7388433218002319 0.7235425114631653
vt 0.6703205108642578 0.7783976793289185
vt 0.7171705365180969 0.7822679877281189
vt 0.6458011865615845 0.7766942977905273
vt 0.7390657067298889 0.7547804713249207
vt 0.6969736814498901 0.8068757057189941
vt 0.6734287142753601 0.8039152026176453
vt 0.6129863262176514 0.7769074440002441
vt 0.6498813629150391 0.8001337051391602
vt 0.6751018166542053 0.8284915089607239
vt 0.6521441340446472 0.823108971118927
vt 0.6187537312507629 0.7979523539543152
vt 0.6272002458572388 0.817602276802063
vt 0.5893827676773071 0.7876017689704895
vt 0.5980735421180725 0.8144406080245972
vt 0.6384774446487427 0.8353922367095947
vt 0.5827968716621399 0.7598078846931458
vt 0.6103134751319885 0.8384241461753845
vt 0.6523114442825317 0.8437527418136597
vt 0.6268269419670105 0.8574965596199036
vt 0.5803514719009399 0.8291805386543274
vt 0.5956679582595825 0.8553932309150696
vt 0.6469464302062988 0.8698709011077881
vt 0.5682448744773865 0.7994070649147034
vt 0.6752485632896423 0.8514421582221985
vt 0.5583203434944153 0.7684538960456848
vt 0.698086142539978 0.8320909738540649
vt 0.550254225730896 0.7356666922569275
vt 0.7184252142906189 0.8087455630302429
vt 0.5772899985313416 0.7286252379417419
vt 0.5481850504875183 0.7028294205665588
vt 0.5488940477371216 0.6724131107330322
vt 0.5269336104393005 0.7060824632644653
vt 0.5291561484336853 0.7430244088172913
vt 0.5274778008460999 0.6724382638931274
vt 0.5259092450141907 0.7569594383239746
vt 0.5523570775985718 0.6425121426582336
vt 0.5315832495689392 0.6393827795982361
vt 0.5385395288467407 0.6096535325050354
vt 0.5585370659828186 0.6150864958763123
vt 0.5402441024780273 0.597338080406189
vt 0.5649564266204834 0.5958051085472107
vt 0.5389506816864014 0.5858915448188782
vt 0.5713192820549011 0.5797147154808044
vt 0.550266444683075 0.5677212476730347
vt 0.5328479409217834 0.5727013945579529
vt 0.5291389226913452 0.5558830499649048
vt 0.5242491960525513 0.565268874168396
vt 0.5018291473388672 0.5564394593238831
vt 0.5353206992149353 0.7815412282943726
vt 0.5192566514015198 0.768505334854126
vt 0.5130565762519836 0.776544988155365
vt 0.5483856797218323 0.8135242462158203
vt 0.5127726197242737 0.7966562509536743
vt 0.5049866437911987 0.7831790447235107
vt 0.48269960284233093 0.7970693707466125
vt 0.48929470777511597 0.8095243573188782
vt 0.5274001955986023 0.8289743661880493
vt 0.505630373954773 0.842684268951416
vt 0.5632116794586182 0.8447877764701843
vt 0.544910192489624 0.8610973954200745
vt 0.5255845189094543 0.8769465088844299
vt 0.581138014793396 0.8727195858955383
vt 0.5660053491592407 0.8899922370910645
vt 0.5492229461669922 0.9081437587738037
vt 0.6157206892967224 0.8766733407974243
vt 0.6035279631614685 0.895781934261322
vt 0.5905849933624268 0.9146755337715149
vt 0.5768352150917053 0.9347668290138245
vt 0.6173906922340393 0.934140682220459
vt 0.6063791513442993 0.9556228518486023
vt 0.6283609867095947 0.9134423732757568
vt 0.6477779150009155 0.9499728679656982
vt 0.6396093964576721 0.9731377363204956
vt 0.6383939981460571 0.8922570943832397
vt 0.6564803123474121 0.9272714257240295
vt 0.6795571446418762 0.9608640074729919
vt 0.6746056079864502 0.9851144552230835
vt 0.7072165608406067 0.991386353969574
vt 0.6711103916168213 0.8797908425331116
vt 0.7093854546546936 0.9667394161224365
vt 0.7398818135261536 0.9936596751213074
vt 0.6981366872787476 0.8553966879844666
vt 0.6643364429473877 0.9043552279472351
vt 0.6855591535568237 0.9365373849868774
vt 0.6954518556594849 0.8858852386474609
vt 0.6909392476081848 0.9122055172920227
vt 0.7125676274299622 0.9415426850318909
vt 0.7155328989028931 0.9164380431175232
vt 0.7393790483474731 0.9688491821289062
vt 0.7397266030311584 0.9433194994926453
vt 0.7178706526756287 0.8892284631729126
vt 0.7401373982429504 0.9177598357200623
vt 0.7637472748756409 0.9426438212394714
vt 0.7676609754562378 0.9683469533920288
vt 0.7710861563682556 0.9926117062568665
vt 0.7620830535888672 0.9168763756752014
vt 0.796070396900177 0.9657478332519531
vt 0.8002070188522339 0.9896015524864197
vt 0.7895122766494751 0.9385974407196045
vt 0.8160356879234314 0.9637075066566467
vt 0.8185660243034363 0.9859318733215332
vt 0.8225672841072083 0.9341595768928528
vt 0.7858923673629761 0.9134860634803772
vt 0.831547737121582 0.9647340178489685
vt 0.8309738039970398 0.9849602580070496
vt 0.8401073217391968 0.9441506266593933
vt 0.8439223170280457 0.968828022480011
vt 0.8422004580497742 0.9869457483291626
vt 0.851205050945282 0.9509434103965759
vt 0.8557412028312683 0.973305344581604
vt 0.8534026145935059 0.9893200993537903
vt 0.8653092980384827 0.9906346797943115
vt 0.8678277134895325 0.9765123128890991
vt 0.882463812828064 0.9895040392875671
vt 0.8628825545310974 0.9577205181121826
vt 0.8843701481819153 0.9775756597518921
vt 0.900582492351532 0.9860863089561462
vt 0.8750161528587341 0.9627729654312134
vt 0.8726025819778442 0.9434331655502319
vt 0.901355504989624 0.9763376712799072
vt 0.9182397723197937 0.9811086654663086
vt 0.8895531296730042 0.965785562992096
vt 0.918174684047699 0.9737826585769653
vt 0.9344624280929565 0.975446879863739
vt 0.904829204082489 0.9670228362083435
vt 0.8840339183807373 0.9506622552871704
vt 0.9339697360992432 0.9708970785140991
vt 0.9481565952301025 0.9689772129058838
vt 0.9202213883399963 0.9671874046325684
vt 0.9478799700737 0.9677053093910217
vt 0.9543774127960205 0.9648870229721069
vt 0.9349492788314819 0.9669974446296692
vt 0.9480901956558228 0.9663569331169128
vt 0.9093828201293945 0.9590787291526794
vt 0.9231221079826355 0.961550235748291
vt 0.93641597032547 0.9635322093963623
vt 0.9483664035797119 0.9649131894111633
vt 0.9254937171936035 0.9571816921234131
vt 0.948468029499054 0.9639794230461121
vt 0.9374921917915344 0.9609474539756775
vt 0.9486821293830872 0.9630979299545288
vt 0.9493871927261353 0.961875319480896
vt 0.9505211710929871 0.9608481526374817
vt 0.9388664960861206 0.9585748314857483
vt 0.9413236975669861 0.9559715390205383
vt 0.9443203806877136 0.953900933265686
vt 0.9283227324485779 0.953266441822052
vt 0.9331876039505005 0.9490360021591187
vt 0.93882817029953 0.9459263682365417
vt 0.9345988631248474 0.9370965957641602
vt 0.9256083965301514 0.9409172534942627
vt 0.9318636655807495 0.9277343153953552
vt 0.9177889227867126 0.9468644857406616
vt 0.9132456183433533 0.952597439289093
vt 0.9082331657409668 0.9386503100395203
vt 0.9191680550575256 0.931404173374176
vt 0.9304330348968506 0.9178332686424255
vt 0.9017056226730347 0.9463803172111511
vt 0.9147419929504395 0.9208436608314514
vt 0.9304437637329102 0.9109988808631897
vt 0.9012860655784607 0.9292585849761963
vt 0.892253577709198 0.9393365383148193
vt 0.8960221409797668 0.9553652405738831
vt 0.8835068345069885 0.9304459095001221
vt 0.895729660987854 0.9197679758071899
vt 0.9122766852378845 0.9119620323181152
vt 0.8759135007858276 0.9204564690589905
vt 0.9113233089447021 0.9028242230415344
vt 0.9318563938140869 0.9042000770568848
vt 0.891355574131012 0.9098756313323975
vt 0.9124215841293335 0.8944575786590576
vt 0.935010552406311 0.897965669631958
vt 0.8886973857879639 0.8997835516929626
vt 0.9171406626701355 0.885095477104187
vt 0.9390021562576294 0.8919780850410461
vt 0.8888357877731323 0.888476550579071
vt 0.9256625175476074 0.8693106770515442
vt 0.9473623037338257 0.879308819770813
vt 0.9629514813423157 0.8542262315750122
vt 0.8693749904632568 0.9101907014846802
vt 0.9408481121063232 0.8446336388587952
vt 0.9055390357971191 0.8594467043876648
vt 0.9544706344604492 0.8181135058403015
vt 0.9782723188400269 0.8270246982574463
vt 0.9201333522796631 0.8344926834106445
vt 0.9653223156929016 0.7867367267608643
vt 0.9895184636116028 0.7960102558135986
vt 0.9946616291999817 0.7832381129264832
vt 0.9715319871902466 0.7726207375526428
vt 0.9633786082267761 0.7675792574882507
vt 0.931981086730957 0.8072538375854492
vt 0.9427158832550049 0.7757487297058105
vt 0.9571395516395569 0.7608999013900757
vt 0.9504299759864807 0.7510241270065308
vt 0.9018425345420837 0.8225075602531433
vt 0.9189837574958801 0.7655143737792969
vt 0.9112164974212646 0.7949663400650024
vt 0.9255893230438232 0.7334632873535156
vt 0.947377622127533 0.7384990453720093
vt 0.9498142600059509 0.7039783596992493
vt 0.8944046497344971 0.7581397294998169
vt 0.8886193633079529 0.7840753197669983
vt 0.8992509841918945 0.727608859539032
vt 0.9280953407287598 0.7018874287605286
vt 0.8677112460136414 0.7530363202095032
vt 0.9281910061836243 0.6726955771446228
vt 0.901800811290741 0.7000849843025208
vt 0.902004599571228 0.674672544002533
vt 0.8999940156936646 0.6492056250572205
vt 0.8962657451629639 0.6278074979782104
vt 0.8714465498924255 0.6537127494812012
vt 0.8729111552238464 0.676449716091156
vt 0.8711368441581726 0.7243603467941284
vt 0.8728806376457214 0.6991432309150696
vt 0.8428885340690613 0.6983416676521301
vt 0.8428551554679871 0.67630934715271
vt 0.8415994644165039 0.7227872014045715
vt 0.815491795539856 0.6979135870933533
vt 0.8417264223098755 0.6542224884033203
vt 0.815426766872406 0.6755954027175903
vt 0.868954062461853 0.6346845626831055
vt 0.8396971821784973 0.6354779005050659
vt 0.8651240468025208 0.6159453392028809
vt 0.8146660923957825 0.6531939506530762
vt 0.890311062335968 0.6060284972190857
vt 0.9079117178916931 0.5808605551719666
vt 0.8367642164230347 0.6168825626373291
vt 0.788160502910614 0.6746228933334351
vt 0.7880877256393433 0.6977277994155884
vt 0.7620828151702881 0.6976239681243896
vt 0.8146082758903503 0.7223548889160156
vt 0.7874953746795654 0.7226011157035828
vt 0.7618158459663391 0.7231951355934143
vt 0.8388848900794983 0.7512969374656677
vt 0.7612136006355286 0.7542686462402344
vt 0.7861302495002747 0.752883791923523
vt 0.8125300407409668 0.7515595555305481
vt 0.7845690250396729 0.7804102897644043
vt 0.8101895451545715 0.7772871851921082
vt 0.835808277130127 0.7751076817512512
vt 0.8639296293258667 0.7755622863769531
vt 0.8315796852111816 0.7989961504936218
vt 0.8812054991722107 0.8083867430686951
vt 0.8594529628753662 0.7966110706329346
vt 0.8542090654373169 0.8172034621238708
vt 0.8072855472564697 0.8026353716850281
vt 0.8276740908622742 0.8224099278450012
vt 0.8722110986709595 0.8317093849182129
vt 0.848325252532959 0.8371064066886902
vt 0.8899205923080444 0.8481728434562683
vt 0.8617697954177856 0.854290246963501
vt 0.8754552006721497 0.8702806830406189
vt 0.8643839359283447 0.8999114632606506
vt 0.8601982593536377 0.8847513198852539
vt 0.8307138085365295 0.8721741437911987
vt 0.8526872992515564 0.9250934720039368
vt 0.8441170454025269 0.9165679216384888
vt 0.8354529738426208 0.8977420926094055
vt 0.810799777507782 0.9073024988174438
vt 0.862205982208252 0.9344841241836548
vt 0.8060564994812012 0.8809353113174438
vt 0.7827496528625488 0.8865063786506653
vt 0.8254191279411316 0.8449996709823608
vt 0.8032029271125793 0.8510977029800415
vt 0.8046860098838806 0.8274258971214294
vt 0.781174898147583 0.8553115129470825
vt 0.7829733490943909 0.8065245151519775
vt 0.7817279100418091 0.8319535851478577
vt 0.7604522705078125 0.782656729221344
vt 0.7599666714668274 0.8090878129005432
vt 0.7393589615821838 0.7831363677978516
vt 0.7598133683204651 0.8347590565681458
vt 0.7396867275238037 0.8096171021461487
vt 0.7191109657287598 0.8344380259513855
vt 0.7399142384529114 0.8353914618492126
vt 0.7192085385322571 0.8576551675796509
vt 0.7599338889122009 0.8577019572257996
vt 0.740074098110199 0.8583616018295288
vt 0.7402155995368958 0.8902694582939148
vt 0.7605285048484802 0.8895113468170166
vt 0.9337388873100281 0.523834228515625
vt 0.9160857200622559 0.5147548913955688
vt 0.9237822890281677 0.5382444262504578
vt 0.9008577466011047 0.5234612226486206
vt 0.917393684387207 0.5496085286140442
vt 0.8945224285125732 0.5326602458953857
vt 0.9001116752624512 0.5634610056877136
vt 0.8824858665466309 0.5791126489639282
vt 0.8738953471183777 0.5103741884231567
vt 0.8641809821128845 0.5209230780601501
vt 0.8855228424072266 0.5395828485488892
vt 0.853448212146759 0.539635419845581
vt 0.8714013695716858 0.5548248291015625
vt 0.8290072083473206 0.5270535945892334
vt 0.8453940153121948 0.55398029088974
vt 0.8535964488983154 0.5745012760162354
vt 0.8044050931930542 0.5172975063323975
vt 0.8228514194488525 0.5467063784599304
vt 0.8294960260391235 0.5732990503311157
vt 0.8598135709762573 0.5948732495307922
vt 0.8330990672111511 0.5949908494949341
vt 0.8079316020011902 0.5908709764480591
vt 0.8050495386123657 0.5673856735229492
vt 0.7809050679206848 0.5601158142089844
vt 0.8002487421035767 0.539751410484314
vt 0.7799311876296997 0.5104681849479675
vt 0.7781158089637756 0.5341269969940186
vt 0.7574424147605896 0.5305442810058594
vt 0.5253097414970398 0.010761439800262451
vt 0.5253097414970398 0.019361436367034912
vt 0.6186097264289856 0.019361436367034912
vt 0.5046097636222839 0.019361436367034912
vt 0.6186097264289856 0.010761439800262451
vt 0.5046097636222839 0.010761439800262451
vt 0.6398096680641174 0.019361436367034912
vt 0.45920974016189575 0.019361436367034912
vt 0.6398096680641174 0.010761439800262451
vt 0.45920974016189575 0.010761439800262451
vt 0.6615096926689148 0.019361436367034912
vt 0.5046097636222839 0.010761439800262451
vt 0.6615096926689148 0.010761439800262451
vt 0.5046097636222839 0.019361436367034912
vt 0.7115097641944885 0.019361436367034912
vt 0.5253097414970398 0.010761439800262451
vt 0.7115097641944885 0.010761439800262451
vt 0.5253097414970398 0.019361436367034912
vt 0.6615096926689148 0.010761439800262451
vt 0.6186097264289856 0.019361436367034912
vt 0.6615096926689148 0.019361436367034912
vt 0.6186097264289856 0.010761439800262451
vt 0.6398096680641174 0.010761439800262451
vt 0.6398096680641174 0.019361436367034912
vt 0.45920974016189575 0.019361436367034912
vt 0.45920974016189575 0.010761439800262451
vt 0.5046097636222839 0.010761439800262451
vt 0.5046097636222839 0.010761439800262451
vt 0.5046097636222839 0.019361436367034912
vt 0.5046097636222839 0.019361436367034912
vt 0.5253097414970398 0.010761439800262451
vt 0.5253097414970398 0.010761439800262451
vt 0.5253097414970398 0.019361436367034912
vt 0.5253097414970398 0.019361436367034912
vt 0.6186097264289856 0.019361436367034912
vt 0.6186097264289856 0.019361436367034912
vt 0.6186097264289856 0.010761439800262451
vt 0.6186097264289856 0.010761439800262451
vt 0.6398096680641174 0.019361436367034912
vt 0.6398096680641174 0.019361436367034912
vt 0.6398096680641174 0.010761439800262451
vt 0.6398096680641174 0.010761439800262451
vt 0.6615096926689148 0.019361436367034912
vt 0.6615096926689148 0.019361436367034912
vt 0.6615096926689148 0.010761439800262451
vt 0.6615096926689148 0.010761439800262451
vt 0.7115097641944885 0.019361436367034912
vt 0.7115097641944885 0.010761439800262451
vt 0.9210487008094788 0.12736642360687256
vt 0.8619486689567566 0.12736642360687256
vt 0.8619486689567566 0.1448664665222168
vt 0.8619486689567566 0.1448664665222168
vt 0.9210487008094788 0.1448664665222168
vt 0.8619486689567566 0.162866473197937
vt 0.9210487008094788 0.1448664665222168
vt 0.9801487326622009 0.12736642360687256
vt 0.9801487326622009 0.1448664665222168
vt 0.9801487326622009 0.1448664665222168
vt 0.9801487326622009 0.162866473197937
vt 0.9210487008094788 0.162866473197937
vt 0.9801487326622009 0.162866473197937
vt 0.8619486689567566 0.18086647987365723
vt 0.9210487008094788 0.18086647987365723
vt 0.9801487326622009 0.18086647987365723
vt 0.8619486689567566 0.19836640357971191
vt 0.9210487008094788 0.19836640357971191
vt 0.9801487326622009 0.19836640357971191
vt 0.8619486689567566 0.18086647987365723
vt 0.9210487008094788 0.18086647987365723
vt 0.9801487326622009 0.18086647987365723
vt 0.8619486689567566 0.162866473197937
vt 0.9210487008094788 0.162866473197937
vt 0.8619486689567566 0.1448664665222168
vt 0.8619486689567566 0.12736642360687256
vt 0.9210487008094788 0.12736642360687256
vt 0.8619486689567566 0.1448664665222168
vt 0.9210487008094788 0.1448664665222168
vt 0.8619486689567566 0.162866473197937
vt 0.9210487008094788 0.1448664665222168
vt 0.9210487008094788 0.162866473197937
vt 0.8619486689567566 0.18086647987365723
vt 0.9801487326622009 0.12736642360687256
vt 0.9801487326622009 0.1448664665222168
vt 0.9801487326622009 0.1448664665222168
vt 0.9801487326622009 0.162866473197937
vt 0.9801487326622009 0.162866473197937
vt 0.9210487008094788 0.18086647987365723
vt 0.9801487326622009 0.18086647987365723
vt 0.8619486689567566 0.19836640357971191
vt 0.9210487008094788 0.19836640357971191
vt 0.9801487326622009 0.19836640357971191
vt 0.8619486689567566 0.18086647987365723
vt 0.9210487008094788 0.18086647987365723
vt 0.9801487326622009 0.18086647987365723
vt 0.8619486689567566 0.162866473197937
vt 0.9210487008094788 0.162866473197937
vt 0.2587760090827942 0.8258492946624756
vt 0.2952759861946106 0.8258492946624756
vt 0.2952759861946106 0.8391492366790771
vt 0.2587760090827942 0.8258492946624756
vt 0.2587760090827942 0.8391492366790771
vt 0.22217614948749542 0.8258492946624756
vt 0.2587760090827942 0.8391492366790771
vt 0.22217614948749542 0.8258492946624756
vt 0.2952759861946106 0.84964919090271
vt 0.22217614948749542 0.8391492366790771
vt 0.18567593395709991 0.8258492946624756
vt 0.2587760090827942 0.84964919090271
vt 0.18567593395709991 0.8391492366790771
vt 0.14907605946063995 0.8258492946624756
vt 0.22217614948749542 0.84964919090271
vt 0.14907605946063995 0.8391492366790771
vt 0.11287601292133331 0.8258492946624756
vt 0.18567593395709991 0.84964919090271
vt 0.11287601292133331 0.8391492366790771
vt 0.07667596638202667 0.8258492946624756
vt 0.14907605946063995 0.84964919090271
vt 0.22217614948749542 0.8592492341995239
vt 0.07667596638202667 0.8391492366790771
vt 0.18567593395709991 0.8592492341995239
vt 0.11287601292133331 0.84964919090271
vt 0.14907605946063995 0.8592492341995239
vt 0.18567593395709991 0.870549201965332
vt 0.14907605946063995 0.870549201965332
vt 0.22217614948749542 0.870549201965332
vt 0.11287601292133331 0.870549201965332
vt 0.2587760090827942 0.8592492341995239
vt 0.2587760090827942 0.870549201965332
vt 0.11287601292133331 0.8592492341995239
vt 0.07667596638202667 0.870549201965332
vt 0.2952759861946106 0.8592492341995239
vt 0.2952759861946106 0.870549201965332
vt 0.2587760090827942 0.870549201965332
vt 0.2587760090827942 0.84964919090271
vt 0.2587760090827942 0.8592492341995239
vt 0.22217614948749542 0.870549201965332
vt 0.22217614948749542 0.8391492366790771
vt 0.18567593395709991 0.8258492946624756
vt 0.22217614948749542 0.84964919090271
vt 0.22217614948749542 0.8592492341995239
vt 0.18567593395709991 0.870549201965332
vt 0.18567593395709991 0.8391492366790771
vt 0.14907605946063995 0.8258492946624756
vt 0.18567593395709991 0.84964919090271
vt 0.18567593395709991 0.8592492341995239
vt 0.14907605946063995 0.870549201965332
vt 0.14907605946063995 0.8391492366790771
vt 0.11287601292133331 0.8258492946624756
vt 0.14907605946063995 0.84964919090271
vt 0.14907605946063995 0.8592492341995239
vt 0.11287601292133331 0.870549201965332
vt 0.11287601292133331 0.8391492366790771
vt 0.11287601292133331 0.84964919090271
vt 0.11287601292133331 0.8592492341995239
vt 0.07667596638202667 0.84964919090271
vt 0.07667596638202667 0.8592492341995239
vt 0.04182324558496475 0.8091311454772949
vt 0.012543654069304466 0.8091311454772949
vt 0.012543654069304466 0.780137300491333
vt 0.04182324558496475 0.8091311454772949
vt 0.04182324558496475 0.780137300491333
vt 0.071416474878788 0.8091311454772949
vt 0.04182324558496475 0.780137300491333
vt 0.071416474878788 0.8091311454772949
vt 0.012543654069304466 0.7654926776885986
vt 0.071416474878788 0.780137300491333
vt 0.10116753727197647 0.8091311454772949
vt 0.04182324558496475 0.7654926776885986
vt 0.10116753727197647 0.780137300491333
vt 0.13101443648338318 0.8091311454772949
vt 0.071416474878788 0.7654926776885986
vt 0.13101443648338318 0.780137300491333
vt 0.16091397404670715 0.8091311454772949
vt 0.10116753727197647 0.7654926776885986
vt 0.16091397404670715 0.780137300491333
vt 0.1908310353755951 0.8091311454772949
vt 0.13101443648338318 0.7654926776885986
vt 0.1908310353755951 0.780137300491333
vt 0.22073349356651306 0.8091311454772949
vt 0.16091397404670715 0.7654926776885986
vt 0.22073349356651306 0.780137300491333
vt 0.25059810280799866 0.8091311454772949
vt 0.1908310353755951 0.7654926776885986
vt 0.25059810280799866 0.780137300491333
vt 0.2804119884967804 0.8091311454772949
vt 0.22073349356651306 0.7654926776885986
vt 0.2804119884967804 0.780137300491333
vt 0.31017598509788513 0.8091311454772949
vt 0.25059810280799866 0.7654926776885986
vt 0.1908310353755951 0.7375866174697876
vt 0.31017598509788513 0.780137300491333
vt 0.22073349356651306 0.7375866174697876
vt 0.2804119884967804 0.7654926776885986
vt 0.25059810280799866 0.7375866174697876
vt 0.1908310353755951 0.6869335174560547
vt 0.22073349356651306 0.6869335174560547
vt 0.16091397404670715 0.6869335174560547
vt 0.25059810280799866 0.6869335174560547
vt 0.16091397404670715 0.7375866174697876
vt 0.13101443648338318 0.6869335174560547
vt 0.13101443648338318 0.7375866174697876
vt 0.10116753727197647 0.6869335174560547
vt 0.10116753727197647 0.7375866174697876
vt 0.071416474878788 0.6869335174560547
vt 0.071416474878788 0.7375866174697876
vt 0.04182324558496475 0.6869335174560547
vt 0.04182324558496475 0.7375866174697876
vt 0.012543654069304466 0.6869335174560547
vt 0.012543654069304466 0.7375866174697876
vt 0.04182324558496475 0.7375866174697876
vt 0.04182324558496475 0.6869335174560547
vt 0.04182324558496475 0.7654926776885986
vt 0.071416474878788 0.7375866174697876
vt 0.071416474878788 0.6869335174560547
vt 0.071416474878788 0.7654926776885986
vt 0.071416474878788 0.780137300491333
vt 0.10116753727197647 0.8091311454772949
vt 0.10116753727197647 0.780137300491333
vt 0.13101443648338318 0.8091311454772949
vt 0.10116753727197647 0.7654926776885986
vt 0.13101443648338318 0.780137300491333
vt 0.16091397404670715 0.8091311454772949
vt 0.10116753727197647 0.7375866174697876
vt 0.10116753727197647 0.6869335174560547
vt 0.13101443648338318 0.7654926776885986
vt 0.16091397404670715 0.780137300491333
vt 0.1908310353755951 0.8091311454772949
vt 0.13101443648338318 0.7375866174697876
vt 0.13101443648338318 0.6869335174560547
vt 0.16091397404670715 0.7654926776885986
vt 0.1908310353755951 0.780137300491333
vt 0.22073349356651306 0.8091311454772949
vt 0.16091397404670715 0.7375866174697876
vt 0.16091397404670715 0.6869335174560547
vt 0.1908310353755951 0.7654926776885986
vt 0.22073349356651306 0.780137300491333
vt 0.25059810280799866 0.8091311454772949
vt 0.1908310353755951 0.7375866174697876
vt 0.1908310353755951 0.6869335174560547
vt 0.22073349356651306 0.7654926776885986
vt 0.25059810280799866 0.780137300491333
vt 0.2804119884967804 0.8091311454772949
vt 0.22073349356651306 0.7375866174697876
vt 0.22073349356651306 0.6869335174560547
vt 0.25059810280799866 0.7654926776885986
vt 0.2804119884967804 0.780137300491333
vt 0.31017598509788513 0.8091311454772949
vt 0.25059810280799866 0.7375866174697876
vt 0.25059810280799866 0.6869335174560547
vt 0.2804119884967804 0.7654926776885986
vt 0.2804119884967804 0.7375866174697876
vt 0.2804119884967804 0.6869335174560547
vt 0.31017598509788513 0.780137300491333
vt 0.31017598509788513 0.7654926776885986
vt 0.31017598509788513 0.7375866174697876
vt 0.31017598509788513 0.6869335174560547
vt 0.33986225724220276 0.780137300491333
vt 0.33986225724220276 0.8091311454772949
vt 0.36934712529182434 0.8091311454772949
vt 0.33986225724220276 0.7654926776885986
vt 0.33986225724220276 0.7375866174697876
vt 0.33986225724220276 0.6869335174560547
vt 0.36934712529182434 0.780137300491333
vt 0.36934712529182434 0.7654926776885986
vt 0.36934712529182434 0.7375866174697876
vt 0.36934712529182434 0.6869335174560547
vt 0.33986225724220276 0.6869335174560547
vt 0.33986225724220276 0.7375866174697876
vt 0.31017598509788513 0.6869335174560547
vt 0.33986225724220276 0.7654926776885986
vt 0.31017598509788513 0.7375866174697876
vt 0.2804119884967804 0.6869335174560547
vt 0.33986225724220276 0.780137300491333
vt 0.33986225724220276 0.8091311454772949
vt 0.31017598509788513 0.7654926776885986
vt 0.2804119884967804 0.7375866174697876
vt 0.034293949604034424 0.6652209758758545
vt 0.012848543003201485 0.6652209758758545
vt 0.012848543003201485 0.6316393613815308
vt 0.034293949604034424 0.6652209758758545
vt 0.034293949604034424 0.6316393613815308
vt 0.05908899009227753 0.6652209758758545
vt 0.034293949604034424 0.6316393613815308
vt 0.05908899009227753 0.6652209758758545
vt 0.012848543003201485 0.6184108853340149
vt 0.034293949604034424 0.6184108853340149
vt 0.034293949604034424 0.6184108853340149
vt 0.05908899009227753 0.6316393613815308
vt 0.05908899009227753 0.6184108853340149
vt 0.08677728474140167 0.6652209758758545
vt 0.08677728474140167 0.6316393613815308
vt 0.08677728474140167 0.6184108853340149
vt 0.11681489646434784 0.6652209758758545
vt 0.11681489646434784 0.6316393613815308
vt 0.11681489646434784 0.6184108853340149
vt 0.14834299683570862 0.6652209758758545
vt 0.14834299683570862 0.6316393613815308
vt 0.14834299683570862 0.6184108853340149
vt 0.18127340078353882 0.6652209758758545
vt 0.18127340078353882 0.6316393613815308
vt 0.18127340078353882 0.6184108853340149
vt 0.2142133116722107 0.6652209758758545
vt 0.2142133116722107 0.6316393613815308
vt 0.2142133116722107 0.6184108853340149
vt 0.24649403989315033 0.6652209758758545
vt 0.24649403989315033 0.6316393613815308
vt 0.24649403989315033 0.6184108853340149
vt 0.2773530185222626 0.6652209758758545
vt 0.2773530185222626 0.6316393613815308
vt 0.2773530185222626 0.6184108853340149
vt 0.3061281144618988 0.6652209758758545
vt 0.3061281144618988 0.6316393613815308
vt 0.3061281144618988 0.6184108853340149
vt 0.3322612941265106 0.6316393613815308
vt 0.3322612941265106 0.6652209758758545
vt 0.3322612941265106 0.6184108853340149
vt 0.3552685081958771 0.6652209758758545
vt 0.3552685081958771 0.6316393613815308
vt 0.3552685081958771 0.6184108853340149
vt 0.3322612941265106 0.6184108853340149
vt 0.3322612941265106 0.6316393613815308
vt 0.3322612941265106 0.6652209758758545
vt 0.3061281144618988 0.6184108853340149
vt 0.3061281144618988 0.6652209758758545
vt 0.3061281144618988 0.6316393613815308
vt 0.2773530185222626 0.6184108853340149
vt 0.2773530185222626 0.6316393613815308
vt 0.2773530185222626 0.6652209758758545
vt 0.24649403989315033 0.6184108853340149
vt 0.24649403989315033 0.6316393613815308
vt 0.24649403989315033 0.6652209758758545
vt 0.2142133116722107 0.6184108853340149
vt 0.2142133116722107 0.6316393613815308
vt 0.2142133116722107 0.6652209758758545
vt 0.18127340078353882 0.6184108853340149
vt 0.18127340078353882 0.6316393613815308
vt 0.18127340078353882 0.6652209758758545
vt 0.14834299683570862 0.6184108853340149
vt 0.14834299683570862 0.6316393613815308
vt 0.14834299683570862 0.6652209758758545
vt 0.11681489646434784 0.6184108853340149
vt 0.11681489646434784 0.6316393613815308
vt 0.11681489646434784 0.6652209758758545
vt 0.08677728474140167 0.6184108853340149
vt 0.08677728474140167 0.6316393613815308
vt 0.08677728474140167 0.6652209758758545
vt 0.05908899009227753 0.6184108853340149
vt 0.05908899009227753 0.6316393613815308
vt 0.39201000332832336 0.7423400282859802
vt 0.399150013923645 0.7336000204086304
vt 0.4101400077342987 0.7336000204086304
vt 0.4101400077342987 0.7336000204086304
vt 0.4072299897670746 0.7423400282859802
vt 0.4225499927997589 0.7336000204086304
vt 0.4072299897670746 0.7423400282859802
vt 0.4225499927997589 0.7336000204086304
vt 0.39201000332832336 0.8103600144386292
vt 0.4072299897670746 0.8103600144386292
vt 0.4072299897670746 0.8103600144386292
vt 0.4225499927997589 0.8103600144386292
vt 0.4225499927997589 0.8103600144386292
vt 0.4225499927997589 0.7423400282859802
vt 0.4379499852657318 0.8103600144386292
vt 0.4350399971008301 0.7336000204086304
vt 0.4379499852657318 0.7423400282859802
vt 0.4531799852848053 0.8103600144386292
vt 0.44604000449180603 0.7336000204086304
vt 0.4531799852848053 0.7423400282859802
vt 0.4379499852657318 0.7423400282859802
vt 0.4379499852657318 0.8103600144386292
vt 0.4350399971008301 0.7336000204086304
vt 0.4225499927997589 0.7423400282859802
vt 0.5603934526443481 0.3244962692260742
vt 0.5475788712501526 0.32497209310531616
vt 0.5488807559013367 0.29608750343322754
vt 0.5503844022750854 0.35391855239868164
vt 0.5618709921836853 0.298062801361084
vt 0.5553593039512634 0.26999926567077637
vt 0.5629138350486755 0.3508847951889038
vt 0.5607540607452393 0.3835334777832031
vt 0.5740453004837036 0.32407307624816895
vt 0.5677840709686279 0.27459633350372314
vt 0.5610136389732361 0.26012325286865234
vt 0.5706844329833984 0.37774449586868286
vt 0.5682882070541382 0.3938964605331421
vt 0.5733006000518799 0.26527106761932373
vt 0.5691231489181519 0.25195765495300293
vt 0.5777820348739624 0.38611435890197754
vt 0.5783617496490479 0.401866614818573
vt 0.5802748203277588 0.37233054637908936
vt 0.5863023996353149 0.39199209213256836
vt 0.5870358943939209 0.40762078762054443
vt 0.5860844254493713 0.3787165880203247
vt 0.5753219723701477 0.34815752506256104
vt 0.6057485938072205 0.3465105891227722
vt 0.6065229773521423 0.3705254793167114
vt 0.5932163000106812 0.3824095129966736
vt 0.5938047766685486 0.39602863788604736
vt 0.5979809761047363 0.41115182638168335
vt 0.5989823937416077 0.3848133087158203
vt 0.6019377708435059 0.39893436431884766
vt 0.6276877522468567 0.41504693031311035
vt 0.6054649353027344 0.38665658235549927
vt 0.6276877522468567 0.40217697620391846
vt 0.6561995148658752 0.4122648239135742
vt 0.6276877522468567 0.3885509967803955
vt 0.653028666973114 0.3991973400115967
vt 0.6704100370407104 0.4069763422012329
vt 0.6276877522468567 0.3697078227996826
vt 0.6501040458679199 0.3862802982330322
vt 0.6641973853111267 0.3950687646865845
vt 0.6815645098686218 0.39926064014434814
vt 0.6591915488243103 0.3840031623840332
vt 0.673894464969635 0.38883960247039795
vt 0.6487542986869812 0.3676711320877075
vt 0.6666703820228577 0.37950366735458374
vt 0.6716498732566833 0.3748534917831421
vt 0.6803073287010193 0.3827008605003357
vt 0.6891428232192993 0.39103156328201294
vt 0.6758867502212524 0.3679008483886719
vt 0.6858927011489868 0.3741500973701477
vt 0.6959167122840881 0.3812817335128784
vt 0.6501014232635498 0.3462144136428833
vt 0.6820077896118164 0.3490525484085083
vt 0.6929707527160645 0.3522111773490906
vt 0.7038075923919678 0.35555195808410645
vt 0.7072950601577759 0.32556259632110596
vt 0.6952071189880371 0.32378673553466797
vt 0.7058634757995605 0.29480797052383423
vt 0.6927396059036255 0.2953469753265381
vt 0.6968502402305603 0.26555246114730835
vt 0.6829544305801392 0.3222656846046448
vt 0.6860840916633606 0.27042722702026367
vt 0.6869365572929382 0.25362175703048706
vt 0.6799528002738953 0.2960548996925354
vt 0.6504499912261963 0.3227790594100952
vt 0.6493861675262451 0.2992199659347534
vt 0.6759341955184937 0.27501845359802246
vt 0.6781017184257507 0.26095402240753174
vt 0.6718287467956543 0.24101728200912476
vt 0.6698032021522522 0.2677040100097656
vt 0.6644853353500366 0.2515934705734253
vt 0.6576204299926758 0.23581969738006592
vt 0.6483529806137085 0.2761625647544861
vt 0.658168375492096 0.26212799549102783
vt 0.653007984161377 0.24843049049377441
vt 0.6276877522468567 0.24496638774871826
vt 0.6276877522468567 0.2316996455192566
vt 0.649086058139801 0.26065969467163086
vt 0.6276877522468567 0.27572810649871826
vt 0.6276877522468567 0.2587096691131592
vt 0.6020209193229675 0.24715960025787354
vt 0.5961989164352417 0.23532772064208984
vt 0.6066828370094299 0.25965309143066406
vt 0.6076053977012634 0.27698075771331787
vt 0.6276877522468567 0.2999054193496704
vt 0.5972281694412231 0.2616921067237854
vt 0.5901622176170349 0.25145423412323
vt 0.5822190642356873 0.24172139167785645
vt 0.5893217921257019 0.2659151554107666
vt 0.5798841118812561 0.258247971534729
vt 0.5841075778007507 0.2711995840072632
vt 0.5801730155944824 0.27903592586517334
vt 0.6055322885513306 0.3005374073982239
vt 0.5758090615272522 0.30003130435943604
vt 0.6276877522468567 0.32305002212524414
vt 0.6050533652305603 0.3235015869140625
vt 0.6276877522468567 0.3463634252548218
vt 0.6997606158256531 0.09110766649246216
vt 0.7013471126556396 0.11993944644927979
vt 0.6886959671974182 0.11987149715423584
vt 0.6988429427146912 0.14889252185821533
vt 0.6870079040527344 0.09341716766357422
vt 0.6929764747619629 0.06507700681686401
vt 0.6864113807678223 0.14633715152740479
vt 0.6889351606369019 0.17877495288848877
vt 0.6808692812919617 0.06996852159500122
vt 0.6871383190155029 0.05525648593902588
vt 0.6749173402786255 0.11984127759933472
vt 0.6730198860168457 0.0958324670791626
vt 0.6752342581748962 0.06068825721740723
vt 0.6788443326950073 0.04712557792663574
vt 0.6685382127761841 0.07487338781356812
vt 0.6685642004013062 0.05381572246551514
vt 0.6655188202857971 0.03699922561645508
vt 0.6645248532295227 0.06705904006958008
vt 0.6582613587379456 0.04732328653335571
vt 0.6515562534332275 0.03143435716629028
vt 0.6592283844947815 0.06188464164733887
vt 0.6463815569877625 0.0433957576751709
vt 0.6211545467376709 0.028289616107940674
vt 0.6513371467590332 0.057829082012176514
vt 0.6411314010620117 0.0735013484954834
vt 0.641904354095459 0.056032657623291016
vt 0.6211545467376709 0.04146033525466919
vt 0.5918769836425781 0.03213095664978027
vt 0.6211545467376709 0.05529141426086426
vt 0.6432667374610901 0.0969884991645813
vt 0.6211545467376709 0.07247269153594971
vt 0.6437962651252747 0.11991298198699951
vt 0.6211545467376709 0.0965617299079895
vt 0.6211545467376709 0.11964482069015503
vt 0.6000198721885681 0.057091355323791504
vt 0.5995209813117981 0.0957801342010498
vt 0.5961877107620239 0.04469329118728638
vt 0.6006445288658142 0.07275617122650146
vt 0.5910001993179321 0.05843251943588257
vt 0.5847906470298767 0.047690749168395996
vt 0.577876091003418 0.03705841302871704
vt 0.5793806314468384 0.0638081431388855
vt 0.5711619853973389 0.05683267116546631
vt 0.5626851916313171 0.049337565898895264
vt 0.5731835961341858 0.07103979587554932
vt 0.5630924105644226 0.06618756055831909
vt 0.5526175498962402 0.061096906661987305
vt 0.5690137147903442 0.09202659130096436
vt 0.5562265515327454 0.09102320671081543
vt 0.5432479977607727 0.09018534421920776
vt 0.5658770799636841 0.11820399761199951
vt 0.5536519289016724 0.11945432424545288
vt 0.5415993332862854 0.120899498462677
vt 0.5983582735061646 0.11928725242614746
vt 0.566655695438385 0.1450718641281128
vt 0.5557168126106262 0.14788854122161865
vt 0.5448598861694336 0.15087324380874634
vt 0.5523558855056763 0.17675656080245972
vt 0.5624732971191406 0.17001080513000488
vt 0.5589889883995056 0.1867460012435913
vt 0.5679358243942261 0.1787148118019104
vt 0.5665178298950195 0.19524621963500977
vt 0.5726490020751953 0.16405868530273438
vt 0.598643958568573 0.1426858901977539
vt 0.5768383741378784 0.1710953712463379
vt 0.6211545467376709 0.14294421672821045
vt 0.5999535322189331 0.16417455673217773
vt 0.6211545467376709 0.16632097959518433
vt 0.6431795954704285 0.1429620385169983
vt 0.6738300919532776 0.14395010471343994
vt 0.6690946817398071 0.16833722591400146
vt 0.6425310373306274 0.16697514057159424
vt 0.6789267659187317 0.173467755317688
vt 0.6814830899238586 0.18944323062896729
vt 0.671886146068573 0.18211603164672852
vt 0.6714855432510376 0.19785064458847046
vt 0.6633020043373108 0.1748870611190796
vt 0.6633416414260864 0.18828541040420532
vt 0.6626666784286499 0.20383787155151367
vt 0.6561161875724792 0.178791344165802
vt 0.6557686924934387 0.192529559135437
vt 0.6515009999275208 0.2076129913330078
vt 0.650295078754425 0.18132567405700684
vt 0.6437541246414185 0.18326544761657715
vt 0.6474753022193909 0.19555151462554932
vt 0.6211545467376709 0.2117212414741516
vt 0.6211545467376709 0.1852741837501526
vt 0.6211545467376709 0.19891232252120972
vt 0.5921280384063721 0.20873111486434937
vt 0.598467230796814 0.1828746795654297
vt 0.5954128503799438 0.19577765464782715
vt 0.5777539610862732 0.2031799554824829
vt 0.5840998291969299 0.19150257110595703
vt 0.5893144011497498 0.18049848079681396
vt 0.5818178653717041 0.17585492134094238
vt 0.5743249654769897 0.18505817651748657
vt 0.20483776926994324 0.3764708638191223
vt 0.20428046584129333 0.3677396774291992
vt 0.20599666237831116 0.3679179549217224
vt 0.20576044917106628 0.35976094007492065
vt 0.20652976632118225 0.3762539029121399
vt 0.2066960632801056 0.38401931524276733
vt 0.207407146692276 0.3603428602218628
vt 0.2089468538761139 0.352547824382782
vt 0.20927157998085022 0.368247926235199
vt 0.2083587348461151 0.3834049701690674
vt 0.21077415347099304 0.39133220911026
vt 0.20982202887535095 0.37584108114242554
vt 0.21216848492622375 0.390463650226593
vt 0.21567901968955994 0.39763396978378296
vt 0.2115512192249298 0.3823522925376892
vt 0.21706870198249817 0.3962087035179138
vt 0.22099903225898743 0.4017638564109802
vt 0.21489301323890686 0.388823926448822
vt 0.22214379906654358 0.399993896484375
vt 0.22705361247062683 0.40450525283813477
vt 0.21973231434822083 0.39381033182144165
vt 0.22780343890190125 0.40252161026000977
vt 0.23242232203483582 0.40576696395874023
vt 0.2243211567401886 0.39696401357650757
vt 0.232761412858963 0.4036516547203064
vt 0.23777416348457336 0.4060705900192261
vt 0.2292397916316986 0.3990113139152527
vt 0.23777416348457336 0.37140268087387085
vt 0.2333965003490448 0.399832546710968
vt 0.23777416348457336 0.40395158529281616
vt 0.23777416348457336 0.40006452798843384
vt 0.24318531155586243 0.4033758044242859
vt 0.2436891496181488 0.4054199457168579
vt 0.24221524596214294 0.3997809886932373
vt 0.2485349476337433 0.4019452929496765
vt 0.2492639720439911 0.4037378430366516
vt 0.24706712365150452 0.3988354802131653
vt 0.2541241943836212 0.39902061223983765
vt 0.25520291924476624 0.40062469244003296
vt 0.25201430916786194 0.39627814292907715
vt 0.2593577206134796 0.39489734172821045
vt 0.2607084810733795 0.3961640000343323
vt 0.2567056715488434 0.3927062153816223
vt 0.26372697949409485 0.3895133137702942
vt 0.2652396261692047 0.3903971314430237
vt 0.2607797682285309 0.38794559240341187
vt 0.2669232189655304 0.3828848600387573
vt 0.26846542954444885 0.3834421634674072
vt 0.2639332115650177 0.3818970322608948
vt 0.2687971889972687 0.3754538893699646
vt 0.270378977060318 0.37563425302505493
vt 0.2657402455806732 0.37514787912368774
vt 0.26906803250312805 0.3680505156517029
vt 0.2707069218158722 0.36786311864852905
vt 0.26927128434181213 0.35983413457870483
vt 0.26595011353492737 0.3683856725692749
vt 0.267546147108078 0.3604280352592468
vt 0.26613327860832214 0.35257530212402344
vt 0.2642571032047272 0.3614042401313782
vt 0.26453718543052673 0.35358160734176636
vt 0.2614041268825531 0.34604519605636597
vt 0.261476069688797 0.3552326560020447
vt 0.2599935829639435 0.3474876284599304
vt 0.2555704414844513 0.3413587212562561
vt 0.25717654824256897 0.34982234239578247
vt 0.2544666826725006 0.3430459499359131
vt 0.24957230687141418 0.33791810274124146
vt 0.2523196041584015 0.34610193967819214
vt 0.24875369668006897 0.33983492851257324
vt 0.24362865090370178 0.3359562158584595
vt 0.24712923169136047 0.34343594312667847
vt 0.24317583441734314 0.33815640211105347
vt 0.23779109120368958 0.3375130891799927
vt 0.2377871572971344 0.33528804779052734
vt 0.24229297041893005 0.3422604203224182
vt 0.23777416348457336 0.3416363596916199
vt 0.2324117124080658 0.33803802728652954
vt 0.23198488354682922 0.33582061529159546
vt 0.2332419455051422 0.3420029878616333
vt 0.22655346989631653 0.33963948488235474
vt 0.22576048970222473 0.33763986825942993
vt 0.2281634509563446 0.3432304859161377
vt 0.22063633799552917 0.34286755323410034
vt 0.2194364368915558 0.34109383821487427
vt 0.22299054265022278 0.3459051251411438
vt 0.2152821123600006 0.34725767374038696
vt 0.2137531340122223 0.34584081172943115
vt 0.2181665599346161 0.349628746509552
vt 0.2105412781238556 0.35350269079208374
vt 0.21360239386558533 0.3551480174064636
vt 0.21064522862434387 0.3613308072090149
vt 0.9312700629234314 0.22518181800842285
vt 0.9312700629234314 0.21238183975219727
vt 0.954770028591156 0.21238183975219727
vt 0.9312700629234314 0.22518181800842285
vt 0.954770028591156 0.22518181800842285
vt 0.9312700629234314 0.23808181285858154
vt 0.954770028591156 0.22518181800842285
vt 0.9312700629234314 0.23808181285858154
vt 0.9782699942588806 0.22518181800842285
vt 0.9782699942588806 0.21238183975219727
vt 0.9782699942588806 0.23808181285858154
vt 0.9782699942588806 0.22518181800842285
vt 0.9782699942588806 0.23808181285858154
vt 0.954770028591156 0.23808181285858154
vt 0.9312700629234314 0.25088179111480713
vt 0.954770028591156 0.25088179111480713
vt 0.9782699942588806 0.25088179111480713
vt 0.954770028591156 0.23808181285858154
vt 0.3390108346939087 0.24537676572799683
vt 0.3530469536781311 0.27147674560546875
vt 0.3465508222579956 0.27310073375701904
vt 0.35339486598968506 0.30117279291152954
vt 0.33367490768432617 0.2505967617034912
vt 0.3134908974170685 0.22971677780151367
vt 0.34620290994644165 0.29920077323913574
vt 0.33854687213897705 0.32715678215026855
vt 0.31140294671058655 0.23690879344940186
vt 0.28321483731269836 0.22902077436447144
vt 0.33332687616348267 0.32193678617477417
vt 0.3124469816684723 0.3424687385559082
vt 0.28507086634635925 0.23621273040771484
vt 0.2565348446369171 0.24352073669433594
vt 0.3105909526348114 0.3352767825126648
vt 0.28205493092536926 0.3425847887992859
vt 0.2616388499736786 0.248856782913208
vt 0.2405269593000412 0.26973676681518555
vt 0.2840268313884735 0.3355088233947754
vt 0.2554909288883209 0.3275047540664673
vt 0.2476028949022293 0.27170878648757935
vt 0.23959894478321075 0.3007087707519531
vt 0.2607109844684601 0.32216882705688477
vt 0.24748702347278595 0.2987368106842041
vt 0.25177887082099915 0.29757678508758545
vt 0.25224295258522034 0.27321672439575195
vt 0.26395896077156067 0.3188047409057617
vt 0.28507086634635925 0.33075278997421265
vt 0.2585068941116333 0.29583680629730225
vt 0.26883095502853394 0.31381678581237793
vt 0.30919885635375977 0.33063673973083496
vt 0.28669485449790955 0.3240247964859009
vt 0.3298468589782715 0.3185727596282959
vt 0.3072269558906555 0.32390880584716797
vt 0.34156298637390137 0.2980407476425171
vt 0.32474297285079956 0.313700795173645
vt 0.2917988896369934 0.3041887879371643
vt 0.3416788578033447 0.2743767499923706
vt 0.30154284834861755 0.3041887879371643
vt 0.28321483731269836 0.29920077323913574
vt 0.3347189426422119 0.2963007688522339
vt 0.3098948299884796 0.29931676387786865
vt 0.2965549826622009 0.285976767539978
vt 0.31476694345474243 0.2909647822380066
vt 0.2783428728580475 0.29073280096054077
vt 0.3347189426422119 0.2762327790260315
vt 0.3148829936981201 0.28133678436279297
vt 0.3101268708705902 0.2728687524795532
vt 0.3250908851623535 0.25871676206588745
vt 0.330194890499115 0.2538447380065918
vt 0.30189090967178345 0.26788079738616943
vt 0.30780690908432007 0.24816077947616577
vt 0.3098948299884796 0.241432785987854
vt 0.2921469509601593 0.2677648067474365
vt 0.2875068485736847 0.24769675731658936
vt 0.2859988808631897 0.24085277318954468
vt 0.28356289863586426 0.2725207805633545
vt 0.2696429491043091 0.2575567960739136
vt 0.26488685607910156 0.2524527311325073
vt 0.2784588932991028 0.28087282180786133
vt 0.2588549554347992 0.2751888036727905
vt 0.9828941822052002 0.3207283020019531
vt 0.9828941822052002 0.33892834186553955
vt 0.9448940753936768 0.33892834186553955
vt 0.9828941822052002 0.3207283020019531
vt 0.9448940753936768 0.3207283020019531
vt 0.9828941822052002 0.30232834815979004
vt 0.9448940753936768 0.3207283020019531
vt 0.9828941822052002 0.30232834815979004
vt 0.9448940753936768 0.30232834815979004
vt 0.9828941822052002 0.2839283347129822
vt 0.937994122505188 0.31692832708358765
vt 0.937994122505188 0.30232834815979004
vt 0.937994122505188 0.32992833852767944
vt 0.937994122505188 0.28772830963134766
vt 0.937994122505188 0.31692832708358765
vt 0.937994122505188 0.30232834815979004
vt 0.9448940753936768 0.2839283347129822
vt 0.937994122505188 0.27472829818725586
vt 0.9828941822052002 0.2657283544540405
vt 0.9448940753936768 0.2657283544540405
vt 0.9448940753936768 0.2839283347129822
vt 0.937994122505188 0.28772830963134766
vt 0.9828941822052002 0.2839283347129822
vt 0.9448940753936768 0.30232834815979004
vt 0.8438901305198669 0.13718122243881226
vt 0.8438901305198669 0.12254220247268677
vt 0.8343429565429688 0.11554092168807983
vt 0.8438901305198669 0.13718122243881226
vt 0.8343429565429688 0.1348474621772766
vt 0.8438901305198669 0.1541540026664734
vt 0.8343429565429688 0.1348474621772766
vt 0.8438901305198669 0.1541540026664734
vt 0.8343429565429688 0.1541540026664734
vt 0.8438901305198669 0.1710207462310791
vt 0.8343429565429688 0.1541540026664734
vt 0.8438901305198669 0.1710207462310791
vt 0.8343429565429688 0.17346060276031494
vt 0.8343429565429688 0.17346060276031494
vt 0.8343429565429688 0.19276714324951172
vt 0.8438901305198669 0.1856597661972046
vt 0.7257170081138611 0.19276714324951172
vt 0.7257170081138611 0.17346060276031494
vt 0.7257170081138611 0.1541540026664734
vt 0.7257170081138611 0.1348474621772766
vt 0.7161698341369629 0.1541540026664734
vt 0.7161698341369629 0.13707518577575684
vt 0.7161698341369629 0.17123287916183472
vt 0.7161698341369629 0.12233000993728638
vt 0.7161698341369629 0.18587195873260498
vt 0.7161698341369629 0.17123287916183472
vt 0.7257170081138611 0.11554092168807983
vt 0.7257170081138611 0.17346060276031494
vt 0.7161698341369629 0.1541540026664734
vt 0.7257170081138611 0.1541540026664734
vt 0.7161698341369629 0.13696902990341187
vt 0.7257170081138611 0.1348474621772766
vt 0.03872928023338318 0.039885103702545166
vt 0.00872788019478321 0.039885103702545166
vt 0.00872788019478321 0.016334354877471924
vt 0.03872928023338318 0.039885103702545166
vt 0.03872928023338318 0.016334354877471924
vt 0.07053041458129883 0.039885103702545166
vt 0.03872928023338318 0.016334354877471924
vt 0.07053041458129883 0.039885103702545166
vt 0.07053041458129883 0.016334354877471924
vt 0.10233155637979507 0.039885103702545166
vt 0.03872928023338318 0.00952768325805664
vt 0.07053041458129883 0.00952768325805664
vt 0.00872788019478321 0.00952768325805664
vt 0.10233155637979507 0.00952768325805664
vt 0.03872928023338318 0.00952768325805664
vt 0.07053041458129883 0.00952768325805664
vt 0.10233155637979507 0.016334354877471924
vt 0.1324075609445572 0.00952768325805664
vt 0.1324075609445572 0.039885103702545166
vt 0.1324075609445572 0.016334354877471924
vt 0.10233155637979507 0.016334354877471924
vt 0.10233155637979507 0.00952768325805664
vt 0.10233155637979507 0.039885103702545166
vt 0.07053041458129883 0.016334354877471924
vt 0.00872788019478321 0.016334354877471924
vt 0.00872788019478321 0.039885103702545166
vt 0.03872928023338318 0.039885103702545166
vt 0.03872928023338318 0.039885103702545166
vt 0.03872928023338318 0.016334354877471924
vt 0.07053041458129883 0.039885103702545166
vt 0.03872928023338318 0.016334354877471924
vt 0.07053041458129883 0.039885103702545166
vt 0.03872928023338318 0.00952768325805664
vt 0.00872788019478321 0.00952768325805664
vt 0.03872928023338318 0.00952768325805664
vt 0.07053041458129883 0.00952768325805664
vt 0.07053041458129883 0.00952768325805664
vt 0.07053041458129883 0.016334354877471924
vt 0.10233155637979507 0.00952768325805664
vt 0.10233155637979507 0.039885103702545166
vt 0.10233155637979507 0.016334354877471924
vt 0.1324075609445572 0.00952768325805664
vt 0.1324075609445572 0.039885103702545166
vt 0.1324075609445572 0.016334354877471924
vt 0.10233155637979507 0.016334354877471924
vt 0.10233155637979507 0.00952768325805664
vt 0.10233155637979507 0.039885103702545166
vt 0.07053041458129883 0.016334354877471924
vt 0.7446160912513733 0.013296186923980713
vt 0.7274196743965149 0.030780792236328125
vt 0.7360658645629883 0.03519999980926514
vt 0.7496117353439331 0.021654188632965088
vt 0.7683452367782593 0.006667375564575195
vt 0.731358528137207 0.05383753776550293
vt 0.7217515707015991 0.05518251657485962
vt 0.755183756351471 0.040579915046691895
vt 0.768153190612793 0.016946792602539062
vt 0.7918822765350342 0.014256834983825684
vt 0.7677688002586365 0.035296082496643066
vt 0.7864063382148743 0.022422730922698975
vt 0.8082141876220703 0.032414019107818604
vt 0.7800657153129578 0.04115629196166992
vt 0.7993756532669067 0.036544978618621826
vt 0.8129215240478516 0.057103872299194336
vt 0.7673845887184143 0.052684664726257324
vt 0.7852535247802734 0.053741455078125
vt 0.8034107089042664 0.05527853965759277
vt 0.7791050672531128 0.06526976823806763
vt 0.797454297542572 0.07237893342971802
vt 0.8115765452384949 0.08371514081954956
vt 0.8220480680465698 0.06181126832962036
vt 0.8129215240478516 0.057103872299194336
vt 0.7838124632835388 0.08419549465179443
vt 0.7922666072845459 0.10091161727905273
vt 0.797454297542572 0.07237893342971802
vt 0.7670002579689026 0.07007330656051636
vt 0.7662317156791687 0.10773253440856934
vt 0.7667121291160583 0.08775007724761963
vt 0.755183756351471 0.06488555669784546
vt 0.7495156526565552 0.05306893587112427
vt 0.7365462183952332 0.07103395462036133
vt 0.7496117353439331 0.08342695236206055
vt 0.721943736076355 0.08179378509521484
vt 0.7124327421188354 0.0595056414604187
vt 0.740581214427948 0.09985482692718506
vt 0.7217515707015991 0.05518251657485962
vt 0.7667121291160583 0.08775007724761963
vt 0.7496117353439331 0.08342695236206055
vt 0.7365462183952332 0.07103395462036133
vt 0.731358528137207 0.05383753776550293
vt 0.7274196743965149 0.030780792236328125
vt 0.755183756351471 0.06488555669784546
vt 0.7495156526565552 0.05306893587112427
vt 0.7360658645629883 0.03519999980926514
vt 0.7446160912513733 0.013296186923980713
vt 0.755183756351471 0.040579915046691895
vt 0.7496117353439331 0.021654188632965088
vt 0.7683452367782593 0.006667375564575195
vt 0.7673845887184143 0.052684664726257324
vt 0.7677688002586365 0.035296082496643066
vt 0.768153190612793 0.016946792602539062
vt 0.7918822765350342 0.014256834983825684
vt 0.7800657153129578 0.04115629196166992
vt 0.7864063382148743 0.022422730922698975
vt 0.8082141876220703 0.032414019107818604
vt 0.7993756532669067 0.036544978618621826
vt 0.7852535247802734 0.053741455078125
vt 0.8034107089042664 0.05527853965759277
vt 0.7791050672531128 0.06526976823806763
vt 0.7838124632835388 0.08419549465179443
vt 0.7670002579689026 0.07007330656051636
vt 0.7446160912513733 0.013296186923980713
vt 0.7274196743965149 0.030780792236328125
vt 0.7360658645629883 0.03519999980926514
vt 0.7496117353439331 0.021654188632965088
vt 0.7683452367782593 0.006667375564575195
vt 0.731358528137207 0.05383753776550293
vt 0.7217515707015991 0.05518251657485962
vt 0.755183756351471 0.040579915046691895
vt 0.768153190612793 0.016946792602539062
vt 0.7918822765350342 0.014256834983825684
vt 0.7677688002586365 0.035296082496643066
vt 0.7864063382148743 0.022422730922698975
vt 0.8082141876220703 0.032414019107818604
vt 0.7800657153129578 0.04115629196166992
vt 0.7993756532669067 0.036544978618621826
vt 0.8129215240478516 0.057103872299194336
vt 0.7673845887184143 0.052684664726257324
vt 0.7852535247802734 0.053741455078125
vt 0.8034107089042664 0.05527853965759277
vt 0.7791050672531128 0.06526976823806763
vt 0.797454297542572 0.07237893342971802
vt 0.8115765452384949 0.08371514081954956
vt 0.8220480680465698 0.06181126832962036
vt 0.8129215240478516 0.057103872299194336
vt 0.7838124632835388 0.08419549465179443
vt 0.7922666072845459 0.10091161727905273
vt 0.797454297542572 0.07237893342971802
vt 0.7670002579689026 0.07007330656051636
vt 0.7662317156791687 0.10773253440856934
vt 0.7667121291160583 0.08775007724761963
vt 0.755183756351471 0.06488555669784546
vt 0.7495156526565552 0.05306893587112427
vt 0.7365462183952332 0.07103395462036133
vt 0.7496117353439331 0.08342695236206055
vt 0.721943736076355 0.08179378509521484
vt 0.7124327421188354 0.0595056414604187
vt 0.740581214427948 0.09985482692718506
vt 0.7217515707015991 0.05518251657485962
vt 0.7667121291160583 0.08775007724761963
vt 0.7496117353439331 0.08342695236206055
vt 0.7365462183952332 0.07103395462036133
vt 0.731358528137207 0.05383753776550293
vt 0.7274196743965149 0.030780792236328125
vt 0.755183756351471 0.06488555669784546
vt 0.7495156526565552 0.05306893587112427
vt 0.7360658645629883 0.03519999980926514
vt 0.7446160912513733 0.013296186923980713
vt 0.755183756351471 0.040579915046691895
vt 0.7496117353439331 0.021654188632965088
vt 0.7683452367782593 0.006667375564575195
vt 0.7673845887184143 0.052684664726257324
vt 0.7677688002586365 0.035296082496643066
vt 0.768153190612793 0.016946792602539062
vt 0.7918822765350342 0.014256834983825684
vt 0.7800657153129578 0.04115629196166992
vt 0.7864063382148743 0.022422730922698975
vt 0.8082141876220703 0.032414019107818604
vt 0.7993756532669067 0.036544978618621826
vt 0.7852535247802734 0.053741455078125
vt 0.8034107089042664 0.05527853965759277
vt 0.7791050672531128 0.06526976823806763
vt 0.7838124632835388 0.08419549465179443
vt 0.7670002579689026 0.07007330656051636
vn -0.0 1.0 0.0
vn -0.0 1.0 0.0
vn -0.0 1.0 0.0
vn -0.0 1.0 0.0
vn -0.0 1.0 0.0
vn 0.8139007687568665 0.5810039043426514 0.0
vn 0.8140677213668823 0.5807700753211975 0.0
vn 1.0 0.0 0.0
vn 1.0 0.0 0.0
vn 0.8138883113861084 -0.5810213685035706 0.0
vn 0.8137235641479492 -0.5812520384788513 0.0
vn -0.0 -1.0 0.0
vn -0.0 -1.0 0.0
vn -0.0 -1.0 0.0
vn -0.0 -1.0 0.0
vn -0.0 -1.0 0.0
vn -0.0 -1.0 0.0
vn -0.0 -1.0 0.0
vn -0.0 -1.0 0.0
vn -0.0 -1.0 0.0
vn -0.0 -1.0 0.0
vn -0.8137235641479492 -0.5812520384788513 0.0
vn -0.8138883113861084 -0.5810213685035706 0.0
vn -1.0 0.0 0.0
vn -1.0 0.0 0.0
vn -0.8140677213668823 0.5807700753211975 0.0
vn -0.8139007687568665 0.5810039043426514 0.0
vn -0.0 1.0 0.0
vn -0.0 1.0 0.0
vn -0.0 1.0 0.0
vn -0.0 1.0 0.0
vn -0.0 1.0 0.0
vn -0.810175359249115 0.08559059351682663 0.5799053907394409
vn -0.8101752996444702 0.08559059351682663 0.5799053907394409
vn -0.7477895021438599 0.08662086725234985 0.6582611203193665
vn -0.7477418184280396 0.08662128448486328 0.6583151817321777
vn -0.40072953701019287 0.08075007796287537 0.9126309752464294
vn -0.40059471130371094 0.08074535429477692 0.9126905798912048
vn 0.2496291697025299 0.044124651700258255 0.9673357009887695
vn 0.24966710805892944 0.04412176460027695 0.9673260450363159
vn 0.6322238445281982 0.008869979530572891 0.7747349739074707
vn 0.6323570013046265 0.008854936808347702 0.7746264934539795
vn 0.7739038467407227 -0.008754631504416466 0.633242666721344
vn 0.7740010619163513 -0.008768100291490555 0.6331236958503723
vn 0.9672878384590149 -0.04466173052787781 0.24971915781497955
vn 0.9672936797142029 -0.04466352239251137 0.2496960610151291
vn 0.9124351143836975 -0.08169969916343689 -0.4009830951690674
vn 0.9124881625175476 -0.081695556640625 -0.40086308121681213
vn 0.6587947607040405 -0.087120920419693 -0.7472613453865051
vn 0.6587350368499756 -0.08712025731801987 -0.7473140358924866
vn 0.5797408223152161 -0.08582445234060287 -0.8102683424949646
vn 0.5797408223152161 -0.08582444489002228 -0.8102683424949646
vn 0.5799053907394409 0.08559059351682663 0.810175359249115
vn 0.5799053907394409 0.08559059351682663 0.8101752996444702
vn 0.6582611203193665 0.08662086725234985 0.7477895021438599
vn 0.6583151817321777 0.08662128448486328 0.7477418184280396
vn 0.9126309752464294 0.08075007796287537 0.40072953701019287
vn 0.9126905798912048 0.08074535429477692 0.40059471130371094
vn 0.9673357009887695 0.044124651700258255 -0.2496291697025299
vn 0.9673260450363159 0.04412176460027695 -0.24966710805892944
vn 0.7747349739074707 0.008869979530572891 -0.6322238445281982
vn 0.7746264934539795 0.008854936808347702 -0.6323570013046265
vn 0.633242666721344 -0.008754631504416466 -0.7739038467407227
vn 0.6331236958503723 -0.008768100291490555 -0.7740010619163513
vn 0.24971915781497955 -0.04466173052787781 -0.9672878384590149
vn 0.24969607591629028 -0.044663526117801666 -0.9672937393188477
vn -0.400983065366745 -0.08169969171285629 -0.9124350547790527
vn -0.40086308121681213 -0.081695556640625 -0.9124881625175476
vn -0.7472613453865051 -0.087120920419693 -0.6587947607040405
vn -0.7473140358924866 -0.08712025731801987 -0.6587350368499756
vn -0.8102683424949646 -0.08582445234060287 -0.5797408223152161
vn -0.8102683424949646 -0.08582444489002228 -0.5797408223152161
vn 0.810175359249115 0.08559059351682663 -0.5799053907394409
vn 0.8101752996444702 0.08559059351682663 -0.5799053907394409
vn 0.7477895021438599 0.08662086725234985 -0.6582611203193665
vn 0.7477418184280396 0.08662128448486328 -0.6583151817321777
vn 0.40072953701019287 0.08075007796287537 -0.9126309752464294
vn 0.40059471130371094 0.08074535429477692 -0.9126905798912048
vn -0.2496291697025299 0.044124651700258255 -0.9673357009887695
vn -0.24966710805892944 0.04412176460027695 -0.9673260450363159
vn -0.6322238445281982 0.008869979530572891 -0.7747349739074707
vn -0.6323570013046265 0.008854936808347702 -0.7746264934539795
vn -0.7739038467407227 -0.008754631504416466 -0.633242666721344
vn -0.7740010619163513 -0.008768100291490555 -0.6331236958503723
vn -0.9672878384590149 -0.04466173052787781 -0.24971915781497955
vn -0.9672936797142029 -0.04466352239251137 -0.2496960610151291
vn -0.9124351143836975 -0.08169969916343689 0.4009830951690674
vn -0.9124881625175476 -0.081695556640625 0.40086308121681213
vn -0.6587947607040405 -0.087120920419693 0.7472613453865051
vn -0.6587350368499756 -0.08712025731801987 0.7473140358924866
vn -0.5797408223152161 -0.08582445234060287 0.8102683424949646
vn -0.5797408223152161 -0.08582444489002228 0.8102683424949646
vn -0.5799053907394409 0.08559059351682663 -0.810175359249115
vn -0.5799053907394409 0.08559059351682663 -0.8101752996444702
vn -0.6582611203193665 0.08662086725234985 -0.7477895021438599
vn -0.6583151817321777 0.08662128448486328 -0.7477418184280396
vn -0.9126309752464294 0.08075007796287537 -0.40072953701019287
vn -0.9126905798912048 0.08074535429477692 -0.40059471130371094
vn -0.9673357009887695 0.044124651700258255 0.2496291697025299
vn -0.9673260450363159 0.04412176460027695 0.24966710805892944
vn -0.7747349739074707 0.008869979530572891 0.6322238445281982
vn -0.7746264934539795 0.008854936808347702 0.6323570013046265
vn -0.633242666721344 -0.008754631504416466 0.7739038467407227
vn -0.6331236958503723 -0.008768100291490555 0.7740010619163513
vn -0.24971915781497955 -0.04466173052787781 0.9672878384590149
vn -0.24969607591629028 -0.044663526117801666 0.9672937393188477
vn 0.400983065366745 -0.08169969171285629 0.9124350547790527
vn 0.40086308121681213 -0.081695556640625 0.9124881625175476
vn 0.7472613453865051 -0.087120920419693 0.6587947607040405
vn 0.7473140358924866 -0.08712025731801987 0.6587350368499756
vn 0.8102683424949646 -0.08582445234060287 0.5797408223152161
vn 0.8102683424949646 -0.08582444489002228 0.5797408223152161
vn 0.132173091173172 -0.9644438028335571 0.2288634032011032
vn -0.00010528338316362351 -0.9645730257034302 0.26381608843803406
vn -0.13224925100803375 -0.9644519686698914 0.22878491878509521
vn 0.22882425785064697 -0.9644478559494019 0.1322111338376999
vn -0.22882427275180817 -0.9644478559494019 0.1322111338376999
vn -0.26381614804267883 -0.9645729660987854 0.0
vn 0.2638162076473236 -0.9645729660987854 0.0
vn 0.22882427275180817 -0.9644478559494019 -0.1322111338376999
vn -0.22882425785064697 -0.9644478559494019 -0.1322111338376999
vn -0.13224920630455017 -0.9644519686698914 -0.22878502309322357
vn 0.1321730762720108 -0.9644438028335571 -0.22886353731155396
vn -0.00010527847189223394 -0.9645729660987854 -0.2638162672519684
vn -0.15857207775115967 0.9485540390014648 0.27404412627220154
vn -0.00012299690570216626 0.9485464692115784 0.3166380226612091
vn 0.15848280489444733 0.9485427737236023 0.2741348147392273
vn -0.27408960461616516 0.9485483765602112 0.15852737426757812
vn 0.27408963441848755 0.9485483765602112 0.15852738916873932
vn 0.3166380822658539 0.9485464692115784 0.0
vn -0.3166380822658539 0.9485464692115784 0.0
vn -0.27408960461616516 0.9485483765602112 -0.15852737426757812
vn 0.27408963441848755 0.9485483765602112 -0.15852738916873932
vn 0.15848281979560852 0.9485427141189575 -0.2741349935531616
vn -0.15857209265232086 0.9485539793968201 -0.2740442752838135
vn -0.00012299191439524293 0.9485463500022888 -0.31663838028907776
vn -0.0 1.0 0.0
vn -0.0 1.0 0.0
vn -0.0 1.0 0.0
vn -0.0 1.0 0.0
vn -0.0 1.0 0.0
vn -0.0 -1.0 -3.312094918328512e-07
vn -0.0 -1.0 -1.9868218714691466e-06
vn -0.0 -1.0 -3.312093213025946e-07
vn -0.0 -1.0 0.0
vn -0.0 -1.0 0.0
vn -0.0 -1.0 0.0
vn -0.0 -1.0 0.0
vn -0.0 -1.0 3.312094065677229e-07
vn -0.0 -1.0 3.3120952025456063e-07
vn -0.0 -1.0 1.9868232357111992e-06
vn 0.9025205969810486 -0.4306468069553375 0.0
vn 0.9096406698226929 0.415396124124527 0.0
vn 0.9092190265655518 0.2941149175167084 0.2946476638317108
vn 0.9068020582199097 -0.30237844586372375 0.2937300503253937
vn 0.9089795351028442 0.0002873361809179187 0.41684067249298096
vn -0.9068020582199097 -0.30237844586372375 0.2937300503253937
vn -0.9089795351028442 0.0002873361809179187 0.41684073209762573
vn -0.9092190265655518 0.2941149175167084 0.2946476936340332
vn -0.9025205969810486 -0.4306468069553375 0.0
vn -0.9096406698226929 0.415396124124527 0.0
vn -0.9025205969810486 -0.4306468069553375 0.0
vn -0.9096406698226929 0.415396124124527 0.0
vn -0.9092190265655518 0.29411494731903076 -0.294647753238678
vn -0.9068020582199097 -0.30237844586372375 -0.2937300503253937
vn -0.9089795351028442 0.0002873361809179187 -0.41684073209762573
vn -2.3773071688992786e-07 -4.796521579919499e-07 1.0
vn -5.230063834460452e-06 -6.885505854370422e-07 1.0
vn -2.377290684307809e-07 -4.796521011485311e-07 1.0
vn -0.0 -3.190554025422898e-07 1.0
vn -0.0 -3.190553741205804e-07 1.0
vn -1.5064776412009734e-13 -2.4218147132160084e-07 1.0
vn -1.5064773701504303e-13 -2.4218149974331027e-07 1.0
vn -2.5806822499287174e-13 -2.0474287509841815e-07 1.0
vn -2.5806822499287174e-13 -2.04742832465854e-07 1.0
vn -4.3856943494598524e-14 -1.8672319868073828e-07 1.0
vn -4.385689944888527e-14 -1.8672324131330242e-07 1.0
vn -4.706075266264959e-21 -1.8129918544218526e-07 1.0
vn -4.7060696117099906e-21 -1.8129917123133055e-07 1.0
vn 4.385688250822632e-14 -1.8672324131330242e-07 1.0
vn 4.385691638954421e-14 -1.8672319868073828e-07 1.0
vn 2.5806822499287174e-13 -2.0474287509841815e-07 1.0
vn 2.5806819788781743e-13 -2.0474287509841815e-07 1.0
vn 1.5064773701504303e-13 -2.4218149974331027e-07 1.0
vn 1.5064776412009734e-13 -2.4218147132160084e-07 1.0
vn -0.0 -3.190554025422898e-07 1.0
vn -0.0 -3.1905543096399924e-07 1.0
vn 2.377290684307809e-07 -4.796521011485311e-07 1.0
vn 2.3773071688992786e-07 -4.796521579919499e-07 1.0
vn 5.230063834460452e-06 -6.885505854370422e-07 1.0
vn -0.8969725966453552 0.31292349100112915 0.312280535697937
vn -0.8966981172561646 0.4426426291465759 0.0
vn -0.8969725966453552 0.31292349100112915 -0.312280535697937
vn -0.8971991539001465 0.00011465412535471842 0.44162628054618835
vn -0.8971991539001465 0.00011464333510957658 -0.44162628054618835
vn -0.8969640731811523 -0.3128547668457031 -0.3123738169670105
vn -0.8969640731811523 -0.3128547668457031 0.3123738169670105
vn -0.8966984748840332 -0.4426420032978058 0.0
vn 0.8969641327857971 -0.3128547668457031 0.3123738169670105
vn 0.8966984748840332 -0.4426419734954834 0.0
vn 0.8969640731811523 -0.31285470724105835 -0.3123738169670105
vn 0.8971991539001465 0.0001146541180787608 0.4416262209415436
vn 0.8971991539001465 0.00011466490832390264 -0.44162625074386597
vn 0.8969724774360657 0.3129235506057739 0.3122805655002594
vn 0.8969725370407104 0.3129235506057739 -0.312280535697937
vn 0.8966981172561646 0.4426426589488983 1.0794367177879849e-08
vn 0.3200247585773468 -0.8917221426963806 0.3200247585773468
vn -0.0 -0.8920838236808777 0.45187002420425415
vn -0.3200247585773468 -0.8917221426963806 0.3200247585773468
vn 0.45187005400657654 -0.8920838236808777 0.0
vn -0.45187005400657654 -0.8920838236808777 0.0
vn 0.45187005400657654 -0.8920838236808777 0.0
vn -0.45187005400657654 -0.8920838236808777 0.0
vn -0.3200247883796692 -0.8917221426963806 -0.3200247883796692
vn 0.3200247883796692 -0.8917221426963806 -0.3200247883796692
vn -0.0 -0.8920838236808777 -0.45187002420425415
vn -0.0 1.0 0.0
vn -0.0 1.0 0.0
vn -0.0 1.0 0.0
vn -0.0 1.0 0.0
vn -0.0 1.0 0.0
vn 0.9092190265655518 0.29411494731903076 -0.294647753238678
vn 0.9096406698226929 0.415396124124527 0.0
vn 0.9025205969810486 -0.4306468069553375 0.0
vn 0.9068020582199097 -0.30237847566604614 -0.29373008012771606
vn 0.9089795351028442 0.0002873361809179187 -0.41684073209762573
vn -0.06129276379942894 -0.9961898922920227 0.062039587646722794
vn -0.061558596789836884 -0.9962150454521179 0.06136910617351532
vn -0.061558593064546585 -0.9962151050567627 0.06136910617351532
vn -0.06090939790010452 -0.996221661567688 0.0619078204035759
vn -0.05970586836338043 -0.9962648749351501 0.06238238885998726
vn -0.05970587208867073 -0.9962648749351501 0.06238238885998726
vn -0.06053530052304268 -0.9962130784988403 0.06240997463464737
vn -0.06091931834816933 -0.9961814284324646 0.06254167854785919
vn -0.06140083819627762 -0.9961252212524414 0.06296456605195999
vn -0.06140083447098732 -0.9961252212524414 0.06296456605195999
vn 0.06259120255708694 0.9961792826652527 -0.06090337783098221
vn 0.0631789118051529 0.9961158037185669 -0.06133303418755531
vn 0.0631789043545723 0.9961158037185669 -0.061333030462265015
vn 0.06208257004618645 0.9961878657341003 -0.06128256022930145
vn 0.061896566301584244 0.9962276816368103 -0.060820888727903366
vn 0.0613570399582386 0.9962151050567627 -0.06157011538743973
vn 0.0613570436835289 0.9962151050567627 -0.061570119112730026
vn 0.062404435127973557 0.9962190389633179 -0.060442887246608734
vn 0.06235522776842117 0.9962908625602722 -0.059298526495695114
vn 0.062355224043130875 0.9962908625602722 -0.05929851904511452
vn 0.062039587646722794 -0.9961898922920227 0.06129276379942894
vn 0.06136910617351532 -0.9962150454521179 0.061558596789836884
vn 0.06136910617351532 -0.9962151050567627 0.061558593064546585
vn 0.0619078204035759 -0.996221661567688 0.06090939790010452
vn 0.06238238885998726 -0.9962648749351501 0.05970586836338043
vn 0.06238238885998726 -0.9962648749351501 0.05970587208867073
vn 0.06240997463464737 -0.9962130784988403 0.06053530052304268
vn 0.06254167854785919 -0.9961814284324646 0.06091931834816933
vn 0.06296456605195999 -0.9961252212524414 0.06140083819627762
vn 0.06296456605195999 -0.9961252212524414 0.06140083447098732
vn -0.06090337783098221 0.9961792826652527 -0.06259120255708694
vn -0.06133303418755531 0.9961158037185669 -0.0631789118051529
vn -0.061333030462265015 0.9961158037185669 -0.0631789043545723
vn -0.06128256022930145 0.9961878657341003 -0.06208257004618645
vn -0.060820888727903366 0.9962276816368103 -0.061896566301584244
vn -0.06157011538743973 0.9962151050567627 -0.0613570399582386
vn -0.061570119112730026 0.9962151050567627 -0.0613570436835289
vn -0.060442887246608734 0.9962190389633179 -0.062404435127973557
vn -0.059298526495695114 0.9962908625602722 -0.06235522776842117
vn -0.05929851904511452 0.9962908625602722 -0.062355224043130875
vn 0.06129276379942894 -0.9961898922920227 -0.062039587646722794
vn 0.061558596789836884 -0.9962150454521179 -0.06136910617351532
vn 0.061558593064546585 -0.9962151050567627 -0.06136910617351532
vn 0.06090939790010452 -0.996221661567688 -0.0619078204035759
vn 0.05970586836338043 -0.9962648749351501 -0.06238238885998726
vn 0.05970587208867073 -0.9962648749351501 -0.06238238885998726
vn 0.06053530052304268 -0.9962130784988403 -0.06240997463464737
vn 0.06091931834816933 -0.9961814284324646 -0.06254167854785919
vn 0.06140083819627762 -0.9961252212524414 -0.06296456605195999
vn 0.06140083447098732 -0.9961252212524414 -0.06296456605195999
vn -0.06259120255708694 0.9961792826652527 0.06090337783098221
vn -0.0631789118051529 0.9961158037185669 0.06133303418755531
vn -0.0631789043545723 0.9961158037185669 0.061333030462265015
vn -0.06208257004618645 0.9961878657341003 0.06128256022930145
vn -0.061896566301584244 0.9962276816368103 0.060820888727903366
vn -0.0613570399582386 0.9962151050567627 0.06157011538743973
vn -0.0613570436835289 0.9962151050567627 0.061570119112730026
vn -0.062404435127973557 0.9962190389633179 0.060442887246608734
vn -0.06235522776842117 0.9962908625602722 0.059298526495695114
vn -0.062355224043130875 0.9962908625602722 0.05929851904511452
vn -0.062039587646722794 -0.9961898922920227 -0.06129276379942894
vn -0.06136910617351532 -0.9962150454521179 -0.061558596789836884
vn -0.06136910617351532 -0.9962151050567627 -0.061558593064546585
vn -0.0619078204035759 -0.996221661567688 -0.06090939790010452
vn -0.06238238885998726 -0.9962648749351501 -0.05970586836338043
vn -0.06238238885998726 -0.9962648749351501 -0.05970587208867073
vn -0.06240997463464737 -0.9962130784988403 -0.06053530052304268
vn -0.06254167854785919 -0.9961814284324646 -0.06091931834816933
vn -0.06296456605195999 -0.9961252212524414 -0.06140083819627762
vn -0.06296456605195999 -0.9961252212524414 -0.06140083447098732
vn 0.06090337783098221 0.9961792826652527 0.06259120255708694
vn 0.06133303418755531 0.9961158037185669 0.0631789118051529
vn 0.061333030462265015 0.9961158037185669 0.0631789043545723
vn 0.06128256022930145 0.9961878657341003 0.06208257004618645
vn 0.060820888727903366 0.9962276816368103 0.061896566301584244
vn 0.06157011538743973 0.9962151050567627 0.0613570399582386
vn 0.061570119112730026 0.9962151050567627 0.0613570436835289
vn 0.060442887246608734 0.9962190389633179 0.062404435127973557
vn 0.059298526495695114 0.9962908625602722 0.06235522776842117
vn 0.05929851904511452 0.9962908625602722 0.062355224043130875
vn 0.997452974319458 0.030842388048768044 0.06431492418050766
vn 0.9991334080696106 -0.03974582627415657 0.012357264757156372
vn 0.9966008067131042 0.08061590045690536 0.016968296840786934
vn 0.9911203384399414 0.108680360019207 0.07660996168851852
vn 0.982759952545166 0.1466781347990036 0.11255455017089844
vn 0.9743185043334961 -0.22180140018463135 -0.03882961720228195
vn 0.9433364868164062 0.24471378326416016 0.22412382066249847
vn 0.9674413800239563 0.1967771202325821 0.15917299687862396
vn 0.9447446465492249 -0.2119557112455368 0.25006476044654846
vn 0.6852219104766846 -0.635761022567749 0.3553573489189148
vn 0.7277619242668152 -0.6805081367492676 -0.08527196198701859
vn 0.8262120485305786 0.0242039542645216 0.5628390312194824
vn 0.7713526487350464 -0.5744951367378235 0.273807555437088
vn 0.79274582862854 -0.5939033031463623 -0.13723327219486237
vn 0.8443796038627625 -0.5106422901153564 -0.16207288205623627
vn 0.6075435876846313 -0.29230013489723206 0.7385469079017639
vn 0.6915033459663391 -0.26020216941833496 0.673882782459259
vn 0.8400540351867676 -0.5061183571815491 0.19532893598079681
vn 0.8929539322853088 -0.42824867367744446 0.1386953741312027
vn 0.8878052830696106 -0.4315122067928314 -0.1599968522787094
vn 0.7749084830284119 -0.23391474783420563 0.5871973037719727
vn 0.9822803735733032 -0.17097365856170654 0.07676790654659271
vn 0.9804409146308899 -0.15976019203662872 -0.1149449422955513
vn 0.7528039813041687 0.6527281999588013 -0.08504142612218857
vn 0.8494530916213989 -0.1951364427804947 0.4902563691139221
vn 0.9516431093215942 -0.02524184063076973 0.3061670660972595
vn 0.761222779750824 0.4489111304283142 0.4679943025112152
vn 0.6206732988357544 0.3390949070453644 0.7069507837295532
vn 0.3898709714412689 0.8447529077529907 0.3665967583656311
vn 0.2792738378047943 0.9344365000724792 0.22098536789417267
vn 0.37216565012931824 0.731404721736908 0.5714367032051086
vn 0.5715587139129639 0.29629746079444885 0.7651984095573425
vn 0.2846638858318329 0.9544785618782043 0.08909043669700623
vn 0.29346320033073425 0.9502643942832947 -0.10429242253303528
vn 0.3401462733745575 0.8602805733680725 0.3797602355480194
vn 0.34050682187080383 0.9272766709327698 0.15560567378997803
vn 0.3415510654449463 0.9326940774917603 -0.11586502194404602
vn 0.4150105118751526 0.6568036079406738 0.629583477973938
vn 0.37569567561149597 0.8145402073860168 0.4420148432254791
vn 0.35356271266937256 0.9142563343048096 0.1978100836277008
vn 0.3467106819152832 0.9315411448478699 -0.10964878648519516
vn 0.29692333936691284 0.9520558714866638 -0.07366284728050232
vn 0.30057939887046814 0.917941153049469 0.25891315937042236
vn 0.22645564377307892 0.973511278629303 -0.03152278810739517
vn 0.33567729592323303 0.7903414964675903 0.5125241875648499
vn 0.2608230412006378 0.9239374995231628 0.27984073758125305
vn 0.3269176185131073 0.9448398947715759 -0.02006293274462223
vn 0.3322421610355377 0.7889286875724792 0.5169203877449036
vn 0.4023338258266449 0.5945528149604797 0.6961569786071777
vn 0.402024507522583 0.5638383626937866 0.7214309573173523
vn 0.5206472873687744 0.2518277168273926 0.8157874941825867
vn 0.4874253273010254 0.2067251205444336 0.8483403325080872
vn 0.6740890145301819 0.38605383038520813 0.6297352313995361
vn 0.5592511296272278 0.6569530963897705 0.5056193470954895
vn 0.8024760484695435 0.4637076258659363 0.37550967931747437
vn 0.4726872742176056 0.8172263503074646 0.32970869541168213
vn 0.6557336449623108 0.6767480373382568 0.3347023129463196
vn 0.8027389049530029 0.4563239812850952 0.3838993310928345
vn 0.38764193654060364 0.9048339128494263 0.17609502375125885
vn 0.515751838684082 0.8304547667503357 0.21058258414268494
vn 0.45190006494522095 0.8880382776260376 0.08470196276903152
vn 0.4249335825443268 0.904508113861084 -0.03600868210196495
vn 0.3605296313762665 0.9295387864112854 0.0773056149482727
vn 0.35012879967689514 0.9362094402313232 -0.030360136181116104
vn 0.6565317511558533 0.6406240463256836 0.3982045650482178
vn 0.226211816072464 0.9704223871231079 0.08431263267993927
vn 0.2233971655368805 0.9745346307754517 -0.01938864029943943
vn 0.11072773486375809 0.9937917590141296 -0.010832615196704865
vn 0.38533133268356323 0.9023000001907349 0.19332504272460938
vn 0.11014433205127716 0.9900463819503784 0.08761560171842575
vn 0.002672743983566761 0.9999632835388184 -0.008144804276525974
vn 0.24015840888023376 0.9511483311653137 0.19401228427886963
vn 0.5162115693092346 0.7787231802940369 0.35653308033943176
vn 0.3821709454059601 0.8604139685630798 0.3370952308177948
vn 0.1149807870388031 0.9745977520942688 0.19219432771205902
vn 0.2452339231967926 0.9119030237197876 0.3290794789791107
vn 0.39275652170181274 0.7729758024215698 0.4982476234436035
vn 0.26325616240501404 0.8264850378036499 0.49761298298835754
vn 0.12104552239179611 0.9382228255271912 0.32416972517967224
vn 0.0031668602023273706 0.996092677116394 0.08825784176588058
vn 0.0028428025543689728 0.9814977645874023 0.1914527714252472
vn -0.11269748955965042 0.9898592829704285 0.0864752009510994
vn -0.11252374202013016 0.9935788512229919 -0.011815506964921951
vn -0.11928723007440567 0.9740214943885803 0.19249068200588226
vn -0.2415788322687149 0.9671939611434937 0.07858439534902573
vn -0.2426476776599884 0.9698752760887146 -0.021543659269809723
vn -0.354437917470932 0.9344648122787476 -0.033901091665029526
vn -0.24939356744289398 0.9495121836662292 0.19034041464328766
vn -0.3622564375400543 0.9293819665908813 0.07084821164608002
vn -0.409658819437027 0.9114506840705872 -0.03791180998086929
vn -0.386883020401001 0.9027625918388367 0.18799304962158203
vn -0.4443504214286804 0.8918992877006531 0.08407364040613174
vn -0.3244682550430298 0.9456988573074341 -0.0193406343460083
vn -0.515810489654541 0.8306178450584412 0.20979419350624084
vn -0.38660016655921936 0.9047488570213318 0.17880089581012726
vn -0.2622823417186737 0.9231188297271729 0.2811755836009979
vn -0.22851739823818207 0.9730495810508728 -0.03089316003024578
vn -0.4723896384239197 0.8159486055374146 0.3332805931568146
vn -0.30410099029541016 0.9169505834579468 0.2583101987838745
vn -0.3004789352416992 0.9510169625282288 -0.07265859842300415
vn -0.3324725329875946 0.7876625061035156 0.5187002420425415
vn -0.35386064648628235 0.9141188263893127 0.19791258871555328
vn -0.3473098576068878 0.9315473437309265 -0.1076824739575386
vn -0.33663275837898254 0.9347410798072815 -0.11374308913946152
vn -0.3349384069442749 0.9289897680282593 0.15746210515499115
vn -0.3012530505657196 0.9478682279586792 -0.1038869172334671
vn -0.37479668855667114 0.8157880306243896 0.44047391414642334
vn -0.2920099198818207 0.9526903629302979 0.08432874828577042
vn -0.7670779228210449 0.6358076333999634 -0.08567500114440918
vn -0.33541789650917053 0.8613147139549255 0.38161733746528625
vn -0.337861567735672 0.790687620639801 0.5105512738227844
vn -0.41445663571357727 0.6578797698020935 0.6288242340087891
vn -0.29012566804885864 0.932388186454773 0.21559081971645355
vn -0.37419793009757996 0.7272403836250305 0.5754106640815735
vn -0.4157705307006836 0.8319670557975769 0.36737680435180664
vn -0.4030701518058777 0.595695436000824 0.6947528123855591
vn -0.5735347270965576 0.29333335161209106 0.7648618221282959
vn -0.6254512071609497 0.332699179649353 0.7057777047157288
vn -0.7698765993118286 0.4335249364376068 0.46834415197372437
vn -0.9505401253700256 -0.02420695312321186 0.3096570372581482
vn -0.8501007556915283 -0.19611752033233643 0.488739937543869
vn -0.7752000689506531 -0.23702296614646912 0.5855638980865479
vn -0.9822882413864136 -0.1705666035413742 0.07756837457418442
vn -0.9796612858772278 -0.16021502017974854 -0.1208096519112587
vn -0.8869661092758179 -0.43218231201171875 -0.16281758248806
vn -0.8928865790367126 -0.4288731515407562 0.13719095289707184
vn -0.8438618183135986 -0.5111249685287476 -0.16324366629123688
vn -0.8396695852279663 -0.5073093771934509 0.19388723373413086
vn -0.7718475461006165 -0.5744495987892151 0.27250516414642334
vn -0.7931087017059326 -0.5933687090873718 -0.1374487727880478
vn -0.7296855449676514 -0.6786412596702576 -0.08369641751050949
vn -0.6924443244934082 -0.26235881447792053 0.6720779538154602
vn -0.6855502128601074 -0.6357755661010742 0.35469749569892883
vn -0.976253092288971 -0.21416102349758148 -0.03263423964381218
vn -0.5221795439720154 0.2501146197319031 0.8153350353240967
vn -0.607764482498169 -0.29468703269958496 0.7374157905578613
vn -0.9435898065567017 -0.2140551209449768 0.2526237964630127
vn -0.4869888126850128 0.204844668507576 0.8490468859672546
vn -0.40143680572509766 0.5627032518386841 0.7226434946060181
vn -0.8248387575149536 0.018817152827978134 0.5650548338890076
vn -0.6720721125602722 0.38247600197792053 0.6340593695640564
vn -0.5580482482910156 0.6545048356056213 0.5101036429405212
vn -0.9423607587814331 0.24340422451496124 0.22958800196647644
vn -0.8028439879417419 0.4601902365684509 0.3790336549282074
vn -0.6569085121154785 0.6748278141021729 0.33627185225486755
vn -0.8053550720214844 0.45088982582092285 0.384839802980423
vn -0.6586847901344299 0.6390073299407959 0.3972456157207489
vn -0.5193877816200256 0.7772932052612305 0.3550374209880829
vn -0.7549489140510559 0.4557631313800812 0.47152116894721985
vn -0.38402625918388367 0.8602575659751892 0.3353816568851471
vn -0.5169438123703003 0.6927142143249512 0.5029076933860779
vn -0.2510896921157837 0.9105323553085327 0.3284582495689392
vn -0.394218772649765 0.7718909978866577 0.4987744092941284
vn -0.2679184675216675 0.8247160315513611 0.4980595111846924
vn -0.1244809553027153 0.9377009868621826 0.32437843084335327
vn 0.0024268014822155237 0.9464706778526306 0.3227808177471161
vn -0.1380292922258377 0.8558642864227295 0.4984419345855713
vn 0.13477689027786255 0.8562882542610168 0.4986037313938141
vn 0.001337390742264688 0.866429328918457 0.49929800629615784
vn -0.2879050374031067 0.6883465051651001 0.665800154209137
vn -0.1551394909620285 0.7139057517051697 0.6828399896621704
vn 0.15101276338100433 0.716424822807312 0.6811245679855347
vn -0.0027418588288128376 0.725152313709259 0.6885831356048584
vn 0.28627777099609375 0.6909704804420471 0.6637807488441467
vn 0.14967817068099976 0.573312520980835 0.8055490851402283
vn -0.1550491601228714 0.5668509602546692 0.8090981841087341
vn -0.0070128971710801125 0.5732496380805969 0.8193508386611938
vn 0.2814531624317169 0.5617650151252747 0.7779486775398254
vn 0.11410767585039139 0.42040911316871643 0.9001309275627136
vn -0.12080872803926468 0.40983349084854126 0.904124915599823
vn 0.4062005281448364 0.652046799659729 0.6401844024658203
vn -0.00904082227498293 0.4027743339538574 0.9152547121047974
vn 0.514110803604126 0.6942743062973022 0.5036599040031433
vn 0.5127387046813965 0.59844970703125 0.6155948638916016
vn 0.6356579065322876 0.586332380771637 0.5021487474441528
vn 0.7486920356750488 0.464751273393631 0.47272247076034546
vn 0.5957668423652649 0.5411040186882019 0.5935220718383789
vn 0.6391943097114563 0.4874531328678131 0.5948278903961182
vn 0.39534762501716614 0.5474651455879211 0.7375514507293701
vn 0.51058429479599 0.5217637419700623 0.6834225058555603
vn 0.22765998542308807 0.4466898441314697 0.8652393221855164
vn 0.3457373380661011 0.4685065746307373 0.8129989504814148
vn 0.49996644258499146 0.4479184150695801 0.7412170171737671
vn 0.07965762168169022 0.3149678111076355 0.9457536339759827
vn 0.1695316582918167 0.3662185072898865 0.9149552583694458
vn -0.009584896266460419 0.28776854276657104 0.9576520323753357
vn 0.28137174248695374 0.41525396704673767 0.8650977611541748
vn -0.08697012066841125 0.30084913969039917 0.9496978521347046
vn 0.40932098031044006 0.41249147057533264 0.8138225674629211
vn 0.5189199447631836 0.34450995922088623 0.7823266386985779
vn -0.22046539187431335 0.4311528503894806 0.8749298453330994
vn -0.15838342905044556 0.3338576555252075 0.9292221665382385
vn -0.25245824456214905 0.38569146394729614 0.887415885925293
vn 0.621720552444458 0.34047749638557434 0.7053641676902771
vn 0.6109316945075989 0.21887129545211792 0.7608270645141602
vn -0.3349626362323761 0.4559828042984009 0.8245482444763184
vn -0.39281854033470154 0.4061800241470337 0.8250523805618286
vn -0.27881672978401184 0.5593366622924805 0.7806431651115417
vn -0.39456549286842346 0.5472686886787415 0.7381159067153931
vn -0.4070180356502533 0.651265561580658 0.6404604911804199
vn -0.5145241618156433 0.5982033610343933 0.6143432259559631
vn -0.5135129690170288 0.5201141238212585 0.6824849843978882
vn -0.5018065571784973 0.44110244512557983 0.7440556883811951
vn -0.5274885296821594 0.34582948684692383 0.7759882807731628
vn -0.5981369018554688 0.5406025052070618 0.5915921330451965
vn -0.6380172371864319 0.5853356719017029 0.5003160834312439
vn -0.6467124223709106 0.4795358180999756 0.5931345224380493
vn -0.7158283591270447 0.3936898708343506 0.5767131447792053
vn -0.6415316462516785 0.33426952362060547 0.6904354691505432
vn -0.628364086151123 0.21924562752246857 0.7463845610618591
vn -0.8432889580726624 0.32692039012908936 0.4265991747379303
vn -0.7366405725479126 0.20254899561405182 0.6452399492263794
vn -0.6648373603820801 0.06014208495616913 0.7445631623268127
vn -0.7912416458129883 0.28636109828948975 0.5403091311454773
vn -0.7749301791191101 0.054424941539764404 0.6296992897987366
vn -0.6316872835159302 -0.10691455751657486 0.7678154110908508
vn -0.8590074181556702 0.1661136895418167 0.48426488041877747
vn -0.7601428627967834 -0.10612723976373672 0.6410302519798279
vn -0.5759763121604919 -0.23639628291130066 0.7825395464897156
vn -0.893639087677002 0.04070006683468819 0.4469369947910309
vn -0.7096391320228577 -0.2456364631652832 0.660359799861908
vn -0.8913753628730774 -0.09630643576383591 0.4429165720939636
vn -0.9494733810424805 0.010174533352255821 0.3136826157569885
vn -0.9328944683074951 0.1014975905418396 0.34555208683013916
vn -0.853156566619873 -0.22731956839561462 0.4695207178592682
vn -0.948091983795166 -0.07635094970464706 0.3086942434310913
vn -0.9872162342071533 -0.014921328984200954 0.1586868166923523
vn -0.9002456068992615 0.20301631093025208 0.3851523995399475
vn -0.9834793210029602 0.05528855696320534 0.1723708063364029
vn -0.9152355194091797 0.2778394818305969 0.2918035089969635
vn -0.9688257575035095 0.13447953760623932 0.20806725323200226
vn -0.9966206550598145 -0.0240649227052927 0.07853769510984421
vn -0.9962494373321533 0.03902832418680191 0.0772259384393692
vn -0.9925641417503357 0.08095880597829819 0.09089595824480057
vn -0.9615817070007324 0.20060975849628448 0.1873936802148819
vn -0.9637830853462219 0.2043006271123886 0.17141588032245636
vn -0.9813634753227234 0.1545855849981308 0.11414506286382675
vn -0.9903894066810608 0.1126490905880928 0.08024338632822037
vn -0.9968894124031067 0.04024813324213028 0.06776095926761627
vn -0.9961529970169067 0.0846361592411995 0.022714609280228615
vn -0.9990752935409546 -0.03953270614147186 0.016905652359128
vn -0.9865198731422424 -0.06526786834001541 0.15006227791309357
vn -0.9939773082733154 -0.08129680156707764 0.07348430156707764
vn -0.9974117875099182 -0.04292641580104828 0.05768156051635742
vn -0.925673246383667 -0.1760755032300949 0.3348528742790222
vn -0.9731938242912292 -0.11603174358606339 0.19857105612754822
vn -0.9935629963874817 -0.05534698814153671 0.09883981943130493
vn -0.9988632202148438 0.04184151440858841 -0.0228378064930439
vn -0.9977277517318726 0.0498725026845932 0.04529965668916702
vn -0.9420408606529236 -0.23199249804019928 0.24236024916172028
vn -0.8855760097503662 -0.28119170665740967 0.36971110105514526
vn -0.779879093170166 -0.35169270634651184 0.517784595489502
vn -0.892674446105957 -0.358548104763031 0.2730852961540222
vn -0.615128755569458 -0.37002235651016235 0.6962040662765503
vn -0.48144224286079407 -0.34758755564689636 0.8046094179153442
vn -0.8317590355873108 -0.3844577968120575 0.40046122670173645
vn -0.7065222263336182 -0.4378846287727356 0.5559527277946472
vn -0.46407434344291687 -0.44954773783683777 0.7632442712783813
vn -0.3444393277168274 -0.4044948220252991 0.8471986055374146
vn -0.6651220917701721 -0.5026161670684814 0.5522586703300476
vn -0.7668740749359131 -0.4875567853450775 0.41736385226249695
vn -0.2740902900695801 -0.470102995634079 0.8389741778373718
vn -0.21392980217933655 -0.40656623244285583 0.8882218599319458
vn -0.11131145060062408 -0.3889113962650299 0.9145259857177734
vn -0.5115231275558472 -0.5408681631088257 0.6676868200302124
vn -0.1661069542169571 -0.4734446108341217 0.8650195002555847
vn -0.04247990995645523 -0.3623810410499573 0.9310614466667175
vn -0.36312222480773926 -0.579659104347229 0.7294776439666748
vn -0.07188502699136734 -0.4503338634967804 0.8899617791175842
vn -0.0005986411706544459 -0.33616647124290466 0.941802442073822
vn -0.22870762646198273 -0.5921552181243896 0.7726869583129883
vn -0.5403805375099182 -0.626488447189331 0.5616949200630188
vn -0.6416943669319153 -0.5723713040351868 0.5105090737342834
vn -0.3978457450866699 -0.6776373386383057 0.6184871792793274
vn -0.5538111329078674 -0.696266233921051 0.4566252529621124
vn -0.25403544306755066 -0.7055675983428955 0.6615439057350159
vn -0.40626540780067444 -0.7723222374916077 0.4883306622505188
vn -0.26183903217315674 -0.8205280900001526 0.508108377456665
vn -0.11101147532463074 -0.5880319476127625 0.8011834621429443
vn -0.13009510934352875 -0.7195764183998108 0.6821181178092957
vn -0.0013096265029162169 -0.43368542194366455 0.9010633826255798
vn -0.0020071135368198156 -0.5873493552207947 0.8093310594558716
vn 0.060694001615047455 -0.4435729384422302 0.8941808342933655
vn 0.02919004112482071 -0.3476635813713074 0.937164843082428
vn 0.08940434455871582 -0.3857298195362091 0.9182698130607605
vn 0.10165257006883621 -0.5920735001564026 0.7994471192359924
vn 0.14181280136108398 -0.47000882029533386 0.8711950778961182
vn 0.2916649281978607 -0.4839381277561188 0.8250669836997986
vn 0.215415820479393 -0.42171820998191833 0.8807665705680847
vn 0.3418332040309906 -0.41832566261291504 0.8415187001228333
vn -0.006405801046639681 -0.7266741394996643 0.686952531337738
vn 0.21148692071437836 -0.6003875136375427 0.7712380290031433
vn -0.13731278479099274 -0.8451969027519226 0.516514778137207
vn 0.11775778234004974 -0.7236317992210388 0.6800662875175476
vn -0.2585475742816925 -0.8991987109184265 0.3529798984527588
vn -0.01593838818371296 -0.8536275625228882 0.5206400156021118
vn -0.4059734046459198 -0.8433334231376648 0.3520999252796173
vn -0.1333380490541458 -0.9269201755523682 0.3507705330848694
vn -0.2532651722431183 -0.9421491622924805 0.21957160532474518
vn 0.11970257014036179 -0.84593665599823 0.5196754336357117
vn -0.02068236470222473 -0.9368430972099304 0.3491378724575043
vn -0.1258111149072647 -0.9682751893997192 0.21590447425842285
vn -0.012996181845664978 -0.9781922101974487 0.20729459822177887
vn 0.11593107134103775 -0.929751455783844 0.3494599163532257
vn 0.24369962513446808 -0.7143564820289612 0.6559765934944153
vn 0.25686848163604736 -0.8213932514190674 0.509246289730072
vn 0.2580132484436035 -0.9000898599624634 0.35109472274780273
vn 0.3895224630832672 -0.6890583634376526 0.611122727394104
vn 0.11350101977586746 -0.9727508425712585 0.20217178761959076
vn 0.39806368947029114 -0.7751268744468689 0.49063605070114136
vn 0.39344969391822815 -0.8474605679512024 0.35638168454170227
vn 0.24800388514995575 -0.9447647929191589 0.214274600148201
vn 0.11318334937095642 -0.9887878894805908 0.09740675985813141
vn 0.22792044281959534 -0.9681306481361389 0.10380427539348602
vn 0.37970083951950073 -0.8918852210044861 0.24569900333881378
vn 0.5510168075561523 -0.7533273696899414 0.35899654030799866
vn 0.5478214025497437 -0.6992734670639038 0.4592475891113281
vn 0.5517074465751648 -0.7804316878318787 0.29418569803237915
vn 0.5362167358398438 -0.6347402930259705 0.5563960075378418
vn 0.6936016082763672 -0.668377161026001 0.26867997646331787
vn 0.7282471060752869 -0.6052303910255432 0.32148477435112
vn 0.6905301213264465 -0.5912387371063232 0.41665932536125183
vn 0.3569311797618866 -0.5896779298782349 0.7244861125946045
vn 0.5161884427070618 -0.5489224791526794 0.6574447751045227
vn 0.48386824131011963 -0.4536246955394745 0.7483957409858704
vn 0.6487938761711121 -0.5667409896850586 0.5078101754188538
vn 0.6653323769569397 -0.5086972713470459 0.5464063286781311
vn 0.7744036316871643 -0.48249030113220215 0.409270316362381
vn 0.834311842918396 -0.47319984436035156 0.28285273909568787
vn 0.835728645324707 -0.3855825364589691 0.39100363850593567
vn 0.9009997844696045 -0.3499021530151367 0.25645244121551514
vn 0.6997907757759094 -0.44584840536117554 0.5581327676773071
vn 0.5751709938049316 -0.37249264121055603 0.7283046245574951
vn 0.42832669615745544 -0.36564478278160095 0.8263413906097412
vn 0.7782716751098633 -0.34395602345466614 0.5253450870513916
vn 0.8952269554138184 -0.26889973878860474 0.3553332984447479
vn 0.6703644394874573 -0.25764527916908264 0.6958667635917664
vn 0.5288755297660828 -0.2598804831504822 0.8079312443733215
vn 0.8406571745872498 -0.23758557438850403 0.48667100071907043
vn 0.7213863730430603 -0.11633274704217911 0.6826921105384827
vn 0.6009303331375122 -0.12647192180156708 0.7892322540283203
vn 0.9305628538131714 -0.18275488913059235 0.3172593414783478
vn 0.7402324676513672 0.04837355017662048 0.6706085801124573
vn 0.6400861740112305 0.05184662714600563 0.7665518522262573
vn 0.8729704022407532 -0.10705666989088058 0.4758797585964203
vn 0.9513570666313171 -0.09225583076477051 0.29395365715026855
vn 0.7093721628189087 0.20461405813694 0.6744807362556458
vn 0.8735648393630981 0.040856439620256424 0.48499003052711487
vn 0.8397925496101379 0.17379575967788696 0.5143380165100098
vn 0.953449010848999 0.011935858987271786 0.30131810903549194
vn 0.7712311744689941 0.3061985969543457 0.558072566986084
vn 0.9352619647979736 0.10685056447982788 0.337443470954895
vn 0.9942977428436279 -0.013683945871889591 0.10575782507658005
vn 0.6995158791542053 0.41405126452445984 0.5824423432350159
vn 0.8338274955749512 0.35279014706611633 0.4245831072330475
vn 0.8964663743972778 0.22538739442825317 0.38150835037231445
vn 0.9155325293540955 0.29101356863975525 0.27768921852111816
vn 0.9681887030601501 0.20542888343334198 0.14286212623119354
vn 0.9771640300750732 0.14129029214382172 0.1587057113647461
vn 0.9974614381790161 0.07115474343299866 0.002801750088110566
vn 0.9993656277656555 0.035523124039173126 -0.0025464873760938644
vn 0.9915993213653564 0.053975000977516174 0.11754821985960007
vn 0.9997189044952393 -0.0219035055488348 0.009079373441636562
vn 0.9913718104362488 -0.07404221594333649 0.10816538333892822
vn 0.9974947571754456 -0.06960253417491913 0.012641710229218006
vn 0.9992157220840454 -0.03593547269701958 0.016636371612548828
vn 0.9767331480979919 -0.12138558179140091 0.17679907381534576
vn 0.9949296712875366 -0.05175917223095894 0.086232490837574
vn 0.9980677366256714 0.05173751339316368 -0.034409210085868835
vn 0.9971156716346741 0.06281696259975433 0.04259641841053963
vn 0.9501400589942932 -0.22280742228031158 0.21815304458141327
vn 0.9994721412658691 -0.024136586114764214 0.021745672449469566
vn 0.9968942999839783 0.07724326103925705 0.015341661870479584
vn 0.9974572062492371 0.07007233053445816 -0.013004415668547153
vn 0.9991626143455505 -0.0336303636431694 -0.02330520749092102
vn 0.973229169845581 -0.2006828784942627 0.11203277111053467
vn 0.9819936156272888 -0.1866040825843811 0.029453737661242485
vn 0.9818878173828125 -0.18588702380657196 -0.036637648940086365
vn 0.9369860291481018 -0.32025977969169617 0.13960972428321838
vn 0.9542911052703857 -0.29569771885871887 0.04349097982048988
vn 0.9582903981208801 -0.2827253043651581 -0.041784875094890594
vn 0.8799983263015747 -0.44265303015708923 0.17222443222999573
vn 0.9144890904426575 -0.3999674618244171 0.06112084165215492
vn 0.9227384924888611 -0.38254424929618835 -0.047049324959516525
vn 0.8876780271530151 -0.45725828409194946 -0.05424613878130913
vn 0.877881646156311 -0.474704772233963 0.06308163702487946
vn 0.9663321375846863 -0.24881066381931305 -0.0655403733253479
vn 0.8167468309402466 -0.5459651947021484 0.18667276203632355
vn 0.9514904618263245 -0.2483006864786148 0.18169371783733368
vn 0.9652237892150879 0.24973255395889282 -0.07730879634618759
vn 0.6438159942626953 -0.5162557363510132 0.5647839903831482
vn 0.9084024429321289 0.24557100236415863 0.33837825059890747
vn 0.8449307084083557 -0.3333197832107544 0.4183182120323181
vn 0.8798887729644775 0.4683331251144409 -0.08037309348583221
vn 0.4013546109199524 -0.709346354007721 0.5794327259063721
vn 0.42104795575141907 -0.14811086654663086 0.8948641419410706
vn 0.1261771321296692 -0.45753827691078186 0.8801921010017395
vn 0.7108852863311768 0.11667121201753616 0.6935632228851318
vn 0.832420289516449 0.425189733505249 0.355373352766037
vn 0.7948428988456726 0.4965725243091583 0.3487701117992401
vn 0.8329157829284668 0.5459454655647278 -0.0905252993106842
vn 0.6534137725830078 0.22985637187957764 0.7212604284286499
vn 0.7277888655662537 0.5911037921905518 0.34773513674736023
vn 0.7571433782577515 0.6427739262580872 -0.11651477217674255
vn 0.6499300599098206 0.2650630474090576 0.7122728228569031
vn 0.621266782283783 0.33356213569641113 0.7090585231781006
vn 0.6398903131484985 0.6983810067176819 0.3206312656402588
vn 0.6572004556655884 0.7362750172615051 -0.16120417416095734
vn 0.5530946850776672 0.805517315864563 -0.21266904473304749
vn 0.5757680535316467 0.43724939227104187 0.690872073173523
vn 0.5457882285118103 0.7963492274284363 0.26065900921821594
vn 0.4737482964992523 0.8379899263381958 -0.270805299282074
vn 0.46962788701057434 0.8651242852210999 0.17609567940235138
vn 0.560961127281189 0.7632826566696167 -0.3205028772354126
vn 0.521138072013855 0.5527212619781494 0.6503186225891113
vn 0.5752158761024475 0.8157361745834351 0.060837529599666595
vn 0.997846782207489 -0.026148436591029167 -0.0601503849029541
vn 0.47624215483665466 0.6531389355659485 0.5887299180030823
vn 0.6084977984428406 0.6516682505607605 0.4528343379497528
vn 0.5044472217559814 0.1907597929239273 0.8421066999435425
vn 0.6572146415710449 0.23100566864013672 0.7174296379089355
vn 0.49930599331855774 0.07687412947416306 0.8630086779594421
vn 0.4706314504146576 -0.37441906332969666 0.7989470958709717
vn 0.6444034576416016 -0.30799320340156555 0.6999173760414124
vn 0.579921305179596 -0.7094845175743103 0.4004036784172058
vn 0.4996587634086609 -0.8642624616622925 0.05823681503534317
vn 0.47928211092948914 -0.8673667907714844 -0.13402821123600006
vn 0.3799942135810852 -0.7853460311889648 0.48870861530303955
vn 0.29057517647743225 -0.9473360180854797 0.13461273908615112
vn 0.27248266339302063 -0.9578746557235718 -0.09071605652570724
vn 0.40030524134635925 -0.4642949104309082 0.7900543808937073
vn 0.25777488946914673 -0.8305061459541321 0.4937729239463806
vn 0.15359094738960266 -0.972008466720581 0.1777905523777008
vn 0.12954728305339813 -0.990765392780304 -0.04001711681485176
vn 0.48025956749916077 -0.03355655074119568 0.8764842748641968
vn 0.029667282477021217 -0.9714590907096863 0.23534469306468964
vn 0.006724013946950436 -0.9998451471328735 0.01626366749405861
vn 0.44468939304351807 -0.0943954586982727 0.8906968832015991
vn 0.30725786089897156 -0.5321786403656006 0.7889097332954407
vn 0.41365551948547363 -0.1014985591173172 0.904758095741272
vn 0.21312619745731354 -0.5401528477668762 0.8141327500343323
vn 0.128949373960495 -0.8496791124343872 0.5112901329994202
vn 0.020482046529650688 -0.824778139591217 0.5650854706764221
vn 0.1504095047712326 -0.49031832814216614 0.858466625213623
vn 0.37937742471694946 -0.08781509101390839 0.9210653305053711
vn 0.09999504685401917 -0.4365639090538025 0.8940989971160889
vn -0.05562382936477661 -0.771320641040802 0.634011447429657
vn -0.07675906270742416 -0.9487035870552063 0.3067077100276947
vn -0.10277936607599258 -0.9921891093254089 0.07069111615419388
vn -0.20040172338485718 -0.9739586710929871 0.10603657364845276
vn -0.16677099466323853 -0.9149826765060425 0.36741557717323303
vn -0.2804393470287323 -0.9540107846260071 0.10591136664152145
vn -0.11528342217206955 -0.7201371192932129 0.6841872930526733
vn -0.2397388219833374 -0.8845022320747375 0.4002262055873871
vn -0.10331464558839798 -0.7216131091117859 0.6845440864562988
vn -0.24067826569080353 -0.8887558579444885 0.39011138677597046
vn -0.29988721013069153 -0.951143205165863 0.07344571501016617
vn 0.19933457672595978 -0.8688246607780457 0.45322123169898987
vn 0.07570850849151611 -0.9680539965629578 0.23903919756412506
vn -0.01703408546745777 -0.9996945858001709 0.017904357984662056
vn 0.2843816876411438 -0.9510955214500427 0.12060002982616425
vn 0.2517906725406647 -0.9677405953407288 -0.008923080749809742
vn 0.2247922718524933 -0.9743958115577698 -0.0046102190390229225
vn 0.11999204009771347 -0.9927714467048645 0.0026098021771758795
vn 0.008708263747394085 -0.999950647354126 0.00479130819439888
vn 0.0013600275851786137 -0.9944301843643188 0.10538919270038605
vn -0.12347816675901413 -0.9861447215080261 0.11077799648046494
vn -0.12907451391220093 -0.9916347861289978 -0.0005667514633387327
vn -0.25596562027931213 -0.9609103202819824 0.10551296919584274
vn -0.26745152473449707 -0.9634761810302734 -0.013539319857954979
vn -0.4058138430118561 -0.8863864541053772 0.22278735041618347
vn -0.4092959463596344 -0.9070122838020325 0.09902330487966537
vn -0.41730809211730957 -0.908289909362793 -0.029382983222603798
vn -0.5664622187614441 -0.7499616146087646 0.341581791639328
vn -0.5806319713592529 -0.7838773727416992 0.22000636160373688
vn -0.5927330255508423 -0.800085186958313 0.09236548095941544
vn -0.5990090370178223 -0.7997216582298279 -0.04041626676917076
vn -0.6814400553703308 -0.6005173325538635 0.4183521568775177
vn -0.7570924162864685 -0.6482650637626648 0.08101599663496017
vn -0.761734664440155 -0.6464202404022217 -0.0436021089553833
vn -0.8764177560806274 -0.4794268012046814 -0.045187730342149734
vn -0.8190150856971741 -0.4913480579853058 0.29629600048065186
vn -0.7116098403930664 -0.6257319450378418 0.31948569416999817
vn -0.9259173274040222 -0.34603962302207947 0.15143881738185883
vn -0.7385510802268982 -0.6428931355476379 0.20305372774600983
vn -0.8526774048805237 -0.4913468062877655 0.17753754556179047
vn -0.8713796138763428 -0.4863645136356354 0.06439804285764694
vn -0.9449909925460815 -0.32302889227867126 -0.051424115896224976
vn -0.9421835541725159 -0.33245062828063965 0.04203331470489502
vn -0.9813842177391052 -0.19009242951869965 0.02738458849489689
vn -0.9800958037376404 -0.1930953860282898 -0.04611362889409065
vn -0.9705430865287781 -0.20568552613258362 0.12545765936374664
vn -0.999211311340332 -0.03224802389740944 0.02317075803875923
vn -0.9988393187522888 -0.040914516896009445 -0.02541782520711422
vn -0.9983559250831604 0.055814921855926514 -0.013047551736235619
vn -0.9979546666145325 0.0605224184691906 0.020580202341079712
vn 0.03259563073515892 0.9731455445289612 0.22787120938301086
vn 0.033016834408044815 0.9501839280128479 0.3099362254142761
vn 0.08026650547981262 0.9447021484375 0.3179546892642975
vn -0.08642765134572983 0.9612331986427307 0.26184171438217163
vn 0.08209989964962006 0.9763762950897217 0.19987240433692932
vn -0.07506566494703293 0.9745957255363464 0.21101737022399902
vn -0.15217547118663788 0.9745786786079407 0.16443568468093872
vn -0.1525440365076065 0.9882966876029968 1.48843284364375e-08
vn 0.03264568746089935 0.9994670152664185 -2.4116162400389385e-09
vn 0.08341149240732193 0.9965152144432068 0.0
vn 0.08209991455078125 0.9763762950897217 -0.19987241923809052
vn -0.08488214015960693 0.9963909983634949 7.253313505373171e-09
vn 0.03248756751418114 0.9729928374290466 -0.2285379022359848
vn 0.08026649802923203 0.9447021484375 -0.3179546892642975
vn 0.032840531319379807 0.9497652053833008 -0.3112355172634125
vn -0.08748316019773483 0.960332989692688 -0.2647777497768402
vn -0.07514998316764832 0.9742134213447571 -0.2127457559108734
vn -0.15232229232788086 0.9743964672088623 -0.1653767079114914
vn -0.07596512883901596 -0.9386482834815979 -0.3364057242870331
vn -0.03240930289030075 -0.9442476630210876 -0.3276371359825134
vn -0.03224535286426544 -0.970947265625 -0.23711122572422028
vn -0.08021356165409088 -0.9754831790924072 -0.2049352377653122
vn 0.08399733901023865 -0.9581323266029358 -0.2737277150154114
vn -0.03249276056885719 -0.9994720220565796 -4.822613863808556e-09
vn -0.08249509334564209 -0.9965915083885193 0.0
vn 0.0749577209353447 -0.9731644988059998 -0.21755971014499664
vn 0.15314540266990662 -0.9740960001945496 -0.1663835346698761
vn -0.08021356165409088 -0.9754831790924072 0.2049352377653122
vn 0.15311381220817566 -0.9882085919380188 9.947526358189407e-09
vn -0.032126761972904205 -0.970786452293396 0.2377847135066986
vn -0.07596512883901596 -0.9386482834815979 0.3364057242870331
vn -0.03220965713262558 -0.9438005089759827 0.3289424777030945
vn 0.08482413738965988 -0.9963959455490112 -4.836613776149079e-09
vn 0.0750652551651001 -0.9727627038955688 0.21931244432926178
vn 0.08508646488189697 -0.9572085738182068 0.2766082286834717
vn 0.15329845249652863 -0.9739101529121399 0.16732779145240784
vn -0.08026650547981262 0.9447021484375 0.3179546892642975
vn -0.033016834408044815 0.9501839280128479 0.30993619561195374
vn -0.03259563073515892 0.9731455445289612 0.22787120938301086
vn -0.08209991455078125 0.9763762950897217 0.19987241923809052
vn 0.08642765134572983 0.9612331986427307 0.26184168457984924
vn -0.03264568746089935 0.9994670152664185 2.4116162400389385e-09
vn -0.08341149240732193 0.9965152144432068 0.0
vn -0.08209989964962006 0.9763762950897217 -0.19987237453460693
vn 0.07506566494703293 0.9745957255363464 0.21101737022399902
vn 0.15217547118663788 0.9745786786079407 0.16443568468093872
vn 0.1525440365076065 0.9882966876029968 1.48843284364375e-08
vn 0.08488214015960693 0.9963909983634949 1.2088856138348092e-08
vn -0.03248756751418114 0.9729928374290466 -0.22853782773017883
vn -0.08026649802923203 0.9447021484375 -0.3179546594619751
vn -0.032840531319379807 0.9497652053833008 -0.3112355172634125
vn 0.08748316019773483 0.960332989692688 -0.2647777497768402
vn 0.07514998316764832 0.9742134213447571 -0.2127457559108734
vn 0.15232229232788086 0.9743964672088623 -0.1653767079114914
vn 0.032245345413684845 -0.970947265625 -0.23711122572422028
vn 0.03240930289030075 -0.9442476630210876 -0.3276371359825134
vn 0.07596512883901596 -0.9386482834815979 -0.3364057242870331
vn -0.08399733901023865 -0.9581323266029358 -0.2737277150154114
vn 0.08021356165409088 -0.9754831790924072 -0.2049352377653122
vn -0.07495772838592529 -0.9731644988059998 -0.21755976974964142
vn -0.15314540266990662 -0.9740960001945496 -0.1663835495710373
vn -0.15311384201049805 -0.9882085919380188 0.0
vn 0.03249276056885719 -0.9994720220565796 -4.822613863808556e-09
vn 0.08249509334564209 -0.9965915083885193 0.0
vn 0.08021356165409088 -0.9754831790924072 0.2049352377653122
vn -0.08482414484024048 -0.9963959455490112 -4.836613776149079e-09
vn -0.0750652551651001 -0.9727627038955688 0.21931244432926178
vn -0.15329845249652863 -0.9739101529121399 0.16732779145240784
vn -0.08508646488189697 -0.9572085738182068 0.2766082286834717
vn 0.03220965713262558 -0.9438005089759827 0.3289424777030945
vn 0.032126761972904205 -0.970786452293396 0.2377847135066986
vn 0.07596512883901596 -0.9386482834815979 0.3364057242870331
vn -0.002723499434068799 0.9999963045120239 -1.1110293129945603e-08
vn -0.4468325972557068 0.8946176171302795 -3.32081171450227e-08
vn -0.3301560580730438 0.6611862182617188 0.6736688613891602
vn -0.002113944850862026 0.7370440363883972 0.6758415102958679
vn -0.7762844562530518 0.6303828358650208 -2.1781113801466745e-08
vn -0.02863125130534172 0.05395103618502617 0.9981330633163452
vn -0.0004464233643375337 0.051129214465618134 0.998691976070404
vn -0.5670755505561829 0.4675908386707306 0.6780738830566406
vn -0.9799688458442688 0.19915103912353516 -2.29774759219481e-08
vn 0.297158807516098 -0.5956866145133972 0.7462265491485596
vn -0.00040596473263576627 -0.6848945021629333 0.7286421060562134
vn -0.03156982734799385 0.034669529646635056 0.9989001154899597
vn -0.7288925647735596 0.14466096460819244 0.6691703200340271
vn -0.8639617562294006 -0.5035574436187744 0.0
vn 0.4469089210033417 -0.8945794701576233 -2.001892873693123e-08
vn -0.0020178609993308783 -0.9999979734420776 4.9906041965641634e-08
vn -0.00040594968595542014 -0.6848945617675781 -0.7286420464515686
vn -0.6483134627342224 -0.3774239718914032 0.6612419486045837
vn -0.3024194538593292 -0.9531750082969666 0.0
vn -0.07383856922388077 0.009786620736122131 0.9972221851348877
vn 0.5268073081970215 -0.42304331064224243 0.7372303009033203
vn -0.22820405662059784 -0.7095800042152405 0.666647732257843
vn 0.30620312690734863 -0.9519662261009216 0.0
vn -0.09009610861539841 -0.05254590883851051 0.9945459365844727
vn 0.6507222056388855 -0.13804958760738373 0.7466612458229065
vn 0.2302437275648117 -0.7094235420227051 0.6661127209663391
vn 0.8697481751441956 -0.4934958517551422 1.2406743188364544e-08
vn -0.02685725875198841 -0.0707329511642456 0.9971336722373962
vn 0.5546062588691711 0.32315996289253235 0.7667983174324036
vn 0.65241938829422 -0.3708631694316864 0.6609156131744385
vn 0.9780067801475525 0.20857319235801697 -1.1470211447317524e-08
vn 0.027695465832948685 -0.07166832685470581 0.9970439672470093
vn 0.1996951699256897 0.6447628140449524 0.7378365397453308
vn 0.7267895340919495 0.1508963704109192 0.6700801253318787
vn 0.7704543471336365 0.6374952793121338 -1.091976553624363e-08
vn 0.09128814190626144 -0.051964808255434036 0.9944677948951721
vn -0.20024658739566803 0.6444647908210754 0.7379475235939026
vn 0.5630688667297363 0.4718291759490967 0.6784767508506775
vn 0.4385163486003876 0.8987231850624084 -2.209804783603886e-08
vn 0.07165499776601791 0.009515280835330486 0.9973840713500977
vn -0.55689936876297 0.31693199276924133 0.7677351832389832
vn 0.32304659485816956 0.6639567613601685 0.674390435218811
vn -0.002723499434068799 0.9999963045120239 -1.1110294018124023e-08
vn -0.002113944850862026 0.7370440363883972 0.6758413910865784
vn 0.027214469388127327 0.05227188020944595 0.9982619881629944
vn -0.0004464233643375337 0.05112922191619873 0.998691976070404
vn 0.03216756880283356 0.03490681201219559 0.9988727569580078
vn -0.6579073667526245 -0.14603011310100555 0.7388051748275757
vn -0.5243222117424011 -0.44295457005500793 0.7272396087646484
vn -0.28615131974220276 -0.6091364026069641 0.7396419644355774
vn -0.0004059647035319358 -0.6848945617675781 0.7286420464515686
vn -0.9752963185310364 -0.22090065479278564 -9.960275271225782e-09
vn -0.4185212552547455 -0.9082069993019104 -1.0011528495112998e-08
vn -0.0020178609993308783 -0.9999979734420776 4.9906041965641634e-08
vn -0.00040594968595542014 -0.6848945617675781 -0.7286420464515686
vn -0.7582855224609375 -0.6519225835800171 0.0
vn -0.28615137934684753 -0.6091364026069641 -0.7396419644355774
vn -0.0004464259254746139 0.05112922191619873 -0.998691976070404
vn -0.5243222713470459 -0.44295457005500793 -0.7272396683692932
vn 0.027214404195547104 0.052271876484155655 -0.9982619881629944
vn -0.0021139560267329216 0.7370440363883972 -0.6758415102958679
vn -0.6579073667526245 -0.14603011310100555 -0.7388051748275757
vn 0.32304659485816956 0.6639567017555237 -0.6743904948234558
vn -0.0027234992012381554 0.9999963045120239 -1.1110292241767183e-08
vn 0.4385162889957428 0.8987232446670532 -2.209804783603886e-08
vn 0.03216758370399475 0.03490682318806648 -0.9988727569580078
vn 0.5630688667297363 0.4718291759490967 -0.6784767508506775
vn 0.7704542279243469 0.6374952793121338 -1.091976553624363e-08
vn 0.07165499776601791 0.009515292942523956 -0.9973840713500977
vn 0.7267895340919495 0.1508963704109192 -0.6700801253318787
vn 0.9780067801475525 0.20857316255569458 -1.1470211447317524e-08
vn -0.55689936876297 0.31693199276924133 -0.7677351236343384
vn 0.65241938829422 -0.3708631694316864 -0.6609156131744385
vn 0.8697482347488403 -0.49349579215049744 1.2406742300186124e-08
vn 0.09128808230161667 -0.05196479335427284 -0.9944677948951721
vn 0.2302437275648117 -0.7094235420227051 -0.6661127209663391
vn 0.30620312690734863 -0.9519662261009216 0.0
vn 0.027695458382368088 -0.07166830450296402 -0.9970439672470093
vn -0.22820408642292023 -0.7095800042152405 -0.666647732257843
vn -0.3024194836616516 -0.9531749486923218 0.0
vn -0.026857277378439903 -0.0707329586148262 -0.9971336722373962
vn -0.20024658739566803 0.6444647312164307 -0.7379475235939026
vn 0.1996951699256897 0.6447628140449524 -0.7378365397453308
vn -0.0900961235165596 -0.0525459349155426 -0.9945459365844727
vn -0.6483134627342224 -0.3774239122867584 -0.6612419486045837
vn -0.8639617562294006 -0.5035574436187744 0.0
vn 0.5546062588691711 0.32315996289253235 -0.7667982578277588
vn -0.7288925647735596 0.14466096460819244 -0.6691703200340271
vn -0.9799688458442688 0.19915103912353516 -2.2977479474661777e-08
vn -0.07383856177330017 0.009786620736122131 -0.9972222447395325
vn 0.6507222652435303 -0.13804958760738373 -0.7466611862182617
vn -0.5670754909515381 0.4675908088684082 -0.6780739426612854
vn -0.7762844562530518 0.6303828358650208 -2.1781113801466745e-08
vn -0.03156982362270355 0.03466952219605446 -0.9989001154899597
vn -0.3301560580730438 0.661186158657074 -0.6736689209938049
vn -0.4468325972557068 0.8946176171302795 -3.32081171450227e-08
vn -0.0027234992012381554 0.9999963045120239 -1.1110292241767183e-08
vn -0.0021139560267329216 0.7370440363883972 -0.6758415102958679
vn -0.028631199151277542 0.053951043635606766 -0.9981330633163452
vn -0.0004464259254746139 0.051129214465618134 -0.998691976070404
vn 0.2971588671207428 -0.595686674118042 -0.7462265491485596
vn 0.5268073678016663 -0.42304331064224243 -0.7372303009033203
vn 0.7799121737480164 -0.6258889436721802 2.0313118298531663e-08
vn 0.9772916436195374 -0.21189866960048676 1.0045890341814356e-08
vn 0.8634418845176697 0.5044482946395874 1.0172395370489085e-08
vn 0.29336920380592346 0.9559992551803589 -9.949878254644773e-09
vn -0.29380008578300476 0.9558668732643127 -9.950563928384781e-09
vn -0.868063747882843 0.49645277857780457 0.0
vn 0.9991334080696106 -0.03974582627415657 0.012357264757156372
vn 0.9991715550422668 0.03700543940067291 -0.016934487968683243
vn 0.9811499714851379 0.1728276014328003 -0.08646053820848465
vn 0.9966008067131042 0.08061589300632477 0.016968294978141785
vn 0.9782514572143555 0.1842438131570816 -0.09528056532144547
vn 0.9223176836967468 -0.11213284730911255 -0.36980587244033813
vn 0.9743184447288513 -0.22180138528347015 -0.03882961720228195
vn 0.9193015098571777 0.33123302459716797 -0.21253123879432678
vn 0.9318601489067078 0.3012349307537079 -0.2022233009338379
vn 0.6942484378814697 -0.5040006041526794 -0.5138118267059326
vn 0.7277619242668152 -0.6805081367492676 -0.08527196198701859
vn 0.8647225499153137 0.2831292748451233 -0.4148407280445099
vn 0.9132763743400574 0.3151065707206726 -0.25813591480255127
vn 0.7397346496582031 -0.4227600395679474 -0.5235137939453125
vn 0.79274582862854 -0.5939033031463623 -0.13723327219486237
vn 0.8949477672576904 0.17726939916610718 -0.4094436466693878
vn 0.9512820243835449 0.13690438866615295 -0.27626022696495056
vn 0.7923729419708252 -0.35468363761901855 -0.4963313341140747
vn 0.8443796038627625 -0.5106423497200012 -0.16207289695739746
vn 0.9225116968154907 0.07940904051065445 -0.3777119815349579
vn 0.9696254730224609 0.058914270251989365 -0.23739340901374817
vn 0.979080080986023 0.0012561097973957658 -0.20347167551517487
vn 0.8499861359596252 -0.2754575312137604 -0.4490509033203125
vn 0.8878052830696106 -0.43151217699050903 -0.15999683737754822
vn 0.9804409146308899 -0.15976019203662872 -0.1149449497461319
vn 0.9412525296211243 -0.02454925701022148 -0.33681008219718933
vn 0.7528039813041687 0.652728259563446 -0.08504142612218857
vn 0.7303978800773621 0.07218118757009506 -0.6791971921920776
vn 0.6628057956695557 -0.00023609085474163294 -0.7487912774085999
vn 0.8070406317710876 0.26758065819740295 -0.5263896584510803
vn 0.5288839936256409 0.4376581013202667 -0.7271431088447571
vn 0.6101192831993103 -0.05881279334425926 -0.790123701095581
vn 0.5823915600776672 0.5754243731498718 -0.5742011070251465
vn 0.49536392092704773 0.355347603559494 -0.7926807403564453
vn 0.423869788646698 0.6273751258850098 -0.6532494425773621
vn 0.43551021814346313 0.7420160174369812 -0.5096499919891357
vn 0.3645479679107666 0.8295422196388245 -0.423041969537735
vn 0.38042375445365906 0.7494320869445801 -0.5418758392333984
vn 0.32069817185401917 0.9023438096046448 -0.28797289729118347
vn 0.29346323013305664 0.9502643942832947 -0.10429242253303528
vn 0.3415510952472687 0.9326940774917603 -0.11586502194404602
vn 0.3529931902885437 0.8629855513572693 -0.3614577651023865
vn 0.3467106819152832 0.9315411448478699 -0.10964878648519516
vn 0.4289581775665283 0.5453681349754333 -0.7201169729232788
vn 0.39101743698120117 0.6984788775444031 -0.5993601679801941
vn 0.35930854082107544 0.8454971313476562 -0.39500880241394043
vn 0.4731917381286621 0.2972407042980194 -0.8292994499206543
vn 0.4152984321117401 0.5053346157073975 -0.7564154267311096
vn 0.36391568183898926 0.6883314847946167 -0.6275070905685425
vn 0.31967613101005554 0.8597250580787659 -0.3983466327190399
vn 0.29692336916923523 0.9520558714866638 -0.07366284728050232
vn 0.39948570728302 0.5196042656898499 -0.7552632689476013
vn 0.25446370244026184 0.8952406048774719 -0.3657766878604889
vn 0.2264556586742401 0.973511278629303 -0.031522784382104874
vn 0.3267177939414978 0.7234135866165161 -0.6082173585891724
vn 0.3545621931552887 0.8997834920883179 -0.25431349873542786
vn 0.3269176185131073 0.9448398947715759 -0.02006293274462223
vn 0.43699997663497925 0.7916814088821411 -0.426932692527771
vn 0.44650569558143616 0.8792095184326172 -0.16620256006717682
vn 0.4249335527420044 0.9045080542564392 -0.03600868210196495
vn 0.35012876987457275 0.9362094402313232 -0.030360132455825806
vn 0.5070191025733948 0.8120654821395874 -0.28893139958381653
vn 0.37580087780952454 0.916139543056488 -0.13950657844543457
vn 0.2233971655368805 0.9745346307754517 -0.01938864029943943
vn 0.5236044526100159 0.6479071974754333 -0.5532220005989075
vn 0.2421305626630783 0.962324321269989 -0.12371250241994858
vn 0.11072773486375809 0.9937917590141296 -0.010832615196704865
vn 0.4077174961566925 0.8767951130867004 -0.254944771528244
vn 0.11843612045049667 0.9867295622825623 -0.11107563227415085
vn 0.002672743983566761 0.9999632835388184 -0.008144805207848549
vn 0.2651756703853607 0.9338639378547668 -0.23995839059352875
vn 0.0014746441738680005 0.9942263960838318 -0.10729287564754486
vn 0.12583695352077484 0.9658782482147217 -0.22637198865413666
vn 0.3980320692062378 0.8308181166648865 -0.3889882266521454
vn -0.12164972722530365 0.9863194227218628 -0.11124469339847565
vn -0.11252373456954956 0.9935787916183472 -0.011815506033599377
vn 0.26095980405807495 0.888124406337738 -0.37833184003829956
vn -0.26019683480262756 0.9581660032272339 -0.11922897398471832
vn -0.2426476925611496 0.9698752760887146 -0.021543661132454872
vn 0.5098013281822205 0.7603724002838135 -0.4024133086204529
vn -0.37809422612190247 0.9158638119697571 -0.13504932820796967
vn -0.354437917470932 0.9344648122787476 -0.033901095390319824
vn -0.2777017652988434 0.9313327670097351 -0.2355867475271225
vn -0.43442365527153015 0.885127604007721 -0.16680872440338135
vn -0.409658819437027 0.9114506840705872 -0.03791180998086929
vn -0.3244682252407074 0.9456988573074341 -0.0193406343460083
vn -0.4100354015827179 0.8769696950912476 -0.2505894899368286
vn -0.35233959555625916 0.9000856876373291 -0.2563251256942749
vn -0.22851739823818207 0.9730495810508728 -0.03089316003024578
vn -0.5027933716773987 0.8139362335205078 -0.29104408621788025
vn -0.25572749972343445 0.8947129249572754 -0.3661861717700958
vn -0.3004789352416992 0.9510169625282288 -0.07265859842300415
vn -0.4357372224330902 0.7907915115356445 -0.4298626482486725
vn -0.32232677936553955 0.8594532012939453 -0.39679428935050964
vn -0.3473098576068878 0.9315473437309265 -0.1076824814081192
vn -0.32689371705055237 0.7222599387168884 -0.6094925403594971
vn -0.35945144295692444 0.8463829159736633 -0.3929767608642578
vn -0.36540767550468445 0.6883264183998108 -0.626645028591156
vn -0.3490063548088074 0.8648931980133057 -0.36076927185058594
vn -0.33663275837898254 0.9347410798072815 -0.11374307423830032
vn -0.39054086804389954 0.6995896697044373 -0.598374605178833
vn -0.32885122299194336 0.899935781955719 -0.28630852699279785
vn -0.3012530505657196 0.9478682279586792 -0.1038869172334671
vn -0.7670778632164001 0.6358076930046082 -0.08567500114440918
vn -0.3785478472709656 0.7494983077049255 -0.5430964827537537
vn -0.37559548020362854 0.8249787092208862 -0.4223010838031769
vn -0.45326128602027893 0.7313015460968018 -0.5096589922904968
vn -0.6021421551704407 0.5577924251556396 -0.5712200999259949
vn -0.4264374077320099 0.6228347420692444 -0.6559177041053772
vn -0.4289049208164215 0.5446875691413879 -0.7206636071205139
vn -0.8138464689254761 0.25484105944633484 -0.5222164392471313
vn -0.5364279747009277 0.4273192882537842 -0.7277660369873047
vn -0.9398994445800781 -0.024103863164782524 -0.34059956669807434
vn -0.9796612858772278 -0.16021502017974854 -0.1208096519112587
vn -0.735731840133667 0.062242988497018814 -0.6744067668914795
vn -0.850525438785553 -0.27746015787124634 -0.4467912018299103
vn -0.8869661688804626 -0.43218228220939636 -0.16281758248806
vn -0.8438617587089539 -0.5111250281333923 -0.16324368119239807
vn -0.7931367754936218 -0.357059508562088 -0.493399053812027
vn -0.7931087017059326 -0.5933687090873718 -0.1374487727880478
vn -0.6657965183258057 -0.0064840964041650295 -0.7461051940917969
vn -0.7408934831619263 -0.4239178001880646 -0.5209324955940247
vn -0.7296855449676514 -0.6786412596702576 -0.08369641751050949
vn -0.4975196123123169 0.35103464126586914 -0.7932521104812622
vn -0.612084686756134 -0.06190035119652748 -0.7883658409118652
vn -0.6970310807228088 -0.5019999146461487 -0.5119998455047607
vn -0.976253092288971 -0.21416102349758148 -0.03263424336910248
vn -0.47415995597839355 0.2952534556388855 -0.8294562697410583
vn -0.5864684581756592 -0.11620252579450607 -0.8015932440757751
vn -0.9241300821304321 -0.1017959862947464 -0.3682677149772644
vn -0.9961530566215515 0.08463616669178009 0.022714614868164062
vn -0.4159965217113495 0.5048125386238098 -0.7563803791999817
vn -0.46935513615608215 0.26571229100227356 -0.8420824408531189
vn -0.3994021713733673 0.5176312923431396 -0.7566609978675842
vn -0.799584150314331 0.16363076865673065 -0.5778324007987976
vn -0.6350957751274109 0.4653290808200836 -0.6165404915809631
vn -0.522833526134491 0.6459696888923645 -0.5562087893486023
vn -0.8490806818008423 0.4296078383922577 -0.30740711092948914
vn -0.6105377674102783 0.700115978717804 -0.37024492025375366
vn -0.7400715947151184 0.5589919090270996 -0.37392809987068176
vn -0.6039260029792786 0.6793821454048157 -0.41678932309150696
vn -0.5091382265090942 0.7609512805938721 -0.40215861797332764
vn -0.7068486213684082 0.5676751732826233 -0.42203080654144287
vn -0.4022662937641144 0.8291313052177429 -0.3882307708263397
vn -0.5764954090118408 0.6174964904785156 -0.5351179242134094
vn -0.4953148663043976 0.6852430701255798 -0.5339524745941162
vn -0.7855175137519836 0.45449042320251465 -0.4200008809566498
vn -0.6530309915542603 0.5269607901573181 -0.5439327955245972
vn -0.5474053621292114 0.5571677684783936 -0.6244289875030518
vn -0.3954336941242218 0.7476394176483154 -0.5335424542427063
vn -0.7086504101753235 0.40684300661087036 -0.5764489769935608
vn -0.2708054482936859 0.8852314352989197 -0.378192663192749
vn -0.4819319546222687 0.5936527848243713 -0.6444516777992249
vn -0.13239850103855133 0.9647431373596191 -0.22746741771697998
vn 7.992442260729149e-05 0.9748378396034241 -0.2229151725769043
vn -0.13113798201084137 0.9198256134986877 -0.36976170539855957
vn 0.12312234193086624 0.9212676286697388 -0.36892661452293396
vn -0.0010438798926770687 0.9307416677474976 -0.3656759560108185
vn -0.2686980068683624 0.8026794791221619 -0.5324537754058838
vn -0.1319214254617691 0.8382255434989929 -0.5291264653205872
vn 0.12260381132364273 0.8393288254737854 -0.5296182632446289
vn -0.0009144906653091311 0.8499272465705872 -0.5268993377685547
vn -0.0006816287059336901 0.7296143770217896 -0.6838585138320923
vn -0.14010129868984222 0.7168174982070923 -0.6830404996871948
vn -0.39445969462394714 0.6374431252479553 -0.6618669033050537
vn -0.2774713933467865 0.682874858379364 -0.6757895946502686
vn -0.0013725034659728408 0.5815495252609253 -0.8135098218917847
vn -0.15311585366725922 0.5701274871826172 -0.807161808013916
vn -0.29141953587532043 0.5435099005699158 -0.7871922850608826
vn -0.405448853969574 0.5101702809333801 -0.7585101127624512
vn -0.4942280650138855 0.48187416791915894 -0.7235578894615173
vn -0.2868679463863373 0.4043083190917969 -0.8684707880020142
vn -0.5793461799621582 0.471199095249176 -0.6650785803794861
vn -0.4023173749446869 0.38836702704429626 -0.8290427327156067
vn -0.5046482682228088 0.37139737606048584 -0.779354989528656
vn -0.6095923781394958 0.3668673038482666 -0.7027130126953125
vn -0.51166170835495 0.27479076385498047 -0.8140591979026794
vn -0.6311352252960205 0.27166998386383057 -0.7265423536300659
vn -0.743987500667572 0.2816876173019409 -0.605916440486908
vn -0.39567339420318604 0.2792733907699585 -0.8748994469642639
vn -0.5149802565574646 0.19683200120925903 -0.8342975974082947
vn -0.38701558113098145 0.19344273209571838 -0.9015536308288574
vn -0.27461788058280945 0.27998706698417664 -0.919887125492096
vn -0.2615668475627899 0.18837754428386688 -0.9466238617897034
vn -0.3799360692501068 0.11375721544027328 -0.9179912209510803
vn -0.14489291608333588 0.27895620465278625 -0.9493100047111511
vn -0.2553007900714874 0.11190051585435867 -0.9603644013404846
vn -0.13672339916229248 0.18483932316303253 -0.9732118248939514
vn -0.13294565677642822 0.1134699136018753 -0.9846065640449524
vn -0.15319310128688812 0.41601651906967163 -0.8963605761528015
vn -0.002174267778173089 0.1838258057832718 -0.9829564690589905
vn -0.001717014703899622 0.42145389318466187 -0.9068481922149658
vn -0.0018315601628273726 0.27896225452423096 -0.9603003263473511
vn 0.14588196575641632 0.5738054513931274 -0.8058944344520569
vn 0.14711254835128784 0.4183492362499237 -0.8962934017181396
vn 0.1397780030965805 0.2799631655216217 -0.9497804045677185
vn -0.002535404870286584 0.11453909426927567 -0.9934155344963074
vn 0.13263286650180817 0.18535572290420532 -0.9736795425415039
vn 0.2832367420196533 0.40502452850341797 -0.8693285584449768
vn -0.0031056904699653387 0.046417973935604095 -0.998917281627655
vn 0.2712159752845764 0.28085821866989136 -0.9206305742263794
vn 0.12977856397628784 0.1139490008354187 -0.9849737286567688
vn 0.260381817817688 0.18853408098220825 -0.9469193816184998
vn 0.3897281587123871 0.2830382287502289 -0.876356840133667
vn 0.2554795742034912 0.11208391189575195 -0.9602954983711243
vn 0.3803863227367401 0.19367605447769165 -0.9043206572532654
vn 0.13245442509651184 0.04360382258892059 -0.990229606628418
vn -0.1365274339914322 0.042514439672231674 -0.9897236227989197
vn -0.0030442620627582073 -0.021050961688160896 -0.9997738003730774
vn -0.25766077637672424 0.03795916214585304 -0.9654895663261414
vn -0.1433841735124588 -0.024537744000554085 -0.989362895488739
vn -0.37701937556266785 0.03824527934193611 -0.9254154562950134
vn -0.2598817050457001 -0.02936711348593235 -0.9651938080787659
vn -0.5157036185264587 0.11813495308160782 -0.848583459854126
vn -0.37503764033317566 -0.030111713334918022 -0.9265204071998596
vn -0.6471906304359436 0.19278568029403687 -0.7375486493110657
vn -0.515713632106781 0.03941401466727257 -0.8558539748191833
vn -0.6598402857780457 0.11614419519901276 -0.7423754334449768
vn -0.7728448510169983 0.18526138365268707 -0.6069507002830505
vn -0.666515052318573 0.03808286413550377 -0.7445182204246521
vn -0.794243335723877 0.10622315108776093 -0.5982426404953003
vn -0.5155836939811707 -0.030399130657315254 -0.8562998175621033
vn -0.8072348237037659 0.03151607885956764 -0.5893884301185608
vn -0.66806560754776 -0.03252285718917847 -0.7433912754058838
vn -0.8130856156349182 -0.0405733548104763 -0.5807284712791443
vn -0.6684513092041016 -0.09168677777051926 -0.7380828857421875
vn -0.5142115950584412 -0.08681567758321762 -0.8532581925392151
vn -0.37252750992774963 -0.08590490370988846 -0.9240365624427795
vn -0.6688279509544373 -0.15592040121555328 -0.7268823981285095
vn -0.26159965991973877 -0.08534443378448486 -0.9613958597183228
vn -0.5116183161735535 -0.1430155485868454 -0.8472268581390381
vn -0.36821675300598145 -0.13473765552043915 -0.9199251532554626
vn -0.15079063177108765 -0.08169332146644592 -0.9851844310760498
vn -0.2583286464214325 -0.13701489567756653 -0.9562914371490479
vn -0.25341808795928955 -0.2154848426580429 -0.9430512189865112
vn -0.15169380605220795 -0.14299093186855316 -0.9780299663543701
vn -0.00604762090370059 -0.0764651969075203 -0.9970539212226868
vn -0.36800530552864075 -0.21114341914653778 -0.9055333137512207
vn -0.14599215984344482 -0.22483040392398834 -0.9633989930152893
vn -0.5113453269004822 -0.21526941657066345 -0.8319766521453857
vn -0.013888547196984291 -0.14257901906967163 -0.9896860122680664
vn -0.2576695680618286 -0.3259057104587555 -0.9096108675003052
vn -0.3749416172504425 -0.31993094086647034 -0.8700936436653137
vn -0.6725786924362183 -0.22751028835773468 -0.7041853666305542
vn -0.5121042132377625 -0.30437949299812317 -0.8031826615333557
vn -0.3878706991672516 -0.43731972575187683 -0.8113617300987244
vn -0.5110129117965698 -0.40547698736190796 -0.7579275965690613
vn -0.665751576423645 -0.30082544684410095 -0.6828462481498718
vn -0.6431055665016174 -0.38169291615486145 -0.6638718247413635
vn -0.8064041137695312 -0.24671192467212677 -0.5374436974525452
vn -0.7811044454574585 -0.33136487007141113 -0.5292195081710815
vn -0.6078415513038635 -0.4601018726825714 -0.6471746563911438
vn -0.8156778216362 -0.17095303535461426 -0.5526706576347351
vn -0.7317813038825989 -0.4255487620830536 -0.5323574542999268
vn -0.521547257900238 -0.5098643898963928 -0.6841248273849487
vn -0.6567105054855347 -0.5189108848571777 -0.547231912612915
vn -0.8557428121566772 -0.33830350637435913 -0.391478031873703
vn -0.7920397520065308 -0.4499918222427368 -0.41252923011779785
vn -0.5489599108695984 -0.6020644903182983 -0.5797942876815796
vn -0.894278347492218 -0.2470407783985138 -0.37314489483833313
vn -0.40526384115219116 -0.5527271628379822 -0.7281853556632996
vn -0.9183340072631836 -0.17204397916793823 -0.3564598262310028
vn -0.2735079228878021 -0.44800543785095215 -0.8511666059494019
vn -0.9324674606323242 -0.11370362341403961 -0.3428936004638672
vn -0.14612649381160736 -0.3294333219528198 -0.932802677154541
vn -0.8158799409866333 -0.10403507947921753 -0.5687853097915649
vn -0.9359094500541687 -0.04675590619444847 -0.3491237461566925
vn -0.9335789084434509 0.01414394099265337 -0.3580927550792694
vn -0.9775725603103638 -0.046699680387973785 -0.2053559273481369
vn -0.9650807976722717 -0.13953633606433868 -0.22169512510299683
vn -0.978295624256134 0.0009191869758069515 -0.20721213519573212
vn -0.9759052395820618 -0.1316002905368805 -0.1740412563085556
vn -0.9201881289482117 0.08015228807926178 -0.3831833302974701
vn -0.9685897827148438 0.05877663195133209 -0.2416180521249771
vn -0.9495379328727722 0.13984552025794983 -0.2807508409023285
vn -0.8932538628578186 0.17488129436969757 -0.4141426384449005
vn -0.9119877219200134 0.3164013922214508 -0.26109129190444946
vn -0.8647121787071228 0.2782405614852905 -0.41815677285194397
vn -0.9334411025047302 0.2927294075489044 -0.20735755562782288
vn -0.8374825119972229 0.3492073118686676 -0.4203299582004547
vn -0.918146014213562 0.3319476842880249 -0.2163761854171753
vn -0.980564296245575 0.17050236463546753 -0.09707000851631165
vn -0.9810785055160522 0.17466053366661072 -0.08353821933269501
vn -0.9995928406715393 0.025059103965759277 -0.01364590972661972
vn -0.9990752935409546 -0.03953270986676216 0.016905654221773148
vn -0.9713846445083618 -0.13678139448165894 -0.19417214393615723
vn -0.994564950466156 -0.07358334958553314 -0.07366154342889786
vn -0.9959886074066162 -0.03307498246431351 -0.08314311504364014
vn -0.9462509155273438 -0.2313605546951294 -0.2260122448205948
vn -0.993632435798645 -0.08110183477401733 -0.07821245491504669
vn -0.999549925327301 0.02863265573978424 -0.008956579491496086
vn -0.9983559250831604 0.055814921855926514 -0.013047551736235619
vn -0.9988393187522888 -0.04091451317071915 -0.02541782148182392
vn -0.9703751802444458 -0.20990177989006042 -0.11963821947574615
vn -0.9800958037376404 -0.1930953860282898 -0.04611362889409065
vn -0.9077802300453186 -0.33057859539985657 -0.25817206501960754
vn -0.9354736804962158 -0.3219701647758484 -0.1456858217716217
vn -0.9449909925460815 -0.32302889227867126 -0.05142411217093468
vn -0.8380168080329895 -0.46418216824531555 -0.28681498765945435
vn -0.8661155700683594 -0.4725809097290039 -0.16282255947589874
vn -0.8764176964759827 -0.4794268310070038 -0.045187730342149734
vn -0.6983065009117126 -0.5699575543403625 -0.43303176760673523
vn -0.730532705783844 -0.610405683517456 -0.30614855885505676
vn -0.7522157430648804 -0.635335385799408 -0.17470118403434753
vn -0.7617347240447998 -0.6464203000068665 -0.0436021126806736
vn -0.5983476042747498 -0.7817491292953491 -0.17563721537590027
vn -0.5990091562271118 -0.7997216582298279 -0.04041627421975136
vn -0.5908645391464233 -0.7442377805709839 -0.3114311099052429
vn -0.4270358681678772 -0.8895092606544495 -0.16252312064170837
vn -0.41730809211730957 -0.908289909362793 -0.029382983222603798
vn -0.575480043888092 -0.6828441023826599 -0.450051873922348
vn -0.4343833029270172 -0.8481865525245667 -0.303134948015213
vn -0.28011199831962585 -0.9487602114677429 -0.1462579071521759
vn -0.26745152473449707 -0.9634761810302734 -0.013539319857954979
vn -0.12907449901103973 -0.9916347861289978 -0.0005667514051310718
vn -0.42454513907432556 -0.6700169444084167 -0.6089653372764587
vn -0.1405014991760254 -0.9810041189193726 -0.1337546706199646
vn 0.00870826467871666 -0.999950647354126 0.004791308660060167
vn -0.28998467326164246 -0.5771887898445129 -0.7633885741233826
vn -0.4355233609676361 -0.775350034236908 -0.45733118057250977
vn -0.2903527319431305 -0.9114664793014526 -0.29141750931739807
vn -0.3001272976398468 -0.7176618576049805 -0.6283988356590271
vn -0.2991684377193451 -0.8376365303993225 -0.4570156931877136
vn -0.1541985273361206 -0.9470152854919434 -0.2817533314228058
vn -0.16586017608642578 -0.8750902414321899 -0.45465099811553955
vn 0.004065368324518204 -0.99251389503479 -0.12206413596868515
vn -0.004566064570099115 -0.9619524478912354 -0.27317896485328674
vn -0.17072352766990662 -0.7490243911743164 -0.6401686668395996
vn -0.013440835289657116 -0.8922149538993835 -0.4514109790325165
vn 0.1339559108018875 -0.9533613324165344 -0.2704775035381317
vn 0.12903498113155365 -0.9844785332679749 -0.1189621314406395
vn 0.11999204009771347 -0.9927714467048645 0.0026098021771758795
vn 0.13856011629104614 -0.8847976326942444 -0.4448980391025543
vn 0.24798820912837982 -0.9595655798912048 -0.133175790309906
vn 0.2247922718524933 -0.9743958711624146 -0.0046102190390229225
vn 0.26626279950141907 -0.9210960268974304 -0.2840532064437866
vn 0.27990132570266724 -0.9474543333053589 -0.15487265586853027
vn 0.2517906725406647 -0.9677405953407288 -0.008923080749809742
vn 0.3764698803424835 -0.8683294653892517 -0.322915643453598
vn 0.28145161271095276 -0.851780891418457 -0.44187596440315247
vn 0.014272822998464108 -0.9732575416564941 -0.22927294671535492
vn -0.01703408546745777 -0.9996945858001709 0.017904357984662056
vn 0.10679998248815536 -0.8710458874702454 -0.47945064306259155
vn -0.2882145345211029 -0.924713134765625 -0.24867253005504608
vn -0.29988721013069153 -0.951143205165863 0.07344571501016617
vn -0.19965410232543945 -0.7990249395370483 -0.5671837329864502
vn -0.2611691653728485 -0.9450658559799194 -0.19657373428344727
vn -0.2804393768310547 -0.9540107846260071 0.10591136664152145
vn -0.20040170848369598 -0.9739586710929871 0.10603657364845276
vn -0.18019206821918488 -0.9696487784385681 -0.1652638465166092
vn -0.10277936607599258 -0.9921890497207642 0.07069112360477448
vn -0.17592725157737732 -0.848136842250824 -0.4997135400772095
vn -0.08135426789522171 -0.98223477602005 -0.1691044718027115
vn 0.006724013015627861 -0.9998451471328735 0.01626366749405861
vn -0.10228890925645828 -0.8891220092773438 -0.44609305262565613
vn 0.020754650235176086 -0.5935015678405762 -0.8045651912689209
vn 0.02774272859096527 -0.9794816970825195 -0.1996147483587265
vn 0.12954728305339813 -0.990765392780304 -0.04001711681485176
vn -0.01003057137131691 -0.9024181365966797 -0.43074461817741394
vn 0.15866927802562714 -0.9560391902923584 -0.246603325009346
vn 0.272482693195343 -0.9578746557235718 -0.09071606397628784
vn 0.10331021249294281 -0.8859578371047974 -0.45211261510849
vn 0.07658328860998154 -0.6480898261070251 -0.7577035427093506
vn 0.3082336187362671 -0.9021438360214233 -0.30187517404556274
vn 0.47928205132484436 -0.8673667907714844 -0.13402821123600006
vn 0.24788141250610352 -0.8263812065124512 -0.5056173205375671
vn 0.5172756314277649 -0.7955030798912048 -0.3155960142612457
vn 0.997846782207489 -0.026148440316319466 -0.0601503886282444
vn 0.3880554735660553 -0.7240482568740845 -0.5702342987060547
vn 0.5753546357154846 -0.6043820977210999 -0.5510802865028381
vn 0.26732268929481506 -0.5881399512290955 -0.7633020877838135
vn 0.3876502811908722 -0.46737614274024963 -0.7945355772972107
vn 0.47310566902160645 -0.3376214802265167 -0.8137461543083191
vn 0.6255494952201843 -0.2576904594898224 -0.7363989353179932
vn 0.4779641330242157 0.007445685565471649 -0.8783478140830994
vn 0.6204496622085571 0.11186859756708145 -0.7762265205383301
vn 0.4986065924167633 0.09144275635480881 -0.8619917035102844
vn 0.5952538847923279 0.3859643042087555 -0.7047725319862366
vn 0.574123740196228 0.5949671864509583 -0.5624908804893494
vn 0.5609611868858337 0.7632827162742615 -0.3205028772354126
vn 0.49230456352233887 0.4134916663169861 -0.7659379243850708
vn 0.48195701837539673 0.6560855507850647 -0.5807488560676575
vn 0.47374826669692993 0.837989866733551 -0.27080532908439636
vn 0.5159587264060974 0.3668203055858612 -0.7740991115570068
vn 0.5381155610084534 0.6258041262626648 -0.564624547958374
vn 0.553094744682312 0.805517315864563 -0.21266904473304749
vn 0.6572004556655884 0.7362750172615051 -0.16120417416095734
vn 0.6207011342048645 0.5608721375465393 -0.5478618741035461
vn 0.7571434378623962 0.6427738666534424 -0.11651474982500076
vn 0.5506681799888611 0.2858903110027313 -0.7842393517494202
vn 0.43818339705467224 -0.10647834092378616 -0.8925568461418152
vn 0.5748634338378906 0.21220256388187408 -0.7902544736862183
vn 0.7011545896530151 0.4859590530395508 -0.5217528343200684
vn 0.8329158425331116 0.5459454655647278 -0.0905253067612648
vn 0.38496100902557373 -0.18520669639110565 -0.9041590690612793
vn 0.7607946395874023 0.4229603111743927 -0.49223592877388
vn 0.8798887729644775 0.46833324432373047 -0.08037310838699341
vn 0.5914928317070007 0.17302364110946655 -0.7875271439552307
vn 0.34342455863952637 -0.21391929686069489 -0.9144933819770813
vn 0.15682433545589447 -0.6439304947853088 -0.7488389015197754
vn 0.30812206864356995 -0.19052019715309143 -0.9320744872093201
vn 0.5815935134887695 0.1565995216369629 -0.7982640862464905
vn 0.786529004573822 0.3759891390800476 -0.4899023473262787
vn 0.3204701244831085 -0.1978980451822281 -0.9263559579849243
vn 0.8545549511909485 0.21121443808078766 -0.47447270154953003
vn 0.9652237892150879 0.24973253905773163 -0.07730879634618759
vn 0.6175249814987183 0.06793994456529617 -0.783611536026001
vn 0.9121308326721191 -0.2539502680301666 -0.3217555582523346
vn 0.9663321375846863 -0.24881069362163544 -0.0655403733253479
vn 0.7614325881004333 -0.32979509234428406 -0.558082103729248
vn 0.8586735725402832 -0.4781076908111572 -0.18464209139347076
vn 0.8876780271530151 -0.4572583734989166 -0.054246146231889725
vn 0.7759937644004822 -0.537260115146637 -0.33043208718299866
vn 0.8984512686729431 -0.4056358337402344 -0.168062224984169
vn 0.9227384924888611 -0.38254424929618835 -0.047049324959516525
vn 0.9582903981208801 -0.28272533416748047 -0.041784875094890594
vn 0.5450482368469238 -0.4902988076210022 -0.6800952553749084
vn 0.9462426900863647 -0.29301124811172485 -0.1370004266500473
vn 0.8539043068885803 -0.4293866455554962 -0.29406559467315674
vn 0.9735020399093628 -0.20120054483413696 -0.10868413001298904
vn 0.9818878173828125 -0.18588702380657196 -0.036637648940086365
vn 0.9135771989822388 -0.3133524954319 -0.25920453667640686
vn 0.9945021867752075 -0.07435604929924011 -0.07373315840959549
vn 0.9991626143455505 -0.033630359917879105 -0.02330520562827587
vn 0.9974572062492371 0.07007233053445816 -0.013004415668547153
vn 0.9991739392280579 0.04045049101114273 -0.0039006678853183985
vn 0.9962711930274963 -0.023545285686850548 -0.0830022320151329
vn 0.9482592344284058 -0.2253972589969635 -0.22360804677009583
vn 0.9725775122642517 -0.1319255828857422 -0.19154298305511475
vn 0.9955757856369019 -0.0662413015961647 -0.06664115935564041
vn 0.9770680665969849 -0.1293809860944748 -0.16911102831363678
vn 0.8602716326713562 -0.32628265023231506 -0.3917555510997772
vn 0.9188727140426636 -0.16917039453983307 -0.35644668340682983
vn 0.8967466950416565 -0.24025554955005646 -0.37164852023124695
vn 0.9326216578483582 -0.11341574043035507 -0.34256935119628906
vn 0.9664620757102966 -0.1351420283317566 -0.21837523579597473
vn 0.9782755970954895 -0.04621998965740204 -0.202090784907341
vn 0.8151466846466064 -0.1683744341135025 -0.5542436242103577
vn 0.8067380785942078 -0.23776884377002716 -0.5409618020057678
vn 0.8151984810829163 -0.10409504920244217 -0.5697505474090576
vn 0.9364052414894104 -0.04712945595383644 -0.34774133563041687
vn 0.6721696853637695 -0.1499658077955246 -0.7250504493713379
vn 0.9348812699317932 0.01298586931079626 -0.3547229468822479
vn 0.8123047351837158 -0.04168055206537247 -0.5817420482635498
vn 0.8066254258155823 0.028947772458195686 -0.5903537273406982
vn 0.794130265712738 0.1039959192276001 -0.5987838506698608
vn 0.771980881690979 0.18900878727436066 -0.6068947315216064
vn 0.6605075597763062 0.11222327500581741 -0.7423851490020752
vn 0.6662196516990662 0.03485274687409401 -0.7449406981468201
vn 0.6686990261077881 -0.09002841264009476 -0.7380626797676086
vn 0.6672635078430176 -0.033780064433813095 -0.7440553307533264
vn 0.5127549767494202 -0.032578110694885254 -0.8579166531562805
vn 0.5143386721611023 0.034300416707992554 -0.8569009304046631
vn 0.5152051448822021 -0.07983220368623734 -0.8533408045768738
vn 0.3727189302444458 -0.03196922317147255 -0.9273934364318848
vn 0.5148929953575134 0.11427900940179825 -0.8496032357215881
vn 0.372965931892395 0.03376849368214607 -0.9272303581237793
vn 0.6486065983772278 0.19412806630134583 -0.7359509468078613
vn 0.5133665204048157 0.1975191831588745 -0.8351293802261353
vn 0.6323937773704529 0.27752649784088135 -0.7232269644737244
vn 0.37483373284339905 0.11203575879335403 -0.9202976226806641
vn 0.7422526478767395 0.28650963306427 -0.6057831645011902
vn 0.8385000228881836 0.3501631021499634 -0.4174967110157013
vn 0.5093209147453308 0.2817361056804657 -0.8131524920463562
vn 0.2564734220504761 0.03741634264588356 -0.9658268094062805
vn 0.2591208219528198 -0.029855625703930855 -0.9653834104537964
vn 0.1388472318649292 -0.024879172444343567 -0.9900012612342834
vn 0.3756461441516876 -0.07134205102920532 -0.9240131378173828
vn 0.25878793001174927 -0.06878271698951721 -0.963482141494751
vn 0.13960161805152893 -0.07181820273399353 -0.9875999093055725
vn 0.5242180824279785 -0.13243700563907623 -0.8412228226661682
vn 0.1287565529346466 -0.13172093033790588 -0.9828893542289734
vn 0.2557147741317749 -0.11995897442102432 -0.9592809081077576
vn 0.38424476981163025 -0.11999070644378662 -0.9154005646705627
vn 0.25359728932380676 -0.21448351442813873 -0.9432312846183777
vn 0.39341995120048523 -0.2079339474439621 -0.8955357670783997
vn 0.5324729681015015 -0.20920704305171967 -0.8201858997344971
vn 0.6728519797325134 -0.219196617603302 -0.7065571546554565
vn 0.5325525403022766 -0.3026774227619171 -0.7904265522956848
vn 0.7831507921218872 -0.32005074620246887 -0.5331439971923828
vn 0.6662756204605103 -0.297362357378006 -0.6838512420654297
vn 0.6506810188293457 -0.3856146037578583 -0.6541525721549988
vn 0.39920392632484436 -0.31463295221328735 -0.8611866235733032
vn 0.530174732208252 -0.4057864248752594 -0.7444811463356018
vn 0.7434214353561401 -0.40885770320892334 -0.5293014049530029
vn 0.6264629364013672 -0.47016432881355286 -0.6216830611228943
vn 0.8058146834373474 -0.426565557718277 -0.4107365906238556
vn 0.677968442440033 -0.5028483271598816 -0.5361924767494202
vn 0.7386704087257385 -0.5258257389068604 -0.42175033688545227
vn 0.6450682878494263 -0.6503514051437378 -0.40116068720817566
vn 0.6481196284294128 -0.6152987480163574 -0.4487186372280121
vn 0.5465425848960876 -0.6080494523048401 -0.5758185982704163
vn 0.32044026255607605 -0.6874604821205139 -0.6517025828361511
vn 0.5129317045211792 -0.7571250200271606 -0.4045526087284088
vn 0.5289028882980347 -0.7151431441307068 -0.4569814205169678
vn 0.41188284754753113 -0.7940933704376221 -0.44695448875427246
vn 0.015809684991836548 -0.5352016091346741 -0.8445764183998108
vn 0.4232676327228546 -0.6771354079246521 -0.601940393447876
vn 0.2861618995666504 -0.7293176651000977 -0.6214556097984314
vn 0.5342133045196533 -0.5104660987854004 -0.6738252639770508
vn 0.4145243167877197 -0.5465309619903564 -0.7276493310928345
vn 0.4055381715297699 -0.42810240387916565 -0.8076305389404297
vn 0.2788153886795044 -0.5748037695884705 -0.7693261504173279
vn 0.25745725631713867 -0.32505667209625244 -0.9099746942520142
vn 0.26792290806770325 -0.4445270597934723 -0.8547590374946594
vn 0.11682683229446411 -0.22470934689044952 -0.967397153377533
vn 0.11624658107757568 -0.33126261830329895 -0.9363502860069275
vn -0.019282501190900803 -0.22961193323135376 -0.9730912446975708
vn 0.1245066449046135 -0.4532981216907501 -0.8826205134391785
vn -0.02038651518523693 -0.33181998133659363 -0.9431224465370178
vn -0.15657949447631836 -0.4520992040634155 -0.8781168460845947
vn -0.021001819521188736 -0.45442381501197815 -0.8905379772186279
vn -0.1669309139251709 -0.5932164192199707 -0.7875458002090454
vn 0.13101615011692047 -0.5936979651451111 -0.7939505577087402
vn -0.02290482074022293 -0.5999009609222412 -0.7997463941574097
vn -0.021379010751843452 -0.764133870601654 -0.6447033882141113
vn 0.1352187544107437 -0.7590383887290955 -0.6368489861488342
vn 0.5857855081558228 -0.11605686694383621 -0.8021135926246643
vn 0.46955057978630066 0.2682930529117584 -0.8411546349525452
vn 0.8009601831436157 0.16024750471115112 -0.5768740177154541
vn 0.6353006362915039 0.46793049573898315 -0.6143567562103271
vn 0.8520309925079346 0.4246917963027954 -0.3060721457004547
vn 0.7394204139709473 0.5600190758705139 -0.37367910146713257
vn 0.786828875541687 0.45307624340057373 -0.41907310485839844
vn 0.7079089879989624 0.4074358642101288 -0.5769409537315369
vn 0.6119174957275391 0.7003697156906128 -0.36747682094573975
vn 0.6056689620018005 0.677783191204071 -0.4168633818626404
vn 0.7059077620506287 0.568252444267273 -0.42282798886299133
vn 0.5773643255233765 0.6170157194137573 -0.5347354412078857
vn 0.6537232995033264 0.5267999768257141 -0.5432565212249756
vn 0.4949665367603302 0.6845045685768127 -0.5352210402488708
vn 0.5472565293312073 0.5572828054428101 -0.6244567632675171
vn 0.5790107250213623 0.47053220868110657 -0.6658423542976379
vn 0.3922882378101349 0.7486202716827393 -0.5344882011413574
vn 0.4812740385532379 0.593410074710846 -0.6451664566993713
vn 0.49137967824935913 0.4801504611968994 -0.7266371846199036
vn 0.6099528670310974 0.36949416995048523 -0.7010217905044556
vn 0.5018523931503296 0.3760488033294678 -0.7789297103881836
vn 0.39975398778915405 0.38994425535202026 -0.8295421600341797
vn 0.4044201374053955 0.5081797242164612 -0.7603932023048401
vn 0.28549107909202576 0.544045627117157 -0.7889925241470337
vn 0.3928399085998535 0.6367985606193542 -0.6634488701820374
vn 0.2580888569355011 0.8058132529258728 -0.5329683423042297
vn 0.2678779363632202 0.685097873210907 -0.6774085760116577
vn 0.1331503689289093 0.7186289429664612 -0.6825273036956787
vn -0.42818349599838257 -0.16223762929439545 0.8890094757080078
vn -0.4025816023349762 -0.16044671833515167 0.9012130498886108
vn -0.004884618334472179 -0.11024289578199387 0.9938926696777344
vn -0.9198943972587585 -0.14649786055088043 0.3637755513191223
vn -0.004829887766391039 -0.1103995218873024 0.9938755631446838
vn -0.9173611402511597 -0.14720718562602997 0.3698359727859497
vn 0.31190207600593567 -0.14502498507499695 0.938980758190155
vn -0.9943215250968933 -0.10641752183437347 0.0
vn 0.38322558999061584 -0.15338397026062012 0.9108301401138306
vn -0.9943215250968933 -0.10641752928495407 0.0
vn 0.8827154636383057 -0.13178233802318573 0.4510507583618164
vn -0.9159830808639526 -0.14759384095668793 -0.3730832040309906
vn 0.8887091279029846 -0.1297362744808197 0.4397324323654175
vn -0.9184032678604126 -0.14692547917366028 -0.36735329031944275
vn 0.9978280663490295 -0.06587294489145279 -4.370521722307785e-09
vn -0.42613813281059265 -0.16215912997722626 -0.8900060653686523
vn 0.9978280663490295 -0.06587294489145279 -5.24258947365297e-09
vn -0.4004858136177063 -0.16033421456813812 -0.9021663069725037
vn 0.8887091279029846 -0.1297362744808197 -0.4397324323654175
vn -0.006307779345661402 -0.11028613150119781 -0.9938799142837524
vn 0.8827154636383057 -0.13178233802318573 -0.4510507583618164
vn -0.006275852210819721 -0.11044160276651382 -0.9938628077507019
vn 0.38322558999061584 -0.15338397026062012 -0.9108301401138306
vn 0.31190207600593567 -0.14502498507499695 -0.938980758190155
vn 0.9943215250968933 -0.10641752183437347 0.0
vn 0.9943215250968933 -0.10641752928495407 0.0
vn 0.9173611402511597 -0.14720717072486877 0.3698359429836273
vn 0.9159830808639526 -0.14759384095668793 -0.3730832040309906
vn 0.9198944568634033 -0.14649787545204163 0.3637755215167999
vn 0.9184032678604126 -0.14692547917366028 -0.36735329031944275
vn 0.42818349599838257 -0.16223762929439545 0.8890094757080078
vn 0.42613813281059265 -0.16215912997722626 -0.8900060653686523
vn 0.4025816023349762 -0.16044671833515167 0.9012130498886108
vn 0.4004858136177063 -0.16033421456813812 -0.9021663069725037
vn 0.004884618334472179 -0.11024289578199387 0.9938926696777344
vn 0.006307779345661402 -0.11028614640235901 -0.9938799142837524
vn 0.004829887766391039 -0.11039954423904419 0.9938755631446838
vn 0.006275853142142296 -0.11044162511825562 -0.9938628673553467
vn -0.31190207600593567 -0.14502498507499695 0.938980758190155
vn -0.31190207600593567 -0.14502498507499695 -0.938980758190155
vn -0.38322558999061584 -0.15338395535945892 0.9108301401138306
vn -0.38322558999061584 -0.15338397026062012 -0.9108301401138306
vn -0.8827155232429504 -0.13178233802318573 0.4510507583618164
vn -0.8827154636383057 -0.13178233802318573 -0.4510507583618164
vn -0.8887091279029846 -0.1297362744808197 0.4397324323654175
vn -0.8887091279029846 -0.1297362744808197 -0.4397324323654175
vn -0.9978280663490295 -0.06587293744087219 -1.3111566055101775e-08
vn -0.9978280663490295 -0.06587294489145279 -1.572776930913733e-08
vn -0.0 -1.0 0.0
vn -0.0 -1.0 0.0
vn -0.0 -0.7071070671081543 0.7071065902709961
vn -0.0 -0.7071070671081543 -0.7071065902709961
vn -0.0 -0.7071070671081543 0.7071065902709961
vn -0.0 0.000640552956610918 0.9999998211860657
vn -0.0 -0.7071070671081543 -0.7071065902709961
vn -0.0 -1.0 0.0
vn -0.0 -0.7071070671081543 0.7071065902709961
vn -0.0 -0.7071070671081543 -0.7071065902709961
vn -0.0 0.000640552956610918 -0.9999998211860657
vn -0.0 0.000640552956610918 0.9999998211860657
vn -0.0 0.000640552956610918 0.9999998211860657
vn -0.0 0.7075598239898682 0.7066534161567688
vn -0.0 0.7075598239898682 0.7066535353660583
vn -0.0 0.7075598239898682 0.7066534161567688
vn -0.0 1.0 0.0
vn -0.0 1.0 0.0
vn -0.0 1.0 0.0
vn -0.0 0.7075598239898682 -0.7066534161567688
vn -0.0 0.7075598239898682 -0.7066535353660583
vn -0.0 0.7075598239898682 -0.7066534161567688
vn -0.0 0.000640552956610918 -0.9999998211860657
vn -0.0 0.000640552956610918 -0.9999998211860657
vn -0.0 -0.7071070671081543 0.7071065902709961
vn -0.0 -1.0 0.0
vn -0.0 -1.0 0.0
vn -0.0 -0.7071070671081543 -0.7071065902709961
vn -0.0 -0.7071070671081543 0.7071065902709961
vn -0.0 0.000640552956610918 0.9999998211860657
vn -0.0 -0.7071070671081543 -0.7071065902709961
vn -0.0 0.000640552956610918 0.9999998211860657
vn -0.0 0.7075598239898682 0.7066534161567688
vn -0.0 -1.0 0.0
vn -0.0 -0.7071070671081543 0.7071065902709961
vn -0.0 -0.7071070671081543 -0.7071065902709961
vn -0.0 0.000640552956610918 0.9999998211860657
vn -0.0 0.000640552956610918 -0.9999998211860657
vn -0.0 0.7075598239898682 0.7066535353660583
vn -0.0 0.7075598239898682 0.7066534161567688
vn -0.0 1.0 0.0
vn -0.0 1.0 0.0
vn -0.0 1.0 0.0
vn -0.0 0.7075598239898682 -0.7066534161567688
vn -0.0 0.7075598239898682 -0.7066535353660583
vn -0.0 0.7075598239898682 -0.7066534161567688
vn -0.0 0.000640552956610918 -0.9999998211860657
vn -0.0 0.000640552956610918 -0.9999998211860657
vn 0.27408963441848755 0.9485483765602112 -0.15852738916873932
vn 0.3166380822658539 0.9485464692115784 0.0
vn 0.7771538496017456 0.6293107271194458 -2.634092055586734e-09
vn 0.27408963441848755 0.9485483765602112 0.15852738916873932
vn 0.672919750213623 0.629633367061615 -0.38825368881225586
vn 0.15848280489444733 0.9485426545143127 -0.2741349935531616
vn 0.6729198098182678 0.6296333074569702 0.38825374841690063
vn 0.15848280489444733 0.9485427737236023 0.2741348445415497
vn 0.9999851584434509 0.00545323034748435 0.0
vn 0.38814687728881836 0.6296331882476807 -0.6729814410209656
vn -0.00012299191439524293 0.9485463500022888 -0.31663838028907776
vn 0.8660333752632141 0.005509399343281984 -0.4999558925628662
vn -0.00024655627203173935 0.6293106079101562 -0.7771539092063904
vn -0.15857210755348206 0.9485539793968201 -0.27404430508613586
vn 0.49983030557632446 0.00550930155441165 -0.866105854511261
vn -0.3883607089519501 0.6296331882476807 -0.6728581786155701
vn -0.27408963441848755 0.9485483765602112 -0.15852737426757812
vn -0.0002903116401284933 0.005453072022646666 -0.9999850988388062
vn -0.6729198098182678 0.6296332478523254 -0.38825371861457825
vn -0.3166380822658539 0.9485464692115784 0.0
vn -0.5000815391540527 0.0055093951523303986 -0.8659608364105225
vn 0.3766181766986847 -0.6569071412086487 -0.6531705856323242
vn -0.7771538496017456 0.6293107271194458 7.902274390403363e-09
vn -0.0002410776651231572 -0.6567348837852478 -0.7541215419769287
vn -0.8660333752632141 0.005509536247700453 -0.4999558925628662
vn -0.37682390213012695 -0.6569145917892456 -0.6530443429946899
vn -0.00010527847189223394 -0.9645729660987854 -0.2638162672519684
vn -0.13224922120571136 -0.9644519686698914 -0.22878503799438477
vn 0.1321730762720108 -0.9644438028335571 -0.22886352241039276
vn -0.22882425785064697 -0.9644478559494019 -0.1322111338376999
vn 0.6531074643135071 -0.6569108366966248 -0.376721054315567
vn 0.22882425785064697 -0.9644478559494019 -0.1322111338376999
vn -0.6531075835227966 -0.6569108366966248 -0.376721054315567
vn -0.26381614804267883 -0.9645729660987854 0.0
vn 0.754121720790863 -0.6567347645759583 -5.386007195795628e-09
vn 0.2638162076473236 -0.9645729660987854 0.0
vn 0.22882424294948578 -0.9644478559494019 0.1322111338376999
vn 0.8660333752632141 0.00550941051915288 0.4999558925628662
vn 0.6531074643135071 -0.6569108366966248 0.376721054315567
vn 0.132173091173172 -0.9644438028335571 0.2288634032011032
vn 0.3881469666957855 0.629633367061615 0.672981321811676
vn -0.00012299690570216626 0.9485464692115784 0.3166380226612091
vn 0.49983057379722595 0.005509448237717152 0.8661056756973267
vn 0.376618355512619 -0.6569071412086487 0.6531705260276794
vn -0.00010528338316362351 -0.9645730257034302 0.26381608843803406
vn -0.00024654579465277493 0.6293107867240906 0.777153730392456
vn -0.15857207775115967 0.9485540390014648 0.27404409646987915
vn -0.00029030596488155425 0.005453333258628845 0.9999850988388062
vn -0.00024108316574711353 -0.6567347049713135 0.754121720790863
vn -0.13224926590919495 -0.9644520282745361 0.2287849634885788
vn -0.38836076855659485 0.6296332478523254 0.6728579998016357
vn -0.27408963441848755 0.9485483765602112 0.15852737426757812
vn -0.5000817179679871 0.005509542766958475 0.8659606575965881
vn -0.37682414054870605 -0.6569145917892456 0.6530443429946899
vn -0.22882428765296936 -0.9644478559494019 0.1322111338376999
vn -0.6729198098182678 0.6296333074569702 0.38825374841690063
vn -0.8660333752632141 0.005509547423571348 0.4999558925628662
vn -0.6531075835227966 -0.6569108366966248 0.37672102451324463
vn -0.9999851584434509 0.0054534119553864 1.703073593262161e-08
vn -0.754121720790863 -0.6567346453666687 -5.386007639884838e-09
vn -0.23356762528419495 0.8722341656684875 0.4297136962413788
vn -0.0 0.9030566215515137 0.4295215904712677
vn -0.0 0.04937838017940521 0.9987801313400269
vn 0.23356762528419495 0.8722341656684875 0.429713636636734
vn -0.012864375486969948 0.04756847023963928 0.9987851977348328
vn -0.45111075043678284 0.7818955779075623 0.4302771985530853
vn 0.012864384800195694 0.04756839945912361 0.9987851977348328
vn 0.45111072063446045 0.7818955779075623 0.43027716875076294
vn 2.531219900347992e-09 -0.9200053811073303 0.3919057846069336
vn -0.02467990107834339 0.04230653867125511 0.9987998008728027
vn -0.6377264261245728 0.6382750868797302 0.4311726987361908
vn 0.23811471462249756 -0.8886569738388062 0.391905814409256
vn -0.03451642766594887 0.0340777188539505 0.9988229870796204
vn -0.7806679606437683 0.45126664638519287 0.43233785033226013
vn 0.46000242233276367 -0.7967482805252075 0.39190566539764404
vn -0.04166041314601898 0.023614756762981415 0.9988527297973633
vn -0.8702208995819092 0.23372195661067963 0.4336930215358734
vn 0.6505418419837952 -0.6505423188209534 0.39190569519996643
vn -0.04566952958703041 0.011800185777246952 0.9988869428634644
vn -0.9003604650497437 0.0005462222034111619 0.4351446032524109
vn 0.7967479228973389 -0.4600027799606323 0.39190584421157837
vn -0.046397820115089417 -0.00043544635991565883 0.9989230036735535
vn -0.8691404461860657 -0.23233996331691742 0.43659254908561707
vn 0.8886566758155823 -0.23811520636081696 0.3919062316417694
vn -0.04396657645702362 -0.012215247377753258 0.9989583492279053
vn -0.7787965536117554 -0.4490935206413269 0.43793952465057373
vn 0.9200053215026855 -2.556533331699029e-07 0.39190593361854553
vn -0.038710810244083405 -0.022783339023590088 0.9989907145500183
vn -0.6355656981468201 -0.6350212693214417 0.43909475207328796
vn 0.8886570930480957 0.2381141036748886 0.3919059932231903
vn -0.031110620126128197 -0.03154291212558746 0.999018132686615
vn -0.44923967123031616 -0.777561366558075 0.4399796426296234
vn 0.7967483401298523 0.46000173687934875 0.3919062912464142
vn 0.9999827742576599 -3.814828596659936e-05 -0.005872833076864481
vn -0.021730637177824974 -0.03806934878230095 0.999038815498352
vn 0.968528687953949 0.24889610707759857 0.0017196853877976537
vn 0.6505423784255981 0.6505414247512817 0.3919063210487366
vn 0.8718052506446838 0.4895491898059845 0.017240315675735474
vn 0.9886642098426819 0.0013224747963249683 -0.1501379907131195
vn 0.96110600233078 0.24127256870269775 -0.13439784944057465
vn 0.964938223361969 -0.22800223529338837 -0.13003568351268768
vn 0.870974063873291 0.480307012796402 -0.10348650068044662
vn 0.969914972782135 -0.24341191351413727 0.003953196108341217
vn 0.8774462938308716 -0.47116461396217346 -0.08995499461889267
vn 0.8737524151802063 -0.4857678711414337 0.02421489916741848
vn 0.7268598675727844 -0.6850739121437073 -0.04846155643463135
vn 0.7176948189735413 -0.694927990436554 0.04460136964917183
vn 0.5299171209335327 -0.848048985004425 0.0009262902312912047
vn 0.5167399048805237 -0.8533657789230347 0.06889751553535461
vn 0.25404563546180725 -0.966792106628418 0.027818912640213966
vn 0.2565830945968628 -0.9629524946212769 0.08299210667610168
vn -1.4135217440980341e-08 -0.9996357560157776 0.026989296078681946
vn -0.0 -0.9965972304344177 0.08242586255073547
vn -0.25658297538757324 -0.9629524946212769 0.08299220353364944
vn -0.25404536724090576 -0.9667921662330627 0.027819054201245308
vn -0.23811469972133636 -0.8886570334434509 0.3919057846069336
vn -0.5167397260665894 -0.8533657789230347 0.06889783591032028
vn -0.5299167037010193 -0.8480492234230042 0.0009268054855056107
vn -0.46000227332115173 -0.7967482805252075 0.3919057846069336
vn 0.024680044502019882 0.04230653494596481 0.9987998008728027
vn 0.6377266645431519 0.6382750272750854 0.4311724901199341
vn 0.03451711684465408 0.03407775238156319 0.9988229870796204
vn 0.7806681990623474 0.4512666165828705 0.4323374330997467
vn -0.6505416631698608 -0.6505421996116638 0.39190608263015747
vn 0.041660938411951065 0.023614652454853058 0.9988527297973633
vn 0.8702211380004883 0.23372197151184082 0.43369260430336
vn -0.7176948189735413 -0.6949279308319092 0.044601842761039734
vn -0.7268600463867188 -0.6850738525390625 -0.048460952937603
vn -0.7967476844787598 -0.4600028991699219 0.3919062316417694
vn 0.045669954270124435 0.011800171807408333 0.9988868832588196
vn 0.900360643863678 0.0005462176050059497 0.4351441562175751
vn -0.8737524747848511 -0.4857676327228546 0.024215150624513626
vn -0.8774464726448059 -0.471164345741272 -0.08995475620031357
vn -0.8886565566062927 -0.23811526596546173 0.3919064402580261
vn 0.0463983416557312 -0.0004354550037533045 0.9989230036735535
vn 0.869140625 -0.2323400378227234 0.4365922510623932
vn -0.9699149131774902 -0.2434120625257492 0.003953329753130674
vn -0.9649381637573242 -0.22800250351428986 -0.13003551959991455
vn -0.920005202293396 -2.6071577963193704e-07 0.3919062614440918
vn 0.04396698996424675 -0.012215296737849712 0.9989583492279053
vn 0.7787968516349792 -0.44909340143203735 0.4379391074180603
vn -0.9999827742576599 -3.807003304245882e-05 -0.005872754845768213
vn -0.9886642098426819 0.001322493888437748 -0.15013781189918518
vn -0.8886569738388062 0.2381141185760498 0.3919062912464142
vn 0.0387113094329834 -0.022783255204558372 0.9989907145500183
vn 0.6355659365653992 -0.6350212097167969 0.43909457325935364
vn -0.968528687953949 0.24889615178108215 0.001719695283100009
vn -0.96110600233078 0.24127264320850372 -0.134397953748703
vn -0.796748161315918 0.4600018262863159 0.3919066786766052
vn 0.031111206859350204 -0.03154289722442627 0.999018132686615
vn 0.4492396414279938 -0.7775614261627197 0.43997958302497864
vn -0.8718052506446838 0.4895491302013397 0.017240433022379875
vn -0.8709741830825806 0.4803067445755005 -0.1034865602850914
vn -0.6505420804023743 0.650541365146637 0.3919067680835724
vn -0.7098302841186523 0.7038102746009827 0.028146663680672646
vn -0.710303008556366 0.6990929245948792 -0.08208967745304108
vn 0.021730737760663033 -0.03806944563984871 0.999038815498352
vn -0.4600026607513428 0.7967477440834045 0.39190638065338135
vn -0.49976301193237305 0.8656145334243774 0.030797870829701424
vn -0.498526930809021 0.8634738922119141 -0.07670590281486511
vn 0.01116121094673872 -0.04208461195230484 0.9990517497062683
vn 0.23248717188835144 -0.8671093583106995 0.44053515791893005
vn 9.214737417551078e-09 -0.8976423740386963 0.44072461128234863
vn -0.23811505734920502 0.8886566162109375 0.39190641045570374
vn -0.2586963176727295 0.965467631816864 0.030797692015767097
vn -0.2580567002296448 0.9630799293518066 -0.0767059475183487
vn -4.37480318637995e-09 -0.04343882575631142 0.9990561008453369
vn 5.062444685677292e-09 0.9200052618980408 0.39190611243247986
vn -0.0 0.9995256662368774 0.03079763427376747
vn -9.50715417502579e-09 0.9970537424087524 -0.07670586556196213
vn 0.258056640625 0.9630799293518066 -0.07670596241950989
vn 0.2586963176727295 0.965467631816864 0.030797645449638367
vn 0.4985269010066986 0.8634738922119141 -0.0767059177160263
vn 0.23811505734920502 0.888656735420227 0.3919063210487366
vn 0.49976301193237305 0.8656145334243774 0.03079778142273426
vn 0.7103030681610107 0.6990928649902344 -0.08208971470594406
vn -0.011161222122609615 -0.04208461195230484 0.9990517497062683
vn -0.23248714208602905 -0.8671092987060547 0.44053518772125244
vn 0.46000275015830994 0.7967478036880493 0.3919063210487366
vn 0.7098302245140076 0.7038102746009827 0.028146440163254738
vn -0.2278241664171219 0.8502524495124817 0.4745175838470459
vn 4.593684987952429e-09 0.8802461624145508 0.4745173454284668
vn -0.0 0.14697177708148956 0.9891406893730164
vn 0.2278241664171219 0.8502525687217712 0.47451749444007874
vn -0.038038916885852814 0.14196351170539856 0.9891407489776611
vn -0.4401228129863739 0.7623155117034912 0.4745176136493683
vn 0.03803892806172371 0.14196361601352692 0.9891407489776611
vn 0.4401228129863739 0.762315571308136 0.4745175540447235
vn -2.547358546323153e-09 -0.6092859506607056 0.7929506301879883
vn 0.1576947569847107 -0.5885252356529236 0.792950451374054
vn -0.1576947420835495 -0.5885252356529236 0.792950451374054
vn -0.07348533719778061 0.12728063762187958 0.9891408085823059
vn 0.30464333295822144 -0.5276576280593872 0.7929501533508301
vn -0.622427761554718 0.6224281191825867 0.47451767325401306
vn -0.10392403602600098 0.1039242371916771 0.9891408681869507
vn 0.4308309257030487 -0.43083101511001587 0.7929497957229614
vn -0.7623150944709778 0.4401233494281769 0.474517822265625
vn -0.12728016078472137 0.073485367000103 0.9891409277915955
vn 0.5276581048965454 -0.30464398860931396 0.7929496169090271
vn -0.850252091884613 0.22782467305660248 0.47451794147491455
vn -0.14196264743804932 0.03803859278559685 0.9891409277915955
vn 0.5885260105133057 -0.15769536793231964 0.7929497361183167
vn -0.8802458047866821 1.1484204520684216e-07 0.4745180904865265
vn -0.14697089791297913 -1.0503618597113018e-07 0.9891408681869507
vn 0.6092867851257324 -1.6048365125698183e-07 0.7929499745368958
vn -0.850252091884613 -0.22782421112060547 0.47451820969581604
vn -0.1419624239206314 -0.03803901746869087 0.9891409277915955
vn 0.5885262489318848 0.15769457817077637 0.7929497361183167
vn -0.7623153328895569 -0.4401227533817291 0.47451794147491455
vn -0.1272798627614975 -0.07348563522100449 0.9891409277915955
vn 0.5276583433151245 0.30464309453964233 0.7929496765136719
vn -0.6224282383918762 -0.6224274039268494 0.4745178520679474
vn -0.10392427444458008 -0.10392428189516068 0.9891408085823059
vn 0.43083125352859497 0.43083059787750244 0.7929497957229614
vn -0.44012394547462463 -0.7623146772384644 0.4745180010795593
vn -0.0734853744506836 -0.12727975845336914 0.9891409277915955
vn 0.3046441674232483 0.5276578664779663 0.7929496765136719
vn -0.03803868591785431 -0.1419622302055359 0.9891409873962402
vn -0.22782449424266815 -0.8502521514892578 0.4745180010795593
vn 0.15769526362419128 0.58852618932724 0.7929496765136719
vn 4.593686320220058e-09 -0.8802459836006165 0.4745177626609802
vn -0.0 -0.1469709724187851 0.9891408085823059
vn -0.0 0.6092871427536011 0.7929496765136719
vn -0.15769527852535248 0.58852618932724 0.7929496765136719
vn 0.03803868219256401 -0.1419622302055359 0.9891409277915955
vn 0.22782449424266815 -0.8502521514892578 0.4745180010795593
vn -0.3046441376209259 0.5276578664779663 0.7929496169090271
vn 0.44012394547462463 -0.7623146772384644 0.47451794147491455
vn 0.07348542660474777 -0.1272798478603363 0.9891409277915955
vn -0.4308307468891144 0.43083059787750244 0.7929501533508301
vn 0.10392457991838455 -0.10392425209283829 0.9891408085823059
vn 0.6224282383918762 -0.6224275231361389 0.474517822265625
vn -0.5276575088500977 0.3046431541442871 0.7929503321647644
vn 0.12728065252304077 -0.07348554581403732 0.9891408085823059
vn 0.7623154520988464 -0.44012269377708435 0.4745177924633026
vn -0.5885258316993713 0.15769460797309875 0.7929500341415405
vn 0.1419629603624344 -0.03803890943527222 0.9891408681869507
vn 0.8502522706985474 -0.2278241068124771 0.4745178520679474
vn -0.6092867851257324 -1.579362844950083e-07 0.7929499745368958
vn 0.14697112143039703 -1.0141428674614872e-07 0.9891408085823059
vn 0.8802459836006165 1.19435739520668e-07 0.47451767325401306
vn -0.5885255336761475 -0.15769542753696442 0.7929501533508301
vn 0.14196312427520752 0.03803844749927521 0.9891408681869507
vn 0.8502523899078369 0.2278246134519577 0.4745175540447235
vn -0.5276572108268738 -0.30464401841163635 0.7929501533508301
vn 0.12728101015090942 0.07348520308732986 0.9891408085823059
vn 0.7623152732849121 0.44012320041656494 0.47451770305633545
vn -0.4308303892612457 -0.4308309257030487 0.7929500937461853
vn 0.10392438620328903 0.1039242222905159 0.9891408085823059
vn 0.6224277019500732 0.6224281191825867 0.47451767325401306
vn -0.30464327335357666 -0.5276576280593872 0.7929501533508301
vn 0.07348540425300598 0.12728074193000793 0.9891408085823059
vn -0.9338894486427307 -0.35756194591522217 2.3994646269898112e-08
vn -0.45187005400657654 -0.8920838236808777 0.0
vn -0.3200247585773468 -0.8917221426963806 0.3200247585773468
vn -0.3200247585773468 -0.8917221426963806 -0.3200247585773468
vn -0.6603059768676758 -0.3577597439289093 0.6603060364723206
vn -0.0 -0.8920838236808777 0.45187002420425415
vn -0.6603059768676758 -0.3577597439289093 -0.6603059768676758
vn -0.0 -0.8920838236808777 -0.45187002420425415
vn -1.0 0.0 4.107410234155395e-08
vn -0.7071067094802856 0.0 0.7071068286895752
vn -0.7071068286895752 0.0 -0.7071068286895752
vn 4.107410234155395e-08 0.0 1.0
vn -0.0 0.0 -1.0
vn 2.3994646269898112e-08 -0.35756194591522217 0.9338894486427307
vn 0.7071068286895752 0.0 0.7071067690849304
vn 0.3200247585773468 -0.8917220830917358 0.3200247585773468
vn 0.6603060364723206 -0.3577597439289093 0.6603059768676758
vn 1.0 0.0 0.0
vn 0.45187005400657654 -0.8920838236808777 0.0
vn 0.9338895082473755 -0.35756194591522217 -5.998661567474528e-09
vn 0.6603059768676758 -0.3577597439289093 -0.6603059768676758
vn 0.7071068286895752 0.0 -0.7071068286895752
vn 0.3200247883796692 -0.8917220830917358 -0.3200247883796692
vn -5.998661567474528e-09 -0.35756194591522217 -0.9338894486427307
vn 0.11116731911897659 0.004176459740847349 0.9937929511070251
vn 0.12767402827739716 0.003081279806792736 0.9918114542961121
vn 0.10885068029165268 -0.010375479236245155 0.9940040111541748
vn 0.16080304980278015 0.03968473896384239 0.9861884117126465
vn 0.10907837748527527 -0.01032024435698986 0.9939795732498169
vn 0.11826639622449875 -0.13400734961032867 0.9838979244232178
vn 0.1266159564256668 0.04682264104485512 0.9908461570739746
vn 0.20789170265197754 0.2905043959617615 0.9340173006057739
vn 0.7664044499397278 0.01213833224028349 0.6422436833381653
vn 0.1194278672337532 -0.14869052171707153 0.9816456437110901
vn 0.1340402364730835 -0.43824905157089233 0.8888031840324402
vn 0.16852417588233948 0.3067477345466614 0.9367526173591614
vn 0.2079489827156067 0.6756228804588318 0.7073124647140503
vn 0.13015519082546234 -0.4923810064792633 0.8605931401252747
vn 0.12157666683197021 -0.7611258029937744 0.6371080875396729
vn 0.18597151339054108 0.7019586563110352 0.6875090599060059
vn 0.16973182559013367 0.8912902474403381 0.4204673767089844
vn 0.6687300205230713 0.19188246130943298 0.7183183431625366
vn 0.18816494941711426 0.8977235555648804 0.3983546495437622
vn 0.16741448640823364 0.9647195339202881 0.20319600403308868
vn 0.7407130002975464 0.41014498472213745 0.5320952534675598
vn 0.7439426183700562 0.010083021596074104 0.6681674718856812
vn 0.9974020719528198 -0.07086571305990219 -0.012931288219988346
vn 0.997756838798523 -0.06688341498374939 0.0028268289752304554
vn 0.8118845224380493 0.5219699740409851 0.2615167200565338
vn 0.18914835155010223 0.9648478031158447 0.1824599951505661
vn 0.18438154458999634 0.9805967211723328 0.06658574938774109
vn 0.7631999850273132 0.6441894173622131 0.050456639379262924
vn 0.19023942947387695 0.9797879457473755 0.06184344366192818
vn 0.19768136739730835 0.9802658557891846 -0.0010357022983953357
vn 0.7581629157066345 0.6519649624824524 0.011435620486736298
vn 0.19431422650814056 0.9809345006942749 -0.0030845950823277235
vn 0.19241297245025635 0.9773339629173279 -0.08829237520694733
vn 0.7589654326438904 0.6511178612709045 0.004130159039050341
vn 0.19162438809871674 0.9777770638465881 -0.0850415825843811
vn 0.18321318924427032 0.9393674731254578 -0.28986507654190063
vn 0.9976922273635864 -0.06624875217676163 0.014878303743898869
vn 0.7689513564109802 0.6388898491859436 -0.023100851103663445
vn 0.19036780297756195 0.9384203553199768 -0.28831806778907776
vn 0.1868741512298584 0.7834250926971436 -0.5927252769470215
vn 0.7619071006774902 0.6245225667953491 -0.17166568338871002
vn 0.1917644739151001 0.7692473530769348 -0.6094956398010254
vn 0.9953946471214294 -0.09583836048841476 0.0021194207947701216
vn 0.7753608822822571 0.4566340446472168 -0.43623486161231995
vn 0.7441496849060059 0.2118099182844162 -0.6335439085960388
vn 0.1868148297071457 0.47542324662208557 -0.8596935272216797
vn 0.20440246164798737 0.4891122579574585 -0.8479321002960205
vn 0.7085005044937134 0.013873949646949768 -0.7055740356445312
vn 0.1753280758857727 0.1735296994447708 -0.9690962433815002
vn 0.21739257872104645 0.18424153327941895 -0.958538293838501
vn 0.9969938397407532 -0.07733175903558731 -0.0048029241152107716
vn 0.702724814414978 -0.0055537596344947815 -0.7114401459693909
vn 0.17173723876476288 0.04452872648835182 -0.9841359257698059
vn 0.2204904556274414 0.04431724175810814 -0.9743818640708923
vn 0.19733791053295135 0.015584173612296581 -0.9802116751670837
vn 0.16034281253814697 0.015296000987291336 -0.9869429469108582
vn 0.17239074409008026 -0.049577806144952774 -0.9837802052497864
vn 0.14822298288345337 -0.05443530157208443 -0.9874547123908997
vn 0.19319482147693634 -0.3294893503189087 -0.924182116985321
vn 0.7493836879730225 0.05547047778964043 -0.6598084568977356
vn 0.1573674976825714 -0.35033828020095825 -0.9233085513114929
vn 0.19464510679244995 -0.7430011034011841 -0.6403613686561584
vn 0.7767620086669922 0.02582680620253086 -0.6292644143104553
vn 0.9986834526062012 0.03188598155975342 0.04018310084939003
vn 0.9920608997344971 0.11253166943788528 0.056141447275877
vn 0.6856852173805237 -0.2251347452402115 -0.6922066807746887
vn 0.15734551846981049 -0.759058952331543 -0.6317214369773865
vn 0.16893179714679718 -0.9494659304618835 -0.264530748128891
vn 0.7169991731643677 -0.509199321269989 -0.4760549068450928
vn 0.15283919870853424 -0.9565487504005432 -0.24830362200737
vn 0.1520395427942276 -0.9869986176490784 -0.05213192477822304
vn 0.9910332560539246 0.1326596587896347 0.015955761075019836
vn 0.7542534470558167 -0.6272809505462646 -0.193959578871727
vn 0.14835698902606964 -0.987788736820221 -0.04757821932435036
vn 0.1450584977865219 -0.9894137978553772 -0.004286258947104216
vn 0.1372903287410736 -0.9905307292938232 0.0004832166014239192
vn 0.7995861768722534 -0.5994114279747009 -0.03698503598570824
vn 0.9856612682342529 0.16717469692230225 0.02290256880223751
vn 0.7987530827522278 -0.6015777587890625 0.009883440099656582
vn 0.13003788888454437 -0.9892627596855164 0.06670393794775009
vn 0.11571919918060303 -0.9899272322654724 0.08156656473875046
vn 0.7900761365890503 -0.6121233701705933 0.03293521702289581
vn 0.9880988597869873 0.15190687775611877 -0.024187780916690826
vn 0.9920415878295898 0.12389115989208221 0.022460563108325005
vn 0.7630723714828491 -0.6269267797470093 0.15710970759391785
vn 0.12127511203289032 -0.9528942108154297 0.2780017852783203
vn 0.10854534059762955 -0.9459269046783447 0.3056798577308655
vn 0.7599925398826599 -0.5203463435173035 0.38942408561706543
vn 0.12416137009859085 -0.7950053811073303 0.5937595963478088
vn 0.7423089146614075 -0.30657631158828735 0.5958090424537659
vn 0.7354559302330017 -0.0400998629629612 0.6763849854469299
vn 0.9929073452949524 0.10606347769498825 -0.05371710658073425
vn 0.7713475823402405 0.05572034791111946 0.6339702010154724
vn 0.9997302889823914 -0.00710385013371706 0.022112250328063965
vn 0.9986279010772705 0.0016072490252554417 -0.05234282463788986
vn 0.995006799697876 -0.09789300709962845 0.01945504918694496
vn -0.11982635408639908 -0.00987323559820652 0.9927458167076111
vn -0.1403648406267166 0.002830501878634095 0.990095853805542
vn -0.1131301075220108 0.004178536124527454 0.993571400642395
vn -0.1741735190153122 0.03895256295800209 0.9839442372322083
vn -0.11035317927598953 -0.01027774903923273 0.9938393235206604
vn -0.12589670717716217 -0.1331871598958969 0.983062207698822
vn -0.12992790341377258 0.04665306955575943 0.9904252886772156
vn -0.22092022001743317 0.2889844477176666 0.9314946532249451
vn -0.1203022450208664 -0.14840056002140045 0.981582760810852
vn -0.13650819659233093 -0.43641456961631775 0.8893300294876099
vn -0.7616927027702332 0.012607104144990444 0.6478157639503479
vn -0.7671796083450317 0.05474783480167389 0.6390916109085083
vn -0.12999475002288818 -0.49126648902893066 0.8612541556358337
vn -0.11828304082155228 -0.7610647678375244 0.6378005743026733
vn -0.7327158451080322 -0.04154130816459656 0.6792657375335693
vn -0.12260402739048004 -0.7945373058319092 0.594709038734436
vn -0.10283168405294418 -0.9469273090362549 0.3045559525489807
vn -0.7386510968208313 -0.30882346630096436 0.599185049533844
vn -0.11836443096399307 -0.9532849788665771 0.2779165506362915
vn -0.11396045237779617 -0.990170955657959 0.08108387142419815
vn -0.7594918012619019 -0.5195477604866028 0.3914617598056793
vn -0.12704874575138092 -0.9897292256355286 0.0655340850353241
vn -0.14257726073265076 -0.9897835850715637 0.0004316948470659554
vn -0.7592437863349915 -0.6309776902198792 0.15942394733428955
vn -0.9885575771331787 0.14895790815353394 -0.023780610412359238
vn -0.787716805934906 -0.6151775121688843 0.032540567219257355
vn -0.14279840886592865 -0.9897403717041016 -0.004750687628984451
vn -0.16484133899211884 -0.9850461483001709 -0.0501139834523201
vn -0.7964948415756226 -0.604593813419342 0.007884851656854153
vn -0.9931091070175171 0.10427754372358322 -0.05348335579037666
vn -0.9856529831886292 0.1676948219537735 0.019150177016854286
vn -0.9987468719482422 0.0003640037903096527 -0.05004645511507988
vn -0.9922422766685486 0.12341960519552231 0.014929811470210552
vn -0.9998530745506287 -0.010674579069018364 0.013413306325674057
vn -0.7977298498153687 -0.6016613841056824 -0.04038144648075104
vn -0.9919586777687073 0.11516863107681274 0.052480343729257584
vn -0.14801979064941406 -0.9878439903259277 -0.04748101159930229
vn -0.9906523823738098 0.13567578792572021 0.014140099287033081
vn -0.7525177597999573 -0.6285088658332825 -0.19670717418193817
vn -0.1555791199207306 -0.9559928178787231 -0.2487427294254303
vn -0.1850040704011917 -0.9468119144439697 -0.263288289308548
vn -0.7155412435531616 -0.5072980523109436 -0.48025980591773987
vn -0.16000604629516602 -0.7564052939414978 -0.6342311501502991
vn -0.2086837738752365 -0.7383177876472473 -0.6413562893867493
vn -0.6812176704406738 -0.22238391637802124 -0.6974868178367615
vn -0.16057740151882172 -0.3456130921840668 -0.9245358109474182
vn -0.21089453995227814 -0.3233207166194916 -0.9224897027015686
vn -0.7715299129486084 0.030146868899464607 -0.6354784369468689
vn -0.15045975148677826 -0.05085918679833412 -0.987307071685791
vn -0.1988864690065384 -0.04429393634200096 -0.9790210723876953
vn -0.7426909804344177 0.057405997067689896 -0.6671691536903381
vn -0.16746443510055542 0.01688910834491253 -0.9857334494590759
vn -0.230721578001976 0.017682190984487534 -0.9728591442108154
vn -0.9990039467811584 0.030310096219182014 0.03274892643094063
vn -0.6937745809555054 -0.01110921986401081 -0.7201066017150879
vn -0.18282531201839447 0.04204217717051506 -0.9822461009025574
vn -0.25548824667930603 0.040822822600603104 -0.9659499526023865
vn -0.2475213259458542 0.17738351225852966 -0.9525063037872314
vn -0.18286560475826263 0.16721183061599731 -0.9688138961791992
vn -0.22584135830402374 0.48185527324676514 -0.8466470241546631
vn -0.18951481580734253 0.4683499336242676 -0.8629788756370544
vn -0.20176926255226135 0.7785320281982422 -0.5942870378494263
vn -0.6981616020202637 0.0060020145028829575 -0.7159151434898376
vn -0.9963357448577881 -0.08443330228328705 -0.013645380735397339
vn -0.7356983423233032 0.20716050267219543 -0.6448507308959961
vn -0.9946595430374146 -0.10218210518360138 0.014534370973706245
vn -0.9957088232040405 -0.09249091148376465 -0.0030686119571328163
vn -0.9981914162635803 -0.058702852576971054 0.012954539619386196
vn -0.9974259734153748 -0.07119698077440262 -0.008514681831002235
vn -0.7393158078193665 0.010708258487284184 0.6732737421989441
vn -0.6641425490379333 0.19249215722084045 0.7223997712135315
vn -0.99812912940979 -0.060874566435813904 0.0057008760049939156
vn -0.1732509583234787 0.3060615360736847 0.9361146092414856
vn -0.21939806640148163 0.6745543479919434 0.7048694491386414
vn -0.1887446790933609 0.7006788849830627 0.6880585551261902
vn -0.1802504062652588 0.8895042538642883 0.41987144947052
vn -0.735438883304596 0.4109245538711548 0.5387678146362305
vn -0.1879056692123413 0.8971841335296631 0.3996901512145996
vn -0.17898254096508026 0.9625573754310608 0.20358912646770477
vn -0.8064415454864502 0.5274655818939209 0.26726803183555603
vn -0.18927867710590363 0.9648261070251465 0.18243978917598724
vn -0.19695159792900085 0.9781701564788818 0.06628120690584183
vn -0.7554895281791687 0.6533236503601074 0.04902923107147217
vn -0.7513291239738464 0.6598772406578064 0.008166487328708172
vn -0.19347824156284332 0.979229211807251 0.060633543878793716
vn -0.2094496637582779 0.9778178334236145 -0.0017834444297477603
vn -0.7536330819129944 0.6572930812835693 0.0017211813246831298
vn -0.2000088095664978 0.9797849059104919 -0.004245744552463293
vn -0.2032489776611328 0.9751846194267273 -0.0877777710556984
vn -0.7634730339050293 0.645557165145874 -0.019104480743408203
vn -0.19663840532302856 0.9769092202186584 -0.08355662971735
vn -0.19509060680866241 0.937131404876709 -0.2893517017364502
vn -0.1928812861442566 0.9380490183830261 -0.28785574436187744
vn -0.7562139630317688 0.6316741108894348 -0.17067044973373413
vn -0.7691121101379395 0.45958977937698364 -0.44412150979042053
vn -0.1928592175245285 0.7657192945480347 -0.6135790348052979
vn -0.7793540954589844 0.11861205846071243 0.615254819393158
vn -0.7664399147033691 -0.05451039969921112 0.6399988532066345
vn -0.8209506869316101 -0.05234508588910103 0.5685946941375732
vn -0.741718053817749 -0.24535341560840607 0.6242244243621826
vn -0.8202987313270569 0.12336588650941849 0.5584718585014343
vn -0.7601828575134277 0.30233433842658997 0.575079083442688
vn -0.812971293926239 -0.24946339428424835 0.526161253452301
vn -0.7112064957618713 -0.4184911549091339 0.5648455619812012
vn -0.6549884080886841 -0.031502533704042435 0.754982054233551
vn -0.8038102388381958 0.3066621720790863 0.5097522735595703
vn -0.7130595445632935 0.4693714380264282 0.5208037495613098
vn -0.6382558941841125 0.07626712322235107 0.7660370469093323
vn -0.7551944255828857 0.49130573868751526 0.43393561244010925
vn -0.5983889698982239 0.5936530232429504 0.538058340549469
vn -0.6375335454940796 0.20181551575660706 0.74351966381073
vn -0.6434455513954163 0.6511783003807068 0.4024234116077423
vn -0.4330393970012665 0.7057712078094482 0.5606817007064819
vn -0.6284922361373901 0.3390315771102905 0.7000393271446228
vn -0.47653520107269287 0.7908961176872253 0.38392385840415955
vn -0.27651461958885193 0.8029277920722961 0.5280593037605286
vn -0.5491151809692383 0.4709424376487732 0.690424382686615
vn -0.3026658594608307 0.8899634480476379 0.3411135971546173
vn -0.13394580781459808 0.8625954389572144 0.48783978819847107
vn -0.4205527603626251 0.6026982069015503 0.6781521439552307
vn -0.14449483156204224 0.9418163299560547 0.3034851551055908
vn 0.003600087948143482 0.8774457573890686 0.4796624779701233
vn -0.2819480299949646 0.68743896484375 0.6692779064178467
vn 0.003249136731028557 -0.004679247736930847 0.9999837875366211
vn -0.13952122628688812 0.723811149597168 0.6757450103759766
vn 0.008482515811920166 0.9561614990234375 0.2927171289920807
vn 0.027386726811528206 0.7388542294502258 0.6733086109161377
vn 0.1711243838071823 0.9308343529701233 0.32289931178092957
vn 0.1567704975605011 0.8364212512969971 0.525188148021698
vn 0.19749505817890167 0.7164974212646484 0.6690495014190674
vn 0.340727299451828 0.8662664294242859 0.3653593361377716
vn 0.30936408042907715 0.7693589329719543 0.5589102506637573
vn 0.3196870982646942 0.6938918232917786 0.6452242732048035
vn 0.5194666385650635 0.767879843711853 0.3748534023761749
vn 0.4782237112522125 0.6924577355384827 0.5401892066001892
vn 0.4338039457798004 0.5875120162963867 0.6831133365631104
vn 0.6764659881591797 0.6221685409545898 0.3940814733505249
vn 0.6351696848869324 0.5770363807678223 0.5134088397026062
vn 0.5677459836006165 0.4509119987487793 0.6887255311012268
vn 0.7772185802459717 0.45949411392211914 0.4298795759677887
vn 0.734844982624054 0.4367925226688385 0.5188594460487366
vn 0.636518657207489 0.3173585534095764 0.7029421329498291
vn 0.8327938914299011 0.2874825894832611 0.47308358550071716
vn 0.7876231074333191 0.27812713384628296 0.5498138666152954
vn 0.6644579172134399 0.19130271673202515 0.7224258184432983
vn 0.8526372313499451 0.11011058837175369 0.5107694268226624
vn 0.8015320897102356 0.10512622445821762 0.5886380672454834
vn 0.6775864958763123 0.0726528987288475 0.7318456768989563
vn 0.8461108207702637 -0.0671052634716034 0.528765857219696
vn 0.7846174836158752 -0.06473968178033829 0.6165908575057983
vn 0.758233904838562 -0.25107768177986145 0.6016986966133118
vn 0.6822541356086731 -0.03888939693570137 0.7300801277160645
vn 0.825920045375824 -0.25953981280326843 0.5004950165748596
vn 0.7153847813606262 -0.4284001290798187 0.5519945621490479
vn 0.666538655757904 -0.1700683981180191 0.7258119583129883
vn 0.7797472476959229 -0.4501630961894989 0.43514084815979004
vn 0.6314223408699036 -0.6033366918563843 0.4871249198913574
vn 0.647704005241394 -0.31958094239234924 0.6916268467903137
vn 0.6846299767494202 -0.6345314383506775 0.35868045687675476
vn 0.49781617522239685 -0.766649603843689 0.4054964780807495
vn 0.5856502652168274 -0.46224749088287354 0.6658386588096619
vn 0.5327591300010681 -0.799294114112854 0.27802273631095886
vn 0.33626577258110046 -0.8673592805862427 0.3668968379497528
vn 0.4558503031730652 -0.5915344953536987 0.6650469899177551
vn 0.3550015091896057 -0.9035021662712097 0.2401205152273178
vn 0.16794972121715546 -0.9071611166000366 0.3858129382133484
vn 0.3102562427520752 -0.6981062889099121 0.6452819108963013
vn 0.1773528903722763 -0.9560542702674866 0.23346570134162903
vn 0.008586986921727657 -0.9674800038337708 0.25280165672302246
vn 0.009703180752694607 -0.9064432382583618 0.4222162067890167
vn 0.1424858570098877 -0.7364282608032227 0.6613404750823975
vn -0.006174671463668346 -0.7718878388404846 0.6357287168502808
vn -0.16283568739891052 -0.9497031569480896 0.26748546957969666
vn -0.14826342463493347 -0.8807099461555481 0.4498533308506012
vn -0.14386898279190063 -0.745586633682251 0.6506937742233276
vn -0.34477508068084717 -0.891838788986206 0.2928374111652374
vn -0.3139601945877075 -0.8269760012626648 0.4664114713668823
vn -0.2978784739971161 -0.7063542008399963 0.6421310305595398
vn -0.527743935585022 -0.784267008304596 0.32620808482170105
vn -0.48055753111839294 -0.7246444225311279 0.49391794204711914
vn -0.44286638498306274 -0.5993476510047913 0.6668221950531006
vn -0.6824464797973633 -0.624855637550354 0.37923920154571533
vn -0.6258108615875244 -0.5756992101669312 0.5262426137924194
vn -0.579301118850708 -0.45973309874534607 0.6730941534042358
vn -0.7780887484550476 -0.4448999762535095 0.44344332814216614
vn -0.6503056287765503 -0.30836331844329834 0.6942728161811829
vn -0.666143000125885 -0.1583276242017746 0.7288249731063843
vn -0.5004478693008423 0.0 0.865766704082489
vn -1.0 0.0 0.0
vn -1.0 0.0 -1.0947388773274724e-08
vn -0.5004478693008423 0.0 -0.865766704082489
vn -0.5004478693008423 0.0 0.8657666444778442
vn 0.5004478693008423 0.0 0.865766704082489
vn -0.5004478693008423 0.0 -0.8657666444778442
vn 0.5004478693008423 0.0 -0.865766704082489
vn -0.5004478693008423 0.0 -0.865766704082489
vn -1.0 0.0 0.0
vn 0.5004478693008423 0.0 -0.8657666444778442
vn -0.5004478693008423 0.0 0.8657666444778442
vn 0.5004478693008423 0.0 0.865766704082489
vn 0.5004478693008423 0.0 -0.8657666444778442
vn 1.0 0.0 0.0
vn 1.0 0.0 -1.0947388773274724e-08
vn 1.0 0.0 0.0
vn 0.5004478693008423 0.0 0.8657666444778442
vn -0.3061577379703522 -0.7905538082122803 0.5303698182106018
vn -0.0002460758842062205 -0.7900047898292542 0.6131007075309753
vn -0.0002717746247071773 -0.5593391060829163 0.828938901424408
vn 0.3059264123439789 -0.7905818223953247 0.5304616093635559
vn -0.4150479733943939 -0.5586033463478088 0.718120813369751
vn -0.5304157137870789 -0.790567934513092 0.3060418963432312
vn 0.4148116409778595 -0.5586073398590088 0.7182543277740479
vn 0.5300940275192261 -0.7909203767776489 0.3056882321834564
vn -0.7181877493858337 -0.5586051940917969 0.4149296283721924
vn -0.6131005883216858 -0.7900048494338989 0.0
vn 0.7180848121643066 -0.5588197112083435 0.41481900215148926
vn 0.6123263239860535 -0.7906051278114319 0.0
vn -0.8289389610290527 -0.5593390464782715 5.26797139244195e-09
vn -0.5304157137870789 -0.790567934513092 -0.3060418963432312
vn 0.8287032246589661 -0.5596883893013 0.0
vn 0.5300940275192261 -0.7909203767776489 -0.3056882321834564
vn -0.7181878089904785 -0.5586051940917969 -0.41492965817451477
vn -0.3061576783657074 -0.7905538082122803 -0.5303698182106018
vn 0.7180848121643066 -0.5588197112083435 -0.41481897234916687
vn 0.3059264123439789 -0.7905818223953247 -0.5304616093635559
vn -0.4150480329990387 -0.5586032867431641 -0.718120813369751
vn -0.0002460758842062205 -0.7900047898292542 -0.6131007075309753
vn 0.4148116409778595 -0.5586073398590088 -0.7182543277740479
vn -0.0002717746247071773 -0.559339165687561 -0.828938901424408
vn -0.00029192527290433645 0.22701697051525116 -0.9738907814025879
vn -0.4870608150959015 0.22753570973873138 -0.8432077169418335
vn 0.48680946230888367 0.2275228500366211 -0.8433563709259033
vn 0.8432822227478027 0.22752918303012848 -0.48693493008613586
vn -0.00019200926180928946 0.8657547235488892 -0.5004684329032898
vn 0.2506614923477173 0.8653389811515808 -0.4340015947818756
vn 0.9738908410072327 0.22701683640480042 0.0
vn 0.4339497685432434 0.8653415441513062 -0.25074219703674316
vn 0.8432822227478027 0.22752918303012848 0.48693493008613586
vn 0.5004683136940002 0.8657549023628235 2.5257558267099967e-09
vn 0.48680949211120605 0.22752289474010468 0.8433563709259033
vn 0.4339497685432434 0.8653415441513062 0.25074219703674316
vn 0.15234726667404175 0.9844034910202026 -0.08797822892665863
vn -0.00029192844522185624 0.22701703011989594 0.9738907814025879
vn 0.17606841027736664 0.9843779802322388 2.979720248319495e-09
vn 0.08795668184757233 0.9843982458114624 -0.15239328145980835
vn 0.25066137313842773 0.8653390407562256 0.43400144577026367
vn 0.15234729647636414 0.9844034910202026 0.08797823637723923
vn -0.00011655595153570175 1.0 -8.391539907393053e-09
vn 0.08795668184757233 0.9843982458114624 0.15239328145980835
vn -0.00010631762415869161 0.9843669533729553 -0.17612983286380768
vn -0.0001920079957926646 0.8657548427581787 0.5004683136940002
vn -0.00010631702025420964 0.9843669533729553 0.17612986266613007
vn -0.0879826545715332 0.9843889474868774 0.15243840217590332
vn -0.25081363320350647 0.8653279542922974 0.43393558263778687
vn -0.4870607852935791 0.22753573954105377 0.8432077169418335
vn -0.15254412591457367 0.9843679666519165 0.08803462237119675
vn -0.4339780807495117 0.8653228282928467 0.25075778365135193
vn -0.8432821035385132 0.22752946615219116 0.48693493008613586
vn -0.1762007772922516 0.9843542575836182 -1.1918472875294128e-09
vn -0.500544548034668 0.8657108545303345 -1.262838722482229e-09
vn -0.9738907814025879 0.22701720893383026 0.0
vn -0.15254412591457367 0.9843679666519165 -0.08803463727235794
vn -0.4339780807495117 0.8653228282928467 -0.25075778365135193
vn -0.8432821035385132 0.22752946615219116 -0.48693493008613586
vn -0.0879826545715332 0.9843889474868774 -0.1524384319782257
vn -0.25081363320350647 0.8653279542922974 -0.43393558263778687
vn 0.7071067690849304 0.0 0.7071068286895752
vn 1.0 0.0 0.0
vn 0.9338894486427307 0.35756194591522217 -5.998661567474528e-09
vn 0.7071067094802856 -1.5769375139029762e-08 -0.7071068286895752
vn 0.6603059768676758 0.3577597141265869 0.6603059768676758
vn 1.2322236386808072e-07 0.0 1.0
vn 0.6603059768676758 0.3577597439289093 -0.6603060364723206
vn 1.23222349657226e-07 -3.329444098199019e-08 -1.0
vn 8.398126283282181e-08 0.35756194591522217 0.9338894486427307
vn -0.7071067690849304 0.0 0.7071068286895752
vn 0.4942222535610199 0.7151845097541809 0.49422216415405273
vn 8.399484840992955e-08 0.7149128913879395 0.6992135643959045
vn 0.6992135643959045 0.7149128913879395 0.0
vn -0.49422213435173035 0.7151845097541809 0.4942222535610199
vn 0.49422210454940796 0.7151845693588257 -0.4942222237586975
vn 1.0079381240757357e-07 0.714913010597229 -0.699213445186615
vn -0.660305917263031 0.3577597439289093 0.6603060364723206
vn -0.6992135643959045 0.7149128913879395 0.0
vn -1.0 0.0 0.0
vn -0.9338895082473755 0.35756194591522217 0.0
vn -0.6603059768676758 0.3577597737312317 -0.6603060960769653
vn -0.4942220151424408 0.7151846289634705 -0.4942221939563751
vn -0.7071066498756409 -1.7521523787422666e-08 -0.7071069478988647
vn 1.0197724265026409e-07 0.35756197571754456 -0.9338894486427307
vn 0.9092190265655518 0.29411494731903076 0.2946476936340332
vn 0.9096406698226929 0.415396124124527 0.0
vn 0.38538387417793274 0.9227563142776489 0.0
vn 0.909218966960907 0.29411494731903076 -0.2946477234363556
vn 0.38498201966285706 0.6527912616729736 0.6524204611778259
vn 0.9089795351028442 0.0002873361809179187 0.41684067249298096
vn 0.3849819600582123 0.6527912616729736 -0.6524205207824707
vn 0.9089795351028442 0.0002873361809179187 -0.41684073209762573
vn 0.3844538629055023 0.0004405038198456168 0.9231441020965576
vn 0.9068020582199097 -0.30237844586372375 0.2937300503253937
vn 0.3844538629055023 0.0004405038198456168 -0.9231441020965576
vn 0.9068019986152649 -0.30237844586372375 -0.2937300503253937
vn 0.3796423375606537 -0.6642486453056335 0.6439297795295715
vn 0.3796423077583313 -0.6642486453056335 -0.6439297795295715
vn 0.3769763112068176 -0.9262229800224304 -5.945599568235593e-09
vn 0.9025205969810486 -0.4306468367576599 0.0
vn -0.3769763112068176 -0.9262229204177856 -5.9455991241463835e-09
vn -0.3796423375606537 -0.6642486453056335 -0.6439297795295715
vn -0.3844538629055023 0.0004405038198456168 -0.9231441020965576
vn -0.3849819600582123 0.6527912616729736 -0.6524205207824707
vn -0.9089795351028442 0.0002873361809179187 -0.41684073209762573
vn -0.909218966960907 0.29411494731903076 -0.2946477234363556
vn -0.9068020582199097 -0.30237844586372375 -0.2937300503253937
vn -0.9096406698226929 0.415396124124527 0.0
vn -0.9025205969810486 -0.4306468367576599 0.0
vn -0.9068020582199097 -0.30237844586372375 0.2937300503253937
vn -0.3853839039802551 0.9227563738822937 0.0
vn -0.3796423375606537 -0.6642486453056335 0.6439297795295715
vn -0.9089795351028442 0.0002873361809179187 0.41684073209762573
vn -0.3844538629055023 0.0004405038198456168 0.9231441020965576
vn -0.9092190265655518 0.29411494731903076 0.2946477234363556
vn -0.3849819600582123 0.6527912616729736 0.6524205207824707
vn -0.0 0.7072498202323914 -0.7069637179374695
vn -0.0 0.0002027255395660177 -1.0
vn -0.36585095524787903 0.00017936599033419043 -0.9306734800338745
vn -0.0 -0.7071068286895752 -0.7071067094802856
vn -0.3654678761959076 0.6582000255584717 -0.6581838130950928
vn -0.0 1.0 0.0
vn -0.3654737174510956 -0.6580720543861389 -0.6583085656166077
vn -0.0 -1.0 0.0
vn -0.3651268184185028 0.9309577941894531 0.0
vn -0.0 0.7072498202323914 0.7069637179374695
vn -0.8969725966453552 0.31292346119880676 -0.312280535697937
vn -0.8966981172561646 0.4426426291465759 0.0
vn -0.8971991539001465 0.00011464333510957658 -0.44162628054618835
vn -0.8969725370407104 0.31292349100112915 0.312280535697937
vn -0.8969640731811523 -0.3128547668457031 -0.3123738467693329
vn -0.8966984748840332 -0.4426420032978058 0.0
vn -0.3654678761959076 0.6582000255584717 0.6581838130950928
vn -0.8971991539001465 0.00011465412535471842 0.44162628054618835
vn -0.0 0.0002027255395660177 1.0
vn -0.3658509850502014 0.00017937806842382997 0.9306734800338745
vn -0.3654737174510956 -0.6580720543861389 0.6583085656166077
vn -0.8969640731811523 -0.3128547668457031 0.3123738169670105
vn -0.0 -0.7071068286895752 0.7071067094802856
vn -0.3651273846626282 -0.930957555770874 0.0
vn 0.36585095524787903 0.00017938410746864974 -0.9306734800338745
vn -0.0 0.0002027255395660177 -1.0
vn -0.0 0.7072498202323914 -0.7069637179374695
vn -0.0 -0.70710688829422 -0.7071066498756409
vn 0.3654678761959076 0.6582000255584717 -0.6581838130950928
vn -0.0 1.0 0.0
vn 0.3654736578464508 -0.6580720543861389 -0.6583085656166077
vn -0.0 -1.0 0.0
vn 0.8969725370407104 0.3129235506057739 -0.312280535697937
vn 0.8971991539001465 0.00011466490832390264 -0.44162625074386597
vn 0.8969640731811523 -0.31285473704338074 -0.3123738467693329
vn 0.8966981172561646 0.4426426589488983 1.0794367177879849e-08
vn 0.8966984748840332 -0.4426419734954834 0.0
vn 0.3651268184185028 0.9309577941894531 1.2057907561313641e-08
vn 0.8969725370407104 0.3129235506057739 0.3122805655002594
vn -0.0 0.7072498202323914 0.7069637179374695
vn 0.3654678761959076 0.6582000255584717 0.6581838130950928
vn 0.8971991539001465 0.00011465412535471842 0.44162628054618835
vn -0.0 0.0002027255395660177 1.0
vn 0.3658509850502014 0.00017937806842382997 0.9306734800338745
vn 0.3654737174510956 -0.6580720543861389 0.6583085656166077
vn 0.8969640731811523 -0.31285473704338074 0.3123737871646881
vn -0.0 -0.70710688829422 0.7071066498756409
vn 0.3651273548603058 -0.9309576153755188 0.0
vn 0.8358049988746643 0.26084452867507935 -0.48310476541519165
vn 0.4831054210662842 0.2608444392681122 -0.8358046412467957
vn 0.4379592537879944 0.4897700250148773 -0.753868043422699
vn 0.7538682222366333 0.4897700548171997 -0.4379589557647705
vn 0.9658688902854919 0.2590315043926239 -0.00014003280375618488
vn 3.468506838544272e-05 0.5004138946533203 -0.8657863736152649
vn -0.09092514961957932 0.2582337260246277 -0.9617941975593567
vn 0.3669995367527008 0.8547647595405579 -0.3669995367527008
vn 0.8656421303749084 0.5006632208824158 -0.0002291553682880476
vn 0.836223304271698 0.25980886816978455 0.48293885588645935
vn 0.526756763458252 0.8500159978866577 -0.00030557328136637807
vn 0.7538443803787231 0.48919788002967834 0.4386388659477234
vn 0.48327627778053284 0.2610589563846588 0.8356388211250305
vn 0.36671721935272217 0.854702889919281 0.3674253821372986
vn 0.4377197027206421 0.48968613147735596 0.7540616393089294
vn -0.09114532172679901 0.25886520743370056 0.9616035223007202
vn 0.00017326032684650272 0.9999999403953552 -0.00017323718930128962
vn 0.000304286164464429 0.8499486446380615 0.526865541934967
vn 0.0004098185454495251 0.5016272664070129 0.8650838136672974
vn -0.3671436011791229 0.8546409606933594 0.3671436011791229
vn -0.43858370184898376 0.48879289627075195 0.7541391849517822
vn -0.5004106163978577 -0.0003297367366030812 0.8657881617546082
vn -0.2592329680919647 -0.0005472932243719697 0.9658147096633911
vn -0.09106235951185226 -0.2592633366584778 0.9615041017532349
vn -0.7543823719024658 0.4886026680469513 0.43837741017341614
vn -0.8660033941268921 -0.0002861080865841359 0.5000381469726562
vn -0.43865862488746643 -0.4883919060230255 0.7543553113937378
vn -0.5268656611442566 0.8499485850334167 -0.00030431716004386544
vn -1.0 -0.0002865791320800781 -0.00014938633830752224
vn -0.8657135367393494 0.5005397200584412 -0.0002311664866283536
vn -0.36742544174194336 0.854702889919281 -0.3667173385620117
vn 0.00030552674434147775 0.850016176700592 -0.5267565846443176
vn -0.4387463629245758 0.48887303471565247 -0.7539925575256348
vn -0.7544291019439697 0.4889366626739502 -0.4379242956638336
vn -0.500098705291748 -0.0003303385165054351 -0.8659683465957642
vn -0.2592329978942871 -0.0005553491064347327 -0.9658147096633911
vn -0.8659785985946655 -0.0002865793358068913 -0.5000810623168945
vn -0.09084264189004898 -0.2586381137371063 -0.961693286895752
vn -0.8659178018569946 -0.5001863241195679 -0.00023134145885705948
vn -0.7545947432518005 -0.48857539892196655 -0.4380420744419098
vn -0.4388217628002167 -0.4884728491306305 -0.7542080283164978
vn 3.497661236906424e-05 -0.49979257583618164 -0.8661451935768127
vn 0.4831051826477051 -0.260845810174942 -0.835804283618927
vn -0.3674166202545166 -0.8547101616859436 -0.36670902371406555
vn 0.0003055626293644309 -0.8499456644058228 -0.5268703699111938
vn 0.43815356492996216 -0.4891405701637268 -0.7541637420654297
vn 0.8358046412467957 -0.2608458697795868 -0.4831046164035797
vn 0.3669888973236084 -0.854773759841919 -0.36698898673057556
vn 0.754163920879364 -0.4891405403614044 -0.43815335631370544
vn 0.9658685326576233 -0.25903287529945374 -0.0001400328183081001
vn 0.00017197093984577805 -1.0 -0.00017192092491313815
vn 0.5268704295158386 -0.8499455451965332 -0.00030559368315152824
vn 0.8660011291503906 -0.5000420808792114 -0.00022937433095648885
vn 0.8362230062484741 -0.25981029868125916 0.4829387068748474
vn 0.3667089343070984 -0.8547103404998779 0.36741650104522705
vn 0.7541395425796509 -0.4885684549808502 0.4388330578804016
vn 0.4832761287689209 -0.26106035709381104 0.8356385231018066
vn 0.4379134178161621 -0.48905622959136963 0.7543579339981079
vn 0.00030433136271312833 -0.8498796224594116 0.5269768834114075
vn 0.0004099956713616848 -0.501006543636322 0.8654434084892273
vn -0.36713704466819763 -0.8546466827392578 0.36713698506355286
vn -0.754547655582428 -0.4882412254810333 0.43849560618400574
vn -0.5269770622253418 -0.8498794436454773 -0.0003043365722987801
vn -0.8358046412467957 -0.2608458697795868 -0.4831046164035797
vn -0.4831051826477051 -0.260845810174942 -0.835804283618927
vn -0.43815356492996216 -0.4891405701637268 -0.7541637420654297
vn -0.754163920879364 -0.4891405403614044 -0.43815335631370544
vn -0.9658685326576233 -0.25903284549713135 -0.0001400328183081001
vn -3.497661236906424e-05 -0.49979257583618164 -0.8661451935768127
vn 0.09084264189004898 -0.2586381137371063 -0.961693286895752
vn -0.3669888973236084 -0.8547738194465637 -0.36698901653289795
vn -0.8660011291503906 -0.5000420212745667 -0.00022937431640457362
vn -0.8362230062484741 -0.25981029868125916 0.4829387068748474
vn -0.5268705487251282 -0.8499454855918884 -0.000305583409499377
vn -0.7541395425796509 -0.4885684549808502 0.4388330578804016
vn -0.4832761287689209 -0.26106035709381104 0.8356385231018066
vn -0.3667089343070984 -0.8547103404998779 0.36741650104522705
vn -0.4379134178161621 -0.4890562891960144 0.7543579339981079
vn 0.09106235951185226 -0.2592633366584778 0.9615041017532349
vn -0.00017197093984577805 -1.0 -0.00017192092491313815
vn -0.0003043210308533162 -0.8498796224594116 0.5269768834114075
vn -0.000409985106671229 -0.5010066032409668 0.8654434084892273
vn 0.36713707447052 -0.854646623134613 0.36713698506355286
vn 0.4386587142944336 -0.4883919358253479 0.7543553113937378
vn 0.5004106163978577 -0.0003297367366030812 0.8657881617546082
vn 0.2592329680919647 -0.0005472932243719697 0.9658147096633911
vn 0.09114532172679901 0.25886520743370056 0.9616035223007202
vn 0.754547655582428 -0.4882412254810333 0.43849560618400574
vn 0.8660033345222473 -0.00028612397727556527 0.500038206577301
vn 0.43858370184898376 0.48879289627075195 0.7541391849517822
vn 0.5269770622253418 -0.8498794436454773 -0.0003043469041585922
vn 1.0 -0.00028661094256676733 -0.0001493969321018085
vn 0.8659178018569946 -0.5001863837242126 -0.00023134674120228738
vn 0.3674166202545166 -0.8547101616859436 -0.36670902371406555
vn -0.00030557301943190396 -0.8499456644058228 -0.5268703103065491
vn 0.4388217628002167 -0.4884728491306305 -0.7542080283164978
vn 0.7545947432518005 -0.48857539892196655 -0.4380421042442322
vn 0.500098705291748 -0.0003303597040940076 -0.8659683465957642
vn 0.2592329978942871 -0.0005553491064347327 -0.9658147096633911
vn 0.8659785985946655 -0.0002866005233954638 -0.5000810623168945
vn 0.09092516452074051 0.2582337260246277 -0.9617941975593567
vn 0.8657135367393494 0.5005397200584412 -0.00023117708042263985
vn 0.7544291019439697 0.4889366030693054 -0.4379242956638336
vn 0.4387463629245758 0.48887303471565247 -0.7539926171302795
vn -3.467447459115647e-05 0.5004137754440308 -0.8657864332199097
vn -0.4831054210662842 0.2608444392681122 -0.8358046412467957
vn 0.36742544174194336 0.854702889919281 -0.3667173385620117
vn -0.0003055318957194686 0.850016176700592 -0.5267565846443176
vn -0.4379592537879944 0.4897700250148773 -0.753868043422699
vn -0.8358049988746643 0.26084452867507935 -0.48310476541519165
vn -0.3669995069503784 0.8547646999359131 -0.3669995665550232
vn -0.7538682222366333 0.4897700548171997 -0.4379589557647705
vn -0.9658688902854919 0.2590315043926239 -0.0001400225592078641
vn -0.00017326032684650272 0.9999999403953552 -0.00017323718930128962
vn -0.526756763458252 0.8500159978866577 -0.0003055784327443689
vn -0.8656421303749084 0.5006632208824158 -0.0002291606506332755
vn -0.8362233638763428 0.25980889797210693 0.48293882608413696
vn -0.36671721935272217 0.854702889919281 0.3674253821372986
vn -0.7538443803787231 0.48919788002967834 0.4386388659477234
vn -0.48327627778053284 0.2610589563846588 0.8356388211250305
vn -0.4377196729183197 0.48968610167503357 0.7540616989135742
vn -0.0003042964672204107 0.8499486446380615 0.526865541934967
vn -0.00040982384234666824 0.5016272664070129 0.8650838136672974
vn 0.3671436607837677 0.8546409606933594 0.3671436011791229
vn 0.7543823719024658 0.4886026680469513 0.43837741017341614
vn 0.5268656611442566 0.8499485850334167 -0.0003043223114218563
f 2/2/2 3/3/3 1/1/1
f 1/1/1 3/3/3 4/4/4
f 5/5/5 4/4/4 3/3/3
f 4/4/4 5/5/5 6/6/6
f 7/7/7 6/6/6 5/5/5
f 6/6/6 7/7/7 8/8/8
f 9/9/9 8/8/8 7/7/7
f 9/9/9 10/10/10 8/8/8
f 11/11/11 8/8/8 10/10/10
f 10/10/10 12/12/12 11/11/11
f 13/13/13 11/11/11 12/12/12
f 12/12/12 14/14/14 13/13/13
f 15/15/15 13/13/13 14/14/14
f 14/14/14 16/16/16 15/15/15
f 18/18/18 19/19/19 17/17/17
f 17/17/17 19/19/19 20/20/20
f 21/21/21 20/20/20 19/19/19
f 20/20/20 21/21/21 22/22/22
f 23/23/23 22/22/22 21/21/21
f 22/22/22 23/23/23 24/24/24
f 25/25/25 24/24/24 23/23/23
f 25/25/25 26/26/26 24/24/24
f 27/27/27 24/24/24 26/26/26
f 26/26/26 28/28/28 27/27/27
f 29/29/29 27/27/27 28/28/28
f 28/28/28 30/30/30 29/29/29
f 31/31/31 29/29/29 30/30/30
f 30/30/30 32/32/32 31/31/31
f 34/34/34 35/35/35 33/33/33
f 36/36/36 33/33/33 35/35/35
f 35/35/35 37/37/37 36/36/36
f 38/38/38 36/36/36 37/37/37
f 37/37/37 39/39/39 38/38/38
f 40/40/40 38/38/38 39/39/39
f 39/39/39 41/41/41 40/40/40
f 42/42/42 40/40/40 41/41/41
f 41/41/41 43/43/43 42/42/42
f 44/44/44 42/42/42 43/43/43
f 43/43/43 45/45/45 44/44/44
f 46/46/46 44/44/44 45/45/45
f 45/45/45 47/47/47 46/46/46
f 48/48/48 46/46/46 47/47/47
f 47/47/47 49/49/49 48/48/48
f 50/50/50 48/48/48 49/49/49
f 49/49/49 51/51/51 50/50/50
f 52/52/52 50/50/50 51/51/51
f 54/54/54 55/55/55 53/53/53
f 56/56/56 53/53/53 55/55/55
f 55/55/55 57/57/57 56/56/56
f 58/58/58 56/56/56 57/57/57
f 57/57/57 59/59/59 58/58/58
f 60/60/60 58/58/58 59/59/59
f 59/59/59 61/61/61 60/60/60
f 62/62/62 60/60/60 61/61/61
f 61/61/61 63/63/63 62/62/62
f 64/64/64 62/62/62 63/63/63
f 63/63/63 65/65/65 64/64/64
f 66/66/66 64/64/64 65/65/65
f 65/65/65 67/67/67 66/66/66
f 68/68/68 66/66/66 67/67/67
f 67/67/67 69/69/69 68/68/68
f 70/70/70 68/68/68 69/69/69
f 69/69/69 71/71/71 70/70/70
f 72/72/72 70/70/70 71/71/71
f 74/74/74 75/75/75 73/73/73
f 76/76/76 73/73/73 75/75/75
f 75/75/75 77/77/77 76/76/76
f 78/78/78 76/76/76 77/77/77
f 77/77/77 79/79/79 78/78/78
f 80/80/80 78/78/78 79/79/79
f 79/79/79 81/81/81 80/80/80
f 82/82/82 80/80/80 81/81/81
f 81/81/81 83/83/83 82/82/82
f 84/84/84 82/82/82 83/83/83
f 83/83/83 85/85/85 84/84/84
f 86/86/86 84/84/84 85/85/85
f 85/85/85 87/87/87 86/86/86
f 88/88/88 86/86/86 87/87/87
f 87/87/87 89/89/89 88/88/88
f 90/90/90 88/88/88 89/89/89
f 89/89/89 91/91/91 90/90/90
f 92/92/92 90/90/90 91/91/91
f 94/94/94 95/95/95 93/93/93
f 96/96/96 93/93/93 95/95/95
f 95/95/95 97/97/97 96/96/96
f 98/98/98 96/96/96 97/97/97
f 97/97/97 99/99/99 98/98/98
f 100/100/100 98/98/98 99/99/99
f 99/99/99 101/101/101 100/100/100
f 102/102/102 100/100/100 101/101/101
f 101/101/101 103/103/103 102/102/102
f 104/104/104 102/102/102 103/103/103
f 103/103/103 105/105/105 104/104/104
f 106/106/106 104/104/104 105/105/105
f 105/105/105 107/107/107 106/106/106
f 108/108/108 106/106/106 107/107/107
f 107/107/107 109/109/109 108/108/108
f 110/110/110 108/108/108 109/109/109
f 109/109/109 111/111/111 110/110/110
f 112/112/112 110/110/110 111/111/111
f 114/114/114 115/115/115 113/113/113
f 113/113/113 115/115/115 116/116/116
f 117/117/117 116/116/116 115/115/115
f 117/117/117 118/118/118 116/116/116
f 119/119/119 116/116/116 118/118/118
f 119/119/119 118/118/118 120/120/120
f 121/121/121 120/120/120 118/118/118
f 121/121/121 122/122/122 120/120/120
f 123/123/123 120/120/120 122/122/122
f 122/122/122 124/124/124 123/123/123
f 126/126/126 127/127/127 125/125/125
f 125/125/125 127/127/127 128/128/128
f 129/129/129 128/128/128 127/127/127
f 129/129/129 130/130/130 128/128/128
f 131/131/131 128/128/128 130/130/130
f 131/131/131 130/130/130 132/132/132
f 133/133/133 132/132/132 130/130/130
f 133/133/133 134/134/134 132/132/132
f 135/135/135 132/132/132 134/134/134
f 134/134/134 136/136/136 135/135/135
f 138/138/138 139/139/139 137/137/137
f 140/140/140 137/137/137 139/139/139
f 141/141/141 140/140/140 139/139/139
f 143/143/143 144/144/144 142/142/142
f 142/142/142 144/144/144 145/145/145
f 146/146/146 145/145/145 144/144/144
f 148/148/148 149/149/149 147/147/147
f 150/150/150 147/147/147 149/149/149
f 149/149/149 151/151/151 150/150/150
f 153/153/153 154/154/154 152/152/152
f 155/155/155 152/152/152 154/154/154
f 156/156/156 155/155/155 154/154/154
f 158/158/158 159/159/159 157/157/157
f 157/157/157 159/159/159 160/160/160
f 161/161/161 160/160/160 159/159/159
f 163/163/163 164/164/164 162/162/162
f 165/165/165 162/162/162 164/164/164
f 164/164/164 166/166/166 165/165/165
f 168/168/168 169/169/169 167/167/167
f 167/167/167 169/169/169 170/170/170
f 171/171/171 170/170/170 169/169/169
f 170/170/170 171/171/171 172/172/172
f 173/173/173 172/172/172 171/171/171
f 172/172/172 173/173/173 174/174/174
f 175/175/175 174/174/174 173/173/173
f 174/174/174 175/175/175 176/176/176
f 177/177/177 176/176/176 175/175/175
f 176/176/176 177/177/177 178/178/178
f 179/179/179 178/178/178 177/177/177
f 179/179/179 180/180/180 178/178/178
f 181/181/181 178/178/178 180/180/180
f 180/180/180 182/182/182 181/181/181
f 183/183/183 181/181/181 182/182/182
f 182/182/182 184/184/184 183/183/183
f 185/185/185 183/183/183 184/184/184
f 184/184/184 186/186/186 185/185/185
f 187/187/187 185/185/185 186/186/186
f 186/186/186 188/188/188 187/187/187
f 189/189/189 187/187/187 188/188/188
f 188/188/188 190/190/190 189/189/189
f 192/192/192 193/193/193 191/191/191
f 191/191/191 193/193/193 194/194/194
f 195/195/195 194/194/194 193/193/193
f 195/195/195 196/196/196 194/194/194
f 197/197/197 194/194/194 196/196/196
f 196/196/196 198/198/198 197/197/197
f 200/200/200 201/201/201 199/199/199
f 199/199/199 201/201/201 202/202/202
f 203/203/203 202/202/202 201/201/201
f 203/203/203 204/204/204 202/202/202
f 205/205/205 204/204/204 203/203/203
f 205/205/205 206/206/206 204/204/204
f 208/208/208 209/209/209 207/207/207
f 207/207/207 209/209/209 210/210/210
f 211/211/211 210/210/210 209/209/209
f 213/213/213 214/214/214 212/212/212
f 215/215/215 212/212/212 214/214/214
f 214/214/214 216/216/216 215/215/215
f 218/218/218 219/219/219 217/217/217
f 220/220/220 217/217/217 219/219/219
f 220/220/220 221/221/221 217/217/217
f 223/223/223 224/224/224 222/222/222
f 225/225/225 222/222/222 224/224/224
f 225/225/225 226/226/226 222/222/222
f 228/228/228 229/229/229 227/227/227
f 230/230/230 227/227/227 229/229/229
f 231/231/231 232/232/232 230/230/230
f 233/233/233 230/230/230 232/232/232
f 233/233/233 234/234/234 230/230/230
f 227/227/227 230/230/230 234/234/234
f 227/227/227 234/234/234 235/235/235
f 236/236/236 235/235/235 234/234/234
f 238/238/238 239/239/239 237/237/237
f 240/240/240 237/237/237 239/239/239
f 240/240/240 241/241/241 237/237/237
f 240/240/240 242/242/242 241/241/241
f 243/243/243 241/241/241 242/242/242
f 244/244/244 237/237/237 241/241/241
f 244/244/244 241/241/241 245/245/245
f 246/246/246 245/245/245 241/241/241
f 248/248/248 249/249/249 247/247/247
f 250/250/250 247/247/247 249/249/249
f 251/251/251 252/252/252 250/250/250
f 253/253/253 250/250/250 252/252/252
f 253/253/253 254/254/254 250/250/250
f 247/247/247 250/250/250 254/254/254
f 247/247/247 254/254/254 255/255/255
f 256/256/256 255/255/255 254/254/254
f 258/258/258 259/259/259 257/257/257
f 260/260/260 257/257/257 259/259/259
f 260/260/260 261/261/261 257/257/257
f 260/260/260 262/262/262 261/261/261
f 263/263/263 261/261/261 262/262/262
f 264/264/264 257/257/257 261/261/261
f 264/264/264 261/261/261 265/265/265
f 266/266/266 265/265/265 261/261/261
f 268/268/268 269/269/269 267/267/267
f 270/270/270 267/267/267 269/269/269
f 271/271/271 272/272/272 270/270/270
f 273/273/273 270/270/270 272/272/272
f 273/273/273 274/274/274 270/270/270
f 267/267/267 270/270/270 274/274/274
f 267/267/267 274/274/274 275/275/275
f 276/276/276 275/275/275 274/274/274
f 278/278/278 279/279/279 277/277/277
f 280/280/280 277/277/277 279/279/279
f 280/280/280 281/281/281 277/277/277
f 280/280/280 282/282/282 281/281/281
f 283/283/283 281/281/281 282/282/282
f 284/284/284 277/277/277 281/281/281
f 284/284/284 281/281/281 285/285/285
f 286/286/286 285/285/285 281/281/281
f 288/288/288 289/289/289 287/287/287
f 290/290/290 287/287/287 289/289/289
f 291/291/291 292/292/292 290/290/290
f 293/293/293 290/290/290 292/292/292
f 293/293/293 294/294/294 290/290/290
f 287/287/287 290/290/290 294/294/294
f 287/287/287 294/294/294 295/295/295
f 296/296/296 295/295/295 294/294/294
f 298/298/298 299/299/299 297/297/297
f 300/300/300 297/297/297 299/299/299
f 300/300/300 301/301/301 297/297/297
f 300/300/300 302/302/302 301/301/301
f 303/303/303 301/301/301 302/302/302
f 304/304/304 297/297/297 301/301/301
f 304/304/304 301/301/301 305/305/305
f 306/306/306 305/305/305 301/301/301
f 308/308/308 309/309/309 307/307/307
f 310/310/310 307/307/307 309/309/309
f 307/307/307 310/310/310 311/311/311
f 309/309/309 312/312/312 310/310/310
f 313/313/313 311/311/311 310/310/310
f 314/314/314 311/311/311 313/313/313
f 315/315/315 310/310/310 312/312/312
f 310/310/310 315/315/315 313/313/313
f 315/315/315 312/312/312 316/316/316
f 317/317/317 316/316/316 312/312/312
f 318/318/318 313/313/313 315/315/315
f 316/316/316 317/317/317 319/319/319
f 320/320/320 319/319/319 317/317/317
f 320/320/320 321/321/321 319/319/319
f 316/316/316 322/322/322 315/315/315
f 318/318/318 315/315/315 322/322/322
f 319/319/319 323/323/323 316/316/316
f 322/322/322 316/316/316 323/323/323
f 324/324/324 319/319/319 321/321/321
f 319/319/319 324/324/324 323/323/323
f 324/324/324 321/321/321 325/325/325
f 326/326/326 325/325/325 321/321/321
f 327/327/327 323/323/323 324/324/324
f 325/325/325 326/326/326 328/328/328
f 329/329/329 328/328/328 326/326/326
f 330/330/330 328/328/328 329/329/329
f 325/325/325 331/331/331 324/324/324
f 327/327/327 324/324/324 331/331/331
f 328/328/328 332/332/332 325/325/325
f 331/331/331 325/325/325 332/332/332
f 330/330/330 332/332/332 328/328/328
f 332/332/332 333/333/333 331/331/331
f 330/330/330 333/333/333 332/332/332
f 334/334/334 331/331/331 333/333/333
f 331/331/331 334/334/334 327/327/327
f 330/330/330 335/335/335 333/333/333
f 333/333/333 335/335/335 334/334/334
f 330/330/330 336/336/336 335/335/335
f 337/337/337 334/334/334 335/335/335
f 335/335/335 336/336/336 337/337/337
f 338/338/338 327/327/327 334/334/334
f 334/334/334 337/337/337 338/338/338
f 330/330/330 339/339/339 336/336/336
f 330/330/330 340/340/340 339/339/339
f 341/341/341 337/337/337 336/336/336
f 336/336/336 339/339/339 341/341/341
f 339/339/339 340/340/340 342/342/342
f 342/342/342 341/341/341 339/339/339
f 343/343/343 342/342/342 340/340/340
f 337/337/337 341/341/341 344/344/344
f 344/344/344 338/338/338 337/337/337
f 341/341/341 342/342/342 345/345/345
f 345/345/345 344/344/344 341/341/341
f 342/342/342 343/343/343 346/346/346
f 346/346/346 345/345/345 342/342/342
f 347/347/347 346/346/346 343/343/343
f 347/347/347 348/348/348 346/346/346
f 349/349/349 346/346/346 348/348/348
f 346/346/346 349/349/349 345/345/345
f 348/348/348 350/350/350 349/349/349
f 345/345/345 351/351/351 344/344/344
f 351/351/351 345/345/345 349/349/349
f 352/352/352 349/349/349 350/350/350
f 350/350/350 353/353/353 352/352/352
f 351/351/351 349/349/349 354/354/354
f 352/352/352 354/354/354 349/349/349
f 355/355/355 344/344/344 351/351/351
f 344/344/344 355/355/355 338/338/338
f 354/354/354 356/356/356 351/351/351
f 355/355/355 351/351/351 356/356/356
f 357/357/357 338/338/338 355/355/355
f 338/338/338 357/357/357 327/327/327
f 323/323/323 327/327/327 357/357/357
f 323/323/323 357/357/357 322/322/322
f 357/357/357 355/355/355 358/358/358
f 358/358/358 322/322/322 357/357/357
f 356/356/356 358/358/358 355/355/355
f 322/322/322 358/358/358 318/318/318
f 359/359/359 318/318/318 358/358/358
f 358/358/358 356/356/356 359/359/359
f 318/318/318 359/359/359 313/313/313
f 360/360/360 359/359/359 356/356/356
f 356/356/356 354/354/354 360/360/360
f 361/361/361 313/313/313 359/359/359
f 359/359/359 360/360/360 361/361/361
f 362/362/362 360/360/360 354/354/354
f 354/354/354 352/352/352 362/362/362
f 363/363/363 361/361/361 360/360/360
f 360/360/360 362/362/362 363/363/363
f 361/361/361 364/364/364 313/313/313
f 361/361/361 363/363/363 364/364/364
f 365/365/365 362/362/362 352/352/352
f 365/365/365 352/352/352 353/353/353
f 366/366/366 363/363/363 362/362/362
f 362/362/362 365/365/365 366/366/366
f 365/365/365 353/353/353 367/367/367
f 367/367/367 366/366/366 365/365/365
f 368/368/368 367/367/367 353/353/353
f 367/367/367 368/368/368 369/369/369
f 367/367/367 369/369/369 366/366/366
f 370/370/370 369/369/369 368/368/368
f 363/363/363 366/366/366 371/371/371
f 371/371/371 364/364/364 363/363/363
f 369/369/369 370/370/370 372/372/372
f 373/373/373 372/372/372 370/370/370
f 373/373/373 374/374/374 372/372/372
f 375/375/375 366/366/366 369/369/369
f 369/369/369 372/372/372 375/375/375
f 376/376/376 372/372/372 374/374/374
f 374/374/374 377/377/377 376/376/376
f 378/378/378 375/375/375 372/372/372
f 372/372/372 376/376/376 378/378/378
f 366/366/366 375/375/375 379/379/379
f 379/379/379 371/371/371 366/366/366
f 375/375/375 378/378/378 380/380/380
f 380/380/380 379/379/379 375/375/375
f 381/381/381 378/378/378 376/376/376
f 382/382/382 380/380/380 378/378/378
f 378/378/378 381/381/381 382/382/382
f 380/380/380 383/383/383 379/379/379
f 382/382/382 384/384/384 380/380/380
f 383/383/383 380/380/380 384/384/384
f 385/385/385 382/382/382 381/381/381
f 382/382/382 385/385/385 384/384/384
f 376/376/376 386/386/386 381/381/381
f 386/386/386 376/376/376 377/377/377
f 381/381/381 387/387/387 385/385/385
f 387/387/387 381/381/381 386/386/386
f 386/386/386 377/377/377 388/388/388
f 389/389/389 388/388/388 377/377/377
f 387/387/387 386/386/386 390/390/390
f 388/388/388 390/390/390 386/386/386
f 388/388/388 389/389/389 391/391/391
f 392/392/392 391/391/391 389/389/389
f 392/392/392 393/393/393 391/391/391
f 390/390/390 388/388/388 394/394/394
f 391/391/391 394/394/394 388/388/388
f 395/395/395 391/391/391 393/393/393
f 393/393/393 396/396/396 395/395/395
f 394/394/394 391/391/391 397/397/397
f 395/395/395 397/397/397 391/391/391
f 398/398/398 395/395/395 396/396/396
f 396/396/396 399/399/399 398/398/398
f 398/398/398 400/400/400 395/395/395
f 397/397/397 395/395/395 400/400/400
f 401/401/401 398/398/398 399/399/399
f 398/398/398 401/401/401 400/400/400
f 401/401/401 399/399/399 402/402/402
f 403/403/403 402/402/402 399/399/399
f 404/404/404 400/400/400 401/401/401
f 401/401/401 402/402/402 404/404/404
f 402/402/402 403/403/403 405/405/405
f 406/406/406 405/405/405 403/403/403
f 407/407/407 404/404/404 402/402/402
f 402/402/402 405/405/405 407/407/407
f 405/405/405 406/406/406 408/408/408
f 409/409/409 408/408/408 406/406/406
f 409/409/409 410/410/410 408/408/408
f 411/411/411 408/408/408 410/410/410
f 410/410/410 412/412/412 411/411/411
f 408/408/408 413/413/413 405/405/405
f 408/408/408 411/411/411 413/413/413
f 414/414/414 411/411/411 412/412/412
f 412/412/412 415/415/415 414/414/414
f 416/416/416 413/413/413 411/411/411
f 411/411/411 414/414/414 416/416/416
f 417/417/417 405/405/405 413/413/413
f 417/417/417 407/407/407 405/405/405
f 413/413/413 416/416/416 418/418/418
f 413/413/413 418/418/418 417/417/417
f 419/419/419 416/416/416 414/414/414
f 414/414/414 415/415/415 419/419/419
f 416/416/416 419/419/419 420/420/420
f 420/420/420 418/418/418 416/416/416
f 419/419/419 415/415/415 421/421/421
f 421/421/421 420/420/420 419/419/419
f 422/422/422 417/417/417 418/418/418
f 418/418/418 420/420/420 423/423/423
f 418/418/418 423/423/423 422/422/422
f 420/420/420 421/421/421 424/424/424
f 424/424/424 423/423/423 420/420/420
f 421/421/421 415/415/415 425/425/425
f 425/425/425 424/424/424 421/421/421
f 425/425/425 415/415/415 426/426/426
f 424/424/424 425/425/425 427/427/427
f 426/426/426 427/427/427 425/425/425
f 423/423/423 424/424/424 428/428/428
f 427/427/427 428/428/428 424/424/424
f 426/426/426 415/415/415 429/429/429
f 429/429/429 415/415/415 430/430/430
f 430/430/430 431/431/431 429/429/429
f 429/429/429 432/432/432 426/426/426
f 432/432/432 429/429/429 431/431/431
f 427/427/427 426/426/426 432/432/432
f 431/431/431 433/433/433 432/432/432
f 432/432/432 434/434/434 427/427/427
f 434/434/434 432/432/432 433/433/433
f 428/428/428 427/427/427 434/434/434
f 434/434/434 433/433/433 435/435/435
f 436/436/436 435/435/435 433/433/433
f 436/436/436 437/437/437 435/435/435
f 428/428/428 434/434/434 438/438/438
f 435/435/435 438/438/438 434/434/434
f 439/439/439 435/435/435 437/437/437
f 435/435/435 439/439/439 438/438/438
f 437/437/437 440/440/440 439/439/439
f 438/438/438 441/441/441 428/428/428
f 423/423/423 428/428/428 441/441/441
f 441/441/441 422/422/422 423/423/423
f 442/442/442 438/438/438 439/439/439
f 438/438/438 442/442/442 441/441/441
f 443/443/443 439/439/439 440/440/440
f 439/439/439 443/443/443 442/442/442
f 441/441/441 444/444/444 422/422/422
f 444/444/444 441/441/441 442/442/442
f 445/445/445 422/422/422 444/444/444
f 422/422/422 445/445/445 417/417/417
f 407/407/407 417/417/417 445/445/445
f 442/442/442 446/446/446 444/444/444
f 446/446/446 442/442/442 443/443/443
f 444/444/444 447/447/447 445/445/445
f 447/447/447 444/444/444 446/446/446
f 445/445/445 448/448/448 407/407/407
f 448/448/448 445/445/445 447/447/447
f 404/404/404 407/407/407 448/448/448
f 446/446/446 449/449/449 447/447/447
f 446/446/446 443/443/443 449/449/449
f 447/447/447 450/450/450 448/448/448
f 450/450/450 447/447/447 449/449/449
f 448/448/448 451/451/451 404/404/404
f 451/451/451 448/448/448 450/450/450
f 400/400/400 404/404/404 451/451/451
f 450/450/450 452/452/452 451/451/451
f 450/450/450 449/449/449 452/452/452
f 451/451/451 453/453/453 400/400/400
f 453/453/453 451/451/451 452/452/452
f 454/454/454 400/400/400 453/453/453
f 400/400/400 454/454/454 397/397/397
f 452/452/452 455/455/455 453/453/453
f 456/456/456 397/397/397 454/454/454
f 397/397/397 456/456/456 394/394/394
f 454/454/454 453/453/453 457/457/457
f 458/458/458 394/394/394 456/456/456
f 394/394/394 458/458/458 390/390/390
f 456/456/456 454/454/454 459/459/459
f 457/457/457 459/459/459 454/454/454
f 458/458/458 456/456/456 460/460/460
f 459/459/459 460/460/460 456/456/456
f 461/461/461 390/390/390 458/458/458
f 458/458/458 460/460/460 461/461/461
f 390/390/390 461/461/461 387/387/387
f 462/462/462 387/387/387 461/461/461
f 462/462/462 385/385/385 387/387/387
f 463/463/463 461/461/461 460/460/460
f 461/461/461 463/463/463 462/462/462
f 385/385/385 462/462/462 464/464/464
f 464/464/464 384/384/384 385/385/385
f 465/465/465 462/462/462 463/463/463
f 465/465/465 464/464/464 462/462/462
f 460/460/460 466/466/466 463/463/463
f 460/460/460 459/459/459 466/466/466
f 463/463/463 467/467/467 465/465/465
f 467/467/467 463/463/463 466/466/466
f 464/464/464 465/465/465 468/468/468
f 469/469/469 465/465/465 467/467/467
f 469/469/469 468/468/468 465/465/465
f 384/384/384 464/464/464 470/470/470
f 468/468/468 470/470/470 464/464/464
f 384/384/384 470/470/470 383/383/383
f 468/468/468 469/469/469 471/471/471
f 468/468/468 471/471/471 470/470/470
f 467/467/467 472/472/472 469/469/469
f 467/467/467 466/466/466 472/472/472
f 473/473/473 471/471/471 469/469/469
f 473/473/473 469/469/469 472/472/472
f 474/474/474 470/470/470 471/471/471
f 471/471/471 473/473/473 475/475/475
f 471/471/471 475/475/475 474/474/474
f 472/472/472 476/476/476 473/473/473
f 470/470/470 474/474/474 477/477/477
f 477/477/477 383/383/383 470/470/470
f 478/478/478 475/475/475 473/473/473
f 478/478/478 473/473/473 476/476/476
f 383/383/383 477/477/477 479/479/479
f 479/479/479 379/379/379 383/383/383
f 379/379/379 479/479/479 371/371/371
f 480/480/480 479/479/479 477/477/477
f 481/481/481 371/371/371 479/479/479
f 479/479/479 480/480/480 481/481/481
f 481/481/481 482/482/482 371/371/371
f 364/364/364 371/371/371 482/482/482
f 483/483/483 481/481/481 480/480/480
f 482/482/482 481/481/481 484/484/484
f 483/483/483 484/484/484 481/481/481
f 477/477/477 485/485/485 480/480/480
f 485/485/485 477/477/477 474/474/474
f 480/480/480 486/486/486 483/483/483
f 486/486/486 480/480/480 485/485/485
f 484/484/484 483/483/483 486/486/486
f 474/474/474 487/487/487 485/485/485
f 487/487/487 474/474/474 475/475/475
f 485/485/485 488/488/488 486/486/486
f 488/488/488 485/485/485 487/487/487
f 486/486/486 489/489/489 484/484/484
f 489/489/489 486/486/486 488/488/488
f 475/475/475 490/490/490 487/487/487
f 475/475/475 478/478/478 490/490/490
f 491/491/491 487/487/487 490/490/490
f 492/492/492 490/490/490 478/478/478
f 491/491/491 493/493/493 487/487/487
f 488/488/488 487/487/487 493/493/493
f 492/492/492 478/478/478 494/494/494
f 493/493/493 495/495/495 488/488/488
f 489/489/489 488/488/488 495/495/495
f 476/476/476 494/494/494 478/478/478
f 495/495/495 496/496/496 489/489/489
f 476/476/476 497/497/497 494/494/494
f 498/498/498 494/494/494 497/497/497
f 498/498/498 497/497/497 499/499/499
f 500/500/500 489/489/489 496/496/496
f 496/496/496 501/501/501 500/500/500
f 502/502/502 499/499/499 497/497/497
f 499/499/499 502/502/502 503/503/503
f 497/497/497 476/476/476 504/504/504
f 472/472/472 504/504/504 476/476/476
f 504/504/504 472/472/472 466/466/466
f 504/504/504 505/505/505 497/497/497
f 502/502/502 497/497/497 505/505/505
f 466/466/466 506/506/506 504/504/504
f 505/505/505 504/504/504 506/506/506
f 506/506/506 466/466/466 459/459/459
f 459/459/459 457/457/457 506/506/506
f 506/506/506 507/507/507 505/505/505
f 507/507/507 506/506/506 457/457/457
f 505/505/505 508/508/508 502/502/502
f 508/508/508 505/505/505 507/507/507
f 509/509/509 503/503/503 502/502/502
f 509/509/509 502/502/502 508/508/508
f 503/503/503 509/509/509 510/510/510
f 507/507/507 511/511/511 508/508/508
f 457/457/457 512/512/512 507/507/507
f 511/511/511 507/507/507 512/512/512
f 512/512/512 457/457/457 453/453/453
f 512/512/512 453/453/453 455/455/455
f 513/513/513 508/508/508 511/511/511
f 511/511/511 512/512/512 513/513/513
f 455/455/455 513/513/513 512/512/512
f 508/508/508 513/513/513 509/509/509
f 513/513/513 455/455/455 514/514/514
f 514/514/514 509/509/509 513/513/513
f 515/515/515 510/510/510 509/509/509
f 509/509/509 514/514/514 515/515/515
f 510/510/510 515/515/515 516/516/516
f 517/517/517 514/514/514 455/455/455
f 455/455/455 452/452/452 517/517/517
f 518/518/518 516/516/516 515/515/515
f 516/516/516 518/518/518 519/519/519
f 520/520/520 515/515/515 514/514/514
f 515/515/515 520/520/520 518/518/518
f 514/514/514 517/517/517 520/520/520
f 521/521/521 519/519/519 518/518/518
f 519/519/519 521/521/521 522/522/522
f 523/523/523 518/518/518 520/520/520
f 518/518/518 523/523/523 521/521/521
f 524/524/524 522/522/522 521/521/521
f 522/522/522 524/524/524 525/525/525
f 526/526/526 521/521/521 523/523/523
f 527/527/527 525/525/525 524/524/524
f 526/526/526 528/528/528 521/521/521
f 524/524/524 521/521/521 528/528/528
f 526/526/526 523/523/523 529/529/529
f 526/526/526 529/529/529 528/528/528
f 523/523/523 520/520/520 530/530/530
f 530/530/530 529/529/529 523/523/523
f 528/528/528 531/531/531 524/524/524
f 527/527/527 524/524/524 531/531/531
f 532/532/532 528/528/528 529/529/529
f 528/528/528 532/532/532 531/531/531
f 529/529/529 530/530/530 533/533/533
f 529/529/529 533/533/533 532/532/532
f 534/534/534 530/530/530 520/520/520
f 534/534/534 520/520/520 517/517/517
f 535/535/535 533/533/533 530/530/530
f 530/530/530 534/534/534 535/535/535
f 517/517/517 536/536/536 534/534/534
f 536/536/536 517/517/517 452/452/452
f 536/536/536 452/452/452 449/449/449
f 537/537/537 535/535/535 534/534/534
f 537/537/537 534/534/534 536/536/536
f 533/533/533 535/535/535 538/538/538
f 535/535/535 537/537/537 539/539/539
f 539/539/539 538/538/538 535/535/535
f 540/540/540 539/539/539 537/537/537
f 541/541/541 540/540/540 537/537/537
f 541/541/541 537/537/537 536/536/536
f 542/542/542 541/541/541 536/536/536
f 449/449/449 542/542/542 536/536/536
f 543/543/543 542/542/542 449/449/449
f 449/449/449 544/544/544 543/543/543
f 544/544/544 449/449/449 443/443/443
f 443/443/443 440/440/440 544/544/544
f 545/545/545 543/543/543 544/544/544
f 546/546/546 544/544/544 440/440/440
f 544/544/544 546/546/546 545/545/545
f 547/547/547 545/545/545 546/546/546
f 533/533/533 538/538/538 548/548/548
f 549/549/549 548/548/548 538/538/538
f 548/548/548 532/532/532 533/533/533
f 548/548/548 549/549/549 550/550/550
f 532/532/532 548/548/548 551/551/551
f 551/551/551 531/531/531 532/532/532
f 552/552/552 548/548/548 550/550/550
f 552/552/552 551/551/551 548/548/548
f 550/550/550 553/553/553 552/552/552
f 554/554/554 553/553/553 550/550/550
f 554/554/554 555/555/555 553/553/553
f 552/552/552 556/556/556 551/551/551
f 552/552/552 553/553/553 556/556/556
f 551/551/551 557/557/557 531/531/531
f 557/557/557 551/551/551 556/556/556
f 558/558/558 531/531/531 557/557/557
f 531/531/531 558/558/558 527/527/527
f 556/556/556 559/559/559 557/557/557
f 560/560/560 527/527/527 558/558/558
f 527/527/527 560/560/560 525/525/525
f 561/561/561 525/525/525 560/560/560
f 557/557/557 562/562/562 558/558/558
f 562/562/562 557/557/557 559/559/559
f 558/558/558 563/563/563 560/560/560
f 563/563/563 558/558/558 562/562/562
f 560/560/560 564/564/564 561/561/561
f 564/564/564 560/560/560 563/563/563
f 565/565/565 561/561/561 564/564/564
f 563/563/563 562/562/562 566/566/566
f 563/563/563 566/566/566 564/564/564
f 567/567/567 566/566/566 562/562/562
f 562/562/562 559/559/559 567/567/567
f 564/564/564 568/568/568 565/565/565
f 569/569/569 565/565/565 568/568/568
f 569/569/569 568/568/568 570/570/570
f 571/571/571 564/564/564 566/566/566
f 572/572/572 570/570/570 568/568/568
f 570/570/570 572/572/572 573/573/573
f 568/568/568 564/564/564 574/574/574
f 568/568/568 574/574/574 572/572/572
f 571/571/571 574/574/574 564/564/564
f 575/575/575 573/573/573 572/572/572
f 573/573/573 575/575/575 576/576/576
f 577/577/577 572/572/572 574/574/574
f 572/572/572 577/577/577 575/575/575
f 571/571/571 578/578/578 574/574/574
f 566/566/566 579/579/579 571/571/571
f 578/578/578 571/571/571 579/579/579
f 566/566/566 567/567/567 579/579/579
f 580/580/580 574/574/574 578/578/578
f 574/574/574 580/580/580 577/577/577
f 578/578/578 579/579/579 581/581/581
f 582/582/582 577/577/577 580/580/580
f 580/580/580 578/578/578 583/583/583
f 581/581/581 583/583/583 578/578/578
f 582/582/582 580/580/580 584/584/584
f 583/583/583 584/584/584 580/580/580
f 577/577/577 582/582/582 585/585/585
f 585/585/585 575/575/575 577/577/577
f 582/582/582 584/584/584 586/586/586
f 586/586/586 585/585/585 582/582/582
f 575/575/575 585/585/585 587/587/587
f 587/587/587 576/576/576 575/575/575
f 585/585/585 586/586/586 588/588/588
f 588/588/588 587/587/587 585/585/585
f 587/587/587 589/589/589 576/576/576
f 590/590/590 576/576/576 589/589/589
f 590/590/590 589/589/589 591/591/591
f 588/588/588 592/592/592 587/587/587
f 589/589/589 587/587/587 592/592/592
f 593/593/593 591/591/591 589/589/589
f 589/589/589 592/592/592 593/593/593
f 593/593/593 594/594/594 591/591/591
f 595/595/595 591/591/591 594/594/594
f 595/595/595 594/594/594 596/596/596
f 588/588/588 597/597/597 592/592/592
f 597/597/597 588/588/588 586/586/586
f 598/598/598 593/593/593 592/592/592
f 586/586/586 599/599/599 597/597/597
f 599/599/599 586/586/586 584/584/584
f 600/600/600 592/592/592 597/597/597
f 592/592/592 600/600/600 598/598/598
f 584/584/584 601/601/601 599/599/599
f 584/584/584 583/583/583 601/601/601
f 602/602/602 597/597/597 599/599/599
f 603/603/603 601/601/601 583/583/583
f 583/583/583 581/581/581 603/603/603
f 604/604/604 599/599/599 601/601/601
f 599/599/599 604/604/604 602/602/602
f 601/601/601 603/603/603 605/605/605
f 602/602/602 606/606/606 597/597/597
f 600/600/600 597/597/597 606/606/606
f 607/607/607 602/602/602 604/604/604
f 602/602/602 607/607/607 606/606/606
f 604/604/604 601/601/601 608/608/608
f 605/605/605 608/608/608 601/601/601
f 607/607/607 604/604/604 609/609/609
f 608/608/608 609/609/609 604/604/604
f 610/610/610 606/606/606 607/607/607
f 607/607/607 609/609/609 610/610/610
f 600/600/600 606/606/606 611/611/611
f 611/611/611 598/598/598 600/600/600
f 606/606/606 610/610/610 612/612/612
f 612/612/612 611/611/611 606/606/606
f 613/613/613 612/612/612 610/610/610
f 611/611/611 614/614/614 598/598/598
f 610/610/610 615/615/615 613/613/613
f 615/615/615 610/610/610 609/609/609
f 612/612/612 616/616/616 611/611/611
f 614/614/614 611/611/611 616/616/616
f 613/613/613 617/617/617 612/612/612
f 616/616/616 612/612/612 617/617/617
f 618/618/618 613/613/613 615/615/615
f 613/613/613 618/618/618 617/617/617
f 615/615/615 609/609/609 619/619/619
f 618/618/618 615/615/615 620/620/620
f 619/619/619 620/620/620 615/615/615
f 621/621/621 617/617/617 618/618/618
f 618/618/618 620/620/620 621/621/621
f 617/617/617 622/622/622 616/616/616
f 617/617/617 621/621/621 622/622/622
f 623/623/623 616/616/616 622/622/622
f 616/616/616 623/623/623 614/614/614
f 624/624/624 622/622/622 621/621/621
f 625/625/625 614/614/614 623/623/623
f 624/624/624 626/626/626 622/622/622
f 622/622/622 627/627/627 623/623/623
f 622/622/622 626/626/626 627/627/627
f 623/623/623 628/628/628 625/625/625
f 628/628/628 623/623/623 627/627/627
f 614/614/614 625/625/625 629/629/629
f 629/629/629 598/598/598 614/614/614
f 598/598/598 629/629/629 593/593/593
f 594/594/594 593/593/593 629/629/629
f 630/630/630 629/629/629 625/625/625
f 594/594/594 629/629/629 631/631/631
f 630/630/630 631/631/631 629/629/629
f 631/631/631 596/596/596 594/594/594
f 625/625/625 632/632/632 630/630/630
f 632/632/632 625/625/625 628/628/628
f 633/633/633 630/630/630 632/632/632
f 630/630/630 633/633/633 631/631/631
f 628/628/628 634/634/634 632/632/632
f 633/633/633 632/632/632 634/634/634
f 634/634/634 628/628/628 635/635/635
f 627/627/627 635/635/635 628/628/628
f 634/634/634 636/636/636 633/633/633
f 635/635/635 637/637/637 634/634/634
f 636/636/636 634/634/634 637/637/637
f 638/638/638 631/631/631 633/633/633
f 638/638/638 633/633/633 636/636/636
f 631/631/631 639/639/639 596/596/596
f 640/640/640 596/596/596 639/639/639
f 638/638/638 641/641/641 631/631/631
f 639/639/639 631/631/631 641/641/641
f 636/636/636 642/642/642 638/638/638
f 641/641/641 638/638/638 642/642/642
f 639/639/639 643/643/643 640/640/640
f 644/644/644 640/640/640 643/643/643
f 641/641/641 645/645/645 639/639/639
f 643/643/643 639/639/639 645/645/645
f 643/643/643 646/646/646 644/644/644
f 643/643/643 645/645/645 646/646/646
f 647/647/647 644/644/644 646/646/646
f 645/645/645 641/641/641 648/648/648
f 642/642/642 648/648/648 641/641/641
f 646/646/646 649/649/649 647/647/647
f 650/650/650 647/647/647 649/649/649
f 651/651/651 646/646/646 645/645/645
f 646/646/646 651/651/651 649/649/649
f 648/648/648 652/652/652 645/645/645
f 651/651/651 645/645/645 652/652/652
f 649/649/649 653/653/653 650/650/650
f 501/501/501 650/650/650 653/653/653
f 653/653/653 500/500/500 501/501/501
f 654/654/654 649/649/649 651/651/651
f 653/653/653 649/649/649 655/655/655
f 654/654/654 655/655/655 649/649/649
f 654/654/654 651/651/651 656/656/656
f 654/654/654 656/656/656 655/655/655
f 652/652/652 656/656/656 651/651/651
f 655/655/655 657/657/657 653/653/653
f 500/500/500 653/653/653 657/657/657
f 658/658/658 655/655/655 656/656/656
f 655/655/655 658/658/658 657/657/657
f 656/656/656 652/652/652 659/659/659
f 656/656/656 659/659/659 658/658/658
f 657/657/657 660/660/660 500/500/500
f 489/489/489 500/500/500 660/660/660
f 660/660/660 484/484/484 489/489/489
f 484/484/484 660/660/660 482/482/482
f 661/661/661 482/482/482 660/660/660
f 660/660/660 657/657/657 661/661/661
f 482/482/482 661/661/661 364/364/364
f 662/662/662 657/657/657 658/658/658
f 662/662/662 661/661/661 657/657/657
f 663/663/663 364/364/364 661/661/661
f 661/661/661 662/662/662 663/663/663
f 663/663/663 313/313/313 364/364/364
f 314/314/314 313/313/313 663/663/663
f 664/664/664 314/314/314 663/663/663
f 665/665/665 664/664/664 663/663/663
f 665/665/665 663/663/663 662/662/662
f 666/666/666 664/664/664 665/665/665
f 666/666/666 665/665/665 667/667/667
f 665/665/665 662/662/662 668/668/668
f 668/668/668 667/667/667 665/665/665
f 658/658/658 668/668/668 662/662/662
f 668/668/668 658/658/658 659/659/659
f 667/667/667 668/668/668 669/669/669
f 659/659/659 669/669/669 668/668/668
f 659/659/659 670/670/670 669/669/669
f 670/670/670 659/659/659 652/652/652
f 671/671/671 669/669/669 670/670/670
f 652/652/652 648/648/648 670/670/670
f 671/671/671 670/670/670 672/672/672
f 673/673/673 670/670/670 648/648/648
f 670/670/670 673/673/673 672/672/672
f 648/648/648 642/642/642 673/673/673
f 674/674/674 672/672/672 673/673/673
f 675/675/675 672/672/672 674/674/674
f 676/676/676 675/675/675 674/674/674
f 677/677/677 673/673/673 642/642/642
f 673/673/673 677/677/677 674/674/674
f 642/642/642 636/636/636 677/677/677
f 637/637/637 677/677/677 636/636/636
f 678/678/678 676/676/676 674/674/674
f 679/679/679 676/676/676 678/678/678
f 679/679/679 678/678/678 680/680/680
f 681/681/681 680/680/680 678/678/678
f 682/682/682 674/674/674 677/677/677
f 674/674/674 682/682/682 678/678/678
f 677/677/677 637/637/637 682/682/682
f 678/678/678 683/683/683 681/681/681
f 683/683/683 678/678/678 682/682/682
f 684/684/684 681/681/681 683/683/683
f 685/685/685 682/682/682 637/637/637
f 682/682/682 685/685/685 683/683/683
f 637/637/637 635/635/635 685/685/685
f 683/683/683 686/686/686 684/684/684
f 686/686/686 683/683/683 685/685/685
f 687/687/687 684/684/684 686/686/686
f 688/688/688 685/685/685 635/635/635
f 685/685/685 688/688/688 686/686/686
f 635/635/635 627/627/627 688/688/688
f 686/686/686 689/689/689 687/687/687
f 689/689/689 686/686/686 688/688/688
f 690/690/690 687/687/687 689/689/689
f 690/690/690 689/689/689 691/691/691
f 692/692/692 691/691/691 689/689/689
f 689/689/689 688/688/688 692/692/692
f 691/691/691 692/692/692 693/693/693
f 694/694/694 688/688/688 627/627/627
f 694/694/694 692/692/692 688/688/688
f 626/626/626 694/694/694 627/627/627
f 695/695/695 693/693/693 692/692/692
f 692/692/692 694/694/694 695/695/695
f 693/693/693 695/695/695 696/696/696
f 626/626/626 697/697/697 694/694/694
f 698/698/698 696/696/696 695/695/695
f 699/699/699 695/695/695 694/694/694
f 695/695/695 699/699/699 698/698/698
f 699/699/699 694/694/694 697/697/697
f 696/696/696 698/698/698 700/700/700
f 697/697/697 626/626/626 701/701/701
f 624/624/624 701/701/701 626/626/626
f 624/624/624 621/621/621 701/701/701
f 697/697/697 702/702/702 699/699/699
f 701/701/701 703/703/703 697/697/697
f 702/702/702 697/697/697 703/703/703
f 704/704/704 698/698/698 699/699/699
f 704/704/704 699/699/699 702/702/702
f 705/705/705 700/700/700 698/698/698
f 698/698/698 704/704/704 705/705/705
f 705/705/705 706/706/706 700/700/700
f 707/707/707 700/700/700 706/706/706
f 708/708/708 705/705/705 704/704/704
f 706/706/706 709/709/709 707/707/707
f 710/710/710 707/707/707 709/709/709
f 706/706/706 705/705/705 711/711/711
f 708/708/708 711/711/711 705/705/705
f 709/709/709 706/706/706 712/712/712
f 711/711/711 712/712/712 706/706/706
f 709/709/709 713/713/713 710/710/710
f 714/714/714 710/710/710 713/713/713
f 714/714/714 713/713/713 715/715/715
f 713/713/713 709/709/709 716/716/716
f 712/712/712 716/716/716 709/709/709
f 717/717/717 715/715/715 713/713/713
f 713/713/713 716/716/716 717/717/717
f 715/715/715 717/717/717 718/718/718
f 719/719/719 718/718/718 717/717/717
f 718/718/718 719/719/719 720/720/720
f 721/721/721 717/717/717 716/716/716
f 717/717/717 721/721/721 719/719/719
f 722/722/722 720/720/720 719/719/719
f 723/723/723 720/720/720 722/722/722
f 719/719/719 724/724/724 722/722/722
f 724/724/724 719/719/719 721/721/721
f 723/723/723 722/722/722 725/725/725
f 725/725/725 722/722/722 724/724/724
f 724/724/724 721/721/721 726/726/726
f 725/725/725 724/724/724 727/727/727
f 726/726/726 727/727/727 724/724/724
f 725/725/725 727/727/727 723/723/723
f 728/728/728 726/726/726 721/721/721
f 721/721/721 716/716/716 728/728/728
f 726/726/726 729/729/729 727/727/727
f 726/726/726 728/728/728 729/729/729
f 723/723/723 727/727/727 730/730/730
f 730/730/730 727/727/727 729/729/729
f 730/730/730 731/731/731 723/723/723
f 730/730/730 729/729/729 731/731/731
f 723/723/723 731/731/731 732/732/732
f 723/723/723 732/732/732 733/733/733
f 734/734/734 731/731/731 729/729/729
f 731/731/731 734/734/734 732/732/732
f 732/732/732 735/735/735 733/733/733
f 735/735/735 732/732/732 734/734/734
f 736/736/736 733/733/733 735/735/735
f 729/729/729 737/737/737 734/734/734
f 737/737/737 729/729/729 728/728/728
f 734/734/734 738/738/738 735/735/735
f 738/738/738 734/734/734 737/737/737
f 735/735/735 739/739/739 736/736/736
f 739/739/739 735/735/735 738/738/738
f 740/740/740 736/736/736 739/739/739
f 728/728/728 741/741/741 737/737/737
f 741/741/741 728/728/728 716/716/716
f 716/716/716 712/712/712 741/741/741
f 739/739/739 742/742/742 740/740/740
f 743/743/743 740/740/740 742/742/742
f 744/744/744 741/741/741 712/712/712
f 712/712/712 711/711/711 744/744/744
f 745/745/745 737/737/737 741/741/741
f 741/741/741 744/744/744 745/745/745
f 737/737/737 745/745/745 738/738/738
f 746/746/746 744/744/744 711/711/711
f 711/711/711 708/708/708 746/746/746
f 747/747/747 745/745/745 744/744/744
f 744/744/744 746/746/746 747/747/747
f 748/748/748 738/738/738 745/745/745
f 745/745/745 747/747/747 748/748/748
f 738/738/738 748/748/748 739/739/739
f 742/742/742 739/739/739 748/748/748
f 749/749/749 748/748/748 747/747/747
f 748/748/748 749/749/749 742/742/742
f 750/750/750 747/747/747 746/746/746
f 747/747/747 750/750/750 749/749/749
f 751/751/751 746/746/746 708/708/708
f 746/746/746 751/751/751 750/750/750
f 708/708/708 704/704/704 751/751/751
f 702/702/702 751/751/751 704/704/704
f 751/751/751 702/702/702 752/752/752
f 752/752/752 750/750/750 751/751/751
f 703/703/703 752/752/752 702/702/702
f 753/753/753 749/749/749 750/750/750
f 750/750/750 752/752/752 753/753/753
f 754/754/754 742/742/742 749/749/749
f 749/749/749 753/753/753 754/754/754
f 742/742/742 754/754/754 743/743/743
f 755/755/755 743/743/743 754/754/754
f 755/755/755 754/754/754 756/756/756
f 757/757/757 756/756/756 754/754/754
f 757/757/757 754/754/754 753/753/753
f 756/756/756 757/757/757 758/758/758
f 759/759/759 753/753/753 752/752/752
f 753/753/753 759/759/759 757/757/757
f 752/752/752 703/703/703 759/759/759
f 760/760/760 758/758/758 757/757/757
f 760/760/760 757/757/757 759/759/759
f 761/761/761 759/759/759 703/703/703
f 759/759/759 761/761/761 760/760/760
f 703/703/703 701/701/701 761/761/761
f 760/760/760 762/762/762 758/758/758
f 762/762/762 760/760/760 761/761/761
f 763/763/763 758/758/758 762/762/762
f 764/764/764 761/761/761 701/701/701
f 761/761/761 764/764/764 762/762/762
f 764/764/764 701/701/701 621/621/621
f 762/762/762 765/765/765 763/763/763
f 765/765/765 762/762/762 764/764/764
f 764/764/764 621/621/621 765/765/765
f 766/766/766 763/763/763 765/765/765
f 767/767/767 765/765/765 621/621/621
f 765/765/765 767/767/767 766/766/766
f 768/768/768 766/766/766 767/767/767
f 767/767/767 621/621/621 620/620/620
f 767/767/767 620/620/620 768/768/768
f 769/769/769 768/768/768 620/620/620
f 769/769/769 620/620/620 770/770/770
f 619/619/619 770/770/770 620/620/620
f 770/770/770 619/619/619 771/771/771
f 772/772/772 771/771/771 619/619/619
f 772/772/772 619/619/619 609/609/609
f 609/609/609 608/608/608 772/772/772
f 772/772/772 773/773/773 771/771/771
f 773/773/773 772/772/772 608/608/608
f 774/774/774 771/771/771 773/773/773
f 608/608/608 605/605/605 773/773/773
f 773/773/773 775/775/775 774/774/774
f 775/775/775 773/773/773 605/605/605
f 776/776/776 774/774/774 775/775/775
f 605/605/605 777/777/777 775/775/775
f 777/777/777 605/605/605 603/603/603
f 775/775/775 778/778/778 776/776/776
f 778/778/778 775/775/775 777/777/777
f 779/779/779 776/776/776 778/778/778
f 603/603/603 780/780/780 777/777/777
f 780/780/780 603/603/603 581/581/581
f 777/777/777 781/781/781 778/778/778
f 781/781/781 777/777/777 780/780/780
f 778/778/778 782/782/782 779/779/779
f 782/782/782 778/778/778 781/781/781
f 783/783/783 779/779/779 782/782/782
f 581/581/581 784/784/784 780/780/780
f 784/784/784 581/581/581 579/579/579
f 784/784/784 579/579/579 567/567/567
f 782/782/782 785/785/785 783/783/783
f 786/786/786 783/783/783 785/785/785
f 786/786/786 785/785/785 787/787/787
f 567/567/567 788/788/788 784/784/784
f 788/788/788 567/567/567 559/559/559
f 789/789/789 780/780/780 784/784/784
f 789/789/789 784/784/784 788/788/788
f 780/780/780 789/789/789 781/781/781
f 559/559/559 790/790/790 788/788/788
f 791/791/791 781/781/781 789/789/789
f 781/781/781 791/791/791 782/782/782
f 785/785/785 782/782/782 791/791/791
f 788/788/788 792/792/792 789/789/789
f 791/791/791 789/789/789 792/792/792
f 792/792/792 788/788/788 790/790/790
f 785/785/785 791/791/791 793/793/793
f 792/792/792 793/793/793 791/791/791
f 793/793/793 787/787/787 785/785/785
f 787/787/787 793/793/793 794/794/794
f 793/793/793 792/792/792 795/795/795
f 795/795/795 794/794/794 793/793/793
f 790/790/790 795/795/795 792/792/792
f 795/795/795 796/796/796 794/794/794
f 795/795/795 790/790/790 796/796/796
f 797/797/797 794/794/794 796/796/796
f 798/798/798 796/796/796 790/790/790
f 790/790/790 559/559/559 798/798/798
f 556/556/556 798/798/798 559/559/559
f 798/798/798 556/556/556 553/553/553
f 796/796/796 799/799/799 797/797/797
f 796/796/796 798/798/798 799/799/799
f 553/553/553 799/799/799 798/798/798
f 800/800/800 797/797/797 799/799/799
f 555/555/555 799/799/799 553/553/553
f 800/800/800 799/799/799 801/801/801
f 555/555/555 802/802/802 799/799/799
f 802/802/802 801/801/801 799/799/799
f 804/804/804 805/805/805 803/803/803
f 804/804/804 803/803/803 806/806/806
f 807/807/807 803/803/803 805/805/805
f 808/808/808 806/806/806 803/803/803
f 808/808/808 809/809/809 806/806/806
f 809/809/809 808/808/808 810/810/810
f 803/803/803 807/807/807 811/811/811
f 803/803/803 811/811/811 808/808/808
f 812/812/812 811/811/811 807/807/807
f 812/812/812 813/813/813 811/811/811
f 814/814/814 810/810/810 808/808/808
f 814/814/814 808/808/808 811/811/811
f 815/815/815 811/811/811 813/813/813
f 811/811/811 815/815/815 814/814/814
f 813/813/813 816/816/816 815/815/815
f 817/817/817 815/815/815 816/816/816
f 817/817/817 818/818/818 815/815/815
f 814/814/814 819/819/819 810/810/810
f 819/819/819 814/814/814 815/815/815
f 819/819/819 815/815/815 818/818/818
f 820/820/820 810/810/810 819/819/819
f 820/820/820 819/819/819 818/818/818
f 822/822/822 823/823/823 821/821/821
f 824/824/824 821/821/821 823/823/823
f 822/822/822 825/825/825 823/823/823
f 823/823/823 826/826/826 824/824/824
f 827/827/827 824/824/824 826/826/826
f 828/828/828 823/823/823 825/825/825
f 823/823/823 828/828/828 826/826/826
f 829/829/829 828/828/828 825/825/825
f 827/827/827 826/826/826 830/830/830
f 829/829/829 831/831/831 828/828/828
f 832/832/832 830/830/830 826/826/826
f 830/830/830 832/832/832 833/833/833
f 834/834/834 833/833/833 832/832/832
f 835/835/835 826/826/826 828/828/828
f 835/835/835 828/828/828 831/831/831
f 832/832/832 826/826/826 836/836/836
f 835/835/835 836/836/836 826/826/826
f 832/832/832 836/836/836 834/834/834
f 835/835/835 831/831/831 836/836/836
f 837/837/837 834/834/834 836/836/836
f 838/838/838 836/836/836 831/831/831
f 836/836/836 838/838/838 837/837/837
f 840/840/840 841/841/841 839/839/839
f 842/842/842 839/839/839 841/841/841
f 840/840/840 843/843/843 841/841/841
f 841/841/841 844/844/844 842/842/842
f 845/845/845 842/842/842 844/844/844
f 845/845/845 844/844/844 846/846/846
f 847/847/847 841/841/841 843/843/843
f 841/841/841 847/847/847 844/844/844
f 848/848/848 847/847/847 843/843/843
f 848/848/848 849/849/849 847/847/847
f 850/850/850 844/844/844 847/847/847
f 850/850/850 847/847/847 849/849/849
f 851/851/851 846/846/846 844/844/844
f 844/844/844 850/850/850 851/851/851
f 846/846/846 851/851/851 852/852/852
f 853/853/853 852/852/852 851/851/851
f 853/853/853 851/851/851 854/854/854
f 850/850/850 849/849/849 855/855/855
f 855/855/855 851/851/851 850/850/850
f 855/855/855 854/854/854 851/851/851
f 856/856/856 855/855/855 849/849/849
f 855/855/855 856/856/856 854/854/854
f 858/858/858 859/859/859 857/857/857
f 858/858/858 857/857/857 860/860/860
f 861/861/861 857/857/857 859/859/859
f 862/862/862 860/860/860 857/857/857
f 862/862/862 863/863/863 860/860/860
f 863/863/863 862/862/862 864/864/864
f 857/857/857 861/861/861 865/865/865
f 857/857/857 865/865/865 862/862/862
f 866/866/866 865/865/865 861/861/861
f 866/866/866 867/867/867 865/865/865
f 868/868/868 864/864/864 862/862/862
f 868/868/868 862/862/862 865/865/865
f 868/868/868 869/869/869 864/864/864
f 868/868/868 865/865/865 869/869/869
f 870/870/870 864/864/864 869/869/869
f 870/870/870 869/869/869 871/871/871
f 871/871/871 869/869/869 872/872/872
f 873/873/873 869/869/869 865/865/865
f 873/873/873 872/872/872 869/869/869
f 873/873/873 865/865/865 867/867/867
f 872/872/872 873/873/873 874/874/874
f 867/867/867 874/874/874 873/873/873
f 876/876/876 877/877/877 875/875/875
f 878/878/878 875/875/875 877/877/877
f 876/876/876 879/879/879 877/877/877
f 877/877/877 880/880/880 878/878/878
f 881/881/881 878/878/878 880/880/880
f 882/882/882 877/877/877 879/879/879
f 877/877/877 882/882/882 880/880/880
f 879/879/879 883/883/883 882/882/882
f 880/880/880 884/884/884 881/881/881
f 885/885/885 881/881/881 884/884/884
f 886/886/886 880/880/880 882/882/882
f 880/880/880 886/886/886 884/884/884
f 887/887/887 882/882/882 883/883/883
f 882/882/882 887/887/887 886/886/886
f 883/883/883 888/888/888 887/887/887
f 884/884/884 889/889/889 885/885/885
f 890/890/890 885/885/885 889/889/889
f 890/890/890 889/889/889 891/891/891
f 892/892/892 887/887/887 888/888/888
f 888/888/888 893/893/893 892/892/892
f 894/894/894 886/886/886 887/887/887
f 887/887/887 892/892/892 894/894/894
f 895/895/895 884/884/884 886/886/886
f 886/886/886 894/894/894 895/895/895
f 884/884/884 895/895/895 889/889/889
f 896/896/896 892/892/892 893/893/893
f 893/893/893 897/897/897 896/896/896
f 898/898/898 894/894/894 892/892/892
f 892/892/892 896/896/896 898/898/898
f 899/899/899 895/895/895 894/894/894
f 894/894/894 898/898/898 899/899/899
f 900/900/900 896/896/896 897/897/897
f 897/897/897 901/901/901 900/900/900
f 902/902/902 898/898/898 896/896/896
f 896/896/896 900/900/900 902/902/902
f 903/903/903 899/899/899 898/898/898
f 898/898/898 902/902/902 903/903/903
f 904/904/904 900/900/900 901/901/901
f 901/901/901 905/905/905 904/904/904
f 906/906/906 902/902/902 900/900/900
f 900/900/900 904/904/904 906/906/906
f 907/907/907 903/903/903 902/902/902
f 902/902/902 906/906/906 907/907/907
f 908/908/908 904/904/904 905/905/905
f 905/905/905 909/909/909 908/908/908
f 910/910/910 906/906/906 904/904/904
f 904/904/904 908/908/908 910/910/910
f 911/911/911 907/907/907 906/906/906
f 906/906/906 910/910/910 911/911/911
f 912/912/912 908/908/908 909/909/909
f 909/909/909 913/913/913 912/912/912
f 914/914/914 910/910/910 908/908/908
f 908/908/908 912/912/912 914/914/914
f 915/915/915 911/911/911 910/910/910
f 910/910/910 914/914/914 915/915/915
f 916/916/916 912/912/912 913/913/913
f 913/913/913 917/917/917 916/916/916
f 918/918/918 916/916/916 917/917/917
f 916/916/916 918/918/918 919/919/919
f 916/916/916 919/919/919 912/912/912
f 920/920/920 919/919/919 918/918/918
f 921/921/921 914/914/914 912/912/912
f 921/921/921 912/912/912 919/919/919
f 914/914/914 921/921/921 922/922/922
f 922/922/922 915/915/915 914/914/914
f 921/921/921 919/919/919 923/923/923
f 923/923/923 922/922/922 921/921/921
f 919/919/919 920/920/920 924/924/924
f 924/924/924 923/923/923 919/919/919
f 925/925/925 924/924/924 920/920/920
f 922/922/922 923/923/923 926/926/926
f 924/924/924 925/925/925 927/927/927
f 928/928/928 927/927/927 925/925/925
f 928/928/928 929/929/929 927/927/927
f 923/923/923 924/924/924 930/930/930
f 927/927/927 930/930/930 924/924/924
f 930/930/930 926/926/926 923/923/923
f 931/931/931 927/927/927 929/929/929
f 927/927/927 931/931/931 930/930/930
f 929/929/929 932/932/932 931/931/931
f 933/933/933 930/930/930 931/931/931
f 930/930/930 933/933/933 926/926/926
f 934/934/934 931/931/931 932/932/932
f 931/931/931 934/934/934 933/933/933
f 932/932/932 935/935/935 934/934/934
f 936/936/936 926/926/926 933/933/933
f 937/937/937 934/934/934 935/935/935
f 935/935/935 938/938/938 937/937/937
f 939/939/939 937/937/937 938/938/938
f 940/940/940 933/933/933 934/934/934
f 933/933/933 940/940/940 936/936/936
f 937/937/937 941/941/941 934/934/934
f 937/937/937 939/939/939 941/941/941
f 940/940/940 934/934/934 941/941/941
f 942/942/942 941/941/941 939/939/939
f 940/940/940 941/941/941 943/943/943
f 943/943/943 936/936/936 940/940/940
f 941/941/941 942/942/942 944/944/944
f 944/944/944 943/943/943 941/941/941
f 945/945/945 944/944/944 942/942/942
f 936/936/936 943/943/943 946/946/946
f 944/944/944 945/945/945 947/947/947
f 948/948/948 947/947/947 945/945/945
f 943/943/943 944/944/944 949/949/949
f 947/947/947 949/949/949 944/944/944
f 949/949/949 946/946/946 943/943/943
f 947/947/947 948/948/948 950/950/950
f 951/951/951 950/950/950 948/948/948
f 949/949/949 947/947/947 952/952/952
f 950/950/950 952/952/952 947/947/947
f 950/950/950 951/951/951 953/953/953
f 954/954/954 953/953/953 951/951/951
f 952/952/952 950/950/950 955/955/955
f 953/953/953 955/955/955 950/950/950
f 952/952/952 956/956/956 949/949/949
f 946/946/946 949/949/949 956/956/956
f 955/955/955 957/957/957 952/952/952
f 956/956/956 952/952/952 957/957/957
f 955/955/955 953/953/953 958/958/958
f 953/953/953 954/954/954 959/959/959
f 959/959/959 958/958/958 953/953/953
f 960/960/960 959/959/959 954/954/954
f 958/958/958 961/961/961 955/955/955
f 957/957/957 955/955/955 961/961/961
f 959/959/959 960/960/960 962/962/962
f 963/963/963 962/962/962 960/960/960
f 958/958/958 959/959/959 964/964/964
f 962/962/962 964/964/964 959/959/959
f 961/961/961 958/958/958 965/965/965
f 964/964/964 965/965/965 958/958/958
f 962/962/962 963/963/963 966/966/966
f 967/967/967 966/966/966 963/963/963
f 964/964/964 962/962/962 968/968/968
f 966/966/966 968/968/968 962/962/962
f 966/966/966 967/967/967 969/969/969
f 970/970/970 969/969/969 967/967/967
f 970/970/970 971/971/971 969/969/969
f 972/972/972 969/969/969 971/971/971
f 969/969/969 973/973/973 966/966/966
f 969/969/969 972/972/972 973/973/973
f 968/968/968 966/966/966 973/973/973
f 974/974/974 973/973/973 972/972/972
f 973/973/973 974/974/974 975/975/975
f 973/973/973 975/975/975 968/968/968
f 891/891/891 975/975/975 974/974/974
f 975/975/975 891/891/891 889/889/889
f 976/976/976 968/968/968 975/975/975
f 975/975/975 889/889/889 976/976/976
f 968/968/968 976/976/976 964/964/964
f 965/965/965 964/964/964 976/976/976
f 977/977/977 976/976/976 889/889/889
f 976/976/976 977/977/977 965/965/965
f 977/977/977 889/889/889 895/895/895
f 978/978/978 965/965/965 977/977/977
f 977/977/977 895/895/895 978/978/978
f 965/965/965 978/978/978 961/961/961
f 899/899/899 978/978/978 895/895/895
f 899/899/899 903/903/903 978/978/978
f 979/979/979 961/961/961 978/978/978
f 979/979/979 978/978/978 903/903/903
f 961/961/961 979/979/979 957/957/957
f 903/903/903 907/907/907 979/979/979
f 980/980/980 957/957/957 979/979/979
f 980/980/980 979/979/979 907/907/907
f 957/957/957 980/980/980 956/956/956
f 907/907/907 911/911/911 980/980/980
f 981/981/981 956/956/956 980/980/980
f 981/981/981 980/980/980 911/911/911
f 956/956/956 981/981/981 946/946/946
f 911/911/911 915/915/915 981/981/981
f 982/982/982 946/946/946 981/981/981
f 982/982/982 981/981/981 915/915/915
f 946/946/946 982/982/982 936/936/936
f 915/915/915 922/922/922 982/982/982
f 926/926/926 936/936/936 982/982/982
f 926/926/926 982/982/982 922/922/922
f 984/984/984 985/985/985 983/983/983
f 986/986/986 983/983/983 985/985/985
f 984/984/984 987/987/987 985/985/985
f 985/985/985 988/988/988 986/986/986
f 989/989/989 986/986/986 988/988/988
f 987/987/987 990/990/990 985/985/985
f 991/991/991 990/990/990 987/987/987
f 988/988/988 992/992/992 989/989/989
f 993/993/993 989/989/989 992/992/992
f 991/991/991 994/994/994 990/990/990
f 991/991/991 995/995/995 994/994/994
f 992/992/992 996/996/996 993/993/993
f 997/997/997 993/993/993 996/996/996
f 995/995/995 998/998/998 994/994/994
f 999/999/999 998/998/998 995/995/995
f 996/996/996 1000/1000/1000 997/997/997
f 1001/1001/1001 997/997/997 1000/1000/1000
f 998/998/998 999/999/999 1002/1002/1002
f 1003/1003/1003 1002/1002/1002 999/999/999
f 1003/1003/1003 1004/1004/1004 1002/1002/1002
f 1000/1000/1000 1005/1005/1005 1001/1001/1001
f 1006/1006/1006 1001/1001/1001 1005/1005/1005
f 1006/1006/1006 1005/1005/1005 1007/1007/1007
f 1008/1008/1008 1007/1007/1007 1005/1005/1005
f 1009/1009/1009 1007/1007/1007 1008/1008/1008
f 1005/1005/1005 1000/1000/1000 1010/1010/1010
f 1005/1005/1005 1010/1010/1010 1008/1008/1008
f 1011/1011/1011 1010/1010/1010 1000/1000/1000
f 1000/1000/1000 996/996/996 1011/1011/1011
f 1012/1012/1012 1008/1008/1008 1010/1010/1010
f 1009/1009/1009 1008/1008/1008 1012/1012/1012
f 1010/1010/1010 1011/1011/1011 1013/1013/1013
f 1010/1010/1010 1013/1013/1013 1012/1012/1012
f 1014/1014/1014 1011/1011/1011 996/996/996
f 996/996/996 992/992/992 1014/1014/1014
f 1015/1015/1015 1012/1012/1012 1013/1013/1013
f 1009/1009/1009 1012/1012/1012 1015/1015/1015
f 1016/1016/1016 1013/1013/1013 1011/1011/1011
f 1011/1011/1011 1014/1014/1014 1016/1016/1016
f 1013/1013/1013 1017/1017/1017 1015/1015/1015
f 1013/1013/1013 1016/1016/1016 1017/1017/1017
f 1009/1009/1009 1015/1015/1015 1018/1018/1018
f 1018/1018/1018 1015/1015/1015 1017/1017/1017
f 1009/1009/1009 1018/1018/1018 1019/1019/1019
f 1017/1017/1017 1020/1020/1020 1018/1018/1018
f 1019/1019/1019 1018/1018/1018 1020/1020/1020
f 1009/1009/1009 1019/1019/1019 1021/1021/1021
f 1019/1019/1019 1020/1020/1020 1021/1021/1021
f 1009/1009/1009 1021/1021/1021 1022/1022/1022
f 1022/1022/1022 1021/1021/1021 1023/1023/1023
f 1024/1024/1024 1023/1023/1023 1021/1021/1021
f 1024/1024/1024 1021/1021/1021 1020/1020/1020
f 1023/1023/1023 1024/1024/1024 1025/1025/1025
f 1017/1017/1017 1026/1026/1026 1020/1020/1020
f 1026/1026/1026 1017/1017/1017 1016/1016/1016
f 1020/1020/1020 1027/1027/1027 1024/1024/1024
f 1027/1027/1027 1020/1020/1020 1026/1026/1026
f 1028/1028/1028 1025/1025/1025 1024/1024/1024
f 1028/1028/1028 1024/1024/1024 1027/1027/1027
f 1016/1016/1016 1029/1029/1029 1026/1026/1026
f 1029/1029/1029 1016/1016/1016 1014/1014/1014
f 1026/1026/1026 1030/1030/1030 1027/1027/1027
f 1030/1030/1030 1026/1026/1026 1029/1029/1029
f 1027/1027/1027 1031/1031/1031 1028/1028/1028
f 1031/1031/1031 1027/1027/1027 1030/1030/1030
f 1028/1028/1028 1032/1032/1032 1025/1025/1025
f 1032/1032/1032 1028/1028/1028 1031/1031/1031
f 1033/1033/1033 1025/1025/1025 1032/1032/1032
f 1030/1030/1030 1034/1034/1034 1031/1031/1031
f 1032/1032/1032 1035/1035/1035 1033/1033/1033
f 1036/1036/1036 1033/1033/1033 1035/1035/1035
f 1031/1031/1031 1037/1037/1037 1032/1032/1032
f 1035/1035/1035 1032/1032/1032 1037/1037/1037
f 1037/1037/1037 1031/1031/1031 1034/1034/1034
f 1035/1035/1035 1038/1038/1038 1036/1036/1036
f 1039/1039/1039 1036/1036/1036 1038/1038/1038
f 1037/1037/1037 1040/1040/1040 1035/1035/1035
f 1038/1038/1038 1035/1035/1035 1040/1040/1040
f 1038/1038/1038 1041/1041/1041 1039/1039/1039
f 1042/1042/1042 1039/1039/1039 1041/1041/1041
f 1042/1042/1042 1041/1041/1041 1043/1043/1043
f 1041/1041/1041 1038/1038/1038 1044/1044/1044
f 1040/1040/1040 1044/1044/1044 1038/1038/1038
f 1045/1045/1045 1043/1043/1043 1041/1041/1041
f 1041/1041/1041 1044/1044/1044 1045/1045/1045
f 1043/1043/1043 1045/1045/1045 1046/1046/1046
f 1040/1040/1040 1037/1037/1037 1047/1047/1047
f 1034/1034/1034 1047/1047/1047 1037/1037/1037
f 1048/1048/1048 1046/1046/1046 1045/1045/1045
f 1046/1046/1046 1048/1048/1048 1049/1049/1049
f 1045/1045/1045 1050/1050/1050 1048/1048/1048
f 1050/1050/1050 1045/1045/1045 1044/1044/1044
f 1051/1051/1051 1049/1049/1049 1048/1048/1048
f 1049/1049/1049 1051/1051/1051 1052/1052/1052
f 1053/1053/1053 1048/1048/1048 1050/1050/1050
f 1048/1048/1048 1053/1053/1053 1051/1051/1051
f 1054/1054/1054 1052/1052/1052 1051/1051/1051
f 1055/1055/1055 1051/1051/1051 1053/1053/1053
f 1051/1051/1051 1055/1055/1055 1054/1054/1054
f 1050/1050/1050 1056/1056/1056 1053/1053/1053
f 1054/1054/1054 1057/1057/1057 1052/1052/1052
f 1058/1058/1058 1052/1052/1052 1057/1057/1057
f 1053/1053/1053 1059/1059/1059 1055/1055/1055
f 1059/1059/1059 1053/1053/1053 1056/1056/1056
f 1057/1057/1057 1060/1060/1060 1058/1058/1058
f 1061/1061/1061 1058/1058/1058 1060/1060/1060
f 1056/1056/1056 1050/1050/1050 1062/1062/1062
f 1044/1044/1044 1062/1062/1062 1050/1050/1050
f 1060/1060/1060 1063/1063/1063 1061/1061/1061
f 1064/1064/1064 1061/1061/1061 1063/1063/1063
f 1060/1060/1060 1057/1057/1057 1065/1065/1065
f 1063/1063/1063 1066/1066/1066 1064/1064/1064
f 1067/1067/1067 1064/1064/1064 1066/1066/1066
f 1067/1067/1067 1066/1066/1066 1068/1068/1068
f 1063/1063/1063 1060/1060/1060 1069/1069/1069
f 1065/1065/1065 1069/1069/1069 1060/1060/1060
f 1070/1070/1070 1068/1068/1068 1066/1066/1066
f 1068/1068/1068 1070/1070/1070 1071/1071/1071
f 1066/1066/1066 1063/1063/1063 1072/1072/1072
f 1066/1066/1066 1072/1072/1072 1070/1070/1070
f 1069/1069/1069 1072/1072/1072 1063/1063/1063
f 1073/1073/1073 1071/1071/1071 1070/1070/1070
f 1071/1071/1071 1073/1073/1073 1074/1074/1074
f 1070/1070/1070 1075/1075/1075 1073/1073/1073
f 1075/1075/1075 1070/1070/1070 1072/1072/1072
f 1076/1076/1076 1074/1074/1074 1073/1073/1073
f 1074/1074/1074 1076/1076/1076 1077/1077/1077
f 1078/1078/1078 1073/1073/1073 1075/1075/1075
f 1073/1073/1073 1078/1078/1078 1076/1076/1076
f 1079/1079/1079 1077/1077/1077 1076/1076/1076
f 1080/1080/1080 1076/1076/1076 1078/1078/1078
f 1076/1076/1076 1080/1080/1080 1079/1079/1079
f 1079/1079/1079 1081/1081/1081 1077/1077/1077
f 1082/1082/1082 1077/1077/1077 1081/1081/1081
f 1083/1083/1083 1079/1079/1079 1080/1080/1080
f 1079/1079/1079 1083/1083/1083 1081/1081/1081
f 1081/1081/1081 1084/1084/1084 1082/1082/1082
f 1085/1085/1085 1082/1082/1082 1084/1084/1084
f 1084/1084/1084 1086/1086/1086 1085/1085/1085
f 1081/1081/1081 1087/1087/1087 1084/1084/1084
f 1087/1087/1087 1081/1081/1081 1083/1083/1083
f 1088/1088/1088 1086/1086/1086 1084/1084/1084
f 1088/1088/1088 1084/1084/1084 1087/1087/1087
f 1089/1089/1089 1086/1086/1086 1088/1088/1088
f 1088/1088/1088 1087/1087/1087 1089/1089/1089
f 1090/1090/1090 1086/1086/1086 1089/1089/1089
f 1091/1091/1091 1089/1089/1089 1087/1087/1087
f 1089/1089/1089 1091/1091/1091 1090/1090/1090
f 1083/1083/1083 1092/1092/1092 1087/1087/1087
f 1091/1091/1091 1087/1087/1087 1092/1092/1092
f 1093/1093/1093 1086/1086/1086 1090/1090/1090
f 1094/1094/1094 1090/1090/1090 1091/1091/1091
f 1090/1090/1090 1094/1094/1094 1093/1093/1093
f 1095/1095/1095 1086/1086/1086 1093/1093/1093
f 1096/1096/1096 1086/1086/1086 1095/1095/1095
f 1093/1093/1093 1097/1097/1097 1095/1095/1095
f 1097/1097/1097 1093/1093/1093 1094/1094/1094
f 1095/1095/1095 1098/1098/1098 1096/1096/1096
f 1098/1098/1098 1095/1095/1095 1097/1097/1097
f 1099/1099/1099 1096/1096/1096 1098/1098/1098
f 1099/1099/1099 1098/1098/1098 1100/1100/1100
f 1101/1101/1101 1100/1100/1100 1098/1098/1098
f 1098/1098/1098 1097/1097/1097 1101/1101/1101
f 1100/1100/1100 1101/1101/1101 1102/1102/1102
f 1097/1097/1097 1094/1094/1094 1103/1103/1103
f 1103/1103/1103 1101/1101/1101 1097/1097/1097
f 1104/1104/1104 1102/1102/1102 1101/1101/1101
f 1101/1101/1101 1103/1103/1103 1104/1104/1104
f 1102/1102/1102 1104/1104/1104 1105/1105/1105
f 1106/1106/1106 1103/1103/1103 1094/1094/1094
f 1094/1094/1094 1091/1091/1091 1106/1106/1106
f 1092/1092/1092 1106/1106/1106 1091/1091/1091
f 1107/1107/1107 1104/1104/1104 1103/1103/1103
f 1103/1103/1103 1106/1106/1106 1107/1107/1107
f 1108/1108/1108 1105/1105/1105 1104/1104/1104
f 1104/1104/1104 1107/1107/1107 1108/1108/1108
f 1105/1105/1105 1108/1108/1108 1109/1109/1109
f 1110/1110/1110 1107/1107/1107 1106/1106/1106
f 1106/1106/1106 1092/1092/1092 1110/1110/1110
f 1111/1111/1111 1108/1108/1108 1107/1107/1107
f 1107/1107/1107 1110/1110/1110 1111/1111/1111
f 1112/1112/1112 1109/1109/1109 1108/1108/1108
f 1108/1108/1108 1111/1111/1111 1112/1112/1112
f 1109/1109/1109 1112/1112/1112 1113/1113/1113
f 1114/1114/1114 1110/1110/1110 1092/1092/1092
f 1092/1092/1092 1083/1083/1083 1114/1114/1114
f 1080/1080/1080 1114/1114/1114 1083/1083/1083
f 1110/1110/1110 1114/1114/1114 1115/1115/1115
f 1115/1115/1115 1111/1111/1111 1110/1110/1110
f 1114/1114/1114 1080/1080/1080 1116/1116/1116
f 1116/1116/1116 1115/1115/1115 1114/1114/1114
f 1078/1078/1078 1116/1116/1116 1080/1080/1080
f 1111/1111/1111 1115/1115/1115 1117/1117/1117
f 1117/1117/1117 1112/1112/1112 1111/1111/1111
f 1115/1115/1115 1116/1116/1116 1118/1118/1118
f 1118/1118/1118 1117/1117/1117 1115/1115/1115
f 1116/1116/1116 1078/1078/1078 1119/1119/1119
f 1119/1119/1119 1118/1118/1118 1116/1116/1116
f 1075/1075/1075 1119/1119/1119 1078/1078/1078
f 1117/1117/1117 1118/1118/1118 1120/1120/1120
f 1117/1117/1117 1120/1120/1120 1112/1112/1112
f 1119/1119/1119 1075/1075/1075 1121/1121/1121
f 1072/1072/1072 1121/1121/1121 1075/1075/1075
f 1118/1118/1118 1119/1119/1119 1122/1122/1122
f 1121/1121/1121 1122/1122/1122 1119/1119/1119
f 1122/1122/1122 1120/1120/1120 1118/1118/1118
f 1121/1121/1121 1072/1072/1072 1123/1123/1123
f 1121/1121/1121 1123/1123/1123 1122/1122/1122
f 1124/1124/1124 1123/1123/1123 1072/1072/1072
f 1072/1072/1072 1069/1069/1069 1124/1124/1124
f 1125/1125/1125 1122/1122/1122 1123/1123/1123
f 1126/1126/1126 1124/1124/1124 1069/1069/1069
f 1069/1069/1069 1065/1065/1065 1126/1126/1126
f 1123/1123/1123 1124/1124/1124 1127/1127/1127
f 1123/1123/1123 1127/1127/1127 1125/1125/1125
f 1124/1124/1124 1126/1126/1126 1128/1128/1128
f 1128/1128/1128 1127/1127/1127 1124/1124/1124
f 1125/1125/1125 1129/1129/1129 1122/1122/1122
f 1120/1120/1120 1122/1122/1122 1129/1129/1129
f 1130/1130/1130 1125/1125/1125 1127/1127/1127
f 1125/1125/1125 1130/1130/1130 1129/1129/1129
f 1127/1127/1127 1128/1128/1128 1131/1131/1131
f 1127/1127/1127 1131/1131/1131 1130/1130/1130
f 1132/1132/1132 1128/1128/1128 1126/1126/1126
f 1133/1133/1133 1129/1129/1129 1130/1130/1130
f 1126/1126/1126 1134/1134/1134 1132/1132/1132
f 1134/1134/1134 1126/1126/1126 1065/1065/1065
f 1128/1128/1128 1132/1132/1132 1135/1135/1135
f 1135/1135/1135 1131/1131/1131 1128/1128/1128
f 1065/1065/1065 1136/1136/1136 1134/1134/1134
f 1136/1136/1136 1065/1065/1065 1057/1057/1057
f 1057/1057/1057 1054/1054/1054 1136/1136/1136
f 1137/1137/1137 1136/1136/1136 1054/1054/1054
f 1137/1137/1137 1054/1054/1054 1055/1055/1055
f 1138/1138/1138 1134/1134/1134 1136/1136/1136
f 1136/1136/1136 1137/1137/1137 1138/1138/1138
f 1055/1055/1055 1139/1139/1139 1137/1137/1137
f 1139/1139/1139 1055/1055/1055 1059/1059/1059
f 1140/1140/1140 1138/1138/1138 1137/1137/1137
f 1140/1140/1140 1137/1137/1137 1139/1139/1139
f 1134/1134/1134 1138/1138/1138 1141/1141/1141
f 1141/1141/1141 1132/1132/1132 1134/1134/1134
f 1138/1138/1138 1140/1140/1140 1142/1142/1142
f 1142/1142/1142 1141/1141/1141 1138/1138/1138
f 1139/1139/1139 1143/1143/1143 1140/1140/1140
f 1144/1144/1144 1142/1142/1142 1140/1140/1140
f 1144/1144/1144 1140/1140/1140 1143/1143/1143
f 1144/1144/1144 1145/1145/1145 1142/1142/1142
f 1144/1144/1144 1143/1143/1143 1145/1145/1145
f 1142/1142/1142 1146/1146/1146 1141/1141/1141
f 1146/1146/1146 1142/1142/1142 1145/1145/1145
f 1132/1132/1132 1141/1141/1141 1147/1147/1147
f 1147/1147/1147 1135/1135/1135 1132/1132/1132
f 1148/1148/1148 1141/1141/1141 1146/1146/1146
f 1148/1148/1148 1147/1147/1147 1141/1141/1141
f 1145/1145/1145 1149/1149/1149 1146/1146/1146
f 1146/1146/1146 1150/1150/1150 1148/1148/1148
f 1150/1150/1150 1146/1146/1146 1149/1149/1149
f 1148/1148/1148 1151/1151/1151 1147/1147/1147
f 1151/1151/1151 1148/1148/1148 1150/1150/1150
f 1147/1147/1147 1152/1152/1152 1135/1135/1135
f 1152/1152/1152 1147/1147/1147 1151/1151/1151
f 1153/1153/1153 1135/1135/1135 1152/1152/1152
f 1135/1135/1135 1153/1153/1153 1131/1131/1131
f 1151/1151/1151 1154/1154/1154 1152/1152/1152
f 1155/1155/1155 1131/1131/1131 1153/1153/1153
f 1155/1155/1155 1130/1130/1130 1131/1131/1131
f 1130/1130/1130 1155/1155/1155 1133/1133/1133
f 1152/1152/1152 1156/1156/1156 1153/1153/1153
f 1156/1156/1156 1152/1152/1152 1154/1154/1154
f 1153/1153/1153 1157/1157/1157 1155/1155/1155
f 1157/1157/1157 1153/1153/1153 1156/1156/1156
f 1158/1158/1158 1133/1133/1133 1155/1155/1155
f 1158/1158/1158 1155/1155/1155 1157/1157/1157
f 1157/1157/1157 1156/1156/1156 1159/1159/1159
f 1158/1158/1158 1157/1157/1157 1160/1160/1160
f 1159/1159/1159 1160/1160/1160 1157/1157/1157
f 1133/1133/1133 1158/1158/1158 1161/1161/1161
f 1160/1160/1160 1161/1161/1161 1158/1158/1158
f 1162/1162/1162 1159/1159/1159 1156/1156/1156
f 1156/1156/1156 1154/1154/1154 1162/1162/1162
f 1159/1159/1159 1163/1163/1163 1160/1160/1160
f 1162/1162/1162 1164/1164/1164 1159/1159/1159
f 1163/1163/1163 1159/1159/1159 1164/1164/1164
f 1165/1165/1165 1162/1162/1162 1154/1154/1154
f 1164/1164/1164 1162/1162/1162 1166/1166/1166
f 1165/1165/1165 1166/1166/1166 1162/1162/1162
f 1164/1164/1164 1167/1167/1167 1163/1163/1163
f 1165/1165/1165 1154/1154/1154 1168/1168/1168
f 1166/1166/1166 1169/1169/1169 1164/1164/1164
f 1167/1167/1167 1164/1164/1164 1169/1169/1169
f 1166/1166/1166 1165/1165/1165 1170/1170/1170
f 1168/1168/1168 1170/1170/1170 1165/1165/1165
f 1169/1169/1169 1166/1166/1166 1171/1171/1171
f 1170/1170/1170 1171/1171/1171 1166/1166/1166
f 1172/1172/1172 1168/1168/1168 1154/1154/1154
f 1154/1154/1154 1151/1151/1151 1172/1172/1172
f 1150/1150/1150 1172/1172/1172 1151/1151/1151
f 1170/1170/1170 1168/1168/1168 1173/1173/1173
f 1172/1172/1172 1150/1150/1150 1174/1174/1174
f 1149/1149/1149 1174/1174/1174 1150/1150/1150
f 1168/1168/1168 1172/1172/1172 1175/1175/1175
f 1174/1174/1174 1175/1175/1175 1172/1172/1172
f 1175/1175/1175 1173/1173/1173 1168/1168/1168
f 1149/1149/1149 1176/1176/1176 1174/1174/1174
f 1174/1174/1174 1177/1177/1177 1175/1175/1175
f 1177/1177/1177 1174/1174/1174 1176/1176/1176
f 1175/1175/1175 1178/1178/1178 1173/1173/1173
f 1178/1178/1178 1175/1175/1175 1177/1177/1177
f 1173/1173/1173 1179/1179/1179 1170/1170/1170
f 1171/1171/1171 1170/1170/1170 1179/1179/1179
f 1180/1180/1180 1173/1173/1173 1178/1178/1178
f 1173/1173/1173 1180/1180/1180 1179/1179/1179
f 1177/1177/1177 1181/1181/1181 1178/1178/1178
f 1179/1179/1179 1182/1182/1182 1171/1171/1171
f 1178/1178/1178 1183/1183/1183 1180/1180/1180
f 1183/1183/1183 1178/1178/1178 1181/1181/1181
f 1184/1184/1184 1179/1179/1179 1180/1180/1180
f 1179/1179/1179 1184/1184/1184 1182/1182/1182
f 1185/1185/1185 1180/1180/1180 1183/1183/1183
f 1180/1180/1180 1185/1185/1185 1184/1184/1184
f 1183/1183/1183 1186/1186/1186 1185/1185/1185
f 1183/1183/1183 1181/1181/1181 1186/1186/1186
f 1187/1187/1187 1184/1184/1184 1185/1185/1185
f 1188/1188/1188 1185/1185/1185 1186/1186/1186
f 1185/1185/1185 1188/1188/1188 1187/1187/1187
f 1189/1189/1189 1182/1182/1182 1184/1184/1184
f 1184/1184/1184 1187/1187/1187 1189/1189/1189
f 1190/1190/1190 1171/1171/1171 1182/1182/1182
f 1171/1171/1171 1190/1190/1190 1169/1169/1169
f 1182/1182/1182 1189/1189/1189 1191/1191/1191
f 1182/1182/1182 1191/1191/1191 1190/1190/1190
f 1192/1192/1192 1169/1169/1169 1190/1190/1190
f 1169/1169/1169 1192/1192/1192 1167/1167/1167
f 1190/1190/1190 1193/1193/1193 1192/1192/1192
f 1193/1193/1193 1190/1190/1190 1191/1191/1191
f 1194/1194/1194 1167/1167/1167 1192/1192/1192
f 1195/1195/1195 1192/1192/1192 1193/1193/1193
f 1192/1192/1192 1195/1195/1195 1194/1194/1194
f 1167/1167/1167 1194/1194/1194 1196/1196/1196
f 1196/1196/1196 1163/1163/1163 1167/1167/1167
f 1197/1197/1197 1194/1194/1194 1195/1195/1195
f 1163/1163/1163 1196/1196/1196 1198/1198/1198
f 1198/1198/1198 1160/1160/1160 1163/1163/1163
f 1199/1199/1199 1196/1196/1196 1194/1194/1194
f 1194/1194/1194 1197/1197/1197 1199/1199/1199
f 1200/1200/1200 1198/1198/1198 1196/1196/1196
f 1196/1196/1196 1199/1199/1199 1200/1200/1200
f 1198/1198/1198 1201/1201/1201 1160/1160/1160
f 1198/1198/1198 1200/1200/1200 1201/1201/1201
f 1161/1161/1161 1160/1160/1160 1201/1201/1201
f 1202/1202/1202 1200/1200/1200 1199/1199/1199
f 1203/1203/1203 1201/1201/1201 1200/1200/1200
f 1199/1199/1199 1204/1204/1204 1202/1202/1202
f 1204/1204/1204 1199/1199/1199 1197/1197/1197
f 1202/1202/1202 1205/1205/1205 1200/1200/1200
f 1203/1203/1203 1200/1200/1200 1205/1205/1205
f 1206/1206/1206 1202/1202/1202 1204/1204/1204
f 1205/1205/1205 1202/1202/1202 1207/1207/1207
f 1206/1206/1206 1207/1207/1207 1202/1202/1202
f 1206/1206/1206 1204/1204/1204 1208/1208/1208
f 1206/1206/1206 1208/1208/1208 1207/1207/1207
f 1204/1204/1204 1197/1197/1197 1209/1209/1209
f 1209/1209/1209 1208/1208/1208 1204/1204/1204
f 1210/1210/1210 1209/1209/1209 1197/1197/1197
f 1197/1197/1197 1195/1195/1195 1210/1210/1210
f 1208/1208/1208 1209/1209/1209 1211/1211/1211
f 1212/1212/1212 1210/1210/1210 1195/1195/1195
f 1195/1195/1195 1193/1193/1193 1212/1212/1212
f 1209/1209/1209 1210/1210/1210 1213/1213/1213
f 1213/1213/1213 1211/1211/1211 1209/1209/1209
f 1210/1210/1210 1212/1212/1212 1214/1214/1214
f 1214/1214/1214 1213/1213/1213 1210/1210/1210
f 1215/1215/1215 1212/1212/1212 1193/1193/1193
f 1193/1193/1193 1191/1191/1191 1215/1215/1215
f 1216/1216/1216 1214/1214/1214 1212/1212/1212
f 1212/1212/1212 1215/1215/1215 1216/1216/1216
f 1216/1216/1216 1217/1217/1217 1214/1214/1214
f 1218/1218/1218 1216/1216/1216 1215/1215/1215
f 1216/1216/1216 1218/1218/1218 1217/1217/1217
f 1219/1219/1219 1215/1215/1215 1191/1191/1191
f 1215/1215/1215 1219/1219/1219 1218/1218/1218
f 1220/1220/1220 1214/1214/1214 1217/1217/1217
f 1214/1214/1214 1220/1220/1220 1213/1213/1213
f 1221/1221/1221 1217/1217/1217 1218/1218/1218
f 1222/1222/1222 1213/1213/1213 1220/1220/1220
f 1218/1218/1218 1223/1223/1223 1221/1221/1221
f 1223/1223/1223 1218/1218/1218 1219/1219/1219
f 1217/1217/1217 1224/1224/1224 1220/1220/1220
f 1217/1217/1217 1221/1221/1221 1224/1224/1224
f 1220/1220/1220 1225/1225/1225 1222/1222/1222
f 1225/1225/1225 1220/1220/1220 1224/1224/1224
f 1222/1222/1222 1226/1226/1226 1213/1213/1213
f 1211/1211/1211 1213/1213/1213 1226/1226/1226
f 1227/1227/1227 1222/1222/1222 1225/1225/1225
f 1222/1222/1222 1227/1227/1227 1226/1226/1226
f 1225/1225/1225 1224/1224/1224 1228/1228/1228
f 1227/1227/1227 1225/1225/1225 1229/1229/1229
f 1228/1228/1228 1229/1229/1229 1225/1225/1225
f 1230/1230/1230 1226/1226/1226 1227/1227/1227
f 1229/1229/1229 1231/1231/1231 1227/1227/1227
f 1230/1230/1230 1227/1227/1227 1231/1231/1231
f 1226/1226/1226 1230/1230/1230 1232/1232/1232
f 1230/1230/1230 1231/1231/1231 1233/1233/1233
f 1233/1233/1233 1232/1232/1232 1230/1230/1230
f 1231/1231/1231 1229/1229/1229 1234/1234/1234
f 1232/1232/1232 1235/1235/1235 1226/1226/1226
f 1211/1211/1211 1226/1226/1226 1235/1235/1235
f 1231/1231/1231 1234/1234/1234 1236/1236/1236
f 1236/1236/1236 1233/1233/1233 1231/1231/1231
f 1237/1237/1237 1234/1234/1234 1229/1229/1229
f 1229/1229/1229 1228/1228/1228 1237/1237/1237
f 1238/1238/1238 1236/1236/1236 1234/1234/1234
f 1234/1234/1234 1237/1237/1237 1238/1238/1238
f 1233/1233/1233 1236/1236/1236 1239/1239/1239
f 1236/1236/1236 1238/1238/1238 1240/1240/1240
f 1240/1240/1240 1239/1239/1239 1236/1236/1236
f 1241/1241/1241 1238/1238/1238 1237/1237/1237
f 1239/1239/1239 1242/1242/1242 1233/1233/1233
f 1232/1232/1232 1233/1233/1233 1242/1242/1242
f 1237/1237/1237 1243/1243/1243 1241/1241/1241
f 1243/1243/1243 1237/1237/1237 1228/1228/1228
f 1242/1242/1242 1244/1244/1244 1232/1232/1232
f 1235/1235/1235 1232/1232/1232 1244/1244/1244
f 1228/1228/1228 1245/1245/1245 1243/1243/1243
f 1245/1245/1245 1228/1228/1228 1224/1224/1224
f 1244/1244/1244 1246/1246/1246 1235/1235/1235
f 1224/1224/1224 1247/1247/1247 1245/1245/1245
f 1247/1247/1247 1224/1224/1224 1221/1221/1221
f 1248/1248/1248 1235/1235/1235 1246/1246/1246
f 1235/1235/1235 1248/1248/1248 1211/1211/1211
f 1208/1208/1208 1211/1211/1211 1248/1248/1248
f 1248/1248/1248 1207/1207/1207 1208/1208/1208
f 1207/1207/1207 1248/1248/1248 1249/1249/1249
f 1246/1246/1246 1249/1249/1249 1248/1248/1248
f 1207/1207/1207 1249/1249/1249 1205/1205/1205
f 1250/1250/1250 1205/1205/1205 1249/1249/1249
f 1205/1205/1205 1250/1250/1250 1203/1203/1203
f 1249/1249/1249 1246/1246/1246 1251/1251/1251
f 1249/1249/1249 1251/1251/1251 1250/1250/1250
f 1252/1252/1252 1251/1251/1251 1246/1246/1246
f 1253/1253/1253 1250/1250/1250 1251/1251/1251
f 1252/1252/1252 1246/1246/1246 1254/1254/1254
f 1254/1254/1254 1246/1246/1246 1244/1244/1244
f 1250/1250/1250 1253/1253/1253 1255/1255/1255
f 1255/1255/1255 1203/1203/1203 1250/1250/1250
f 1256/1256/1256 1255/1255/1255 1253/1253/1253
f 1203/1203/1203 1255/1255/1255 1201/1201/1201
f 1256/1256/1256 1257/1257/1257 1255/1255/1255
f 1258/1258/1258 1201/1201/1201 1255/1255/1255
f 1258/1258/1258 1255/1255/1255 1257/1257/1257
f 1201/1201/1201 1258/1258/1258 1161/1161/1161
f 1258/1258/1258 1257/1257/1257 1259/1259/1259
f 1258/1258/1258 1259/1259/1259 1260/1260/1260
f 1260/1260/1260 1161/1161/1161 1258/1258/1258
f 1259/1259/1259 1261/1261/1261 1260/1260/1260
f 1161/1161/1161 1260/1260/1260 1262/1262/1262
f 1161/1161/1161 1262/1262/1262 1133/1133/1133
f 1262/1262/1262 1129/1129/1129 1133/1133/1133
f 1129/1129/1129 1262/1262/1262 1120/1120/1120
f 1261/1261/1261 1263/1263/1263 1260/1260/1260
f 1262/1262/1262 1260/1260/1260 1263/1263/1263
f 1263/1263/1263 1120/1120/1120 1262/1262/1262
f 1263/1263/1263 1261/1261/1261 1264/1264/1264
f 1120/1120/1120 1263/1263/1263 1265/1265/1265
f 1263/1263/1263 1264/1264/1264 1265/1265/1265
f 1265/1265/1265 1112/1112/1112 1120/1120/1120
f 1264/1264/1264 1266/1266/1266 1265/1265/1265
f 1265/1265/1265 1113/1113/1113 1112/1112/1112
f 1266/1266/1266 1267/1267/1267 1265/1265/1265
f 1113/1113/1113 1265/1265/1265 1267/1267/1267
f 1244/1244/1244 1268/1268/1268 1254/1254/1254
f 1268/1268/1268 1269/1269/1269 1254/1254/1254
f 1244/1244/1244 1242/1242/1242 1268/1268/1268
f 1270/1270/1270 1269/1269/1269 1268/1268/1268
f 1271/1271/1271 1268/1268/1268 1242/1242/1242
f 1242/1242/1242 1239/1239/1239 1271/1271/1271
f 1270/1270/1270 1268/1268/1268 1272/1272/1272
f 1268/1268/1268 1271/1271/1271 1272/1272/1272
f 1273/1273/1273 1270/1270/1270 1272/1272/1272
f 1273/1273/1273 1272/1272/1272 1274/1274/1274
f 1275/1275/1275 1274/1274/1274 1272/1272/1272
f 1272/1272/1272 1276/1276/1276 1275/1275/1275
f 1276/1276/1276 1272/1272/1272 1271/1271/1271
f 1277/1277/1277 1275/1275/1275 1276/1276/1276
f 1278/1278/1278 1271/1271/1271 1239/1239/1239
f 1271/1271/1271 1278/1278/1278 1276/1276/1276
f 1239/1239/1239 1240/1240/1240 1278/1278/1278
f 1276/1276/1276 1279/1279/1279 1277/1277/1277
f 1279/1279/1279 1276/1276/1276 1278/1278/1278
f 1280/1280/1280 1277/1277/1277 1279/1279/1279
f 1281/1281/1281 1278/1278/1278 1240/1240/1240
f 1278/1278/1278 1281/1281/1281 1279/1279/1279
f 1279/1279/1279 1282/1282/1282 1280/1280/1280
f 1282/1282/1282 1279/1279/1279 1281/1281/1281
f 1283/1283/1283 1280/1280/1280 1282/1282/1282
f 1240/1240/1240 1284/1284/1284 1281/1281/1281
f 1284/1284/1284 1240/1240/1240 1238/1238/1238
f 1238/1238/1238 1241/1241/1241 1284/1284/1284
f 1281/1281/1281 1285/1285/1285 1282/1282/1282
f 1285/1285/1285 1281/1281/1281 1284/1284/1284
f 1282/1282/1282 1286/1286/1286 1283/1283/1283
f 1286/1286/1286 1282/1282/1282 1285/1285/1285
f 1287/1287/1287 1283/1283/1283 1286/1286/1286
f 1286/1286/1286 1288/1288/1288 1287/1287/1287
f 1286/1286/1286 1285/1285/1285 1288/1288/1288
f 1289/1289/1289 1287/1287/1287 1288/1288/1288
f 1285/1285/1285 1284/1284/1284 1290/1290/1290
f 1290/1290/1290 1288/1288/1288 1285/1285/1285
f 1288/1288/1288 1291/1291/1291 1289/1289/1289
f 1288/1288/1288 1290/1290/1290 1291/1291/1291
f 1292/1292/1292 1289/1289/1289 1291/1291/1291
f 1293/1293/1293 1290/1290/1290 1284/1284/1284
f 1293/1293/1293 1284/1284/1284 1241/1241/1241
f 1294/1294/1294 1291/1291/1291 1290/1290/1290
f 1290/1290/1290 1293/1293/1293 1294/1294/1294
f 1291/1291/1291 1295/1295/1295 1292/1292/1292
f 1291/1291/1291 1294/1294/1294 1295/1295/1295
f 1296/1296/1296 1292/1292/1292 1295/1295/1295
f 1296/1296/1296 1295/1295/1295 1297/1297/1297
f 1241/1241/1241 1298/1298/1298 1293/1293/1293
f 1298/1298/1298 1241/1241/1241 1243/1243/1243
f 1299/1299/1299 1297/1297/1297 1295/1295/1295
f 1297/1297/1297 1299/1299/1299 1300/1300/1300
f 1243/1243/1243 1301/1301/1301 1298/1298/1298
f 1301/1301/1301 1243/1243/1243 1245/1245/1245
f 1302/1302/1302 1293/1293/1293 1298/1298/1298
f 1302/1302/1302 1294/1294/1294 1293/1293/1293
f 1303/1303/1303 1295/1295/1295 1294/1294/1294
f 1294/1294/1294 1302/1302/1302 1303/1303/1303
f 1295/1295/1295 1303/1303/1303 1299/1299/1299
f 1298/1298/1298 1304/1304/1304 1302/1302/1302
f 1304/1304/1304 1298/1298/1298 1301/1301/1301
f 1305/1305/1305 1303/1303/1303 1302/1302/1302
f 1305/1305/1305 1302/1302/1302 1304/1304/1304
f 1306/1306/1306 1299/1299/1299 1303/1303/1303
f 1303/1303/1303 1305/1305/1305 1306/1306/1306
f 1305/1305/1305 1304/1304/1304 1307/1307/1307
f 1307/1307/1307 1306/1306/1306 1305/1305/1305
f 1299/1299/1299 1306/1306/1306 1308/1308/1308
f 1308/1308/1308 1300/1300/1300 1299/1299/1299
f 1306/1306/1306 1307/1307/1307 1309/1309/1309
f 1309/1309/1309 1308/1308/1308 1306/1306/1306
f 1310/1310/1310 1307/1307/1307 1304/1304/1304
f 1304/1304/1304 1301/1301/1301 1310/1310/1310
f 1311/1311/1311 1309/1309/1309 1307/1307/1307
f 1307/1307/1307 1310/1310/1310 1311/1311/1311
f 1309/1309/1309 1312/1312/1312 1308/1308/1308
f 1308/1308/1308 1313/1313/1313 1300/1300/1300
f 1313/1313/1313 1308/1308/1308 1312/1312/1312
f 1314/1314/1314 1300/1300/1300 1313/1313/1313
f 1312/1312/1312 1309/1309/1309 1315/1315/1315
f 1311/1311/1311 1315/1315/1315 1309/1309/1309
f 1313/1313/1313 1316/1316/1316 1314/1314/1314
f 1317/1317/1317 1314/1314/1314 1316/1316/1316
f 1312/1312/1312 1318/1318/1318 1313/1313/1313
f 1316/1316/1316 1313/1313/1313 1318/1318/1318
f 1316/1316/1316 1319/1319/1319 1317/1317/1317
f 1320/1320/1320 1317/1317/1317 1319/1319/1319
f 1318/1318/1318 1321/1321/1321 1316/1316/1316
f 1319/1319/1319 1316/1316/1316 1321/1321/1321
f 1318/1318/1318 1312/1312/1312 1322/1322/1322
f 1315/1315/1315 1322/1322/1322 1312/1312/1312
f 1319/1319/1319 1323/1323/1323 1320/1320/1320
f 1324/1324/1324 1320/1320/1320 1323/1323/1323
f 1323/1323/1323 1319/1319/1319 1325/1325/1325
f 1321/1321/1321 1325/1325/1325 1319/1319/1319
f 1323/1323/1323 1326/1326/1326 1324/1324/1324
f 1327/1327/1327 1324/1324/1324 1326/1326/1326
f 1326/1326/1326 1323/1323/1323 1328/1328/1328
f 1325/1325/1325 1328/1328/1328 1323/1323/1323
f 1326/1326/1326 1329/1329/1329 1327/1327/1327
f 1326/1326/1326 1328/1328/1328 1329/1329/1329
f 1330/1330/1330 1327/1327/1327 1329/1329/1329
f 1330/1330/1330 1329/1329/1329 1331/1331/1331
f 1332/1332/1332 1331/1331/1331 1329/1329/1329
f 1331/1331/1331 1332/1332/1332 1333/1333/1333
f 1334/1334/1334 1329/1329/1329 1328/1328/1328
f 1329/1329/1329 1334/1334/1334 1332/1332/1332
f 1335/1335/1335 1333/1333/1333 1332/1332/1332
f 1333/1333/1333 1335/1335/1335 1336/1336/1336
f 1337/1337/1337 1332/1332/1332 1334/1334/1334
f 1332/1332/1332 1337/1337/1337 1335/1335/1335
f 1334/1334/1334 1328/1328/1328 1338/1338/1338
f 1334/1334/1334 1338/1338/1338 1337/1337/1337
f 1339/1339/1339 1336/1336/1336 1335/1335/1335
f 1336/1336/1336 1339/1339/1339 1340/1340/1340
f 1341/1341/1341 1335/1335/1335 1337/1337/1337
f 1335/1335/1335 1341/1341/1341 1339/1339/1339
f 1342/1342/1342 1340/1340/1340 1339/1339/1339
f 1340/1340/1340 1342/1342/1342 1343/1343/1343
f 1344/1344/1344 1339/1339/1339 1341/1341/1341
f 1339/1339/1339 1344/1344/1344 1342/1342/1342
f 1337/1337/1337 1345/1345/1345 1341/1341/1341
f 1345/1345/1345 1337/1337/1337 1338/1338/1338
f 1346/1346/1346 1343/1343/1343 1342/1342/1342
f 1343/1343/1343 1346/1346/1346 1347/1347/1347
f 1342/1342/1342 1348/1348/1348 1346/1346/1346
f 1348/1348/1348 1342/1342/1342 1344/1344/1344
f 1349/1349/1349 1347/1347/1347 1346/1346/1346
f 1350/1350/1350 1347/1347/1347 1349/1349/1349
f 1346/1346/1346 1351/1351/1351 1349/1349/1349
f 1351/1351/1351 1346/1346/1346 1348/1348/1348
f 1349/1349/1349 1352/1352/1352 1350/1350/1350
f 1352/1352/1352 1349/1349/1349 1351/1351/1351
f 1344/1344/1344 1353/1353/1353 1348/1348/1348
f 1348/1348/1348 1354/1354/1354 1351/1351/1351
f 1354/1354/1354 1348/1348/1348 1353/1353/1353
f 1351/1351/1351 1355/1355/1355 1352/1352/1352
f 1355/1355/1355 1351/1351/1351 1354/1354/1354
f 1356/1356/1356 1352/1352/1352 1355/1355/1355
f 1350/1350/1350 1352/1352/1352 1356/1356/1356
f 1354/1354/1354 1357/1357/1357 1355/1355/1355
f 1350/1350/1350 1356/1356/1356 1358/1358/1358
f 1355/1355/1355 1359/1359/1359 1356/1356/1356
f 1358/1358/1358 1356/1356/1356 1359/1359/1359
f 1359/1359/1359 1355/1355/1355 1357/1357/1357
f 1358/1358/1358 1360/1360/1360 1350/1350/1350
f 1358/1358/1358 1359/1359/1359 1360/1360/1360
f 1350/1350/1350 1360/1360/1360 1361/1361/1361
f 1350/1350/1350 1361/1361/1361 1362/1362/1362
f 1363/1363/1363 1360/1360/1360 1359/1359/1359
f 1360/1360/1360 1363/1363/1363 1361/1361/1361
f 1361/1361/1361 1364/1364/1364 1362/1362/1362
f 1364/1364/1364 1361/1361/1361 1363/1363/1363
f 1365/1365/1365 1362/1362/1362 1364/1364/1364
f 1363/1363/1363 1359/1359/1359 1366/1366/1366
f 1357/1357/1357 1366/1366/1366 1359/1359/1359
f 1364/1364/1364 1363/1363/1363 1367/1367/1367
f 1364/1364/1364 1367/1367/1367 1365/1365/1365
f 1366/1366/1366 1367/1367/1367 1363/1363/1363
f 1368/1368/1368 1365/1365/1365 1367/1367/1367
f 1368/1368/1368 1367/1367/1367 1369/1369/1369
f 1370/1370/1370 1369/1369/1369 1367/1367/1367
f 1367/1367/1367 1366/1366/1366 1370/1370/1370
f 1369/1369/1369 1370/1370/1370 1371/1371/1371
f 1366/1366/1366 1357/1357/1357 1372/1372/1372
f 1372/1372/1372 1370/1370/1370 1366/1366/1366
f 1373/1373/1373 1372/1372/1372 1357/1357/1357
f 1357/1357/1357 1354/1354/1354 1373/1373/1373
f 1353/1353/1353 1373/1373/1373 1354/1354/1354
f 1372/1372/1372 1374/1374/1374 1370/1370/1370
f 1372/1372/1372 1373/1373/1373 1374/1374/1374
f 1375/1375/1375 1371/1371/1371 1370/1370/1370
f 1375/1375/1375 1370/1370/1370 1374/1374/1374
f 1371/1371/1371 1375/1375/1375 1376/1376/1376
f 1377/1377/1377 1374/1374/1374 1373/1373/1373
f 1373/1373/1373 1353/1353/1353 1377/1377/1377
f 1378/1378/1378 1376/1376/1376 1375/1375/1375
f 1376/1376/1376 1378/1378/1378 1379/1379/1379
f 1374/1374/1374 1380/1380/1380 1375/1375/1375
f 1378/1378/1378 1375/1375/1375 1380/1380/1380
f 1377/1377/1377 1381/1381/1381 1374/1374/1374
f 1380/1380/1380 1374/1374/1374 1381/1381/1381
f 1382/1382/1382 1377/1377/1377 1353/1353/1353
f 1377/1377/1377 1382/1382/1382 1381/1381/1381
f 1353/1353/1353 1344/1344/1344 1382/1382/1382
f 1341/1341/1341 1382/1382/1382 1344/1344/1344
f 1382/1382/1382 1341/1341/1341 1345/1345/1345
f 1345/1345/1345 1381/1381/1381 1382/1382/1382
f 1381/1381/1381 1345/1345/1345 1383/1383/1383
f 1381/1381/1381 1383/1383/1383 1380/1380/1380
f 1338/1338/1338 1383/1383/1383 1345/1345/1345
f 1380/1380/1380 1384/1384/1384 1378/1378/1378
f 1384/1384/1384 1380/1380/1380 1383/1383/1383
f 1385/1385/1385 1378/1378/1378 1384/1384/1384
f 1385/1385/1385 1379/1379/1379 1378/1378/1378
f 1383/1383/1383 1386/1386/1386 1384/1384/1384
f 1385/1385/1385 1387/1387/1387 1379/1379/1379
f 1388/1388/1388 1379/1379/1379 1387/1387/1387
f 1384/1384/1384 1389/1389/1389 1385/1385/1385
f 1387/1387/1387 1385/1385/1385 1389/1389/1389
f 1389/1389/1389 1384/1384/1384 1386/1386/1386
f 1387/1387/1387 1390/1390/1390 1388/1388/1388
f 1391/1391/1391 1388/1388/1388 1390/1390/1390
f 1389/1389/1389 1392/1392/1392 1387/1387/1387
f 1390/1390/1390 1387/1387/1387 1392/1392/1392
f 1389/1389/1389 1386/1386/1386 1392/1392/1392
f 1390/1390/1390 1393/1393/1393 1391/1391/1391
f 1394/1394/1394 1391/1391/1391 1393/1393/1393
f 1392/1392/1392 1395/1395/1395 1390/1390/1390
f 1393/1393/1393 1390/1390/1390 1395/1395/1395
f 1393/1393/1393 1396/1396/1396 1394/1394/1394
f 1393/1393/1393 1395/1395/1395 1396/1396/1396
f 1397/1397/1397 1394/1394/1394 1396/1396/1396
f 1397/1397/1397 1396/1396/1396 1398/1398/1398
f 1399/1399/1399 1392/1392/1392 1386/1386/1386
f 1392/1392/1392 1399/1399/1399 1395/1395/1395
f 1400/1400/1400 1398/1398/1398 1396/1396/1396
f 1401/1401/1401 1396/1396/1396 1395/1395/1395
f 1396/1396/1396 1401/1401/1401 1400/1400/1400
f 1400/1400/1400 1402/1402/1402 1398/1398/1398
f 1403/1403/1403 1398/1398/1398 1402/1402/1402
f 1404/1404/1404 1400/1400/1400 1401/1401/1401
f 1400/1400/1400 1404/1404/1404 1402/1402/1402
f 1402/1402/1402 1405/1405/1405 1403/1403/1403
f 1406/1406/1406 1403/1403/1403 1405/1405/1405
f 1406/1406/1406 1405/1405/1405 1407/1407/1407
f 1408/1408/1408 1407/1407/1407 1405/1405/1405
f 1409/1409/1409 1408/1408/1408 1405/1405/1405
f 1402/1402/1402 1410/1410/1410 1405/1405/1405
f 1410/1410/1410 1402/1402/1402 1404/1404/1404
f 1411/1411/1411 1409/1409/1409 1405/1405/1405
f 1411/1411/1411 1405/1405/1405 1410/1410/1410
f 1412/1412/1412 1409/1409/1409 1411/1411/1411
f 1412/1412/1412 1411/1411/1411 1413/1413/1413
f 1404/1404/1404 1414/1414/1414 1410/1410/1410
f 1411/1411/1411 1415/1415/1415 1413/1413/1413
f 1410/1410/1410 1416/1416/1416 1411/1411/1411
f 1415/1415/1415 1411/1411/1411 1416/1416/1416
f 1416/1416/1416 1410/1410/1410 1414/1414/1414
f 1417/1417/1417 1413/1413/1413 1415/1415/1415
f 1418/1418/1418 1413/1413/1413 1417/1417/1417
f 1418/1418/1418 1417/1417/1417 1419/1419/1419
f 1415/1415/1415 1416/1416/1416 1420/1420/1420
f 1415/1415/1415 1420/1420/1420 1417/1417/1417
f 1421/1421/1421 1420/1420/1420 1416/1416/1416
f 1416/1416/1416 1414/1414/1414 1421/1421/1421
f 1422/1422/1422 1417/1417/1417 1420/1420/1420
f 1423/1423/1423 1419/1419/1419 1417/1417/1417
f 1417/1417/1417 1422/1422/1422 1423/1423/1423
f 1420/1420/1420 1421/1421/1421 1424/1424/1424
f 1420/1420/1420 1424/1424/1424 1422/1422/1422
f 1423/1423/1423 1425/1425/1425 1419/1419/1419
f 1004/1004/1004 1419/1419/1419 1425/1425/1425
f 1425/1425/1425 1002/1002/1002 1004/1004/1004
f 1426/1426/1426 1423/1423/1423 1422/1422/1422
f 1425/1425/1425 1423/1423/1423 1427/1427/1427
f 1426/1426/1426 1427/1427/1427 1423/1423/1423
f 1002/1002/1002 1425/1425/1425 1428/1428/1428
f 1427/1427/1427 1428/1428/1428 1425/1425/1425
f 1428/1428/1428 1429/1429/1429 1002/1002/1002
f 998/998/998 1002/1002/1002 1429/1429/1429
f 1428/1428/1428 1427/1427/1427 1430/1430/1430
f 1428/1428/1428 1430/1430/1430 1429/1429/1429
f 1427/1427/1427 1426/1426/1426 1431/1431/1431
f 1431/1431/1431 1430/1430/1430 1427/1427/1427
f 1422/1422/1422 1432/1432/1432 1426/1426/1426
f 1432/1432/1432 1422/1422/1422 1424/1424/1424
f 1433/1433/1433 1431/1431/1431 1426/1426/1426
f 1433/1433/1433 1426/1426/1426 1432/1432/1432
f 1433/1433/1433 1434/1434/1434 1431/1431/1431
f 1433/1433/1433 1432/1432/1432 1434/1434/1434
f 1431/1431/1431 1435/1435/1435 1430/1430/1430
f 1435/1435/1435 1431/1431/1431 1434/1434/1434
f 1436/1436/1436 1434/1434/1434 1432/1432/1432
f 1432/1432/1432 1424/1424/1424 1436/1436/1436
f 1434/1434/1434 1437/1437/1437 1435/1435/1435
f 1434/1434/1434 1436/1436/1436 1437/1437/1437
f 1438/1438/1438 1430/1430/1430 1435/1435/1435
f 1439/1439/1439 1435/1435/1435 1437/1437/1437
f 1435/1435/1435 1439/1439/1439 1438/1438/1438
f 1430/1430/1430 1438/1438/1438 1440/1440/1440
f 1440/1440/1440 1429/1429/1429 1430/1430/1430
f 1441/1441/1441 1440/1440/1440 1438/1438/1438
f 1440/1440/1440 1442/1442/1442 1429/1429/1429
f 1440/1440/1440 1441/1441/1441 1442/1442/1442
f 1443/1443/1443 1438/1438/1438 1439/1439/1439
f 1438/1438/1438 1443/1443/1443 1441/1441/1441
f 1444/1444/1444 1429/1429/1429 1442/1442/1442
f 1429/1429/1429 1444/1444/1444 998/998/998
f 994/994/994 998/998/998 1444/1444/1444
f 1188/1188/1188 1441/1441/1441 1443/1443/1443
f 994/994/994 1444/1444/1444 1445/1445/1445
f 1445/1445/1445 990/990/990 994/994/994
f 1443/1443/1443 1187/1187/1187 1188/1188/1188
f 1441/1441/1441 1188/1188/1188 1446/1446/1446
f 1446/1446/1446 1442/1442/1442 1441/1441/1441
f 1186/1186/1186 1446/1446/1446 1188/1188/1188
f 1187/1187/1187 1443/1443/1443 1447/1447/1447
f 1439/1439/1439 1447/1447/1447 1443/1443/1443
f 1447/1447/1447 1189/1189/1189 1187/1187/1187
f 1447/1447/1447 1439/1439/1439 1448/1448/1448
f 1437/1437/1437 1448/1448/1448 1439/1439/1439
f 1189/1189/1189 1447/1447/1447 1449/1449/1449
f 1448/1448/1448 1449/1449/1449 1447/1447/1447
f 1449/1449/1449 1191/1191/1191 1189/1189/1189
f 1437/1437/1437 1450/1450/1450 1448/1448/1448
f 1450/1450/1450 1437/1437/1437 1436/1436/1436
f 1448/1448/1448 1451/1451/1451 1449/1449/1449
f 1451/1451/1451 1448/1448/1448 1450/1450/1450
f 1449/1449/1449 1452/1452/1452 1191/1191/1191
f 1452/1452/1452 1449/1449/1449 1451/1451/1451
f 1219/1219/1219 1191/1191/1191 1452/1452/1452
f 1436/1436/1436 1453/1453/1453 1450/1450/1450
f 1453/1453/1453 1436/1436/1436 1424/1424/1424
f 1452/1452/1452 1454/1454/1454 1219/1219/1219
f 1223/1223/1223 1219/1219/1219 1454/1454/1454
f 1451/1451/1451 1455/1455/1455 1452/1452/1452
f 1454/1454/1454 1452/1452/1452 1455/1455/1455
f 1450/1450/1450 1456/1456/1456 1451/1451/1451
f 1455/1455/1455 1451/1451/1451 1456/1456/1456
f 1456/1456/1456 1450/1450/1450 1453/1453/1453
f 1455/1455/1455 1457/1457/1457 1454/1454/1454
f 1456/1456/1456 1458/1458/1458 1455/1455/1455
f 1457/1457/1457 1455/1455/1455 1458/1458/1458
f 1453/1453/1453 1459/1459/1459 1456/1456/1456
f 1458/1458/1458 1456/1456/1456 1459/1459/1459
f 1424/1424/1424 1460/1460/1460 1453/1453/1453
f 1459/1459/1459 1453/1453/1453 1460/1460/1460
f 1460/1460/1460 1424/1424/1424 1421/1421/1421
f 1459/1459/1459 1461/1461/1461 1458/1458/1458
f 1421/1421/1421 1462/1462/1462 1460/1460/1460
f 1460/1460/1460 1463/1463/1463 1459/1459/1459
f 1463/1463/1463 1460/1460/1460 1462/1462/1462
f 1461/1461/1461 1459/1459/1459 1463/1463/1463
f 1462/1462/1462 1421/1421/1421 1414/1414/1414
f 1463/1463/1463 1464/1464/1464 1461/1461/1461
f 1463/1463/1463 1462/1462/1462 1464/1464/1464
f 1465/1465/1465 1458/1458/1458 1461/1461/1461
f 1458/1458/1458 1465/1465/1465 1457/1457/1457
f 1466/1466/1466 1461/1461/1461 1464/1464/1464
f 1461/1461/1461 1466/1466/1466 1465/1465/1465
f 1467/1467/1467 1464/1464/1464 1462/1462/1462
f 1462/1462/1462 1414/1414/1414 1467/1467/1467
f 1464/1464/1464 1468/1468/1468 1466/1466/1466
f 1464/1464/1464 1467/1467/1467 1468/1468/1468
f 1469/1469/1469 1467/1467/1467 1414/1414/1414
f 1414/1414/1414 1404/1404/1404 1469/1469/1469
f 1401/1401/1401 1469/1469/1469 1404/1404/1404
f 1467/1467/1467 1469/1469/1469 1470/1470/1470
f 1470/1470/1470 1468/1468/1468 1467/1467/1467
f 1469/1469/1469 1401/1401/1401 1471/1471/1471
f 1471/1471/1471 1470/1470/1470 1469/1469/1469
f 1395/1395/1395 1471/1471/1471 1401/1401/1401
f 1395/1395/1395 1472/1472/1472 1471/1471/1471
f 1472/1472/1472 1395/1395/1395 1399/1399/1399
f 1471/1471/1471 1473/1473/1473 1470/1470/1470
f 1473/1473/1473 1471/1471/1471 1472/1472/1472
f 1470/1470/1470 1474/1474/1474 1468/1468/1468
f 1473/1473/1473 1474/1474/1474 1470/1470/1470
f 1399/1399/1399 1475/1475/1475 1472/1472/1472
f 1472/1472/1472 1476/1476/1476 1473/1473/1473
f 1476/1476/1476 1472/1472/1472 1475/1475/1475
f 1477/1477/1477 1473/1473/1473 1476/1476/1476
f 1477/1477/1477 1474/1474/1474 1473/1473/1473
f 1476/1476/1476 1475/1475/1475 1321/1321/1321
f 1476/1476/1476 1321/1321/1321 1477/1477/1477
f 1325/1325/1325 1321/1321/1321 1475/1475/1475
f 1478/1478/1478 1477/1477/1477 1321/1321/1321
f 1477/1477/1477 1478/1478/1478 1474/1474/1474
f 1321/1321/1321 1318/1318/1318 1478/1478/1478
f 1322/1322/1322 1478/1478/1478 1318/1318/1318
f 1475/1475/1475 1479/1479/1479 1325/1325/1325
f 1475/1475/1475 1399/1399/1399 1479/1479/1479
f 1328/1328/1328 1325/1325/1325 1479/1479/1479
f 1386/1386/1386 1479/1479/1479 1399/1399/1399
f 1479/1479/1479 1338/1338/1338 1328/1328/1328
f 1386/1386/1386 1383/1383/1383 1479/1479/1479
f 1338/1338/1338 1479/1479/1479 1383/1383/1383
f 1478/1478/1478 1322/1322/1322 1480/1480/1480
f 1480/1480/1480 1474/1474/1474 1478/1478/1478
f 1481/1481/1481 1480/1480/1480 1322/1322/1322
f 1322/1322/1322 1315/1315/1315 1481/1481/1481
f 1474/1474/1474 1480/1480/1480 1482/1482/1482
f 1482/1482/1482 1468/1468/1468 1474/1474/1474
f 1482/1482/1482 1466/1466/1466 1468/1468/1468
f 1483/1483/1483 1482/1482/1482 1480/1480/1480
f 1480/1480/1480 1481/1481/1481 1483/1483/1483
f 1466/1466/1466 1482/1482/1482 1484/1484/1484
f 1483/1483/1483 1484/1484/1484 1482/1482/1482
f 1484/1484/1484 1465/1465/1465 1466/1466/1466
f 1485/1485/1485 1483/1483/1483 1481/1481/1481
f 1465/1465/1465 1484/1484/1484 1486/1486/1486
f 1486/1486/1486 1457/1457/1457 1465/1465/1465
f 1484/1484/1484 1483/1483/1483 1487/1487/1487
f 1487/1487/1487 1486/1486/1486 1484/1484/1484
f 1485/1485/1485 1487/1487/1487 1483/1483/1483
f 1457/1457/1457 1486/1486/1486 1488/1488/1488
f 1488/1488/1488 1454/1454/1454 1457/1457/1457
f 1454/1454/1454 1488/1488/1488 1223/1223/1223
f 1486/1486/1486 1487/1487/1487 1489/1489/1489
f 1489/1489/1489 1488/1488/1488 1486/1486/1486
f 1490/1490/1490 1223/1223/1223 1488/1488/1488
f 1488/1488/1488 1489/1489/1489 1490/1490/1490
f 1490/1490/1490 1221/1221/1221 1223/1223/1223
f 1221/1221/1221 1490/1490/1490 1247/1247/1247
f 1491/1491/1491 1489/1489/1489 1487/1487/1487
f 1487/1487/1487 1485/1485/1485 1491/1491/1491
f 1492/1492/1492 1490/1490/1490 1489/1489/1489
f 1492/1492/1492 1247/1247/1247 1490/1490/1490
f 1489/1489/1489 1491/1491/1491 1492/1492/1492
f 1247/1247/1247 1492/1492/1492 1493/1493/1493
f 1493/1493/1493 1245/1245/1245 1247/1247/1247
f 1245/1245/1245 1493/1493/1493 1301/1301/1301
f 1494/1494/1494 1492/1492/1492 1491/1491/1491
f 1494/1494/1494 1493/1493/1493 1492/1492/1492
f 1495/1495/1495 1301/1301/1301 1493/1493/1493
f 1493/1493/1493 1494/1494/1494 1495/1495/1495
f 1495/1495/1495 1310/1310/1310 1301/1301/1301
f 1491/1491/1491 1496/1496/1496 1494/1494/1494
f 1496/1496/1496 1491/1491/1491 1485/1485/1485
f 1497/1497/1497 1495/1495/1495 1494/1494/1494
f 1497/1497/1497 1494/1494/1494 1496/1496/1496
f 1310/1310/1310 1495/1495/1495 1498/1498/1498
f 1497/1497/1497 1498/1498/1498 1495/1495/1495
f 1497/1497/1497 1496/1496/1496 1498/1498/1498
f 1498/1498/1498 1311/1311/1311 1310/1310/1310
f 1496/1496/1496 1485/1485/1485 1499/1499/1499
f 1499/1499/1499 1498/1498/1498 1496/1496/1496
f 1498/1498/1498 1499/1499/1499 1311/1311/1311
f 1481/1481/1481 1499/1499/1499 1485/1485/1485
f 1315/1315/1315 1311/1311/1311 1499/1499/1499
f 1499/1499/1499 1481/1481/1481 1315/1315/1315
f 1500/1500/1500 1014/1014/1014 992/992/992
f 1014/1014/1014 1500/1500/1500 1029/1029/1029
f 992/992/992 988/988/988 1500/1500/1500
f 1501/1501/1501 1029/1029/1029 1500/1500/1500
f 1029/1029/1029 1501/1501/1501 1030/1030/1030
f 1034/1034/1034 1030/1030/1030 1501/1501/1501
f 1502/1502/1502 1500/1500/1500 988/988/988
f 1500/1500/1500 1502/1502/1502 1501/1501/1501
f 1501/1501/1501 1503/1503/1503 1034/1034/1034
f 1503/1503/1503 1501/1501/1501 1502/1502/1502
f 1047/1047/1047 1034/1034/1034 1503/1503/1503
f 1502/1502/1502 988/988/988 1504/1504/1504
f 1502/1502/1502 1504/1504/1504 1503/1503/1503
f 985/985/985 1504/1504/1504 988/988/988
f 990/990/990 1504/1504/1504 985/985/985
f 990/990/990 1445/1445/1445 1504/1504/1504
f 1503/1503/1503 1505/1505/1505 1047/1047/1047
f 1505/1505/1505 1503/1503/1503 1504/1504/1504
f 1506/1506/1506 1504/1504/1504 1445/1445/1445
f 1504/1504/1504 1506/1506/1506 1505/1505/1505
f 1506/1506/1506 1445/1445/1445 1507/1507/1507
f 1445/1445/1445 1444/1444/1444 1507/1507/1507
f 1508/1508/1508 1047/1047/1047 1505/1505/1505
f 1047/1047/1047 1508/1508/1508 1040/1040/1040
f 1044/1044/1044 1040/1040/1040 1508/1508/1508
f 1508/1508/1508 1509/1509/1509 1044/1044/1044
f 1508/1508/1508 1505/1505/1505 1509/1509/1509
f 1062/1062/1062 1044/1044/1044 1509/1509/1509
f 1510/1510/1510 1509/1509/1509 1505/1505/1505
f 1510/1510/1510 1505/1505/1505 1506/1506/1506
f 1509/1509/1509 1511/1511/1511 1062/1062/1062
f 1509/1509/1509 1510/1510/1510 1511/1511/1511
f 1510/1510/1510 1506/1506/1506 1512/1512/1512
f 1512/1512/1512 1511/1511/1511 1510/1510/1510
f 1507/1507/1507 1512/1512/1512 1506/1506/1506
f 1513/1513/1513 1062/1062/1062 1511/1511/1511
f 1062/1062/1062 1513/1513/1513 1056/1056/1056
f 1511/1511/1511 1512/1512/1512 1514/1514/1514
f 1511/1511/1511 1514/1514/1514 1513/1513/1513
f 1512/1512/1512 1507/1507/1507 1515/1515/1515
f 1515/1515/1515 1514/1514/1514 1512/1512/1512
f 1516/1516/1516 1056/1056/1056 1513/1513/1513
f 1056/1056/1056 1516/1516/1516 1059/1059/1059
f 1517/1517/1517 1513/1513/1513 1514/1514/1514
f 1513/1513/1513 1517/1517/1517 1516/1516/1516
f 1515/1515/1515 1518/1518/1518 1514/1514/1514
f 1517/1517/1517 1514/1514/1514 1518/1518/1518
f 1519/1519/1519 1515/1515/1515 1507/1507/1507
f 1507/1507/1507 1444/1444/1444 1519/1519/1519
f 1442/1442/1442 1519/1519/1519 1444/1444/1444
f 1519/1519/1519 1520/1520/1520 1515/1515/1515
f 1519/1519/1519 1442/1442/1442 1520/1520/1520
f 1518/1518/1518 1515/1515/1515 1520/1520/1520
f 1446/1446/1446 1520/1520/1520 1442/1442/1442
f 1520/1520/1520 1446/1446/1446 1521/1521/1521
f 1520/1520/1520 1521/1521/1521 1518/1518/1518
f 1186/1186/1186 1521/1521/1521 1446/1446/1446
f 1521/1521/1521 1186/1186/1186 1181/1181/1181
f 1522/1522/1522 1518/1518/1518 1521/1521/1521
f 1521/1521/1521 1181/1181/1181 1522/1522/1522
f 1518/1518/1518 1522/1522/1522 1517/1517/1517
f 1523/1523/1523 1522/1522/1522 1181/1181/1181
f 1181/1181/1181 1177/1177/1177 1523/1523/1523
f 1524/1524/1524 1517/1517/1517 1522/1522/1522
f 1522/1522/1522 1523/1523/1523 1524/1524/1524
f 1524/1524/1524 1516/1516/1516 1517/1517/1517
f 1176/1176/1176 1523/1523/1523 1177/1177/1177
f 1516/1516/1516 1524/1524/1524 1525/1525/1525
f 1525/1525/1525 1059/1059/1059 1516/1516/1516
f 1059/1059/1059 1525/1525/1525 1139/1139/1139
f 1143/1143/1143 1139/1139/1139 1525/1525/1525
f 1526/1526/1526 1524/1524/1524 1523/1523/1523
f 1526/1526/1526 1525/1525/1525 1524/1524/1524
f 1523/1523/1523 1176/1176/1176 1526/1526/1526
f 1143/1143/1143 1525/1525/1525 1527/1527/1527
f 1526/1526/1526 1527/1527/1527 1525/1525/1525
f 1527/1527/1527 1526/1526/1526 1176/1176/1176
f 1527/1527/1527 1145/1145/1145 1143/1143/1143
f 1176/1176/1176 1149/1149/1149 1527/1527/1527
f 1145/1145/1145 1527/1527/1527 1149/1149/1149
f 1529/1529/1529 1530/1530/1530 1528/1528/1528
f 1529/1529/1529 1528/1528/1528 1531/1531/1531
f 1532/1532/1532 1528/1528/1528 1530/1530/1530
f 1533/1533/1533 1531/1531/1531 1528/1528/1528
f 1530/1530/1530 1534/1534/1534 1532/1532/1532
f 1531/1531/1531 1533/1533/1533 1535/1535/1535
f 1536/1536/1536 1532/1532/1532 1534/1534/1534
f 1537/1537/1537 1535/1535/1535 1533/1533/1533
f 1534/1534/1534 1538/1538/1538 1536/1536/1536
f 1537/1537/1537 1539/1539/1539 1535/1535/1535
f 1540/1540/1540 1536/1536/1536 1538/1538/1538
f 1541/1541/1541 1535/1535/1535 1539/1539/1539
f 1538/1538/1538 1542/1542/1542 1540/1540/1540
f 1539/1539/1539 1543/1543/1543 1541/1541/1541
f 1544/1544/1544 1540/1540/1540 1542/1542/1542
f 1545/1545/1545 1541/1541/1541 1543/1543/1543
f 1544/1544/1544 1542/1542/1542 1546/1546/1546
f 1545/1545/1545 1543/1543/1543 1547/1547/1547
f 1548/1548/1548 1546/1546/1546 1542/1542/1542
f 1549/1549/1549 1547/1547/1547 1543/1543/1543
f 1546/1546/1546 1548/1548/1548 1550/1550/1550
f 1547/1547/1547 1549/1549/1549 1551/1551/1551
f 1551/1551/1551 1550/1550/1550 1548/1548/1548
f 1550/1550/1550 1551/1551/1551 1549/1549/1549
f 1553/1553/1553 1554/1554/1554 1552/1552/1552
f 1553/1553/1553 1552/1552/1552 1555/1555/1555
f 1556/1556/1556 1552/1552/1552 1554/1554/1554
f 1557/1557/1557 1555/1555/1555 1552/1552/1552
f 1554/1554/1554 1558/1558/1558 1556/1556/1556
f 1555/1555/1555 1557/1557/1557 1559/1559/1559
f 1560/1560/1560 1556/1556/1556 1558/1558/1558
f 1561/1561/1561 1559/1559/1559 1557/1557/1557
f 1560/1560/1560 1558/1558/1558 1562/1562/1562
f 1561/1561/1561 1563/1563/1563 1559/1559/1559
f 1564/1564/1564 1562/1562/1562 1558/1558/1558
f 1565/1565/1565 1559/1559/1559 1563/1563/1563
f 1562/1562/1562 1564/1564/1564 1566/1566/1566
f 1563/1563/1563 1567/1567/1567 1565/1565/1565
f 1568/1568/1568 1566/1566/1566 1564/1564/1564
f 1569/1569/1569 1565/1565/1565 1567/1567/1567
f 1566/1566/1566 1568/1568/1568 1570/1570/1570
f 1567/1567/1567 1571/1571/1571 1569/1569/1569
f 1572/1572/1572 1570/1570/1570 1568/1568/1568
f 1573/1573/1573 1569/1569/1569 1571/1571/1571
f 1570/1570/1570 1572/1572/1572 1574/1574/1574
f 1571/1571/1571 1574/1574/1574 1573/1573/1573
f 1575/1575/1575 1574/1574/1574 1572/1572/1572
f 1575/1575/1575 1573/1573/1573 1574/1574/1574
f 1577/1577/1577 1578/1578/1578 1576/1576/1576
f 1577/1577/1577 1576/1576/1576 1579/1579/1579
f 1580/1580/1580 1576/1576/1576 1578/1578/1578
f 1578/1578/1578 1581/1581/1581 1580/1580/1580
f 1582/1582/1582 1579/1579/1579 1576/1576/1576
f 1576/1576/1576 1580/1580/1580 1583/1583/1583
f 1576/1576/1576 1583/1583/1583 1582/1582/1582
f 1584/1584/1584 1583/1583/1583 1580/1580/1580
f 1585/1585/1585 1582/1582/1582 1583/1583/1583
f 1585/1585/1585 1586/1586/1586 1582/1582/1582
f 1580/1580/1580 1587/1587/1587 1584/1584/1584
f 1587/1587/1587 1580/1580/1580 1581/1581/1581
f 1588/1588/1588 1584/1584/1584 1587/1587/1587
f 1581/1581/1581 1589/1589/1589 1587/1587/1587
f 1587/1587/1587 1590/1590/1590 1588/1588/1588
f 1590/1590/1590 1587/1587/1587 1589/1589/1589
f 1591/1591/1591 1588/1588/1588 1590/1590/1590
f 1589/1589/1589 1592/1592/1592 1590/1590/1590
f 1590/1590/1590 1593/1593/1593 1591/1591/1591
f 1593/1593/1593 1590/1590/1590 1592/1592/1592
f 1594/1594/1594 1591/1591/1591 1593/1593/1593
f 1592/1592/1592 1595/1595/1595 1593/1593/1593
f 1593/1593/1593 1596/1596/1596 1594/1594/1594
f 1596/1596/1596 1593/1593/1593 1595/1595/1595
f 1597/1597/1597 1594/1594/1594 1596/1596/1596
f 1595/1595/1595 1598/1598/1598 1596/1596/1596
f 1596/1596/1596 1599/1599/1599 1597/1597/1597
f 1599/1599/1599 1596/1596/1596 1598/1598/1598
f 1586/1586/1586 1597/1597/1597 1599/1599/1599
f 1598/1598/1598 1579/1579/1579 1599/1599/1599
f 1599/1599/1599 1582/1582/1582 1586/1586/1586
f 1582/1582/1582 1599/1599/1599 1579/1579/1579
f 1601/1601/1601 1602/1602/1602 1600/1600/1600
f 1601/1601/1601 1603/1603/1603 1602/1602/1602
f 1604/1604/1604 1600/1600/1600 1602/1602/1602
f 1600/1600/1600 1604/1604/1604 1605/1605/1605
f 1606/1606/1606 1602/1602/1602 1603/1603/1603
f 1607/1607/1607 1605/1605/1605 1604/1604/1604
f 1605/1605/1605 1607/1607/1607 1608/1608/1608
f 1602/1602/1602 1609/1609/1609 1604/1604/1604
f 1602/1602/1602 1606/1606/1606 1609/1609/1609
f 1610/1610/1610 1604/1604/1604 1609/1609/1609
f 1604/1604/1604 1610/1610/1610 1607/1607/1607
f 1611/1611/1611 1609/1609/1609 1606/1606/1606
f 1612/1612/1612 1607/1607/1607 1610/1610/1610
f 1611/1611/1611 1606/1606/1606 1613/1613/1613
f 1607/1607/1607 1612/1612/1612 1614/1614/1614
f 1614/1614/1614 1608/1608/1608 1607/1607/1607
f 1615/1615/1615 1614/1614/1614 1612/1612/1612
f 1608/1608/1608 1614/1614/1614 1616/1616/1616
f 1614/1614/1614 1615/1615/1615 1617/1617/1617
f 1617/1617/1617 1616/1616/1616 1614/1614/1614
f 1618/1618/1618 1617/1617/1617 1615/1615/1615
f 1616/1616/1616 1617/1617/1617 1619/1619/1619
f 1617/1617/1617 1618/1618/1618 1620/1620/1620
f 1620/1620/1620 1619/1619/1619 1617/1617/1617
f 1621/1621/1621 1620/1620/1620 1618/1618/1618
f 1619/1619/1619 1620/1620/1620 1622/1622/1622
f 1620/1620/1620 1621/1621/1621 1623/1623/1623
f 1623/1623/1623 1622/1622/1622 1620/1620/1620
f 1613/1613/1613 1623/1623/1623 1621/1621/1621
f 1623/1623/1623 1613/1613/1613 1606/1606/1606
f 1622/1622/1622 1623/1623/1623 1603/1603/1603
f 1606/1606/1606 1603/1603/1603 1623/1623/1623
f 1625/1625/1625 1626/1626/1626 1624/1624/1624
f 1625/1625/1625 1627/1627/1627 1626/1626/1626
f 1628/1628/1628 1624/1624/1624 1626/1626/1626
f 1624/1624/1624 1628/1628/1628 1629/1629/1629
f 1630/1630/1630 1626/1626/1626 1627/1627/1627
f 1627/1627/1627 1631/1631/1631 1630/1630/1630
f 1626/1626/1626 1632/1632/1632 1628/1628/1628
f 1626/1626/1626 1630/1630/1630 1632/1632/1632
f 1633/1633/1633 1629/1629/1629 1628/1628/1628
f 1629/1629/1629 1633/1633/1633 1634/1634/1634
f 1635/1635/1635 1628/1628/1628 1632/1632/1632
f 1628/1628/1628 1635/1635/1635 1633/1633/1633
f 1636/1636/1636 1634/1634/1634 1633/1633/1633
f 1634/1634/1634 1636/1636/1636 1637/1637/1637
f 1638/1638/1638 1633/1633/1633 1635/1635/1635
f 1633/1633/1633 1638/1638/1638 1636/1636/1636
f 1639/1639/1639 1637/1637/1637 1636/1636/1636
f 1637/1637/1637 1639/1639/1639 1640/1640/1640
f 1641/1641/1641 1636/1636/1636 1638/1638/1638
f 1636/1636/1636 1641/1641/1641 1639/1639/1639
f 1642/1642/1642 1640/1640/1640 1639/1639/1639
f 1640/1640/1640 1642/1642/1642 1643/1643/1643
f 1644/1644/1644 1639/1639/1639 1641/1641/1641
f 1639/1639/1639 1644/1644/1644 1642/1642/1642
f 1638/1638/1638 1645/1645/1645 1641/1641/1641
f 1646/1646/1646 1643/1643/1643 1642/1642/1642
f 1641/1641/1641 1647/1647/1647 1644/1644/1644
f 1647/1647/1647 1641/1641/1641 1645/1645/1645
f 1648/1648/1648 1642/1642/1642 1644/1644/1644
f 1642/1642/1642 1648/1648/1648 1646/1646/1646
f 1649/1649/1649 1644/1644/1644 1647/1647/1647
f 1644/1644/1644 1649/1649/1649 1648/1648/1648
f 1647/1647/1647 1645/1645/1645 1650/1650/1650
f 1650/1650/1650 1651/1651/1651 1647/1647/1647
f 1649/1649/1649 1647/1647/1647 1651/1651/1651
f 1652/1652/1652 1650/1650/1650 1645/1645/1645
f 1651/1651/1651 1653/1653/1653 1649/1649/1649
f 1645/1645/1645 1654/1654/1654 1652/1652/1652
f 1645/1645/1645 1638/1638/1638 1654/1654/1654
f 1635/1635/1635 1654/1654/1654 1638/1638/1638
f 1655/1655/1655 1652/1652/1652 1654/1654/1654
f 1656/1656/1656 1649/1649/1649 1653/1653/1653
f 1656/1656/1656 1648/1648/1648 1649/1649/1649
f 1653/1653/1653 1657/1657/1657 1656/1656/1656
f 1654/1654/1654 1658/1658/1658 1655/1655/1655
f 1654/1654/1654 1635/1635/1635 1658/1658/1658
f 1659/1659/1659 1655/1655/1655 1658/1658/1658
f 1632/1632/1632 1658/1658/1658 1635/1635/1635
f 1659/1659/1659 1658/1658/1658 1660/1660/1660
f 1632/1632/1632 1661/1661/1661 1658/1658/1658
f 1661/1661/1661 1632/1632/1632 1630/1630/1630
f 1662/1662/1662 1660/1660/1660 1658/1658/1658
f 1662/1662/1662 1658/1658/1658 1661/1661/1661
f 1660/1660/1660 1662/1662/1662 1663/1663/1663
f 1630/1630/1630 1664/1664/1664 1661/1661/1661
f 1664/1664/1664 1630/1630/1630 1631/1631/1631
f 1631/1631/1631 1665/1665/1665 1664/1664/1664
f 1661/1661/1661 1666/1666/1666 1662/1662/1662
f 1666/1666/1666 1661/1661/1661 1664/1664/1664
f 1667/1667/1667 1663/1663/1663 1662/1662/1662
f 1667/1667/1667 1662/1662/1662 1666/1666/1666
f 1663/1663/1663 1667/1667/1667 1668/1668/1668
f 1669/1669/1669 1664/1664/1664 1665/1665/1665
f 1664/1664/1664 1669/1669/1669 1666/1666/1666
f 1665/1665/1665 1670/1670/1670 1669/1669/1669
f 1666/1666/1666 1671/1671/1671 1667/1667/1667
f 1671/1671/1671 1666/1666/1666 1669/1669/1669
f 1672/1672/1672 1668/1668/1668 1667/1667/1667
f 1672/1672/1672 1667/1667/1667 1671/1671/1671
f 1668/1668/1668 1672/1672/1672 1673/1673/1673
f 1674/1674/1674 1669/1669/1669 1670/1670/1670
f 1669/1669/1669 1674/1674/1674 1671/1671/1671
f 1670/1670/1670 1675/1675/1675 1674/1674/1674
f 1671/1671/1671 1676/1676/1676 1672/1672/1672
f 1676/1676/1676 1671/1671/1671 1674/1674/1674
f 1677/1677/1677 1673/1673/1673 1672/1672/1672
f 1677/1677/1677 1672/1672/1672 1676/1676/1676
f 1673/1673/1673 1677/1677/1677 1678/1678/1678
f 1679/1679/1679 1674/1674/1674 1675/1675/1675
f 1674/1674/1674 1679/1679/1679 1676/1676/1676
f 1675/1675/1675 1643/1643/1643 1679/1679/1679
f 1646/1646/1646 1679/1679/1679 1643/1643/1643
f 1680/1680/1680 1676/1676/1676 1679/1679/1679
f 1679/1679/1679 1646/1646/1646 1680/1680/1680
f 1676/1676/1676 1680/1680/1680 1677/1677/1677
f 1681/1681/1681 1678/1678/1678 1677/1677/1677
f 1681/1681/1681 1677/1677/1677 1680/1680/1680
f 1678/1678/1678 1681/1681/1681 1657/1657/1657
f 1682/1682/1682 1680/1680/1680 1646/1646/1646
f 1680/1680/1680 1682/1682/1682 1681/1681/1681
f 1682/1682/1682 1646/1646/1646 1648/1648/1648
f 1648/1648/1648 1656/1656/1656 1682/1682/1682
f 1683/1683/1683 1657/1657/1657 1681/1681/1681
f 1683/1683/1683 1681/1681/1681 1682/1682/1682
f 1683/1683/1683 1656/1656/1656 1657/1657/1657
f 1683/1683/1683 1682/1682/1682 1656/1656/1656
f 1685/1685/1685 1686/1686/1686 1684/1684/1684
f 1685/1685/1685 1687/1687/1687 1686/1686/1686
f 1688/1688/1688 1684/1684/1684 1686/1686/1686
f 1684/1684/1684 1688/1688/1688 1689/1689/1689
f 1690/1690/1690 1686/1686/1686 1687/1687/1687
f 1687/1687/1687 1691/1691/1691 1690/1690/1690
f 1686/1686/1686 1692/1692/1692 1688/1688/1688
f 1686/1686/1686 1690/1690/1690 1692/1692/1692
f 1693/1693/1693 1689/1689/1689 1688/1688/1688
f 1689/1689/1689 1693/1693/1693 1694/1694/1694
f 1695/1695/1695 1688/1688/1688 1692/1692/1692
f 1688/1688/1688 1695/1695/1695 1693/1693/1693
f 1696/1696/1696 1694/1694/1694 1693/1693/1693
f 1694/1694/1694 1696/1696/1696 1697/1697/1697
f 1698/1698/1698 1693/1693/1693 1695/1695/1695
f 1693/1693/1693 1698/1698/1698 1696/1696/1696
f 1699/1699/1699 1697/1697/1697 1696/1696/1696
f 1697/1697/1697 1699/1699/1699 1700/1700/1700
f 1701/1701/1701 1696/1696/1696 1698/1698/1698
f 1696/1696/1696 1701/1701/1701 1699/1699/1699
f 1702/1702/1702 1700/1700/1700 1699/1699/1699
f 1700/1700/1700 1702/1702/1702 1703/1703/1703
f 1704/1704/1704 1699/1699/1699 1701/1701/1701
f 1699/1699/1699 1704/1704/1704 1702/1702/1702
f 1705/1705/1705 1703/1703/1703 1702/1702/1702
f 1703/1703/1703 1705/1705/1705 1706/1706/1706
f 1707/1707/1707 1702/1702/1702 1704/1704/1704
f 1702/1702/1702 1707/1707/1707 1705/1705/1705
f 1708/1708/1708 1706/1706/1706 1705/1705/1705
f 1706/1706/1706 1708/1708/1708 1709/1709/1709
f 1710/1710/1710 1705/1705/1705 1707/1707/1707
f 1705/1705/1705 1710/1710/1710 1708/1708/1708
f 1711/1711/1711 1709/1709/1709 1708/1708/1708
f 1709/1709/1709 1711/1711/1711 1712/1712/1712
f 1713/1713/1713 1708/1708/1708 1710/1710/1710
f 1708/1708/1708 1713/1713/1713 1711/1711/1711
f 1714/1714/1714 1712/1712/1712 1711/1711/1711
f 1712/1712/1712 1714/1714/1714 1715/1715/1715
f 1716/1716/1716 1711/1711/1711 1713/1713/1713
f 1711/1711/1711 1716/1716/1716 1714/1714/1714
f 1710/1710/1710 1717/1717/1717 1713/1713/1713
f 1718/1718/1718 1715/1715/1715 1714/1714/1714
f 1713/1713/1713 1719/1719/1719 1716/1716/1716
f 1719/1719/1719 1713/1713/1713 1717/1717/1717
f 1720/1720/1720 1714/1714/1714 1716/1716/1716
f 1714/1714/1714 1720/1720/1720 1718/1718/1718
f 1721/1721/1721 1716/1716/1716 1719/1719/1719
f 1716/1716/1716 1721/1721/1721 1720/1720/1720
f 1717/1717/1717 1722/1722/1722 1719/1719/1719
f 1723/1723/1723 1719/1719/1719 1722/1722/1722
f 1719/1719/1719 1723/1723/1723 1721/1721/1721
f 1722/1722/1722 1717/1717/1717 1724/1724/1724
f 1725/1725/1725 1721/1721/1721 1723/1723/1723
f 1726/1726/1726 1724/1724/1724 1717/1717/1717
f 1717/1717/1717 1710/1710/1710 1726/1726/1726
f 1707/1707/1707 1726/1726/1726 1710/1710/1710
f 1724/1724/1724 1726/1726/1726 1727/1727/1727
f 1726/1726/1726 1707/1707/1707 1728/1728/1728
f 1728/1728/1728 1727/1727/1727 1726/1726/1726
f 1704/1704/1704 1728/1728/1728 1707/1707/1707
f 1727/1727/1727 1728/1728/1728 1729/1729/1729
f 1728/1728/1728 1704/1704/1704 1730/1730/1730
f 1730/1730/1730 1729/1729/1729 1728/1728/1728
f 1701/1701/1701 1730/1730/1730 1704/1704/1704
f 1729/1729/1729 1730/1730/1730 1731/1731/1731
f 1730/1730/1730 1701/1701/1701 1732/1732/1732
f 1732/1732/1732 1731/1731/1731 1730/1730/1730
f 1698/1698/1698 1732/1732/1732 1701/1701/1701
f 1731/1731/1731 1732/1732/1732 1733/1733/1733
f 1732/1732/1732 1698/1698/1698 1734/1734/1734
f 1734/1734/1734 1733/1733/1733 1732/1732/1732
f 1695/1695/1695 1734/1734/1734 1698/1698/1698
f 1733/1733/1733 1734/1734/1734 1735/1735/1735
f 1734/1734/1734 1695/1695/1695 1736/1736/1736
f 1736/1736/1736 1735/1735/1735 1734/1734/1734
f 1692/1692/1692 1736/1736/1736 1695/1695/1695
f 1736/1736/1736 1737/1737/1737 1735/1735/1735
f 1738/1738/1738 1735/1735/1735 1737/1737/1737
f 1692/1692/1692 1739/1739/1739 1736/1736/1736
f 1737/1737/1737 1736/1736/1736 1739/1739/1739
f 1739/1739/1739 1692/1692/1692 1690/1690/1690
f 1737/1737/1737 1740/1740/1740 1738/1738/1738
f 1741/1741/1741 1738/1738/1738 1740/1740/1740
f 1739/1739/1739 1742/1742/1742 1737/1737/1737
f 1740/1740/1740 1737/1737/1737 1742/1742/1742
f 1690/1690/1690 1743/1743/1743 1739/1739/1739
f 1742/1742/1742 1739/1739/1739 1743/1743/1743
f 1743/1743/1743 1690/1690/1690 1691/1691/1691
f 1691/1691/1691 1744/1744/1744 1743/1743/1743
f 1745/1745/1745 1743/1743/1743 1744/1744/1744
f 1743/1743/1743 1745/1745/1745 1742/1742/1742
f 1744/1744/1744 1746/1746/1746 1745/1745/1745
f 1742/1742/1742 1747/1747/1747 1740/1740/1740
f 1747/1747/1747 1742/1742/1742 1745/1745/1745
f 1748/1748/1748 1745/1745/1745 1746/1746/1746
f 1745/1745/1745 1748/1748/1748 1747/1747/1747
f 1746/1746/1746 1749/1749/1749 1748/1748/1748
f 1750/1750/1750 1740/1740/1740 1747/1747/1747
f 1740/1740/1740 1750/1750/1750 1741/1741/1741
f 1751/1751/1751 1741/1741/1741 1750/1750/1750
f 1752/1752/1752 1747/1747/1747 1748/1748/1748
f 1747/1747/1747 1752/1752/1752 1750/1750/1750
f 1753/1753/1753 1748/1748/1748 1749/1749/1749
f 1748/1748/1748 1753/1753/1753 1752/1752/1752
f 1749/1749/1749 1754/1754/1754 1753/1753/1753
f 1750/1750/1750 1755/1755/1755 1751/1751/1751
f 1755/1755/1755 1750/1750/1750 1752/1752/1752
f 1756/1756/1756 1751/1751/1751 1755/1755/1755
f 1757/1757/1757 1752/1752/1752 1753/1753/1753
f 1752/1752/1752 1757/1757/1757 1755/1755/1755
f 1758/1758/1758 1753/1753/1753 1754/1754/1754
f 1753/1753/1753 1758/1758/1758 1757/1757/1757
f 1754/1754/1754 1759/1759/1759 1758/1758/1758
f 1755/1755/1755 1760/1760/1760 1756/1756/1756
f 1760/1760/1760 1755/1755/1755 1757/1757/1757
f 1761/1761/1761 1756/1756/1756 1760/1760/1760
f 1762/1762/1762 1757/1757/1757 1758/1758/1758
f 1757/1757/1757 1762/1762/1762 1760/1760/1760
f 1763/1763/1763 1758/1758/1758 1759/1759/1759
f 1758/1758/1758 1763/1763/1763 1762/1762/1762
f 1759/1759/1759 1764/1764/1764 1763/1763/1763
f 1760/1760/1760 1765/1765/1765 1761/1761/1761
f 1765/1765/1765 1760/1760/1760 1762/1762/1762
f 1766/1766/1766 1761/1761/1761 1765/1765/1765
f 1767/1767/1767 1762/1762/1762 1763/1763/1763
f 1762/1762/1762 1767/1767/1767 1765/1765/1765
f 1768/1768/1768 1763/1763/1763 1764/1764/1764
f 1763/1763/1763 1768/1768/1768 1767/1767/1767
f 1764/1764/1764 1769/1769/1769 1768/1768/1768
f 1765/1765/1765 1770/1770/1770 1766/1766/1766
f 1770/1770/1770 1765/1765/1765 1767/1767/1767
f 1771/1771/1771 1766/1766/1766 1770/1770/1770
f 1772/1772/1772 1767/1767/1767 1768/1768/1768
f 1767/1767/1767 1772/1772/1772 1770/1770/1770
f 1773/1773/1773 1768/1768/1768 1769/1769/1769
f 1768/1768/1768 1773/1773/1773 1772/1772/1772
f 1769/1769/1769 1774/1774/1774 1773/1773/1773
f 1770/1770/1770 1775/1775/1775 1771/1771/1771
f 1775/1775/1775 1770/1770/1770 1772/1772/1772
f 1776/1776/1776 1771/1771/1771 1775/1775/1775
f 1777/1777/1777 1772/1772/1772 1773/1773/1773
f 1772/1772/1772 1777/1777/1777 1775/1775/1775
f 1775/1775/1775 1778/1778/1778 1776/1776/1776
f 1778/1778/1778 1775/1775/1775 1777/1777/1777
f 1779/1779/1779 1776/1776/1776 1778/1778/1778
f 1773/1773/1773 1780/1780/1780 1777/1777/1777
f 1780/1780/1780 1773/1773/1773 1774/1774/1774
f 1777/1777/1777 1781/1781/1781 1778/1778/1778
f 1781/1781/1781 1777/1777/1777 1780/1780/1780
f 1778/1778/1778 1782/1782/1782 1779/1779/1779
f 1782/1782/1782 1778/1778/1778 1781/1781/1781
f 1783/1783/1783 1779/1779/1779 1782/1782/1782
f 1780/1780/1780 1774/1774/1774 1784/1784/1784
f 1780/1780/1780 1784/1784/1784 1781/1781/1781
f 1785/1785/1785 1784/1784/1784 1774/1774/1774
f 1785/1785/1785 1786/1786/1786 1784/1784/1784
f 1781/1781/1781 1787/1787/1787 1782/1782/1782
f 1787/1787/1787 1781/1781/1781 1784/1784/1784
f 1782/1782/1782 1788/1788/1788 1783/1783/1783
f 1788/1788/1788 1782/1782/1782 1787/1787/1787
f 1789/1789/1789 1783/1783/1783 1788/1788/1788
f 1784/1784/1784 1790/1790/1790 1787/1787/1787
f 1790/1790/1790 1784/1784/1784 1786/1786/1786
f 1787/1787/1787 1791/1791/1791 1788/1788/1788
f 1791/1791/1791 1787/1787/1787 1790/1790/1790
f 1788/1788/1788 1792/1792/1792 1789/1789/1789
f 1792/1792/1792 1788/1788/1788 1791/1791/1791
f 1793/1793/1793 1789/1789/1789 1792/1792/1792
f 1793/1793/1793 1792/1792/1792 1794/1794/1794
f 1795/1795/1795 1794/1794/1794 1792/1792/1792
f 1792/1792/1792 1791/1791/1791 1795/1795/1795
f 1794/1794/1794 1795/1795/1795 1796/1796/1796
f 1791/1791/1791 1790/1790/1790 1797/1797/1797
f 1797/1797/1797 1795/1795/1795 1791/1791/1791
f 1798/1798/1798 1796/1796/1796 1795/1795/1795
f 1795/1795/1795 1797/1797/1797 1798/1798/1798
f 1796/1796/1796 1798/1798/1798 1799/1799/1799
f 1800/1800/1800 1797/1797/1797 1790/1790/1790
f 1790/1790/1790 1786/1786/1786 1800/1800/1800
f 1801/1801/1801 1800/1800/1800 1786/1786/1786
f 1801/1801/1801 1715/1715/1715 1800/1800/1800
f 1718/1718/1718 1800/1800/1800 1715/1715/1715
f 1797/1797/1797 1800/1800/1800 1802/1802/1802
f 1718/1718/1718 1802/1802/1802 1800/1800/1800
f 1802/1802/1802 1798/1798/1798 1797/1797/1797
f 1802/1802/1802 1718/1718/1718 1720/1720/1720
f 1798/1798/1798 1802/1802/1802 1803/1803/1803
f 1720/1720/1720 1803/1803/1803 1802/1802/1802
f 1803/1803/1803 1799/1799/1799 1798/1798/1798
f 1803/1803/1803 1720/1720/1720 1721/1721/1721
f 1799/1799/1799 1803/1803/1803 1725/1725/1725
f 1721/1721/1721 1725/1725/1725 1803/1803/1803
f 1805/1805/1805 1806/1806/1806 1804/1804/1804
f 1805/1805/1805 1807/1807/1807 1806/1806/1806
f 1808/1808/1808 1804/1804/1804 1806/1806/1806
f 1804/1804/1804 1808/1808/1808 1809/1809/1809
f 1810/1810/1810 1806/1806/1806 1807/1807/1807
f 1807/1807/1807 1811/1811/1811 1810/1810/1810
f 1806/1806/1806 1812/1812/1812 1808/1808/1808
f 1806/1806/1806 1810/1810/1810 1812/1812/1812
f 1813/1813/1813 1808/1808/1808 1812/1812/1812
f 1814/1814/1814 1812/1812/1812 1810/1810/1810
f 1808/1808/1808 1813/1813/1813 1815/1815/1815
f 1815/1815/1815 1809/1809/1809 1808/1808/1808
f 1816/1816/1816 1815/1815/1815 1813/1813/1813
f 1809/1809/1809 1815/1815/1815 1817/1817/1817
f 1815/1815/1815 1816/1816/1816 1818/1818/1818
f 1818/1818/1818 1817/1817/1817 1815/1815/1815
f 1819/1819/1819 1818/1818/1818 1816/1816/1816
f 1817/1817/1817 1818/1818/1818 1820/1820/1820
f 1818/1818/1818 1819/1819/1819 1821/1821/1821
f 1821/1821/1821 1820/1820/1820 1818/1818/1818
f 1822/1822/1822 1821/1821/1821 1819/1819/1819
f 1820/1820/1820 1821/1821/1821 1823/1823/1823
f 1821/1821/1821 1822/1822/1822 1824/1824/1824
f 1824/1824/1824 1823/1823/1823 1821/1821/1821
f 1825/1825/1825 1824/1824/1824 1822/1822/1822
f 1823/1823/1823 1824/1824/1824 1826/1826/1826
f 1824/1824/1824 1825/1825/1825 1827/1827/1827
f 1827/1827/1827 1826/1826/1826 1824/1824/1824
f 1828/1828/1828 1827/1827/1827 1825/1825/1825
f 1826/1826/1826 1827/1827/1827 1829/1829/1829
f 1827/1827/1827 1828/1828/1828 1830/1830/1830
f 1830/1830/1830 1829/1829/1829 1827/1827/1827
f 1831/1831/1831 1830/1830/1830 1828/1828/1828
f 1829/1829/1829 1830/1830/1830 1832/1832/1832
f 1830/1830/1830 1831/1831/1831 1833/1833/1833
f 1833/1833/1833 1832/1832/1832 1830/1830/1830
f 1834/1834/1834 1833/1833/1833 1831/1831/1831
f 1832/1832/1832 1833/1833/1833 1835/1835/1835
f 1833/1833/1833 1834/1834/1834 1836/1836/1836
f 1836/1836/1836 1835/1835/1835 1833/1833/1833
f 1837/1837/1837 1836/1836/1836 1834/1834/1834
f 1835/1835/1835 1836/1836/1836 1838/1838/1838
f 1836/1836/1836 1837/1837/1837 1839/1839/1839
f 1839/1839/1839 1838/1838/1838 1836/1836/1836
f 1840/1840/1840 1839/1839/1839 1837/1837/1837
f 1839/1839/1839 1841/1841/1841 1838/1838/1838
f 1839/1839/1839 1840/1840/1840 1841/1841/1841
f 1842/1842/1842 1838/1838/1838 1841/1841/1841
f 1843/1843/1843 1841/1841/1841 1840/1840/1840
f 1842/1842/1842 1841/1841/1841 1844/1844/1844
f 1841/1841/1841 1843/1843/1843 1845/1845/1845
f 1845/1845/1845 1844/1844/1844 1841/1841/1841
f 1846/1846/1846 1845/1845/1845 1843/1843/1843
f 1846/1846/1846 1847/1847/1847 1845/1845/1845
f 1845/1845/1845 1848/1848/1848 1844/1844/1844
f 1848/1848/1848 1845/1845/1845 1847/1847/1847
f 1849/1849/1849 1844/1844/1844 1848/1848/1848
f 1847/1847/1847 1850/1850/1850 1848/1848/1848
f 1849/1849/1849 1848/1848/1848 1851/1851/1851
f 1852/1852/1852 1848/1848/1848 1850/1850/1850
f 1852/1852/1852 1851/1851/1851 1848/1848/1848
f 1850/1850/1850 1853/1853/1853 1852/1852/1852
f 1852/1852/1852 1854/1854/1854 1851/1851/1851
f 1854/1854/1854 1852/1852/1852 1853/1853/1853
f 1855/1855/1855 1851/1851/1851 1854/1854/1854
f 1853/1853/1853 1856/1856/1856 1854/1854/1854
f 1854/1854/1854 1857/1857/1857 1855/1855/1855
f 1857/1857/1857 1854/1854/1854 1856/1856/1856
f 1858/1858/1858 1855/1855/1855 1857/1857/1857
f 1856/1856/1856 1859/1859/1859 1857/1857/1857
f 1857/1857/1857 1860/1860/1860 1858/1858/1858
f 1860/1860/1860 1857/1857/1857 1859/1859/1859
f 1861/1861/1861 1858/1858/1858 1860/1860/1860
f 1859/1859/1859 1862/1862/1862 1860/1860/1860
f 1860/1860/1860 1863/1863/1863 1861/1861/1861
f 1863/1863/1863 1860/1860/1860 1862/1862/1862
f 1864/1864/1864 1861/1861/1861 1863/1863/1863
f 1862/1862/1862 1865/1865/1865 1863/1863/1863
f 1863/1863/1863 1866/1866/1866 1864/1864/1864
f 1866/1866/1866 1863/1863/1863 1865/1865/1865
f 1867/1867/1867 1864/1864/1864 1866/1866/1866
f 1865/1865/1865 1868/1868/1868 1866/1866/1866
f 1866/1866/1866 1869/1869/1869 1867/1867/1867
f 1869/1869/1869 1866/1866/1866 1868/1868/1868
f 1870/1870/1870 1867/1867/1867 1869/1869/1869
f 1868/1868/1868 1871/1871/1871 1869/1869/1869
f 1869/1869/1869 1872/1872/1872 1870/1870/1870
f 1872/1872/1872 1869/1869/1869 1871/1871/1871
f 1873/1873/1873 1870/1870/1870 1872/1872/1872
f 1871/1871/1871 1874/1874/1874 1872/1872/1872
f 1872/1872/1872 1875/1875/1875 1873/1873/1873
f 1875/1875/1875 1872/1872/1872 1874/1874/1874
f 1811/1811/1811 1873/1873/1873 1875/1875/1875
f 1874/1874/1874 1814/1814/1814 1875/1875/1875
f 1875/1875/1875 1810/1810/1810 1811/1811/1811
f 1810/1810/1810 1875/1875/1875 1814/1814/1814
f 1877/1877/1877 1878/1878/1878 1876/1876/1876
f 1877/1877/1877 1876/1876/1876 1879/1879/1879
f 1880/1880/1880 1876/1876/1876 1878/1878/1878
f 1878/1878/1878 1881/1881/1881 1880/1880/1880
f 1882/1882/1882 1879/1879/1879 1876/1876/1876
f 1879/1879/1879 1882/1882/1882 1883/1883/1883
f 1876/1876/1876 1880/1880/1880 1884/1884/1884
f 1876/1876/1876 1884/1884/1884 1882/1882/1882
f 1885/1885/1885 1884/1884/1884 1880/1880/1880
f 1886/1886/1886 1882/1882/1882 1884/1884/1884
f 1885/1885/1885 1880/1880/1880 1887/1887/1887
f 1886/1886/1886 1888/1888/1888 1882/1882/1882
f 1889/1889/1889 1887/1887/1887 1880/1880/1880
f 1889/1889/1889 1880/1880/1880 1881/1881/1881
f 1887/1887/1887 1889/1889/1889 1890/1890/1890
f 1881/1881/1881 1891/1891/1891 1889/1889/1889
f 1892/1892/1892 1890/1890/1890 1889/1889/1889
f 1892/1892/1892 1889/1889/1889 1891/1891/1891
f 1890/1890/1890 1892/1892/1892 1893/1893/1893
f 1891/1891/1891 1894/1894/1894 1892/1892/1892
f 1895/1895/1895 1893/1893/1893 1892/1892/1892
f 1895/1895/1895 1892/1892/1892 1894/1894/1894
f 1895/1895/1895 1896/1896/1896 1893/1893/1893
f 1895/1895/1895 1894/1894/1894 1896/1896/1896
f 1897/1897/1897 1893/1893/1893 1896/1896/1896
f 1898/1898/1898 1896/1896/1896 1894/1894/1894
f 1896/1896/1896 1899/1899/1899 1897/1897/1897
f 1896/1896/1896 1898/1898/1898 1899/1899/1899
f 1888/1888/1888 1897/1897/1897 1899/1899/1899
f 1883/1883/1883 1899/1899/1899 1898/1898/1898
f 1899/1899/1899 1882/1882/1882 1888/1888/1888
f 1899/1899/1899 1883/1883/1883 1882/1882/1882
f 1901/1901/1901 1902/1902/1902 1900/1900/1900
f 1901/1901/1901 1900/1900/1900 1903/1903/1903
f 1904/1904/1904 1900/1900/1900 1902/1902/1902
f 1902/1902/1902 1905/1905/1905 1904/1904/1904
f 1906/1906/1906 1903/1903/1903 1900/1900/1900
f 1903/1903/1903 1906/1906/1906 1907/1907/1907
f 1900/1900/1900 1904/1904/1904 1908/1908/1908
f 1900/1900/1900 1908/1908/1908 1906/1906/1906
f 1909/1909/1909 1904/1904/1904 1905/1905/1905
f 1905/1905/1905 1910/1910/1910 1909/1909/1909
f 1911/1911/1911 1907/1907/1907 1906/1906/1906
f 1907/1907/1907 1911/1911/1911 1912/1912/1912
f 1913/1913/1913 1909/1909/1909 1910/1910/1910
f 1910/1910/1910 1914/1914/1914 1913/1913/1913
f 1915/1915/1915 1912/1912/1912 1911/1911/1911
f 1912/1912/1912 1915/1915/1915 1916/1916/1916
f 1911/1911/1911 1906/1906/1906 1917/1917/1917
f 1911/1911/1911 1917/1917/1917 1915/1915/1915
f 1918/1918/1918 1916/1916/1916 1915/1915/1915
f 1916/1916/1916 1918/1918/1918 1919/1919/1919
f 1920/1920/1920 1915/1915/1915 1917/1917/1917
f 1915/1915/1915 1920/1920/1920 1918/1918/1918
f 1921/1921/1921 1917/1917/1917 1906/1906/1906
f 1921/1921/1921 1906/1906/1906 1908/1908/1908
f 1921/1921/1921 1922/1922/1922 1917/1917/1917
f 1921/1921/1921 1908/1908/1908 1922/1922/1922
f 1917/1917/1917 1923/1923/1923 1920/1920/1920
f 1923/1923/1923 1917/1917/1917 1922/1922/1922
f 1924/1924/1924 1918/1918/1918 1920/1920/1920
f 1920/1920/1920 1923/1923/1923 1924/1924/1924
f 1925/1925/1925 1919/1919/1919 1918/1918/1918
f 1918/1918/1918 1924/1924/1924 1925/1925/1925
f 1919/1919/1919 1925/1925/1925 1926/1926/1926
f 1927/1927/1927 1925/1925/1925 1924/1924/1924
f 1924/1924/1924 1923/1923/1923 1927/1927/1927
f 1928/1928/1928 1926/1926/1926 1925/1925/1925
f 1926/1926/1926 1928/1928/1928 1929/1929/1929
f 1927/1927/1927 1930/1930/1930 1925/1925/1925
f 1928/1928/1928 1925/1925/1925 1930/1930/1930
f 1927/1927/1927 1923/1923/1923 1930/1930/1930
f 1931/1931/1931 1929/1929/1929 1928/1928/1928
f 1928/1928/1928 1930/1930/1930 1931/1931/1931
f 1929/1929/1929 1931/1931/1931 1932/1932/1932
f 1930/1930/1930 1923/1923/1923 1933/1933/1933
f 1933/1933/1933 1931/1931/1931 1930/1930/1930
f 1934/1934/1934 1932/1932/1932 1931/1931/1931
f 1931/1931/1931 1933/1933/1933 1934/1934/1934
f 1932/1932/1932 1934/1934/1934 1935/1935/1935
f 1936/1936/1936 1933/1933/1933 1923/1923/1923
f 1923/1923/1923 1922/1922/1922 1936/1936/1936
f 1937/1937/1937 1934/1934/1934 1933/1933/1933
f 1933/1933/1933 1936/1936/1936 1937/1937/1937
f 1938/1938/1938 1935/1935/1935 1934/1934/1934
f 1934/1934/1934 1937/1937/1937 1938/1938/1938
f 1935/1935/1935 1938/1938/1938 1939/1939/1939
f 1940/1940/1940 1938/1938/1938 1937/1937/1937
f 1941/1941/1941 1939/1939/1939 1938/1938/1938
f 1938/1938/1938 1940/1940/1940 1941/1941/1941
f 1937/1937/1937 1942/1942/1942 1940/1940/1940
f 1942/1942/1942 1937/1937/1937 1936/1936/1936
f 1943/1943/1943 1941/1941/1941 1940/1940/1940
f 1940/1940/1940 1942/1942/1942 1943/1943/1943
f 1943/1943/1943 1944/1944/1944 1941/1941/1941
f 1943/1943/1943 1942/1942/1942 1944/1944/1944
f 1941/1941/1941 1945/1945/1945 1939/1939/1939
f 1945/1945/1945 1941/1941/1941 1944/1944/1944
f 1946/1946/1946 1939/1939/1939 1945/1945/1945
f 1944/1944/1944 1942/1942/1942 1947/1947/1947
f 1944/1944/1944 1947/1947/1947 1945/1945/1945
f 1945/1945/1945 1948/1948/1948 1946/1946/1946
f 1948/1948/1948 1945/1945/1945 1947/1947/1947
f 1949/1949/1949 1946/1946/1946 1948/1948/1948
f 1942/1942/1942 1950/1950/1950 1947/1947/1947
f 1942/1942/1942 1936/1936/1936 1950/1950/1950
f 1947/1947/1947 1951/1951/1951 1948/1948/1948
f 1951/1951/1951 1947/1947/1947 1950/1950/1950
f 1948/1948/1948 1952/1952/1952 1949/1949/1949
f 1952/1952/1952 1948/1948/1948 1951/1951/1951
f 1953/1953/1953 1949/1949/1949 1952/1952/1952
f 1953/1953/1953 1952/1952/1952 1954/1954/1954
f 1955/1955/1955 1954/1954/1954 1952/1952/1952
f 1952/1952/1952 1951/1951/1951 1955/1955/1955
f 1954/1954/1954 1955/1955/1955 1956/1956/1956
f 1957/1957/1957 1956/1956/1956 1955/1955/1955
f 1956/1956/1956 1957/1957/1957 1958/1958/1958
f 1959/1959/1959 1955/1955/1955 1951/1951/1951
f 1955/1955/1955 1959/1959/1959 1957/1957/1957
f 1960/1960/1960 1958/1958/1958 1957/1957/1957
f 1958/1958/1958 1960/1960/1960 1961/1961/1961
f 1962/1962/1962 1957/1957/1957 1959/1959/1959
f 1957/1957/1957 1962/1962/1962 1960/1960/1960
f 1959/1959/1959 1951/1951/1951 1963/1963/1963
f 1950/1950/1950 1963/1963/1963 1951/1951/1951
f 1962/1962/1962 1959/1959/1959 1964/1964/1964
f 1963/1963/1963 1964/1964/1964 1959/1959/1959
f 1965/1965/1965 1960/1960/1960 1962/1962/1962
f 1962/1962/1962 1964/1964/1964 1965/1965/1965
f 1966/1966/1966 1961/1961/1961 1960/1960/1960
f 1960/1960/1960 1965/1965/1965 1966/1966/1966
f 1961/1961/1961 1966/1966/1966 1967/1967/1967
f 1968/1968/1968 1966/1966/1966 1965/1965/1965
f 1969/1969/1969 1967/1967/1967 1966/1966/1966
f 1966/1966/1966 1968/1968/1968 1969/1969/1969
f 1967/1967/1967 1969/1969/1969 1970/1970/1970
f 1965/1965/1965 1971/1971/1971 1968/1968/1968
f 1971/1971/1971 1965/1965/1965 1964/1964/1964
f 1972/1972/1972 1969/1969/1969 1968/1968/1968
f 1971/1971/1971 1972/1972/1972 1968/1968/1968
f 1973/1973/1973 1970/1970/1970 1969/1969/1969
f 1969/1969/1969 1972/1972/1972 1973/1973/1973
f 1973/1973/1973 1974/1974/1974 1970/1970/1970
f 1975/1975/1975 1970/1970/1970 1974/1974/1974
f 1976/1976/1976 1973/1973/1973 1972/1972/1972
f 1976/1976/1976 1972/1972/1972 1971/1971/1971
f 1973/1973/1973 1976/1976/1976 1974/1974/1974
f 1971/1971/1971 1977/1977/1977 1976/1976/1976
f 1971/1971/1971 1964/1964/1964 1977/1977/1977
f 1978/1978/1978 1974/1974/1974 1976/1976/1976
f 1978/1978/1978 1976/1976/1976 1977/1977/1977
f 1974/1974/1974 1979/1979/1979 1975/1975/1975
f 1980/1980/1980 1975/1975/1975 1979/1979/1979
f 1978/1978/1978 1981/1981/1981 1974/1974/1974
f 1979/1979/1979 1974/1974/1974 1981/1981/1981
f 1977/1977/1977 1982/1982/1982 1978/1978/1978
f 1981/1981/1981 1978/1978/1978 1982/1982/1982
f 1983/1983/1983 1977/1977/1977 1964/1964/1964
f 1977/1977/1977 1983/1983/1983 1982/1982/1982
f 1964/1964/1964 1963/1963/1963 1983/1983/1983
f 1981/1981/1981 1984/1984/1984 1979/1979/1979
f 1981/1981/1981 1982/1982/1982 1984/1984/1984
f 1979/1979/1979 1985/1985/1985 1980/1980/1980
f 1985/1985/1985 1979/1979/1979 1984/1984/1984
f 1986/1986/1986 1980/1980/1980 1985/1985/1985
f 1984/1984/1984 1987/1987/1987 1985/1985/1985
f 1987/1987/1987 1984/1984/1984 1982/1982/1982
f 1985/1985/1985 1988/1988/1988 1986/1986/1986
f 1988/1988/1988 1985/1985/1985 1987/1987/1987
f 1914/1914/1914 1986/1986/1986 1988/1988/1988
f 1988/1988/1988 1913/1913/1913 1914/1914/1914
f 1987/1987/1987 1989/1989/1989 1988/1988/1988
f 1913/1913/1913 1988/1988/1988 1989/1989/1989
f 1987/1987/1987 1982/1982/1982 1989/1989/1989
f 1989/1989/1989 1990/1990/1990 1913/1913/1913
f 1990/1990/1990 1989/1989/1989 1982/1982/1982
f 1909/1909/1909 1913/1913/1913 1990/1990/1990
f 1982/1982/1982 1991/1991/1991 1990/1990/1990
f 1991/1991/1991 1982/1982/1982 1983/1983/1983
f 1990/1990/1990 1992/1992/1992 1909/1909/1909
f 1992/1992/1992 1990/1990/1990 1991/1991/1991
f 1904/1904/1904 1909/1909/1909 1992/1992/1992
f 1992/1992/1992 1908/1908/1908 1904/1904/1904
f 1983/1983/1983 1993/1993/1993 1991/1991/1991
f 1993/1993/1993 1983/1983/1983 1963/1963/1963
f 1991/1991/1991 1994/1994/1994 1992/1992/1992
f 1908/1908/1908 1992/1992/1992 1994/1994/1994
f 1994/1994/1994 1991/1991/1991 1993/1993/1993
f 1994/1994/1994 1922/1922/1922 1908/1908/1908
f 1993/1993/1993 1963/1963/1963 1995/1995/1995
f 1993/1993/1993 1995/1995/1995 1994/1994/1994
f 1922/1922/1922 1994/1994/1994 1995/1995/1995
f 1950/1950/1950 1995/1995/1995 1963/1963/1963
f 1995/1995/1995 1936/1936/1936 1922/1922/1922
f 1995/1995/1995 1950/1950/1950 1936/1936/1936
f 1997/1997/1997 1998/1998/1998 1996/1996/1996
f 1997/1997/1997 1999/1999/1999 1998/1998/1998
f 2000/2000/2000 1996/1996/1996 1998/1998/1998
f 1996/1996/1996 2000/2000/2000 2001/2001/2001
f 2002/2002/2002 1998/1998/1998 1999/1999/1999
f 1999/1999/1999 2003/2003/2003 2002/2002/2002
f 2004/2004/2004 2001/2001/2001 2000/2000/2000
f 2001/2001/2001 2004/2004/2004 2005/2005/2005
f 1998/1998/1998 2006/2006/2006 2000/2000/2000
f 1998/1998/1998 2002/2002/2002 2006/2006/2006
f 2000/2000/2000 2007/2007/2007 2004/2004/2004
f 2007/2007/2007 2000/2000/2000 2006/2006/2006
f 2008/2008/2008 2005/2005/2005 2004/2004/2004
f 2005/2005/2005 2008/2008/2008 2009/2009/2009
f 2010/2010/2010 2004/2004/2004 2007/2007/2007
f 2004/2004/2004 2010/2010/2010 2008/2008/2008
f 2011/2011/2011 2009/2009/2009 2008/2008/2008
f 2009/2009/2009 2011/2011/2011 2012/2012/2012
f 2013/2013/2013 2008/2008/2008 2010/2010/2010
f 2008/2008/2008 2013/2013/2013 2011/2011/2011
f 2014/2014/2014 2012/2012/2012 2011/2011/2011
f 2012/2012/2012 2014/2014/2014 2015/2015/2015
f 2016/2016/2016 2011/2011/2011 2013/2013/2013
f 2011/2011/2011 2016/2016/2016 2014/2014/2014
f 2017/2017/2017 2015/2015/2015 2014/2014/2014
f 2015/2015/2015 2017/2017/2017 2018/2018/2018
f 2019/2019/2019 2014/2014/2014 2016/2016/2016
f 2014/2014/2014 2019/2019/2019 2017/2017/2017
f 2016/2016/2016 2013/2013/2013 2020/2020/2020
f 2016/2016/2016 2020/2020/2020 2019/2019/2019
f 2010/2010/2010 2020/2020/2020 2013/2013/2013
f 2021/2021/2021 2017/2017/2017 2019/2019/2019
f 2021/2021/2021 2019/2019/2019 2020/2020/2020
f 2022/2022/2022 2018/2018/2018 2017/2017/2017
f 2017/2017/2017 2021/2021/2021 2022/2022/2022
f 2018/2018/2018 2022/2022/2022 2023/2023/2023
f 2021/2021/2021 2020/2020/2020 2024/2024/2024
f 2024/2024/2024 2022/2022/2022 2021/2021/2021
f 2020/2020/2020 2010/2010/2010 2025/2025/2025
f 2007/2007/2007 2025/2025/2025 2010/2010/2010
f 2026/2026/2026 2024/2024/2024 2020/2020/2020
f 2025/2025/2025 2007/2007/2007 2027/2027/2027
f 2006/2006/2006 2027/2027/2027 2007/2007/2007
f 2025/2025/2025 2028/2028/2028 2020/2020/2020
f 2026/2026/2026 2020/2020/2020 2028/2028/2028
f 2027/2027/2027 2029/2029/2029 2025/2025/2025
f 2028/2028/2028 2025/2025/2025 2029/2029/2029
f 2024/2024/2024 2026/2026/2026 2030/2030/2030
f 2024/2024/2024 2030/2030/2030 2022/2022/2022
f 2028/2028/2028 2031/2031/2031 2026/2026/2026
f 2032/2032/2032 2022/2022/2022 2030/2030/2030
f 2032/2032/2032 2023/2023/2023 2022/2022/2022
f 2033/2033/2033 2030/2030/2030 2026/2026/2026
f 2033/2033/2033 2026/2026/2026 2031/2031/2031
f 2030/2030/2030 2034/2034/2034 2032/2032/2032
f 2034/2034/2034 2030/2030/2030 2033/2033/2033
f 2032/2032/2032 2035/2035/2035 2023/2023/2023
f 2035/2035/2035 2032/2032/2032 2034/2034/2034
f 2036/2036/2036 2023/2023/2023 2035/2035/2035
f 2034/2034/2034 2033/2033/2033 2037/2037/2037
f 2034/2034/2034 2037/2037/2037 2035/2035/2035
f 2035/2035/2035 2038/2038/2038 2036/2036/2036
f 2038/2038/2038 2035/2035/2035 2037/2037/2037
f 2039/2039/2039 2036/2036/2036 2038/2038/2038
f 2033/2033/2033 2040/2040/2040 2037/2037/2037
f 2037/2037/2037 2040/2040/2040 2038/2038/2038
f 2033/2033/2033 2031/2031/2031 2040/2040/2040
f 2038/2038/2038 2041/2041/2041 2039/2039/2039
f 2041/2041/2041 2038/2038/2038 2040/2040/2040
f 2042/2042/2042 2039/2039/2039 2041/2041/2041
f 2040/2040/2040 2043/2043/2043 2041/2041/2041
f 2043/2043/2043 2040/2040/2040 2031/2031/2031
f 2041/2041/2041 2044/2044/2044 2042/2042/2042
f 2044/2044/2044 2041/2041/2041 2043/2043/2043
f 2045/2045/2045 2042/2042/2042 2044/2044/2044
f 2043/2043/2043 2031/2031/2031 2046/2046/2046
f 2043/2043/2043 2046/2046/2046 2044/2044/2044
f 2044/2044/2044 2047/2047/2047 2045/2045/2045
f 2047/2047/2047 2044/2044/2044 2046/2046/2046
f 2048/2048/2048 2045/2045/2045 2047/2047/2047
f 2049/2049/2049 2046/2046/2046 2031/2031/2031
f 2031/2031/2031 2028/2028/2028 2049/2049/2049
f 2029/2029/2029 2049/2049/2049 2028/2028/2028
f 2046/2046/2046 2050/2050/2050 2047/2047/2047
f 2046/2046/2046 2049/2049/2049 2050/2050/2050
f 2047/2047/2047 2051/2051/2051 2048/2048/2048
f 2051/2051/2051 2047/2047/2047 2050/2050/2050
f 2052/2052/2052 2048/2048/2048 2051/2051/2051
f 2052/2052/2052 2051/2051/2051 2053/2053/2053
f 2054/2054/2054 2053/2053/2053 2051/2051/2051
f 2051/2051/2051 2050/2050/2050 2054/2054/2054
f 2053/2053/2053 2054/2054/2054 2055/2055/2055
f 2056/2056/2056 2055/2055/2055 2054/2054/2054
f 2055/2055/2055 2056/2056/2056 2057/2057/2057
f 2058/2058/2058 2054/2054/2054 2050/2050/2050
f 2054/2054/2054 2058/2058/2058 2056/2056/2056
f 2050/2050/2050 2059/2059/2059 2058/2058/2058
f 2059/2059/2059 2050/2050/2050 2049/2049/2049
f 2060/2060/2060 2056/2056/2056 2058/2058/2058
f 2059/2059/2059 2049/2049/2049 2061/2061/2061
f 2029/2029/2029 2061/2061/2061 2049/2049/2049
f 2029/2029/2029 2027/2027/2027 2061/2061/2061
f 2062/2062/2062 2058/2058/2058 2059/2059/2059
f 2062/2062/2062 2060/2060/2060 2058/2058/2058
f 2061/2061/2061 2063/2063/2063 2059/2059/2059
f 2062/2062/2062 2059/2059/2059 2063/2063/2063
f 2064/2064/2064 2061/2061/2061 2027/2027/2027
f 2061/2061/2061 2064/2064/2064 2063/2063/2063
f 2027/2027/2027 2006/2006/2006 2064/2064/2064
f 2065/2065/2065 2064/2064/2064 2006/2006/2006
f 2065/2065/2065 2006/2006/2006 2002/2002/2002
f 2065/2065/2065 2066/2066/2066 2064/2064/2064
f 2065/2065/2065 2002/2002/2002 2066/2066/2066
f 2067/2067/2067 2063/2063/2063 2064/2064/2064
f 2067/2067/2067 2064/2064/2064 2066/2066/2066
f 2068/2068/2068 2066/2066/2066 2002/2002/2002
f 2068/2068/2068 2002/2002/2002 2003/2003/2003
f 2003/2003/2003 2069/2069/2069 2068/2068/2068
f 2070/2070/2070 2068/2068/2068 2069/2069/2069
f 2068/2068/2068 2070/2070/2070 2066/2066/2066
f 2069/2069/2069 2071/2071/2071 2070/2070/2070
f 2072/2072/2072 2066/2066/2066 2070/2070/2070
f 2067/2067/2067 2066/2066/2066 2072/2072/2072
f 2073/2073/2073 2070/2070/2070 2071/2071/2071
f 2070/2070/2070 2073/2073/2073 2072/2072/2072
f 2071/2071/2071 2074/2074/2074 2073/2073/2073
f 2075/2075/2075 2072/2072/2072 2073/2073/2073
f 2067/2067/2067 2072/2072/2072 2075/2075/2075
f 2076/2076/2076 2073/2073/2073 2074/2074/2074
f 2073/2073/2073 2076/2076/2076 2075/2075/2075
f 2074/2074/2074 2077/2077/2077 2076/2076/2076
f 2067/2067/2067 2075/2075/2075 2078/2078/2078
f 2078/2078/2078 2075/2075/2075 2076/2076/2076
f 2067/2067/2067 2078/2078/2078 2079/2079/2079
f 2078/2078/2078 2076/2076/2076 2079/2079/2079
f 2080/2080/2080 2076/2076/2076 2077/2077/2077
f 2080/2080/2080 2079/2079/2079 2076/2076/2076
f 2077/2077/2077 2081/2081/2081 2080/2080/2080
f 2079/2079/2079 2082/2082/2082 2067/2067/2067
f 2063/2063/2063 2067/2067/2067 2082/2082/2082
f 2080/2080/2080 2083/2083/2083 2079/2079/2079
f 2083/2083/2083 2080/2080/2080 2081/2081/2081
f 2082/2082/2082 2079/2079/2079 2083/2083/2083
f 2081/2081/2081 2084/2084/2084 2083/2083/2083
f 2082/2082/2082 2085/2085/2085 2063/2063/2063
f 2086/2086/2086 2083/2083/2083 2084/2084/2084
f 2083/2083/2083 2086/2086/2086 2082/2082/2082
f 2085/2085/2085 2082/2082/2082 2086/2086/2086
f 2084/2084/2084 2087/2087/2087 2086/2086/2086
f 2062/2062/2062 2063/2063/2063 2085/2085/2085
f 2088/2088/2088 2086/2086/2086 2087/2087/2087
f 2086/2086/2086 2088/2088/2088 2085/2085/2085
f 2087/2087/2087 2057/2057/2057 2088/2088/2088
f 2062/2062/2062 2085/2085/2085 2089/2089/2089
f 2089/2089/2089 2085/2085/2085 2088/2088/2088
f 2062/2062/2062 2089/2089/2089 2090/2090/2090
f 2062/2062/2062 2090/2090/2090 2060/2060/2060
f 2088/2088/2088 2091/2091/2091 2089/2089/2089
f 2090/2090/2090 2089/2089/2089 2091/2091/2091
f 2091/2091/2091 2088/2088/2088 2057/2057/2057
f 2090/2090/2090 2091/2091/2091 2060/2060/2060
f 2091/2091/2091 2057/2057/2057 2056/2056/2056
f 2056/2056/2056 2060/2060/2060 2091/2091/2091
f 2093/2093/2093 2094/2094/2094 2092/2092/2092
f 2093/2093/2093 2095/2095/2095 2094/2094/2094
f 2096/2096/2096 2092/2092/2092 2094/2094/2094
f 2092/2092/2092 2096/2096/2096 2097/2097/2097
f 2098/2098/2098 2094/2094/2094 2095/2095/2095
f 2095/2095/2095 2099/2099/2099 2098/2098/2098
f 2094/2094/2094 2100/2100/2100 2096/2096/2096
f 2094/2094/2094 2098/2098/2098 2100/2100/2100
f 2101/2101/2101 2097/2097/2097 2096/2096/2096
f 2097/2097/2097 2101/2101/2101 2102/2102/2102
f 2103/2103/2103 2096/2096/2096 2100/2100/2100
f 2096/2096/2096 2103/2103/2103 2101/2101/2101
f 2104/2104/2104 2102/2102/2102 2101/2101/2101
f 2102/2102/2102 2104/2104/2104 2105/2105/2105
f 2106/2106/2106 2101/2101/2101 2103/2103/2103
f 2101/2101/2101 2106/2106/2106 2104/2104/2104
f 2107/2107/2107 2105/2105/2105 2104/2104/2104
f 2105/2105/2105 2107/2107/2107 2108/2108/2108
f 2109/2109/2109 2104/2104/2104 2106/2106/2106
f 2104/2104/2104 2109/2109/2109 2107/2107/2107
f 2110/2110/2110 2108/2108/2108 2107/2107/2107
f 2108/2108/2108 2110/2110/2110 2111/2111/2111
f 2112/2112/2112 2107/2107/2107 2109/2109/2109
f 2107/2107/2107 2112/2112/2112 2110/2110/2110
f 2113/2113/2113 2111/2111/2111 2110/2110/2110
f 2111/2111/2111 2113/2113/2113 2114/2114/2114
f 2115/2115/2115 2110/2110/2110 2112/2112/2112
f 2110/2110/2110 2115/2115/2115 2113/2113/2113
f 2116/2116/2116 2114/2114/2114 2113/2113/2113
f 2114/2114/2114 2116/2116/2116 2117/2117/2117
f 2118/2118/2118 2113/2113/2113 2115/2115/2115
f 2113/2113/2113 2118/2118/2118 2116/2116/2116
f 2112/2112/2112 2119/2119/2119 2115/2115/2115
f 2115/2115/2115 2119/2119/2119 2118/2118/2118
f 2109/2109/2109 2119/2119/2119 2112/2112/2112
f 2106/2106/2106 2119/2119/2119 2109/2109/2109
f 2103/2103/2103 2119/2119/2119 2106/2106/2106
f 2100/2100/2100 2119/2119/2119 2103/2103/2103
f 2120/2120/2120 2116/2116/2116 2118/2118/2118
f 2118/2118/2118 2119/2119/2119 2120/2120/2120
f 2116/2116/2116 2120/2120/2120 2121/2121/2121
f 2121/2121/2121 2117/2117/2117 2116/2116/2116
f 2122/2122/2122 2121/2121/2121 2120/2120/2120
f 2120/2120/2120 2119/2119/2119 2122/2122/2122
f 2121/2121/2121 2123/2123/2123 2117/2117/2117
f 2124/2124/2124 2117/2117/2117 2123/2123/2123
f 2122/2122/2122 2125/2125/2125 2121/2121/2121
f 2123/2123/2123 2121/2121/2121 2125/2125/2125
f 2122/2122/2122 2119/2119/2119 2125/2125/2125
f 2123/2123/2123 2126/2126/2126 2124/2124/2124
f 2127/2127/2127 2124/2124/2124 2126/2126/2126
f 2125/2125/2125 2128/2128/2128 2123/2123/2123
f 2126/2126/2126 2123/2123/2123 2128/2128/2128
f 2125/2125/2125 2119/2119/2119 2128/2128/2128
f 2126/2126/2126 2129/2129/2129 2127/2127/2127
f 2130/2130/2130 2127/2127/2127 2129/2129/2129
f 2128/2128/2128 2131/2131/2131 2126/2126/2126
f 2129/2129/2129 2126/2126/2126 2131/2131/2131
f 2128/2128/2128 2119/2119/2119 2131/2131/2131
f 2129/2129/2129 2132/2132/2132 2130/2130/2130
f 2133/2133/2133 2130/2130/2130 2132/2132/2132
f 2131/2131/2131 2134/2134/2134 2129/2129/2129
f 2132/2132/2132 2129/2129/2129 2134/2134/2134
f 2131/2131/2131 2119/2119/2119 2134/2134/2134
f 2132/2132/2132 2135/2135/2135 2133/2133/2133
f 2136/2136/2136 2133/2133/2133 2135/2135/2135
f 2134/2134/2134 2137/2137/2137 2132/2132/2132
f 2135/2135/2135 2132/2132/2132 2137/2137/2137
f 2134/2134/2134 2119/2119/2119 2137/2137/2137
f 2135/2135/2135 2138/2138/2138 2136/2136/2136
f 2139/2139/2139 2136/2136/2136 2138/2138/2138
f 2137/2137/2137 2140/2140/2140 2135/2135/2135
f 2138/2138/2138 2135/2135/2135 2140/2140/2140
f 2137/2137/2137 2119/2119/2119 2140/2140/2140
f 2138/2138/2138 2141/2141/2141 2139/2139/2139
f 2142/2142/2142 2139/2139/2139 2141/2141/2141
f 2140/2140/2140 2143/2143/2143 2138/2138/2138
f 2141/2141/2141 2138/2138/2138 2143/2143/2143
f 2140/2140/2140 2119/2119/2119 2143/2143/2143
f 2141/2141/2141 2144/2144/2144 2142/2142/2142
f 2145/2145/2145 2142/2142/2142 2144/2144/2144
f 2145/2145/2145 2144/2144/2144 2146/2146/2146
f 2143/2143/2143 2147/2147/2147 2141/2141/2141
f 2144/2144/2144 2141/2141/2141 2147/2147/2147
f 2143/2143/2143 2119/2119/2119 2147/2147/2147
f 2148/2148/2148 2146/2146/2146 2144/2144/2144
f 2144/2144/2144 2147/2147/2147 2148/2148/2148
f 2146/2146/2146 2148/2148/2148 2149/2149/2149
f 2150/2150/2150 2148/2148/2148 2147/2147/2147
f 2147/2147/2147 2119/2119/2119 2150/2150/2150
f 2151/2151/2151 2149/2149/2149 2148/2148/2148
f 2148/2148/2148 2150/2150/2150 2151/2151/2151
f 2149/2149/2149 2151/2151/2151 2152/2152/2152
f 2153/2153/2153 2151/2151/2151 2150/2150/2150
f 2150/2150/2150 2119/2119/2119 2153/2153/2153
f 2154/2154/2154 2152/2152/2152 2151/2151/2151
f 2151/2151/2151 2153/2153/2153 2154/2154/2154
f 2152/2152/2152 2154/2154/2154 2155/2155/2155
f 2156/2156/2156 2154/2154/2154 2153/2153/2153
f 2153/2153/2153 2119/2119/2119 2156/2156/2156
f 2157/2157/2157 2155/2155/2155 2154/2154/2154
f 2154/2154/2154 2156/2156/2156 2157/2157/2157
f 2155/2155/2155 2157/2157/2157 2158/2158/2158
f 2159/2159/2159 2157/2157/2157 2156/2156/2156
f 2156/2156/2156 2119/2119/2119 2159/2159/2159
f 2160/2160/2160 2158/2158/2158 2157/2157/2157
f 2157/2157/2157 2159/2159/2159 2160/2160/2160
f 2158/2158/2158 2160/2160/2160 2161/2161/2161
f 2162/2162/2162 2160/2160/2160 2159/2159/2159
f 2159/2159/2159 2119/2119/2119 2162/2162/2162
f 2163/2163/2163 2161/2161/2161 2160/2160/2160
f 2160/2160/2160 2162/2162/2162 2163/2163/2163
f 2163/2163/2163 2164/2164/2164 2161/2161/2161
f 2165/2165/2165 2161/2161/2161 2164/2164/2164
f 2166/2166/2166 2163/2163/2163 2162/2162/2162
f 2162/2162/2162 2119/2119/2119 2166/2166/2166
f 2166/2166/2166 2167/2167/2167 2163/2163/2163
f 2164/2164/2164 2163/2163/2163 2167/2167/2167
f 2166/2166/2166 2119/2119/2119 2167/2167/2167
f 2164/2164/2164 2168/2168/2168 2165/2165/2165
f 2169/2169/2169 2165/2165/2165 2168/2168/2168
f 2167/2167/2167 2170/2170/2170 2164/2164/2164
f 2168/2168/2168 2164/2164/2164 2170/2170/2170
f 2167/2167/2167 2119/2119/2119 2170/2170/2170
f 2168/2168/2168 2171/2171/2171 2169/2169/2169
f 2172/2172/2172 2169/2169/2169 2171/2171/2171
f 2170/2170/2170 2173/2173/2173 2168/2168/2168
f 2171/2171/2171 2168/2168/2168 2173/2173/2173
f 2170/2170/2170 2119/2119/2119 2173/2173/2173
f 2171/2171/2171 2174/2174/2174 2172/2172/2172
f 2175/2175/2175 2172/2172/2172 2174/2174/2174
f 2173/2173/2173 2176/2176/2176 2171/2171/2171
f 2174/2174/2174 2171/2171/2171 2176/2176/2176
f 2173/2173/2173 2119/2119/2119 2176/2176/2176
f 2174/2174/2174 2177/2177/2177 2175/2175/2175
f 2178/2178/2178 2175/2175/2175 2177/2177/2177
f 2176/2176/2176 2179/2179/2179 2174/2174/2174
f 2177/2177/2177 2174/2174/2174 2179/2179/2179
f 2176/2176/2176 2119/2119/2119 2179/2179/2179
f 2177/2177/2177 2180/2180/2180 2178/2178/2178
f 2099/2099/2099 2178/2178/2178 2180/2180/2180
f 2179/2179/2179 2181/2181/2181 2177/2177/2177
f 2180/2180/2180 2177/2177/2177 2181/2181/2181
f 2179/2179/2179 2119/2119/2119 2181/2181/2181
f 2180/2180/2180 2098/2098/2098 2099/2099/2099
f 2181/2181/2181 2119/2119/2119 2182/2182/2182
f 2181/2181/2181 2182/2182/2182 2180/2180/2180
f 2098/2098/2098 2180/2180/2180 2182/2182/2182
f 2182/2182/2182 2119/2119/2119 2100/2100/2100
f 2182/2182/2182 2100/2100/2100 2098/2098/2098
f 2184/2184/2184 2185/2185/2185 2183/2183/2183
f 2184/2184/2184 2186/2186/2186 2185/2185/2185
f 2187/2187/2187 2183/2183/2183 2185/2185/2185
f 2183/2183/2183 2187/2187/2187 2188/2188/2188
f 2189/2189/2189 2185/2185/2185 2186/2186/2186
f 2186/2186/2186 2190/2190/2190 2189/2189/2189
f 2189/2189/2189 2191/2191/2191 2185/2185/2185
f 2192/2192/2192 2185/2185/2185 2191/2191/2191
f 2185/2185/2185 2192/2192/2192 2187/2187/2187
f 2191/2191/2191 2189/2189/2189 2193/2193/2193
f 2194/2194/2194 2187/2187/2187 2192/2192/2192
f 2194/2194/2194 2195/2195/2195 2187/2187/2187
f 2196/2196/2196 2189/2189/2189 2190/2190/2190
f 2196/2196/2196 2193/2193/2193 2189/2189/2189
f 2190/2190/2190 2197/2197/2197 2196/2196/2196
f 2196/2196/2196 2198/2198/2198 2193/2193/2193
f 2198/2198/2198 2196/2196/2196 2197/2197/2197
f 2199/2199/2199 2193/2193/2193 2198/2198/2198
f 2198/2198/2198 2197/2197/2197 2200/2200/2200
f 2198/2198/2198 2200/2200/2200 2199/2199/2199
f 2188/2188/2188 2200/2200/2200 2197/2197/2197
f 2195/2195/2195 2199/2199/2199 2200/2200/2200
f 2200/2200/2200 2188/2188/2188 2187/2187/2187
f 2200/2200/2200 2187/2187/2187 2195/2195/2195
f 2202/2202/2202 2203/2203/2203 2201/2201/2201
f 2202/2202/2202 2204/2204/2204 2203/2203/2203
f 2205/2205/2205 2201/2201/2201 2203/2203/2203
f 2201/2201/2201 2205/2205/2205 2206/2206/2206
f 2207/2207/2207 2203/2203/2203 2204/2204/2204
f 2204/2204/2204 2208/2208/2208 2207/2207/2207
f 2209/2209/2209 2206/2206/2206 2205/2205/2205
f 2206/2206/2206 2209/2209/2209 2210/2210/2210
f 2211/2211/2211 2207/2207/2207 2208/2208/2208
f 2208/2208/2208 2212/2212/2212 2211/2211/2211
f 2213/2213/2213 2210/2210/2210 2209/2209/2209
f 2210/2210/2210 2213/2213/2213 2214/2214/2214
f 2215/2215/2215 2211/2211/2211 2212/2212/2212
f 2212/2212/2212 2216/2216/2216 2215/2215/2215
f 2217/2217/2217 2214/2214/2214 2213/2213/2213
f 2214/2214/2214 2217/2217/2217 2218/2218/2218
f 2219/2219/2219 2215/2215/2215 2216/2216/2216
f 2216/2216/2216 2220/2220/2220 2219/2219/2219
f 2221/2221/2221 2218/2218/2218 2217/2217/2217
f 2218/2218/2218 2221/2221/2221 2222/2222/2222
f 2223/2223/2223 2219/2219/2219 2220/2220/2220
f 2220/2220/2220 2222/2222/2222 2223/2223/2223
f 2224/2224/2224 2222/2222/2222 2221/2221/2221
f 2224/2224/2224 2223/2223/2223 2222/2222/2222
f 2224/2224/2224 2221/2221/2221 2225/2225/2225
f 2224/2224/2224 2225/2225/2225 2223/2223/2223
f 2221/2221/2221 2217/2217/2217 2226/2226/2226
f 2226/2226/2226 2225/2225/2225 2221/2221/2221
f 2223/2223/2223 2227/2227/2227 2219/2219/2219
f 2227/2227/2227 2223/2223/2223 2225/2225/2225
f 2228/2228/2228 2219/2219/2219 2227/2227/2227
f 2219/2219/2219 2228/2228/2228 2215/2215/2215
f 2225/2225/2225 2229/2229/2229 2227/2227/2227
f 2225/2225/2225 2226/2226/2226 2229/2229/2229
f 2227/2227/2227 2230/2230/2230 2228/2228/2228
f 2230/2230/2230 2227/2227/2227 2229/2229/2229
f 2231/2231/2231 2215/2215/2215 2228/2228/2228
f 2215/2215/2215 2231/2231/2231 2211/2211/2211
f 2232/2232/2232 2228/2228/2228 2230/2230/2230
f 2228/2228/2228 2232/2232/2232 2231/2231/2231
f 2233/2233/2233 2211/2211/2211 2231/2231/2231
f 2211/2211/2211 2233/2233/2233 2207/2207/2207
f 2234/2234/2234 2231/2231/2231 2232/2232/2232
f 2231/2231/2231 2234/2234/2234 2233/2233/2233
f 2235/2235/2235 2207/2207/2207 2233/2233/2233
f 2207/2207/2207 2235/2235/2235 2203/2203/2203
f 2236/2236/2236 2233/2233/2233 2234/2234/2234
f 2233/2233/2233 2236/2236/2236 2235/2235/2235
f 2232/2232/2232 2237/2237/2237 2234/2234/2234
f 2238/2238/2238 2203/2203/2203 2235/2235/2235
f 2239/2239/2239 2234/2234/2234 2237/2237/2237
f 2234/2234/2234 2239/2239/2239 2236/2236/2236
f 2237/2237/2237 2232/2232/2232 2240/2240/2240
f 2230/2230/2230 2240/2240/2240 2232/2232/2232
f 2241/2241/2241 2235/2235/2235 2236/2236/2236
f 2235/2235/2235 2241/2241/2241 2238/2238/2238
f 2242/2242/2242 2236/2236/2236 2239/2239/2239
f 2236/2236/2236 2242/2242/2242 2241/2241/2241
f 2243/2243/2243 2239/2239/2239 2237/2237/2237
f 2243/2243/2243 2242/2242/2242 2239/2239/2239
f 2243/2243/2243 2237/2237/2237 2240/2240/2240
f 2244/2244/2244 2241/2241/2241 2242/2242/2242
f 2243/2243/2243 2244/2244/2244 2242/2242/2242
f 2240/2240/2240 2230/2230/2230 2245/2245/2245
f 2243/2243/2243 2240/2240/2240 2245/2245/2245
f 2229/2229/2229 2245/2245/2245 2230/2230/2230
f 2241/2241/2241 2244/2244/2244 2246/2246/2246
f 2246/2246/2246 2238/2238/2238 2241/2241/2241
f 2247/2247/2247 2246/2246/2246 2244/2244/2244
f 2243/2243/2243 2247/2247/2247 2244/2244/2244
f 2247/2247/2247 2248/2248/2248 2246/2246/2246
f 2247/2247/2247 2243/2243/2243 2248/2248/2248
f 2246/2246/2246 2249/2249/2249 2238/2238/2238
f 2249/2249/2249 2246/2246/2246 2248/2248/2248
f 2250/2250/2250 2238/2238/2238 2249/2249/2249
f 2238/2238/2238 2250/2250/2250 2203/2203/2203
f 2205/2205/2205 2203/2203/2203 2250/2250/2250
f 2248/2248/2248 2251/2251/2251 2249/2249/2249
f 2248/2248/2248 2243/2243/2243 2251/2251/2251
f 2249/2249/2249 2252/2252/2252 2250/2250/2250
f 2252/2252/2252 2249/2249/2249 2251/2251/2251
f 2250/2250/2250 2253/2253/2253 2205/2205/2205
f 2253/2253/2253 2250/2250/2250 2252/2252/2252
f 2209/2209/2209 2205/2205/2205 2253/2253/2253
f 2251/2251/2251 2254/2254/2254 2252/2252/2252
f 2251/2251/2251 2243/2243/2243 2254/2254/2254
f 2252/2252/2252 2255/2255/2255 2253/2253/2253
f 2255/2255/2255 2252/2252/2252 2254/2254/2254
f 2253/2253/2253 2256/2256/2256 2209/2209/2209
f 2256/2256/2256 2253/2253/2253 2255/2255/2255
f 2213/2213/2213 2209/2209/2209 2256/2256/2256
f 2254/2254/2254 2257/2257/2257 2255/2255/2255
f 2254/2254/2254 2243/2243/2243 2257/2257/2257
f 2255/2255/2255 2258/2258/2258 2256/2256/2256
f 2258/2258/2258 2255/2255/2255 2257/2257/2257
f 2256/2256/2256 2259/2259/2259 2213/2213/2213
f 2259/2259/2259 2256/2256/2256 2258/2258/2258
f 2217/2217/2217 2213/2213/2213 2259/2259/2259
f 2259/2259/2259 2226/2226/2226 2217/2217/2217
f 2257/2257/2257 2243/2243/2243 2260/2260/2260
f 2257/2257/2257 2260/2260/2260 2258/2258/2258
f 2260/2260/2260 2243/2243/2243 2245/2245/2245
f 2258/2258/2258 2261/2261/2261 2259/2259/2259
f 2261/2261/2261 2258/2258/2258 2260/2260/2260
f 2226/2226/2226 2259/2259/2259 2261/2261/2261
f 2260/2260/2260 2245/2245/2245 2261/2261/2261
f 2261/2261/2261 2229/2229/2229 2226/2226/2226
f 2229/2229/2229 2261/2261/2261 2245/2245/2245
f 2263/2263/2263 2264/2264/2264 2262/2262/2262
f 2263/2263/2263 2265/2265/2265 2264/2264/2264
f 2266/2266/2266 2262/2262/2262 2264/2264/2264
f 2262/2262/2262 2266/2266/2266 2267/2267/2267
f 2268/2268/2268 2264/2264/2264 2265/2265/2265
f 2265/2265/2265 2269/2269/2269 2268/2268/2268
f 2270/2270/2270 2267/2267/2267 2266/2266/2266
f 2267/2267/2267 2270/2270/2270 2271/2271/2271
f 2266/2266/2266 2264/2264/2264 2272/2272/2272
f 2272/2272/2272 2273/2273/2273 2266/2266/2266
f 2270/2270/2270 2266/2266/2266 2273/2273/2273
f 2274/2274/2274 2272/2272/2272 2264/2264/2264
f 2273/2273/2273 2275/2275/2275 2270/2270/2270
f 2274/2274/2274 2264/2264/2264 2276/2276/2276
f 2268/2268/2268 2276/2276/2276 2264/2264/2264
f 2276/2276/2276 2268/2268/2268 2277/2277/2277
f 2278/2278/2278 2270/2270/2270 2275/2275/2275
f 2278/2278/2278 2271/2271/2271 2270/2270/2270
f 2275/2275/2275 2279/2279/2279 2278/2278/2278
f 2271/2271/2271 2278/2278/2278 2280/2280/2280
f 2281/2281/2281 2278/2278/2278 2279/2279/2279
f 2281/2281/2281 2280/2280/2280 2278/2278/2278
f 2281/2281/2281 2279/2279/2279 2282/2282/2282
f 2281/2281/2281 2282/2282/2282 2280/2280/2280
f 2283/2283/2283 2282/2282/2282 2279/2279/2279
f 2284/2284/2284 2280/2280/2280 2282/2282/2282
f 2282/2282/2282 2283/2283/2283 2285/2285/2285
f 2282/2282/2282 2285/2285/2285 2284/2284/2284
f 2277/2277/2277 2285/2285/2285 2283/2283/2283
f 2285/2285/2285 2277/2277/2277 2268/2268/2268
f 2269/2269/2269 2284/2284/2284 2285/2285/2285
f 2285/2285/2285 2268/2268/2268 2269/2269/2269
f 2287/2287/2287 2288/2288/2288 2286/2286/2286
f 2287/2287/2287 2289/2289/2289 2288/2288/2288
f 2290/2290/2290 2286/2286/2286 2288/2288/2288
f 2286/2286/2286 2290/2290/2290 2291/2291/2291
f 2292/2292/2292 2288/2288/2288 2289/2289/2289
f 2289/2289/2289 2293/2293/2293 2292/2292/2292
f 2294/2294/2294 2291/2291/2291 2290/2290/2290
f 2291/2291/2291 2294/2294/2294 2295/2295/2295
f 2296/2296/2296 2292/2292/2292 2293/2293/2293
f 2293/2293/2293 2297/2297/2297 2296/2296/2296
f 2298/2298/2298 2295/2295/2295 2294/2294/2294
f 2299/2299/2299 2296/2296/2296 2297/2297/2297
f 2298/2298/2298 2300/2300/2300 2295/2295/2295
f 2299/2299/2299 2297/2297/2297 2300/2300/2300
f 2301/2301/2301 2295/2295/2295 2300/2300/2300
f 2301/2301/2301 2300/2300/2300 2297/2297/2297
f 2300/2300/2300 2302/2302/2302 2299/2299/2299
f 2300/2300/2300 2298/2298/2298 2302/2302/2302
f 2299/2299/2299 2303/2303/2303 2296/2296/2296
f 2303/2303/2303 2299/2299/2299 2302/2302/2302
f 2296/2296/2296 2304/2304/2304 2292/2292/2292
f 2304/2304/2304 2296/2296/2296 2303/2303/2303
f 2305/2305/2305 2292/2292/2292 2304/2304/2304
f 2292/2292/2292 2305/2305/2305 2288/2288/2288
f 2304/2304/2304 2303/2303/2303 2306/2306/2306
f 2306/2306/2306 2307/2307/2307 2304/2304/2304
f 2305/2305/2305 2304/2304/2304 2307/2307/2307
f 2308/2308/2308 2306/2306/2306 2303/2303/2303
f 2303/2303/2303 2302/2302/2302 2308/2308/2308
f 2307/2307/2307 2309/2309/2309 2305/2305/2305
f 2310/2310/2310 2308/2308/2308 2302/2302/2302
f 2310/2310/2310 2302/2302/2302 2311/2311/2311
f 2312/2312/2312 2305/2305/2305 2309/2309/2309
f 2312/2312/2312 2288/2288/2288 2305/2305/2305
f 2313/2313/2313 2311/2311/2311 2302/2302/2302
f 2313/2313/2313 2302/2302/2302 2298/2298/2298
f 2311/2311/2311 2313/2313/2313 2314/2314/2314
f 2298/2298/2298 2294/2294/2294 2313/2313/2313
f 2315/2315/2315 2314/2314/2314 2313/2313/2313
f 2315/2315/2315 2313/2313/2313 2294/2294/2294
f 2314/2314/2314 2315/2315/2315 2316/2316/2316
f 2294/2294/2294 2290/2290/2290 2315/2315/2315
f 2317/2317/2317 2316/2316/2316 2315/2315/2315
f 2317/2317/2317 2315/2315/2315 2290/2290/2290
f 2316/2316/2316 2317/2317/2317 2309/2309/2309
f 2290/2290/2290 2288/2288/2288 2317/2317/2317
f 2312/2312/2312 2309/2309/2309 2317/2317/2317
f 2312/2312/2312 2317/2317/2317 2288/2288/2288
f 2319/2319/2319 2320/2320/2320 2318/2318/2318
f 2319/2319/2319 2321/2321/2321 2320/2320/2320
f 2322/2322/2322 2318/2318/2318 2320/2320/2320
f 2318/2318/2318 2322/2322/2322 2323/2323/2323
f 2324/2324/2324 2320/2320/2320 2321/2321/2321
f 2321/2321/2321 2325/2325/2325 2324/2324/2324
f 2326/2326/2326 2323/2323/2323 2322/2322/2322
f 2323/2323/2323 2326/2326/2326 2327/2327/2327
f 2322/2322/2322 2320/2320/2320 2328/2328/2328
f 2328/2328/2328 2329/2329/2329 2322/2322/2322
f 2326/2326/2326 2322/2322/2322 2329/2329/2329
f 2330/2330/2330 2328/2328/2328 2320/2320/2320
f 2329/2329/2329 2331/2331/2331 2326/2326/2326
f 2330/2330/2330 2320/2320/2320 2332/2332/2332
f 2324/2324/2324 2332/2332/2332 2320/2320/2320
f 2332/2332/2332 2324/2324/2324 2333/2333/2333
f 2334/2334/2334 2326/2326/2326 2331/2331/2331
f 2334/2334/2334 2327/2327/2327 2326/2326/2326
f 2331/2331/2331 2335/2335/2335 2334/2334/2334
f 2327/2327/2327 2334/2334/2334 2336/2336/2336
f 2337/2337/2337 2334/2334/2334 2335/2335/2335
f 2337/2337/2337 2336/2336/2336 2334/2334/2334
f 2337/2337/2337 2335/2335/2335 2338/2338/2338
f 2337/2337/2337 2338/2338/2338 2336/2336/2336
f 2339/2339/2339 2338/2338/2338 2335/2335/2335
f 2340/2340/2340 2336/2336/2336 2338/2338/2338
f 2338/2338/2338 2339/2339/2339 2341/2341/2341
f 2338/2338/2338 2341/2341/2341 2340/2340/2340
f 2333/2333/2333 2341/2341/2341 2339/2339/2339
f 2341/2341/2341 2333/2333/2333 2324/2324/2324
f 2325/2325/2325 2340/2340/2340 2341/2341/2341
f 2341/2341/2341 2324/2324/2324 2325/2325/2325
f 2343/2343/2343 2344/2344/2344 2342/2342/2342
f 2343/2343/2343 2342/2342/2342 2345/2345/2345
f 2346/2346/2346 2342/2342/2342 2344/2344/2344
f 2344/2344/2344 2347/2347/2347 2346/2346/2346
f 2348/2348/2348 2345/2345/2345 2342/2342/2342
f 2345/2345/2345 2348/2348/2348 2349/2349/2349
f 2346/2346/2346 2350/2350/2350 2342/2342/2342
f 2351/2351/2351 2342/2342/2342 2350/2350/2350
f 2351/2351/2351 2352/2352/2352 2342/2342/2342
f 2348/2348/2348 2342/2342/2342 2352/2352/2352
f 2350/2350/2350 2346/2346/2346 2353/2353/2353
f 2352/2352/2352 2354/2354/2354 2348/2348/2348
f 2355/2355/2355 2353/2353/2353 2346/2346/2346
f 2355/2355/2355 2346/2346/2346 2347/2347/2347
f 2353/2353/2353 2355/2355/2355 2356/2356/2356
f 2347/2347/2347 2357/2357/2357 2355/2355/2355
f 2358/2358/2358 2356/2356/2356 2355/2355/2355
f 2358/2358/2358 2355/2355/2355 2357/2357/2357
f 2356/2356/2356 2358/2358/2358 2359/2359/2359
f 2357/2357/2357 2360/2360/2360 2358/2358/2358
f 2361/2361/2361 2359/2359/2359 2358/2358/2358
f 2361/2361/2361 2358/2358/2358 2360/2360/2360
f 2361/2361/2361 2362/2362/2362 2359/2359/2359
f 2361/2361/2361 2360/2360/2360 2362/2362/2362
f 2363/2363/2363 2359/2359/2359 2362/2362/2362
f 2364/2364/2364 2362/2362/2362 2360/2360/2360
f 2362/2362/2362 2365/2365/2365 2363/2363/2363
f 2362/2362/2362 2364/2364/2364 2365/2365/2365
f 2354/2354/2354 2363/2363/2363 2365/2365/2365
f 2349/2349/2349 2365/2365/2365 2364/2364/2364
f 2365/2365/2365 2348/2348/2348 2354/2354/2354
f 2365/2365/2365 2349/2349/2349 2348/2348/2348
f 2367/2367/2367 2368/2368/2368 2366/2366/2366
f 2369/2369/2369 2366/2366/2366 2368/2368/2368
f 2366/2366/2366 2369/2369/2369 2370/2370/2370
f 2368/2368/2368 2367/2367/2367 2371/2371/2371
f 2372/2372/2372 2371/2371/2371 2367/2367/2367
f 2373/2373/2373 2369/2369/2369 2368/2368/2368
f 2368/2368/2368 2371/2371/2371 2373/2373/2373
f 2374/2374/2374 2370/2370/2370 2369/2369/2369
f 2370/2370/2370 2374/2374/2374 2375/2375/2375
f 2373/2373/2373 2376/2376/2376 2369/2369/2369
f 2374/2374/2374 2369/2369/2369 2376/2376/2376
f 2377/2377/2377 2375/2375/2375 2374/2374/2374
f 2375/2375/2375 2377/2377/2377 2378/2378/2378
f 2376/2376/2376 2379/2379/2379 2374/2374/2374
f 2377/2377/2377 2374/2374/2374 2379/2379/2379
f 2380/2380/2380 2378/2378/2378 2377/2377/2377
f 2379/2379/2379 2380/2380/2380 2377/2377/2377
f 2378/2378/2378 2380/2380/2380 2381/2381/2381
f 2379/2379/2379 2376/2376/2376 2382/2382/2382
f 2376/2376/2376 2373/2373/2373 2382/2382/2382
f 2379/2379/2379 2383/2383/2383 2380/2380/2380
f 2383/2383/2383 2379/2379/2379 2382/2382/2382
f 2384/2384/2384 2380/2380/2380 2383/2383/2383
f 2384/2384/2384 2381/2381/2381 2380/2380/2380
f 2383/2383/2383 2385/2385/2385 2384/2384/2384
f 2385/2385/2385 2383/2383/2383 2382/2382/2382
f 2386/2386/2386 2381/2381/2381 2384/2384/2384
f 2386/2386/2386 2384/2384/2384 2385/2385/2385
f 2386/2386/2386 2387/2387/2387 2381/2381/2381
f 2387/2387/2387 2388/2388/2388 2381/2381/2381
f 2388/2388/2388 2387/2387/2387 2389/2389/2389
f 2385/2385/2385 2390/2390/2390 2386/2386/2386
f 2387/2387/2387 2386/2386/2386 2391/2391/2391
f 2390/2390/2390 2391/2391/2391 2386/2386/2386
f 2387/2387/2387 2392/2392/2392 2389/2389/2389
f 2387/2387/2387 2391/2391/2391 2392/2392/2392
f 2385/2385/2385 2393/2393/2393 2390/2390/2390
f 2393/2393/2393 2385/2385/2385 2382/2382/2382
f 2391/2391/2391 2390/2390/2390 2394/2394/2394
f 2395/2395/2395 2390/2390/2390 2393/2393/2393
f 2395/2395/2395 2394/2394/2394 2390/2390/2390
f 2396/2396/2396 2393/2393/2393 2382/2382/2382
f 2393/2393/2393 2396/2396/2396 2395/2395/2395
f 2397/2397/2397 2396/2396/2396 2382/2382/2382
f 2373/2373/2373 2397/2397/2397 2382/2382/2382
f 2397/2397/2397 2373/2373/2373 2371/2371/2371
f 2371/2371/2371 2398/2398/2398 2397/2397/2397
f 2396/2396/2396 2397/2397/2397 2398/2398/2398
f 2371/2371/2371 2372/2372/2372 2398/2398/2398
f 2399/2399/2399 2395/2395/2395 2396/2396/2396
f 2396/2396/2396 2398/2398/2398 2399/2399/2399
f 2372/2372/2372 2400/2400/2400 2398/2398/2398
f 2398/2398/2398 2400/2400/2400 2399/2399/2399
f 2372/2372/2372 2401/2401/2401 2400/2400/2400
f 2399/2399/2399 2402/2402/2402 2395/2395/2395
f 2402/2402/2402 2399/2399/2399 2400/2400/2400
f 2394/2394/2394 2395/2395/2395 2402/2402/2402
f 2401/2401/2401 2403/2403/2403 2400/2400/2400
f 2394/2394/2394 2402/2402/2402 2404/2404/2404
f 2402/2402/2402 2400/2400/2400 2405/2405/2405
f 2405/2405/2405 2404/2404/2404 2402/2402/2402
f 2400/2400/2400 2403/2403/2403 2406/2406/2406
f 2406/2406/2406 2405/2405/2405 2400/2400/2400
f 2403/2403/2403 2407/2407/2407 2406/2406/2406
f 2403/2403/2403 2408/2408/2408 2407/2407/2407
f 2405/2405/2405 2406/2406/2406 2409/2409/2409
f 2405/2405/2405 2409/2409/2409 2404/2404/2404
f 2407/2407/2407 2410/2410/2410 2406/2406/2406
f 2409/2409/2409 2406/2406/2406 2410/2410/2410
f 2411/2411/2411 2407/2407/2407 2408/2408/2408
f 2408/2408/2408 2412/2412/2412 2411/2411/2411
f 2410/2410/2410 2407/2407/2407 2413/2413/2413
f 2411/2411/2411 2413/2413/2413 2407/2407/2407
f 2414/2414/2414 2411/2411/2411 2412/2412/2412
f 2411/2411/2411 2414/2414/2414 2413/2413/2413
f 2412/2412/2412 2415/2415/2415 2414/2414/2414
f 2410/2410/2410 2413/2413/2413 2416/2416/2416
f 2409/2409/2409 2410/2410/2410 2416/2416/2416
f 2413/2413/2413 2414/2414/2414 2417/2417/2417
f 2413/2413/2413 2417/2417/2417 2416/2416/2416
f 2418/2418/2418 2414/2414/2414 2415/2415/2415
f 2418/2418/2418 2417/2417/2417 2414/2414/2414
f 2415/2415/2415 2419/2419/2419 2418/2418/2418
f 2417/2417/2417 2418/2418/2418 2420/2420/2420
f 2417/2417/2417 2420/2420/2420 2416/2416/2416
f 2421/2421/2421 2418/2418/2418 2419/2419/2419
f 2421/2421/2421 2420/2420/2420 2418/2418/2418
f 2419/2419/2419 2422/2422/2422 2421/2421/2421
f 2423/2423/2423 2421/2421/2421 2422/2422/2422
f 2421/2421/2421 2423/2423/2423 2420/2420/2420
f 2422/2422/2422 2389/2389/2389 2423/2423/2423
f 2420/2420/2420 2423/2423/2423 2424/2424/2424
f 2420/2420/2420 2424/2424/2424 2416/2416/2416
f 2425/2425/2425 2423/2423/2423 2389/2389/2389
f 2425/2425/2425 2424/2424/2424 2423/2423/2423
f 2389/2389/2389 2392/2392/2392 2425/2425/2425
f 2424/2424/2424 2425/2425/2425 2426/2426/2426
f 2392/2392/2392 2426/2426/2426 2425/2425/2425
f 2424/2424/2424 2426/2426/2426 2416/2416/2416
f 2392/2392/2392 2427/2427/2427 2426/2426/2426
f 2427/2427/2427 2392/2392/2392 2391/2391/2391
f 2391/2391/2391 2394/2394/2394 2427/2427/2427
f 2404/2404/2404 2427/2427/2427 2394/2394/2394
f 2426/2426/2426 2428/2428/2428 2416/2416/2416
f 2426/2426/2426 2427/2427/2427 2428/2428/2428
f 2404/2404/2404 2428/2428/2428 2427/2427/2427
f 2428/2428/2428 2409/2409/2409 2416/2416/2416
f 2428/2428/2428 2404/2404/2404 2409/2409/2409
f 2430/2430/2430 2431/2431/2431 2429/2429/2429
f 2432/2432/2432 2429/2429/2429 2431/2431/2431
f 2429/2429/2429 2432/2432/2432 2433/2433/2433
f 2431/2431/2431 2430/2430/2430 2434/2434/2434
f 2435/2435/2435 2434/2434/2434 2430/2430/2430
f 2432/2432/2432 2431/2431/2431 2436/2436/2436
f 2431/2431/2431 2434/2434/2434 2436/2436/2436
f 2437/2437/2437 2433/2433/2433 2432/2432/2432
f 2433/2433/2433 2437/2437/2437 2438/2438/2438
f 2436/2436/2436 2439/2439/2439 2432/2432/2432
f 2437/2437/2437 2432/2432/2432 2439/2439/2439
f 2440/2440/2440 2438/2438/2438 2437/2437/2437
f 2438/2438/2438 2440/2440/2440 2441/2441/2441
f 2439/2439/2439 2442/2442/2442 2437/2437/2437
f 2440/2440/2440 2437/2437/2437 2442/2442/2442
f 2443/2443/2443 2441/2441/2441 2440/2440/2440
f 2443/2443/2443 2440/2440/2440 2442/2442/2442
f 2441/2441/2441 2443/2443/2443 2444/2444/2444
f 2442/2442/2442 2439/2439/2439 2445/2445/2445
f 2439/2439/2439 2436/2436/2436 2445/2445/2445
f 2442/2442/2442 2446/2446/2446 2443/2443/2443
f 2446/2446/2446 2442/2442/2442 2445/2445/2445
f 2447/2447/2447 2443/2443/2443 2446/2446/2446
f 2447/2447/2447 2444/2444/2444 2443/2443/2443
f 2446/2446/2446 2448/2448/2448 2447/2447/2447
f 2448/2448/2448 2446/2446/2446 2445/2445/2445
f 2449/2449/2449 2444/2444/2444 2447/2447/2447
f 2449/2449/2449 2447/2447/2447 2448/2448/2448
f 2449/2449/2449 2450/2450/2450 2444/2444/2444
f 2450/2450/2450 2451/2451/2451 2444/2444/2444
f 2451/2451/2451 2450/2450/2450 2452/2452/2452
f 2453/2453/2453 2449/2449/2449 2448/2448/2448
f 2450/2450/2450 2449/2449/2449 2454/2454/2454
f 2453/2453/2453 2454/2454/2454 2449/2449/2449
f 2450/2450/2450 2455/2455/2455 2452/2452/2452
f 2450/2450/2450 2454/2454/2454 2455/2455/2455
f 2448/2448/2448 2456/2456/2456 2453/2453/2453
f 2456/2456/2456 2448/2448/2448 2445/2445/2445
f 2454/2454/2454 2453/2453/2453 2457/2457/2457
f 2458/2458/2458 2453/2453/2453 2456/2456/2456
f 2458/2458/2458 2457/2457/2457 2453/2453/2453
f 2459/2459/2459 2456/2456/2456 2445/2445/2445
f 2456/2456/2456 2459/2459/2459 2458/2458/2458
f 2460/2460/2460 2459/2459/2459 2445/2445/2445
f 2436/2436/2436 2460/2460/2460 2445/2445/2445
f 2460/2460/2460 2436/2436/2436 2434/2434/2434
f 2434/2434/2434 2461/2461/2461 2460/2460/2460
f 2459/2459/2459 2460/2460/2460 2461/2461/2461
f 2434/2434/2434 2435/2435/2435 2461/2461/2461
f 2462/2462/2462 2458/2458/2458 2459/2459/2459
f 2461/2461/2461 2462/2462/2462 2459/2459/2459
f 2435/2435/2435 2463/2463/2463 2461/2461/2461
f 2461/2461/2461 2463/2463/2463 2462/2462/2462
f 2435/2435/2435 2464/2464/2464 2463/2463/2463
f 2462/2462/2462 2465/2465/2465 2458/2458/2458
f 2465/2465/2465 2462/2462/2462 2463/2463/2463
f 2457/2457/2457 2458/2458/2458 2465/2465/2465
f 2464/2464/2464 2466/2466/2466 2463/2463/2463
f 2457/2457/2457 2465/2465/2465 2467/2467/2467
f 2465/2465/2465 2463/2463/2463 2468/2468/2468
f 2468/2468/2468 2467/2467/2467 2465/2465/2465
f 2463/2463/2463 2466/2466/2466 2469/2469/2469
f 2469/2469/2469 2468/2468/2468 2463/2463/2463
f 2466/2466/2466 2470/2470/2470 2469/2469/2469
f 2466/2466/2466 2471/2471/2471 2470/2470/2470
f 2469/2469/2469 2472/2472/2472 2468/2468/2468
f 2468/2468/2468 2472/2472/2472 2467/2467/2467
f 2470/2470/2470 2473/2473/2473 2469/2469/2469
f 2472/2472/2472 2469/2469/2469 2473/2473/2473
f 2474/2474/2474 2470/2470/2470 2471/2471/2471
f 2471/2471/2471 2475/2475/2475 2474/2474/2474
f 2473/2473/2473 2470/2470/2470 2476/2476/2476
f 2474/2474/2474 2476/2476/2476 2470/2470/2470
f 2477/2477/2477 2474/2474/2474 2475/2475/2475
f 2477/2477/2477 2476/2476/2476 2474/2474/2474
f 2475/2475/2475 2478/2478/2478 2477/2477/2477
f 2473/2473/2473 2476/2476/2476 2479/2479/2479
f 2472/2472/2472 2473/2473/2473 2479/2479/2479
f 2476/2476/2476 2477/2477/2477 2480/2480/2480
f 2476/2476/2476 2480/2480/2480 2479/2479/2479
f 2481/2481/2481 2477/2477/2477 2478/2478/2478
f 2481/2481/2481 2480/2480/2480 2477/2477/2477
f 2478/2478/2478 2482/2482/2482 2481/2481/2481
f 2480/2480/2480 2481/2481/2481 2483/2483/2483
f 2480/2480/2480 2483/2483/2483 2479/2479/2479
f 2484/2484/2484 2481/2481/2481 2482/2482/2482
f 2484/2484/2484 2483/2483/2483 2481/2481/2481
f 2482/2482/2482 2485/2485/2485 2484/2484/2484
f 2486/2486/2486 2484/2484/2484 2485/2485/2485
f 2486/2486/2486 2483/2483/2483 2484/2484/2484
f 2485/2485/2485 2452/2452/2452 2486/2486/2486
f 2483/2483/2483 2486/2486/2486 2487/2487/2487
f 2483/2483/2483 2487/2487/2487 2479/2479/2479
f 2488/2488/2488 2486/2486/2486 2452/2452/2452
f 2488/2488/2488 2487/2487/2487 2486/2486/2486
f 2452/2452/2452 2455/2455/2455 2488/2488/2488
f 2487/2487/2487 2488/2488/2488 2489/2489/2489
f 2455/2455/2455 2489/2489/2489 2488/2488/2488
f 2487/2487/2487 2489/2489/2489 2479/2479/2479
f 2490/2490/2490 2489/2489/2489 2455/2455/2455
f 2490/2490/2490 2455/2455/2455 2454/2454/2454
f 2454/2454/2454 2457/2457/2457 2490/2490/2490
f 2467/2467/2467 2490/2490/2490 2457/2457/2457
f 2489/2489/2489 2491/2491/2491 2479/2479/2479
f 2489/2489/2489 2490/2490/2490 2491/2491/2491
f 2467/2467/2467 2491/2491/2491 2490/2490/2490
f 2491/2491/2491 2472/2472/2472 2479/2479/2479
f 2491/2491/2491 2467/2467/2467 2472/2472/2472
